6.359179e-08,1.6525412e-07,3.4606472e-07,8.9797726e-07,0.0002994708,0.007958981,0.7597393,0.23108838,0.0009052473,7.1521913e-06
1.5248186e-06,1.1025501e-05,5.353518e-06,2.3542723e-05,0.0019839574,0.024178207,0.6561612,0.31713212,0.00035021032,0.00015291221
5.696436e-07,1.3165555e-05,2.985096e-05,0.0012713771,0.06582727,0.5619777,0.31566945,0.055125937,7.6893266e-05,7.881465e-06
0.00032510664,0.0009288236,0.99630225,0.0024007997,4.0113948e-05,2.064392e-06,2.1772374e-07,6.5266e-08,3.538335e-07,2.1162002e-07
8.379398e-08,1.0219144e-06,2.2702139e-07,4.331013e-07,3.199256e-05,0.0009336642,0.10659954,0.8921147,0.00024469517,7.363059e-05
3.821425e-08,5.3325823e-07,5.183355e-05,0.022093575,0.95104295,0.026457243,0.00035257114,1.1855576e-06,3.6665774e-08,1.9723755e-08
5.3296507e-08,1.4652983e-07,0.00018688792,0.012313224,0.9807587,0.006334773,0.00040610513,5.254814e-08,2.8314307e-08,9.563705e-09
5.2289465e-07,4.0039054e-06,5.5765063e-06,0.0001953653,0.014573799,0.26879814,0.6440843,0.07227756,4.171306e-05,1.9011442e-05
5.337523e-08,2.2868177e-07,1.0922706e-06,6.497426e-05,0.02101846,0.51472014,0.4588383,0.0053415084,1.4286229e-05,9.0274085e-07
0.00022726679,0.00021666495,8.660984e-05,2.6228827e-05,6.441639e-05,0.0002661149,0.0023884808,0.049022857,0.07142448,0.87627685
3.0126108e-09,7.941871e-08,3.2369567e-06,0.0012842823,0.82869226,0.16960281,0.00041625687,1.106828e-06,7.505911e-09,5.9283622e-09
0.00031266428,0.00013359883,0.00018315893,5.2616626e-05,0.00019707455,0.0011844022,0.014461942,0.114896715,0.73085594,0.13772187
1.8884454e-09,5.340588e-08,9.225681e-07,0.0005995862,0.45712358,0.53669935,0.0055639865,1.2468349e-05,1.7651173e-08,8.900147e-09
0.0011556733,0.9452876,0.05354259,1.4092246e-05,2.5910943e-08,5.343984e-10,1.2370693e-10,3.010932e-08,2.9439676e-08,1.04782165e-08
2.7958328e-07,6.2590397e-07,4.405278e-06,2.3697736e-05,0.0028186103,0.062337533,0.93244404,0.0023474714,1.4448083e-05,8.748734e-06
3.249125e-05,1.6822321e-05,3.7139343e-05,2.6093836e-05,0.0008437324,0.005975759,0.7032079,0.20819888,0.080608994,0.0010522031
0.20492694,0.05129409,0.74325967,0.0004974166,8.409709e-06,6.946008e-07,2.6623024e-07,1.4845294e-06,5.12611e-06,5.9010335e-06
1.0249329e-07,5.685859e-07,4.2512297e-06,0.00033173786,0.13122328,0.54342675,0.32327303,0.0017281054,1.1651476e-05,4.843516e-07
4.9380046e-06,0.0002700403,0.06540697,0.7677089,0.1663027,0.0002858563,2.0025887e-05,2.0573529e-07,2.739651e-07,7.291157e-08
1.00477514e-07,1.9659976e-05,0.009850489,0.6251433,0.36379465,0.001183744,7.927652e-06,8.3262165e-08,4.1960863e-08,5.023875e-09
1.685307e-07,2.2464621e-07,1.6462889e-07,9.6314245e-08,1.3637677e-05,0.0004758698,0.1643809,0.82504106,0.009968513,0.000119421915
5.7875617e-08,3.3958197e-06,0.002001669,0.4013964,0.594107,0.0024649496,2.6358231e-05,9.120696e-08,5.7259093e-08,5.706434e-09
2.0155889e-05,0.00021749808,0.96432966,0.034931533,0.0004967184,4.1782796e-06,1.2373033e-07,8.75066e-09,6.111128e-08,2.52211e-08
6.3027807e-07,9.447038e-06,0.00094427605,0.28856045,0.70751107,0.0029238237,4.987808e-05,3.1873384e-07,4.317059e-08,5.656286e-08
2.897188e-10,3.2703962e-09,5.765646e-07,0.00059074775,0.9791501,0.019817326,0.0004411719,4.242417e-08,9.718447e-10,2.085652e-10
1.0250002e-06,9.805804e-06,0.00012691281,0.0019934492,0.0750294,0.14197583,0.7781278,0.002688632,4.236881e-05,4.873475e-06
8.658816e-07,5.282987e-07,6.1264615e-07,6.286204e-08,1.3037704e-06,1.9289171e-05,0.0017940672,0.24734622,0.74679273,0.004044306
4.272521e-06,0.00015965688,0.059449904,0.8718343,0.068295315,0.00024913295,6.9556518e-06,1.7272681e-07,1.5939544e-07,7.072568e-08
5.736906e-10,1.1359352e-08,3.4014822e-06,0.0037191792,0.987965,0.008258354,5.4077853e-05,1.4631225e-08,3.2790815e-10,2.9946548e-10
0.0047575138,0.08978975,0.90392506,0.00150046,2.3784007e-05,6.5892135e-07,1.2077898e-07,5.4148023e-07,1.2975531e-06,8.6500654e-07
0.002448051,0.0033721828,0.9917761,0.0023259223,6.814082e-05,2.966311e-06,1.6786147e-06,3.9755017e-07,2.881641e-06,1.6656359e-06
1.03737e-06,1.5145421e-06,1.0935165e-05,0.00016838546,0.037505023,0.2038272,0.75628215,0.0021095218,8.9591624e-05,4.73343e-06
1.3863665e-09,8.3991125e-08,3.6078634e-07,0.0006356166,0.27144057,0.72208744,0.0058056633,3.0283743e-05,1.1456902e-08,1.0459899e-08
2.0178893e-08,1.3910284e-07,1.6483494e-07,9.0909435e-07,0.0008058476,0.07908081,0.72409904,0.19572231,0.00028642357,4.26324e-06
2.1687919e-07,5.8389756e-05,0.06895783,0.8878489,0.043046582,8.721123e-05,7.826806e-07,1.0388064e-08,8.146518e-09,2.4611206e-09
1.2123316e-07,3.4232204e-07,1.4701151e-06,9.095978e-06,0.0016516652,0.028153546,0.96015126,0.0099668875,6.2756444e-05,2.82139e-06
3.9490902e-07,3.572074e-05,0.0733682,0.8549289,0.071383156,0.00028162453,1.9228507e-06,2.7091646e-08,5.8041472e-08,8.174686e-09
6.61012e-07,5.5443015e-06,1.6604804e-06,4.2759607e-06,0.00019026521,0.0020533854,0.36814052,0.6289235,0.0004945467,0.00018567278
3.286275e-05,3.4632678e-05,1.0574656e-05,3.5290914e-06,1.8877756e-05,0.00016982836,0.0071110325,0.10841422,0.04662522,0.8375792
1.0703847e-06,1.4516576e-05,0.0015024471,0.32297617,0.66710126,0.008259288,0.00014349184,1.4443339e-06,2.0334166e-07,1.6229785e-07
2.325136e-07,8.5884653e-07,3.620404e-07,2.0629562e-07,1.072063e-05,0.00017931286,0.017180251,0.9761353,0.006387713,0.00010499532
8.748414e-09,6.9750575e-07,5.351524e-05,0.015051384,0.976178,0.0086626755,5.360023e-05,1.3969913e-07,7.277051e-09,2.9252425e-09
2.6925618e-05,0.00072921056,0.6188828,0.37098595,0.00933845,3.3946693e-05,2.036013e-06,1.0016685e-07,5.140861e-07,1.3411197e-07
3.038059e-09,2.1512074e-08,1.9754987e-07,1.9922085e-05,0.03975215,0.61681354,0.3426337,0.00077848486,1.9607505e-06,3.403005e-08
2.4722901e-08,1.6407778e-07,1.315778e-05,0.0019131745,0.5032544,0.42800763,0.066778325,3.2884396e-05,1.7142659e-07,8.867317e-08
3.7915106e-05,0.0001958411,0.5810726,0.3916867,0.026707094,0.00029048976,8.349624e-06,1.6820441e-07,4.4622664e-07,2.7665388e-07
3.4481639e-06,3.631414e-05,2.5220728e-05,0.00010659028,0.0060454435,0.105264366,0.66563845,0.22171502,0.0009975063,0.00016765007
1.1323222e-05,4.0968557e-06,5.965755e-07,1.0837004e-07,2.9203545e-07,1.0417319e-06,2.3336702e-06,0.00018996323,0.009642622,0.99014765
4.527581e-07,8.892819e-07,1.8148999e-06,6.330721e-06,0.0011139377,0.025239637,0.87431103,0.0984285,0.0008767332,2.0645519e-05
6.2973027e-10,1.3416009e-08,9.500763e-07,0.00094444747,0.8852419,0.112893954,0.0009183015,3.9567547e-07,1.9302797e-09,1.2857013e-09
1.3177224e-08,1.2922144e-06,5.7765123e-05,0.022067396,0.95720285,0.0204618,0.00020807814,7.823137e-07,2.1194264e-08,7.381664e-09
8.13596e-10,6.641525e-08,3.1077805e-06,0.004309442,0.9875514,0.008039608,9.627777e-05,1.1393055e-07,1.5979283e-09,4.0385081e-10
3.2012335e-09,7.173098e-08,4.1985666e-07,0.0002141505,0.16700478,0.82311195,0.009615511,5.3036703e-05,4.4842576e-08,2.8322994e-08
1.736562e-07,5.314412e-05,0.03515058,0.91845655,0.046264492,7.4620286e-05,4.6359617e-07,4.524335e-09,2.677861e-09,1.3895635e-09
2.8170034e-05,1.5455098e-05,1.0227692e-05,2.2514253e-06,2.1124795e-05,0.000102153565,0.006470935,0.2926237,0.6511254,0.049600616
1.1462902e-05,3.3728045e-06,1.3900749e-06,1.4939766e-07,6.0988117e-07,1.8459212e-06,1.3713203e-05,0.001675968,0.7632406,0.23505083
0.89609146,0.057008546,0.04680881,7.688014e-05,1.9033441e-06,1.5446795e-07,7.7136036e-08,1.829151e-06,4.3068126e-06,6.0437533e-06
3.3142104e-08,1.3235102e-07,7.91587e-08,1.3240783e-07,7.366518e-05,0.003727485,0.35370502,0.6415768,0.00090190565,1.4689613e-05
7.509873e-09,1.4087736e-07,5.41096e-07,0.00015581491,0.09249447,0.8958534,0.01138529,0.00011012386,1.460741e-07,8.2664755e-08
2.0283743e-10,1.2329544e-09,6.5186975e-07,0.00048807342,0.90673107,0.09241012,0.00037002997,3.596746e-08,2.825529e-10,3.080044e-10
9.391656e-08,2.9627182e-07,7.567419e-07,6.5889462e-06,0.0013648202,0.054004867,0.8619154,0.08242969,0.00027175597,5.7926077e-06
6.143275e-05,0.0006213343,0.045738276,0.8520167,0.10024897,0.0012702355,3.8221115e-05,1.8904201e-06,1.4569496e-06,1.4636902e-06
9.770767e-08,4.4256606e-07,2.4076267e-05,0.006805764,0.49051696,0.48271096,0.019900685,4.056964e-05,1.5538433e-07,2.9601807e-07
2.3935436e-07,1.6925445e-06,0.00010582678,0.004581651,0.57530826,0.4153236,0.004653211,2.4403982e-05,7.518253e-07,4.3077043e-07
1.16612426e-07,3.5982035e-07,2.8396565e-07,3.7129928e-07,4.819564e-05,0.0020666157,0.27765232,0.71903956,0.0011582082,3.3993765e-05
3.1662825e-08,1.1155715e-07,6.329004e-05,0.028117603,0.95300186,0.017440137,0.0013767787,1.9509683e-07,6.3819887e-09,8.228466e-09
2.9973984e-07,1.1793945e-06,3.4336057e-07,3.3973524e-07,4.212679e-05,0.0009811567,0.14841059,0.8491638,0.0011256078,0.0002746092
0.0014481983,0.002161745,0.99318117,0.0031036497,9.178505e-05,4.9405808e-06,1.7905993e-06,4.862386e-07,4.320518e-06,1.8646135e-06
4.1539952e-10,6.599401e-09,1.4272003e-07,6.649741e-05,0.26928565,0.70420516,0.0264234,1.917108e-05,3.9764352e-08,2.2021522e-09
1.3864021e-08,6.72698e-08,5.595479e-07,5.0847815e-05,0.05374835,0.7635412,0.18235712,0.00030067022,1.0441337e-06,1.5909487e-07
7.0236716e-08,3.478572e-06,0.00042791496,0.15341479,0.843437,0.0026138416,0.0001026658,1.7690428e-07,1.9711782e-08,6.2113363e-09
3.0538004e-07,2.673287e-06,3.3586539e-06,6.45006e-05,0.016603999,0.4408071,0.49264586,0.04975129,0.00011178768,9.194031e-06
2.661777e-08,3.0181297e-07,1.1795552e-05,0.0069495877,0.96379673,0.027770264,0.0014694273,1.7721168e-06,3.960246e-08,1.7830493e-08
0.97090036,0.014669128,0.014363236,4.770225e-05,1.9805398e-06,2.9471298e-07,1.1374536e-07,2.0094453e-06,4.696559e-06,1.0465542e-05
2.268664e-08,3.9405955e-07,3.7472425e-06,0.00041188122,0.0868986,0.8790466,0.032938745,0.0006941357,5.6681697e-06,1.6870078e-07
5.004029e-07,3.7091442e-07,4.0253242e-05,0.0012876278,0.35641626,0.3335778,0.30859807,7.1515744e-05,6.6971434e-06,9.164194e-07
6.041156e-09,1.652348e-07,7.3303796e-05,0.04434373,0.9535341,0.0020321545,1.644345e-05,1.132855e-08,9.1262803e-10,9.2521923e-10
9.942727e-08,1.1147594e-06,4.2680185e-06,0.0007180312,0.15857509,0.68345314,0.15635292,0.0008926809,1.9701915e-06,6.730566e-07
1.1958993e-07,1.2495162e-06,3.0278754e-05,0.0024725723,0.5955601,0.38636482,0.015529558,4.0433264e-05,6.01303e-07,2.2462238e-07
1.9808653e-05,2.138542e-05,7.4067893e-06,1.338539e-06,5.987605e-06,6.514231e-05,0.0028051876,0.10234465,0.034919232,0.8598097
6.8097866e-06,0.00030744853,0.19499214,0.7710442,0.033362042,0.0002839636,2.9746318e-06,1.2831838e-07,1.9748622e-07,8.544261e-08
8.409466e-08,3.5636117e-06,0.0006482014,0.18627456,0.8110009,0.002048444,2.4086277e-05,1.02482126e-07,1.19928565e-08,7.3339113e-09
1.2501282e-07,2.2837355e-06,9.682047e-06,0.00089482404,0.109501034,0.78647673,0.10083571,0.0022741249,4.185429e-06,1.2357766e-06
9.238112e-05,0.005577791,0.9417013,0.05185144,0.00076601136,1.0160638e-05,3.7452173e-07,1.3950108e-07,2.7805402e-07,1.6551147e-07
8.507538e-07,1.9536374e-06,1.9794854e-05,0.00047538907,0.069371305,0.534452,0.39481768,0.0008440487,1.1000645e-05,5.9333897e-06
5.2226027e-05,5.1330993e-05,1.8211882e-05,6.7864485e-06,4.7443715e-05,0.0004571601,0.02669627,0.71310496,0.07274016,0.18682548
1.328712e-10,1.3818753e-08,4.7166662e-07,0.0011112475,0.9507597,0.04809885,2.9693281e-05,4.0574925e-08,1.10426314e-10,2.1853343e-10
9.599304e-07,1.7808286e-06,1.5264984e-06,6.4836223e-07,2.6634732e-05,0.0004745323,0.030133527,0.9171793,0.051825155,0.0003559362
4.683564e-06,2.2195709e-05,0.00010731879,0.003924138,0.16306981,0.66846055,0.16200067,0.0023492398,4.2559488e-05,1.8776092e-05
2.5463956e-07,0.00015186363,0.00935844,0.8980298,0.09030582,0.0021239584,2.8282726e-05,1.3738812e-06,1.7227065e-07,2.7775032e-08
1.0936631e-05,1.7993838e-05,6.9586546e-05,0.0005017064,0.03156844,0.21551111,0.7320571,0.018755155,0.0014528886,5.514575e-05
1.2467807e-09,2.4088553e-08,2.6245277e-07,0.00011250677,0.12242878,0.8640488,0.013372468,3.7141792e-05,2.7859876e-08,1.367385e-08
4.087062e-07,5.4354955e-06,0.0018440658,0.108963184,0.88043624,0.008633939,0.000116059404,4.4740491e-07,6.933585e-08,6.3521384e-08
1.2989734e-05,4.185459e-05,2.642446e-05,3.677465e-05,0.00072583155,0.01532254,0.090608716,0.8800942,0.011788827,0.0013417951
0.0027208575,0.1620623,0.83146757,0.0037024063,4.1612464e-05,1.1416084e-06,2.3584272e-07,9.819952e-07,1.9272718e-06,1.0282528e-06
6.0930056e-06,9.6913085e-05,0.4511406,0.516788,0.031854723,0.00011144133,2.0214432e-06,2.1562093e-08,9.790432e-08,4.0132896e-08
0.0009016623,0.0038824049,0.98954976,0.005597331,6.588956e-05,1.3232989e-06,2.8186457e-07,1.2988794e-07,9.648353e-07,3.269284e-07
0.293088,0.45576048,0.24828777,0.00255419,8.8553665e-05,1.0929262e-05,3.910507e-06,5.1507337e-05,6.963668e-05,8.50502e-05
0.00010246805,0.020581521,0.96177894,0.017426822,0.00010816334,1.8446448e-06,3.577601e-08,7.1127936e-08,1.02725515e-07,6.604408e-08
8.569323e-07,6.746868e-06,2.8067786e-06,9.258047e-06,0.0004849501,0.00843145,0.34387326,0.64654744,0.00051354175,0.00012967903
2.588004e-06,1.9546527e-05,0.012869946,0.31129414,0.672853,0.0027582403,0.00020163685,4.5291316e-07,2.840666e-07,1.2122267e-07
8.765565e-07,2.2203449e-06,7.705819e-06,8.575579e-05,0.006877728,0.10231033,0.8806717,0.009941976,8.571572e-05,1.6037287e-05
3.0398096e-05,3.4001452e-05,2.6483214e-05,9.639911e-06,0.00014312458,0.0014637609,0.18342586,0.76806444,0.03532555,0.011476674
1.2938904e-09,6.156419e-08,2.4954277e-06,0.002592853,0.92448384,0.072562836,0.00035739932,4.937651e-07,2.4978761e-09,1.6004497e-09
2.9088503e-06,9.216899e-05,0.1298012,0.8229656,0.0468951,0.00024048891,2.4524568e-06,4.713023e-08,7.314642e-08,3.802524e-08
1.0319138e-09,3.3766376e-08,2.9874255e-07,0.0001413042,0.172703,0.8241243,0.003015336,1.570141e-05,1.3125881e-08,8.514369e-09
1.8976525e-08,7.2886724e-07,7.948216e-05,0.016926572,0.8403489,0.13982387,0.0028109825,8.617284e-06,8.754969e-07,2.1596815e-08
1.0921669e-07,5.2315187e-07,2.1838059e-07,2.6772403e-07,2.815099e-05,0.0007147404,0.2122081,0.78647363,0.00053448585,3.9717666e-05
2.6370608e-06,3.7656773e-05,0.011011357,0.73759896,0.2493621,0.0019219884,6.433611e-05,6.501804e-07,2.309509e-07,1.4730762e-07
0.00012936021,5.432301e-05,0.015549033,0.3363366,0.3924658,0.16338919,0.09195337,8.4439685e-05,9.487388e-06,2.837315e-05
1.0436397e-09,1.0581121e-07,3.3101344e-06,0.005518091,0.9748155,0.019578878,8.382351e-05,2.2565932e-07,1.2167315e-09,7.113665e-10
1.3242143e-07,3.49098e-07,1.6113205e-05,0.0014794137,0.5191035,0.41320246,0.06615701,3.948099e-05,1.2165536e-06,3.273785e-07
7.5073763e-06,2.438237e-06,8.390141e-07,8.104639e-08,2.275021e-07,1.0872e-06,6.3656885e-06,0.00077439885,0.52091855,0.47828847
7.8053864e-07,3.9638307e-06,1.9602296e-06,6.6830057e-06,0.00054331345,0.021896806,0.3432125,0.6334314,0.0004980442,0.0004045479
2.288569e-09,1.4528548e-07,1.5006592e-06,0.0018589575,0.53343135,0.46241575,0.0022805843,1.1716445e-05,1.0600456e-08,9.688973e-09
3.3832478e-10,1.040065e-08,1.5156998e-07,0.00012929681,0.45181197,0.54386467,0.004191233,2.7360545e-06,3.5984569e-09,1.6767159e-09
7.062866e-05,7.184257e-05,9.807184e-05,0.00012747553,0.0037799445,0.02269608,0.72660744,0.21945629,0.025814893,0.0012773218
1.6442235e-06,4.359209e-06,0.0002674181,0.013101033,0.87564486,0.09359325,0.017361073,2.203388e-05,3.1085985e-06,1.0778373e-06
8.388236e-09,2.6600516e-08,1.8642879e-07,1.3401609e-05,0.010570724,0.3341441,0.65348846,0.001779666,3.258567e-06,1.6429313e-07
5.146096e-07,1.7812526e-05,0.01363939,0.6335926,0.35129666,0.0014419826,1.0853091e-05,8.285134e-08,3.988496e-08,2.2813492e-08
1.9384363e-07,2.6085958e-05,0.02804756,0.884595,0.087002605,0.00032455008,4.0026057e-06,3.916879e-08,1.3439922e-08,5.333891e-09
8.372582e-08,1.7793749e-06,3.4444543e-06,0.0012388636,0.1880162,0.71479374,0.09541205,0.0005323123,9.174955e-07,6.1864773e-07
6.694736e-08,9.916075e-06,0.00034098089,0.169881,0.8259076,0.0038307286,2.9421604e-05,3.0360525e-07,1.0150467e-08,8.786977e-09
1.020371e-08,5.128089e-08,1.4846118e-07,4.049204e-06,0.0054222546,0.13810514,0.8512781,0.0051749656,1.4925619e-05,3.1335497e-07
8.1319044e-08,1.5574709e-06,3.971365e-06,1.7377835e-05,0.0008704984,0.004653682,0.85496587,0.1375384,0.0019417277,6.8150457e-06
1.5814875e-08,6.221078e-08,1.0785332e-06,8.825268e-05,0.03223773,0.94480896,0.02273662,0.00012687435,1.4069549e-07,2.745434e-07
6.1884684e-08,8.682793e-08,4.6068666e-07,2.8901532e-06,0.0003352635,0.008612582,0.9896464,0.0013928951,6.070823e-06,3.2790729e-06
1.7281115e-08,5.105527e-07,8.233603e-06,0.0033594256,0.9258054,0.0697077,0.0011132753,5.2805935e-06,7.081751e-08,2.0340549e-08
5.0622733e-09,1.0508715e-07,2.0854935e-05,0.013947216,0.97610664,0.009888958,3.6151407e-05,5.230028e-08,2.168297e-09,1.9778525e-09
5.982602e-08,6.230954e-07,7.673664e-06,0.0013337551,0.42638692,0.5203204,0.05150897,0.00043931245,2.0674177e-06,2.3458333e-07
1.865949e-05,0.0005469712,0.62042916,0.36536425,0.01357083,6.586947e-05,3.754867e-06,8.969971e-08,2.7492618e-07,1.1061942e-07
1.8159396e-07,1.0241433e-06,3.0515946e-05,0.0028112957,0.35406315,0.5489828,0.094002284,0.00010686845,1.1140872e-06,7.5815194e-07
5.4387004e-07,3.6077763e-06,5.883268e-05,0.0056069894,0.3345562,0.6521924,0.0073972396,0.00018021524,1.8757888e-06,2.05599e-06
5.5074234e-10,3.496204e-08,4.102506e-07,0.00054197,0.6500038,0.34689558,0.002550164,8.072322e-06,7.681474e-09,1.700267e-09
1.5555536e-08,4.9131863e-08,6.310964e-05,0.011805393,0.97784925,0.010175293,0.00010690268,1.6052752e-08,1.02549e-09,2.3022668e-09
7.805802e-05,0.009337825,0.8608079,0.12820381,0.0015501842,1.9448013e-05,9.143898e-07,5.624835e-07,9.788475e-07,3.3783414e-07
1.02736394e-07,3.5935966e-07,2.2088953e-07,3.934617e-07,7.935792e-05,0.0017224187,0.52508646,0.47254694,0.0005456912,1.7982358e-05
2.3685028e-07,3.953465e-06,0.0058262977,0.25559047,0.73718977,0.0013288347,6.032792e-05,4.5176083e-08,2.4094371e-08,1.065086e-08
5.4545e-09,7.7106925e-08,5.329633e-06,0.0041999784,0.9843162,0.011053948,0.00042435413,2.025073e-07,6.0680128e-09,2.5739935e-09
2.3824578e-06,1.7579512e-06,6.076475e-07,7.5102285e-08,2.3612667e-07,2.7074702e-06,3.0503576e-05,0.004441996,0.03352432,0.9619954
6.0077916e-08,2.452506e-07,1.3409159e-06,0.00021641051,0.11575885,0.4740417,0.40905112,0.00092670275,3.0983585e-06,4.3007938e-07
1.4836322e-06,5.8281506e-07,8.721479e-08,9.199247e-09,2.1192303e-08,1.7258105e-07,2.420381e-07,0.00011341217,0.055922754,0.94396114
1.5338312e-06,7.787956e-05,0.1785457,0.78120583,0.04007261,9.5845775e-05,5.1361036e-07,7.981846e-09,1.8387007e-08,9.1046255e-09
1.3376863e-06,2.5230431e-06,3.1632702e-05,0.0004248052,0.07243357,0.6940018,0.23254208,0.0005377239,1.5069293e-05,9.475296e-06
7.651924e-09,2.7088772e-08,5.580502e-07,0.00017317779,0.099182114,0.80831707,0.09218457,0.00014198221,4.170827e-07,6.082118e-08
8.076515e-08,1.559916e-05,0.00070302817,0.2330063,0.7633865,0.002855871,3.2413518e-05,1.4601058e-07,1.0323633e-08,9.766541e-09
9.818823e-08,4.8607424e-05,0.019046882,0.83374494,0.14688851,0.00026931614,1.6037886e-06,1.5066473e-08,7.3267934e-09,2.0834654e-09
2.3033159e-10,8.230249e-09,1.9219826e-07,0.00010338989,0.34665608,0.650085,0.003151548,3.8541807e-06,9.4520045e-09,1.1796479e-09
2.5581919e-08,2.9604328e-07,1.7693877e-05,0.002243056,0.4525255,0.50965834,0.03542847,0.00012188719,4.6039813e-06,1.0338183e-07
4.385707e-08,3.7849463e-07,3.7675414e-05,0.006342611,0.7129411,0.275912,0.004755391,1.0719371e-05,6.59617e-08,8.662188e-08
5.8625164e-06,5.1150796e-06,3.4289837e-06,3.0183935e-07,2.4964831e-06,4.123165e-05,0.0018794148,0.2080285,0.53894305,0.25109065
0.00010893934,5.9479364e-05,1.9929801e-05,5.6127537e-06,1.2585449e-05,4.342881e-05,0.0001955222,0.006192206,0.053387947,0.9399743
8.0852814e-08,7.250229e-07,6.66506e-07,8.806303e-06,0.0035878925,0.10539973,0.7500143,0.14087796,0.00010467179,5.169391e-06
4.8988175e-10,3.443846e-09,3.1936567e-09,2.1916507e-07,9.166161e-05,0.01856786,0.9717898,0.0095489,8.042896e-08,1.4768517e-06
8.159968e-07,2.9185126e-06,1.2789299e-06,8.608557e-07,7.526326e-05,0.0017316625,0.073937625,0.91981906,0.0039451947,0.00048525096
1.9241414e-08,9.3241175e-07,5.4082662e-05,0.016694821,0.9762483,0.0068068504,0.00019449093,5.169553e-07,2.4434698e-08,7.032322e-09
3.7599786e-09,4.337584e-09,1.8725741e-08,1.8718822e-07,0.00036319863,0.010970354,0.9867399,0.0019124782,1.3791303e-05,1.3355012e-07
1.8370818e-06,1.3474812e-06,3.4713294e-06,1.433654e-05,0.0014295896,0.008712855,0.9791008,0.010135254,0.00057656836,2.3856855e-05
4.343093e-08,1.5063447e-06,0.00022606614,0.04562468,0.94994015,0.0040998315,0.00010740543,1.7618856e-07,1.4196999e-08,1.0506176e-08
2.1772172e-08,1.6672406e-07,1.2578593e-06,0.00018406381,0.09279479,0.858063,0.048704736,0.0002512495,5.104467e-07,1.9650686e-07
9.497313e-08,2.273332e-07,2.3559556e-07,2.0309588e-07,3.0103864e-05,0.0012569425,0.18899848,0.79929703,0.010378002,3.8701564e-05
6.6716934e-09,1.0997566e-07,2.168195e-07,2.7896574e-05,0.039265107,0.68359435,0.275832,0.0012795209,4.9083906e-07,1.8565589e-07
3.963517e-09,8.506795e-08,6.430829e-07,0.00013684749,0.103644416,0.8846947,0.011401522,0.000121582656,2.4769398e-07,3.304401e-08
5.461354e-06,0.00025002542,0.30185515,0.64990443,0.047781236,0.0002016468,1.9171302e-06,4.4603397e-08,6.8255204e-08,4.1069736e-08
1.1690764e-08,6.650333e-08,9.148195e-08,3.4962711e-06,0.001433547,0.07728131,0.90869445,0.012583865,2.082958e-06,1.0823095e-06
8.66405e-09,7.905611e-08,1.4520744e-05,0.010344443,0.93990004,0.048880585,0.00085968437,7.099461e-07,2.8180102e-08,7.08427e-09
1.13268165e-07,2.6529617e-07,7.849101e-07,4.198892e-06,0.001816545,0.037684333,0.937098,0.022833358,0.0005574189,4.948948e-06
1.349232e-07,2.589293e-06,8.357651e-05,0.028528618,0.9316115,0.03942051,0.00035014228,2.8312015e-06,1.3233627e-07,8.9741704e-08
1.5642178e-07,7.254623e-07,1.5796768e-05,0.0019059464,0.62757623,0.26050493,0.10986248,0.00012605895,7.397316e-06,3.1689325e-07
5.252897e-06,5.8041915e-05,0.23803416,0.58131003,0.18000092,0.0005812138,1.0101595e-05,6.334904e-08,1.5405925e-07,6.9699766e-08
2.9724183e-07,2.5944678e-06,6.935211e-07,1.3446013e-06,0.00020837197,0.005490423,0.31165135,0.6821385,0.00031316307,0.00019319027
1.9098515e-08,2.372805e-07,6.975731e-05,0.018995408,0.96558136,0.015221216,0.00013178939,1.5518776e-07,1.496109e-08,7.271343e-09
4.7300208e-08,6.6455374e-07,0.00014017177,0.017482115,0.979867,0.0020968216,0.00041294575,1.7233917e-07,4.451027e-08,7.1222335e-09
9.0396e-06,3.3165327e-06,9.960682e-06,5.9473073e-06,0.00041064317,0.003225126,0.7810677,0.11822215,0.09658489,0.000461188
9.689392e-06,0.0005570673,0.85734254,0.14030993,0.0017708123,9.529162e-06,2.915829e-07,1.8404839e-08,6.773284e-08,2.5369554e-08
2.575804e-07,2.357464e-05,0.020554474,0.8722706,0.10691416,0.00023562716,1.2425787e-06,1.1458148e-08,5.716824e-09,4.49032e-09
0.0003852943,0.00023666103,0.00015617676,3.712882e-05,0.00021244699,0.0006753312,0.018453227,0.23400885,0.61523753,0.13059734
1.0437476e-08,1.980197e-07,6.830702e-06,0.004541747,0.8803936,0.11297456,0.0020800852,2.9271318e-06,2.1249729e-08,1.8422583e-08
7.677066e-08,9.59179e-07,4.6739254e-07,3.751404e-06,0.0015510285,0.044695955,0.79032546,0.16336693,4.1930976e-05,1.3343e-05
1.8454772e-05,4.736684e-05,0.00012326008,0.0008309117,0.038064606,0.3618135,0.5746549,0.023510212,0.00079872145,0.00013806013
3.1369773e-06,0.00025110054,0.43833032,0.5356219,0.02569225,9.908438e-05,2.0014754e-06,4.4889852e-08,7.2750794e-08,2.4068767e-08
1.298542e-07,1.1013475e-06,0.00021773913,0.020816589,0.9551398,0.022620969,0.0012027754,6.848865e-07,8.893617e-08,4.8234288e-08
7.964995e-07,2.6538844e-06,6.982665e-06,9.7154385e-05,0.010347586,0.12533525,0.8507967,0.013279388,0.00012330804,1.0164902e-05
2.020347e-07,3.7032967e-07,1.761647e-07,7.925567e-08,6.459887e-06,0.00016915449,0.016917862,0.96836567,0.014091209,0.00044881
3.682254e-06,6.081859e-06,3.7555064e-06,1.6424127e-06,3.9248054e-05,0.0003415175,0.036940586,0.9212127,0.04050656,0.00094413524
5.9758136e-11,4.533911e-09,1.9147024e-06,0.002164524,0.9964647,0.0013613375,7.432608e-06,7.644994e-10,2.3546332e-11,1.483695e-11
1.21201165e-05,3.909475e-05,1.3879043e-05,1.3427624e-05,0.00026171526,0.0021453027,0.17957272,0.8081678,0.0067974087,0.0029765654
1.9655886e-07,6.470962e-07,2.303099e-06,8.4475854e-05,0.020554747,0.2896606,0.6797822,0.009871746,3.9933988e-05,3.1180373e-06
5.0097655e-09,2.3114078e-08,2.7385386e-07,6.672943e-05,0.060331024,0.8536216,0.08581743,0.00016231768,4.378376e-07,6.064803e-08
7.34848e-08,1.5925125e-06,0.0006229537,0.19051296,0.8070478,0.0018056378,8.920182e-06,1.5816392e-08,2.0542112e-09,4.2634163e-09
6.4407595e-07,1.1952686e-05,7.420491e-05,0.015795372,0.6404604,0.34107286,0.0024722058,0.00010910941,1.8423167e-06,1.3986551e-06
0.49366534,0.1315297,0.3745891,0.000199737,3.0736837e-06,2.1027765e-07,1.1593336e-07,1.7294535e-06,4.7206986e-06,6.297018e-06
3.846866e-08,3.0226275e-07,2.0177677e-05,0.027027769,0.95922065,0.013403919,0.00032676337,3.944999e-07,6.196312e-09,1.576548e-08
1.3557803e-07,1.0969832e-06,6.891738e-07,3.4031066e-06,0.0006382347,0.014572429,0.75147694,0.2331703,0.00011491889,2.179429e-05
3.8861018e-07,2.6372345e-06,0.0001479693,0.003765634,0.41658923,0.27342433,0.30560327,0.00045919238,6.2932877e-06,1.0773387e-06
2.0856638e-07,1.8083366e-06,1.4816599e-06,9.570307e-06,0.0018907817,0.18457468,0.46810603,0.34525654,5.3364944e-05,0.00010547835
7.195167e-08,6.595423e-07,1.3101268e-05,0.0021800026,0.30382887,0.6852657,0.008620285,9.022168e-05,7.213873e-07,3.027179e-07
5.845722e-08,3.7144653e-07,1.5191469e-05,0.010251314,0.7571998,0.2290818,0.0034383868,1.300294e-05,7.565418e-08,9.715809e-08
2.1838981e-07,7.299223e-07,3.1321258e-07,1.235226e-07,5.991031e-06,9.934672e-05,0.010047218,0.9775708,0.012112243,0.00016302612
4.276115e-06,0.0009617411,0.9467639,0.05205322,0.00021522108,1.6695467e-06,2.9783072e-08,7.42095e-09,2.838015e-08,7.416167e-09
1.9440711e-05,2.9683883e-05,2.7712682e-05,1.3137418e-05,0.00029778827,0.0018779016,0.12246181,0.7406997,0.13299483,0.0015779802
8.3861436e-05,6.111036e-05,2.3887973e-05,6.382224e-06,1.6180684e-05,5.791454e-05,0.00027298427,0.007830244,0.052169695,0.93947774
6.519684e-07,2.517973e-06,1.0687683e-05,0.00028556152,0.044582818,0.6242195,0.32240647,0.008383164,0.00010194899,6.7421406e-06
6.370483e-07,8.194075e-06,8.304117e-06,8.999916e-05,0.013765723,0.4282977,0.38945177,0.1682552,7.721388e-05,4.5244586e-05
0.0061758067,0.36316296,0.6275144,0.0030985216,3.8937436e-05,1.3848772e-06,3.2549582e-07,2.2743532e-06,3.412151e-06,2.0352825e-06
6.150221e-07,4.0553773e-06,2.1203921e-05,0.00078963366,0.06707535,0.585735,0.33665937,0.009454884,0.00025439562,5.524236e-06
6.5773724e-09,9.617895e-08,6.991895e-07,0.0002269645,0.09952028,0.7952523,0.10467356,0.0003257002,2.7087896e-07,5.9467222e-08
2.8720509e-08,4.5832937e-07,4.3230804e-05,0.00883901,0.9597734,0.030174803,0.0011673826,1.53332e-06,3.6328704e-08,2.4716726e-08
0.99673957,0.00274895,0.0005110872,1.5968527e-07,4.276355e-09,4.581674e-10,1.2315496e-10,2.2456726e-08,4.9734126e-08,2.1347515e-07
2.1286725e-07,1.6338932e-07,7.014374e-07,1.8201938e-06,0.0004015869,0.018399708,0.96363086,0.017171787,0.00037736993,1.5792273e-05
3.119418e-07,3.5164308e-06,7.77128e-07,3.80351e-06,0.0005354587,0.018206324,0.3773226,0.6036324,8.723955e-05,0.00020755503
1.651559e-06,2.8070235e-06,0.00012075956,0.009148295,0.54515284,0.41279453,0.032711882,6.17567e-05,2.0050143e-06,3.5432836e-06
4.9758285e-08,2.059995e-06,0.00011311452,0.04023856,0.94355834,0.015960053,0.0001263607,1.4001694e-06,3.882296e-08,2.2973474e-08
1.7359557e-09,1.9180028e-08,8.865543e-06,0.007272081,0.9795455,0.013034655,0.00013884067,3.570686e-08,8.471337e-10,9.028155e-10
6.8486584e-06,0.00073748326,0.883118,0.114401616,0.0017284369,7.3835513e-06,1.6373393e-07,9.852774e-09,2.8796538e-08,1.1479711e-08
7.6242e-08,5.9734725e-07,3.640931e-06,0.00031213954,0.056384645,0.84666914,0.09399825,0.0026252107,5.5131986e-06,7.304167e-07
1.4787819e-06,0.00018298032,0.01005951,0.7291371,0.25403008,0.006528968,5.527417e-05,3.605408e-06,8.185135e-07,2.1201193e-07
4.270012e-06,6.7367364e-05,0.0036264935,0.60006416,0.38843706,0.007707174,9.0073845e-05,2.5751333e-06,2.5616362e-07,4.7787057e-07
0.18362895,0.13184512,0.6838687,0.0006254026,1.3144246e-05,6.868969e-07,2.8756995e-07,2.2006707e-06,9.020006e-06,6.4825076e-06
2.1011914e-05,4.0489707e-05,1.3323546e-05,8.731721e-06,0.00018216312,0.0021586604,0.17742896,0.7772123,0.014438958,0.028495379
4.4567096e-06,0.00015035436,0.7872903,0.20832627,0.0042187697,9.684698e-06,1.5994479e-07,3.3012755e-09,1.86815e-08,7.77566e-09
2.367252e-09,6.2669194e-08,3.7867587e-06,0.0027457038,0.97938156,0.017545383,0.00032317263,3.6302626e-07,5.344564e-09,1.6604059e-09
7.562172e-05,9.375461e-05,3.3621905e-05,5.9497484e-06,2.15651e-05,0.00015555759,0.0047447863,0.122882284,0.10545318,0.7665337
2.9238445e-05,2.2530394e-05,0.02842509,0.14049613,0.8010002,0.027713614,0.0023048858,3.12322e-06,2.33166e-06,2.8255954e-06
5.7643277e-09,2.260784e-07,9.799558e-06,0.004246361,0.8651484,0.1293009,0.0012891637,5.014111e-06,1.1971615e-07,8.3986205e-09
4.006479e-06,0.00036881075,0.044804804,0.8623657,0.091824695,0.00060964574,2.1283355e-05,5.6963125e-07,2.8240476e-07,1.417439e-07
7.3982283e-06,2.0399364e-05,0.8346011,0.161454,0.00390598,1.08093545e-05,3.3956857e-07,1.2556299e-09,8.123104e-09,4.977284e-09
2.227996e-05,2.4166893e-05,2.6041007e-05,2.8544186e-05,0.0007888999,0.00618635,0.81091636,0.17508963,0.005921525,0.0009962011
3.7274376e-08,1.6072461e-06,5.1207793e-05,0.0021748487,0.28857535,0.3378208,0.3684355,0.0028640418,7.637102e-05,2.8824962e-07
3.6831332e-07,3.5434825e-06,1.3013491e-05,0.0006922595,0.04394444,0.6603404,0.28727463,0.0077165025,6.1459777e-06,8.728958e-06
4.7890633e-05,6.6578825e-05,0.00017672256,0.0010682532,0.028393846,0.16476361,0.78278726,0.021469034,0.00086168246,0.00036512717
1.7256502e-08,2.1886834e-07,9.773879e-07,0.00018073042,0.1010101,0.67947745,0.21783783,0.0014898278,2.765804e-06,1.3933217e-07
0.02195987,0.18345952,0.79434305,0.00023147924,3.4464692e-06,1.1325653e-07,4.7289404e-08,5.163483e-07,1.2475703e-06,7.65307e-07
3.5550836e-06,1.1370367e-05,9.378899e-05,0.0050339727,0.45413992,0.3353063,0.20484658,0.000527741,3.0921543e-05,5.9114386e-06
1.0557306e-06,2.8127715e-05,0.0013788452,0.09610462,0.87037563,0.03173981,0.00036247133,7.933839e-06,9.790169e-07,4.551532e-07
0.05439455,0.015695224,0.92851865,0.0013776567,1.015827e-05,4.5928496e-07,1.640152e-07,2.743353e-07,1.8163721e-06,1.1248551e-06
2.533201e-08,1.01330066e-07,5.115672e-07,2.515606e-05,0.0110848835,0.3136281,0.6700445,0.0052085267,7.840575e-06,4.3296026e-07
2.8986442e-09,1.10726525e-07,5.6110375e-06,0.0036190841,0.9686257,0.027677545,7.180409e-05,1.7517318e-07,2.1070574e-09,2.639618e-09
3.278463e-07,2.0821788e-06,2.064186e-05,0.0017032175,0.25747317,0.581663,0.15669504,0.0024165404,2.4525887e-05,1.4704967e-06
8.195414e-05,0.0010447603,0.6709225,0.31584948,0.011824221,0.00026854922,5.5811083e-06,5.8577626e-07,1.4557942e-06,8.857012e-07
5.3770117e-07,6.80299e-07,7.202885e-07,2.2096357e-07,1.019631e-05,0.00012806509,0.023896523,0.91182405,0.063877754,0.00026127347
2.0804596e-07,1.6655961e-06,8.040627e-07,1.6267271e-06,0.00016066409,0.0025070356,0.10918878,0.88736206,0.0007394041,3.774886e-05
1.7120172e-05,3.4936176e-05,1.7936087e-05,7.215251e-06,5.0376024e-05,0.0010358525,0.08650156,0.84394634,0.009280586,0.05910804
2.6001002e-08,7.779975e-07,5.7942852e-06,0.00084140606,0.11415698,0.8692552,0.0152042685,0.0005320247,3.3644812e-06,1.7547823e-07
3.8352216e-08,2.6452506e-07,8.7075057e-07,2.6873377e-05,0.017188074,0.2451854,0.73404956,0.0035389874,9.248875e-06,6.7652115e-07
0.31818366,0.041485164,0.6401879,0.00013988857,1.1197468e-06,4.8331028e-08,2.9182537e-08,1.783948e-07,1.1506667e-06,8.4597355e-07
0.00020135914,9.506604e-05,6.0217444e-05,1.2273016e-05,4.928853e-05,0.00016127077,0.001687169,0.032825585,0.58453435,0.38037336
0.90773386,0.046179224,0.04600048,6.106919e-05,2.8233878e-06,2.7059e-07,1.3868537e-07,2.7513745e-06,7.99887e-06,1.1387871e-05
3.0607165e-08,2.5494893e-07,3.4523835e-06,0.0006566648,0.20352405,0.701391,0.09421637,0.00020756708,5.40877e-07,2.0142443e-07
2.3001812e-07,1.644892e-06,0.0007217316,0.4510483,0.5444548,0.0037464928,2.6704516e-05,6.148291e-08,3.2478025e-09,1.2362216e-08
1.2321755e-06,4.5420097e-06,2.407284e-06,1.3990261e-06,0.00013509435,0.0029744436,0.2462465,0.7471478,0.0032191155,0.0002673787
1.2350293e-08,1.0970022e-07,7.251374e-07,0.00013048791,0.10541537,0.82379526,0.07044483,0.0002128535,3.449723e-07,1.0985033e-07
3.902693e-07,1.8958273e-05,0.09928794,0.79041725,0.11014563,0.0001286317,1.2513547e-06,4.0305768e-09,5.802924e-09,2.4192863e-09
0.014329364,0.06494881,0.91984576,0.00085093896,1.6837868e-05,1.0164541e-06,2.496793e-07,1.1594661e-06,3.3222323e-06,2.5741797e-06
1.7060962e-07,4.2744186e-06,7.00893e-05,0.014474888,0.8206447,0.16359161,0.0011931425,2.0322805e-05,4.98665e-07,2.4088877e-07
1.7217868e-09,1.1951182e-08,4.184617e-08,1.2975411e-06,0.004276825,0.33202407,0.6584354,0.0052543753,7.784444e-06,1.2986422e-07
2.8708004e-07,3.3170105e-07,6.0685074e-05,0.0025507896,0.83104163,0.088570446,0.07776796,6.2088848e-06,1.488719e-06,2.2270373e-07
1.4462149e-06,7.2555417e-06,0.00586571,0.13708287,0.84857976,0.007937698,0.0005245247,4.898998e-07,1.9411375e-07,1.7154363e-07
8.819252e-07,7.0857486e-06,1.1371735e-05,9.5964795e-05,0.013563347,0.42097765,0.4716327,0.093107335,0.0005752172,2.8413711e-05
1.4487522e-08,6.8597046e-07,5.7761423e-05,0.02209324,0.962478,0.015296026,7.396103e-05,2.934532e-07,7.98021e-09,6.499644e-09
2.7581585e-08,4.724135e-06,0.00013643138,0.18342812,0.81177086,0.0045906845,6.905518e-05,1.8112137e-07,5.8278147e-09,5.8290155e-09
2.8975953e-07,3.2590876e-07,2.6743523e-06,1.9291603e-05,0.0035951757,0.10405437,0.8797851,0.01198428,0.0005523854,6.129195e-06
0.0010825455,0.017131079,0.96471334,0.016721418,0.000337965,6.566321e-06,1.2663476e-06,8.9644766e-07,3.5309556e-06,1.3508101e-06
3.8073176e-06,0.0002985306,0.7835542,0.2133846,0.0027472593,1.15034745e-05,1.3396263e-07,6.8949264e-09,1.9785377e-08,8.771706e-09
9.584551e-06,0.00021794437,0.17383088,0.7597151,0.065617315,0.0006026528,5.9585036e-06,1.8034126e-07,2.0468188e-07,1.626143e-07
2.2817794e-07,1.1794675e-06,1.2112599e-06,4.129825e-06,0.0006089729,0.024004677,0.48254332,0.492235,0.0005704904,3.0892625e-05
3.2795367e-07,9.723519e-07,8.274645e-06,0.0002536182,0.021343654,0.79320276,0.17976502,0.0053657936,5.4124026e-05,5.371402e-06
4.3430083e-07,4.3558694e-06,3.856669e-06,0.000108024054,0.008150873,0.10986524,0.85858756,0.023232644,3.1840988e-05,1.5172583e-05
4.8928204e-08,2.0372488e-07,2.0444725e-06,0.0003975279,0.20552659,0.4796335,0.31411636,0.00032181526,1.6574604e-06,2.0024723e-07
1.8987648e-06,1.282341e-06,1.6900401e-06,2.6543535e-07,6.52412e-06,5.397198e-05,0.009500097,0.28185305,0.7071085,0.0014727424
0.00091201474,0.008880755,0.97850364,0.011575455,0.00012271311,2.0621844e-06,5.6273205e-07,3.5462068e-07,1.9576723e-06,5.592156e-07
2.5787827e-09,3.2164756e-08,4.665642e-07,0.00012818807,0.11381376,0.5963642,0.28945914,0.00023389673,3.1467326e-07,2.4626274e-08
4.7080613e-07,4.872992e-06,0.00015665845,0.019252026,0.8975093,0.081261374,0.0017939368,1.9967953e-05,9.776965e-07,4.458302e-07
4.8416524e-07,4.045632e-06,2.2145254e-05,0.0035124752,0.39890212,0.4919085,0.105283454,0.00036189356,3.6414035e-06,1.2280277e-06
2.473957e-06,5.3492255e-07,1.8051279e-06,2.1867153e-07,2.915804e-06,1.3035228e-05,0.0013098959,0.01006846,0.9874915,0.0011090616
6.325389e-07,1.5237931e-06,8.7108e-07,6.9323613e-07,6.5603876e-05,0.0014964503,0.13572079,0.85182637,0.010684663,0.00020239854
0.00016940646,0.0077139284,0.9589694,0.032845233,0.00029666108,4.208875e-06,2.486031e-07,1.638889e-07,6.0097756e-07,2.14398e-07
6.210587e-08,4.8732395e-06,0.000200188,0.07747704,0.9058782,0.016061654,0.00037586762,2.065982e-06,7.284202e-08,3.1030247e-08
8.466586e-09,3.703714e-08,9.500571e-06,0.0013620319,0.85353696,0.14395583,0.001135149,4.7536702e-07,8.121484e-09,1.148958e-08
8.796356e-08,1.427784e-07,1.4501891e-06,2.4249355e-05,0.009320923,0.17690644,0.81059307,0.0030733033,7.9261416e-05,1.0511553e-06
1.2753514e-05,2.4986293e-05,1.1307243e-05,2.1407454e-06,2.4852472e-05,0.00026870123,0.014029622,0.8882199,0.0716899,0.025715854
1.5965936e-08,1.0122898e-07,3.5161057e-07,1.5505675e-05,0.006745688,0.48511952,0.50320673,0.0049095606,8.851645e-07,1.6467772e-06
4.2560044e-09,4.123091e-07,0.00029902344,0.2619395,0.73578435,0.0019571548,1.9625453e-05,1.076744e-08,4.754193e-10,3.0465105e-10
2.2042917e-05,0.00018778715,0.2295193,0.65980315,0.10910788,0.0013293093,2.8905402e-05,5.665807e-07,6.251568e-07,4.8721347e-07
1.8314533e-05,0.0001598524,0.29097322,0.44521663,0.2617276,0.0018459702,5.699612e-05,3.8870678e-07,7.4255115e-07,3.780252e-07
0.00014995997,0.0001534828,7.851329e-05,2.4968267e-05,0.00012622043,0.0010337281,0.027687524,0.48893887,0.14424014,0.33756655
0.009153769,0.2139761,0.7762623,0.0006019088,4.9437535e-06,1.0288398e-07,2.2294998e-08,1.9404685e-07,3.7249694e-07,2.883824e-07
9.891563e-08,6.5970454e-07,4.4534178e-07,1.3653241e-06,0.00060210685,0.034473494,0.43170273,0.53214407,0.0010498522,2.523677e-05
1.0258e-08,3.2903767e-08,1.0408124e-07,1.8371168e-06,0.00097176066,0.03540398,0.9584863,0.005129624,5.812301e-06,5.3272794e-07
0.0015155475,0.60337174,0.3928288,0.0022671474,1.3074788e-05,4.5918776e-07,8.7801475e-08,1.3026986e-06,1.3091949e-06,5.7262e-07
1.0691823e-06,4.1800357e-07,9.872198e-07,7.8884646e-08,5.7493423e-07,2.816144e-06,6.854339e-05,0.005665162,0.9925518,0.0017084833
6.901261e-05,2.5253094e-05,1.2690836e-05,2.2732854e-06,6.943746e-06,1.8664092e-05,0.00015748737,0.0048939325,0.6611559,0.33365783
0.0005311725,0.00053159945,0.00045544974,0.00017429375,0.001187953,0.0040971544,0.1496539,0.5104929,0.27958345,0.053292114
4.2507796e-07,2.557923e-07,4.5572517e-07,6.936104e-08,2.7150368e-06,3.305425e-05,0.010441065,0.4673006,0.52177805,0.0004433345
8.832443e-05,3.3076332e-05,6.0588238e-05,4.6576384e-05,0.0014992417,0.009147226,0.6460426,0.19073468,0.14834286,0.004004818
2.1143613e-08,5.5965563e-07,2.3093382e-06,3.415763e-05,0.008664389,0.14571416,0.6567025,0.18846683,0.00041375088,1.3533527e-06
5.739924e-07,3.0014598e-06,0.0017432431,0.066929616,0.90161353,0.026776468,0.002931636,1.5796411e-06,1.9213215e-07,1.5864869e-07
8.576951e-10,5.3469396e-08,3.0673898e-06,0.006613416,0.96764785,0.025456442,0.0002789584,1.3632797e-07,8.9201657e-10,7.010258e-10
7.1485755e-07,7.8796065e-06,7.4918603e-06,0.00027833343,0.039575502,0.5183202,0.37308025,0.06863517,7.3673065e-05,2.0821166e-05
1.7073666e-05,4.8111502e-05,1.7497034e-05,1.4799521e-05,0.0002397383,0.0019605854,0.24761797,0.73839283,0.0066556106,0.0050357594
2.6956675e-09,5.3026152e-08,1.6383562e-07,5.3108524e-05,0.06267261,0.8707967,0.06625407,0.00022311894,1.4009463e-07,4.220628e-08
7.115426e-09,2.7417047e-06,0.0009550185,0.3979288,0.60038716,0.00072528806,1.0479118e-06,3.4308536e-09,2.6231153e-10,2.9940808e-10
5.4352398e-08,1.9080406e-07,1.8485815e-07,5.8960075e-07,0.0003319973,0.0066888463,0.81379354,0.17880116,0.0003777955,5.684372e-06
0.008557288,0.01631098,0.97454697,0.0005736657,8.551841e-06,3.5090378e-07,9.4950195e-08,2.3439922e-07,1.1855298e-06,6.9023383e-07
1.0020838e-08,2.657201e-07,0.00023780628,0.06272237,0.93618184,0.0008515639,6.1171486e-06,2.7063272e-09,3.8550285e-10,5.564173e-10
4.6626465e-06,3.479558e-06,3.4954992e-06,5.9404476e-07,4.8946104e-06,7.84e-05,0.0031236387,0.5362921,0.4477048,0.012783949
7.012772e-09,2.3163105e-07,4.2748134e-06,0.0029131994,0.9516067,0.044019975,0.0014525795,3.128344e-06,3.0606877e-08,6.4006147e-09
0.00018841279,0.049727768,0.87760836,0.07167316,0.00079287984,6.4229266e-06,7.356008e-07,6.0723687e-07,1.2624188e-06,3.3928032e-07
2.522152e-07,9.844356e-07,5.48188e-07,2.853454e-07,1.5724945e-05,0.00027432,0.015135699,0.97722584,0.0072591924,8.727199e-05
6.3003995e-08,7.583273e-07,0.0034478058,0.40999076,0.58574814,0.00079114235,2.1328211e-05,9.935235e-09,4.9154933e-09,1.7628452e-09
1.8899295e-09,1.0305734e-07,2.5860045e-06,0.0028082784,0.8919284,0.10485073,0.0004089163,9.996966e-07,4.3350457e-09,2.8950045e-09
2.0377813e-08,5.829445e-07,1.1000174e-05,0.0016370162,0.33526266,0.639326,0.023593208,0.00016744982,1.9806896e-06,6.921261e-08
5.238231e-08,2.1270769e-07,5.3650692e-05,0.032175668,0.937438,0.029508252,0.00082348305,5.8351736e-07,1.664969e-08,1.9236076e-08
2.169538e-08,7.8360847e-07,1.196432e-05,0.00921474,0.8519402,0.13803406,0.0007918166,6.31717e-06,3.388184e-08,3.7157026e-08
2.4461772e-07,2.1398384e-06,2.1104266e-05,0.0008601619,0.046921574,0.92232686,0.028560296,0.0012956406,9.199852e-06,2.7669762e-06
6.090573e-07,3.5267574e-06,2.787121e-06,6.930369e-06,0.00034467314,0.0075415177,0.81893176,0.17289875,0.00017539052,9.403561e-05
5.0905047e-10,2.4544649e-08,1.6486265e-06,0.0017439998,0.9636018,0.034462325,0.00019007995,7.2207776e-08,6.787751e-10,5.91537e-10
9.972497e-09,8.442226e-07,2.0196312e-05,0.011854911,0.94836813,0.03936663,0.00038528594,3.88027e-06,5.182416e-08,9.7663015e-09
6.4809524e-07,7.713233e-06,0.010973003,0.6152398,0.3726337,0.0011038112,4.1193674e-05,7.9674024e-08,3.7830016e-08,2.0298444e-08
2.9772496e-05,0.005498833,0.6563892,0.33233678,0.0057022804,4.0567626e-05,1.5795603e-06,3.4106253e-07,5.276478e-07,1.5387428e-07
5.662282e-05,5.638905e-05,5.6074525e-05,1.7602364e-05,0.0002028211,0.00085828645,0.038807236,0.5767082,0.37834793,0.004888839
1.491457e-05,0.0011726441,0.6431415,0.3472984,0.008320112,4.9841605e-05,2.1573676e-06,1.00185545e-07,2.2363491e-07,9.459577e-08
4.7897405e-08,1.09566045e-05,0.005387306,0.6412926,0.35252652,0.0007793413,3.2443766e-06,2.2056428e-08,6.410772e-09,2.128322e-09
5.329004e-06,0.00019424556,0.6599023,0.33526972,0.0046118647,1.628386e-05,2.654218e-07,7.9461495e-09,3.375528e-08,1.2714126e-08
1.8487079e-05,4.830249e-05,0.9809472,0.01871528,0.0002693665,1.2820917e-06,5.022264e-08,9.701193e-10,1.120798e-08,5.179491e-09
0.0011495791,0.00083934655,0.97468525,0.022911374,0.00040312382,7.645536e-06,1.9714394e-06,1.231608e-07,1.1613758e-06,4.8005995e-07
3.3156687e-06,1.4801298e-05,6.723931e-05,0.0033867136,0.14970261,0.48210713,0.3630499,0.0016216021,2.993702e-05,1.6805161e-05
7.007534e-08,5.146615e-07,6.087305e-06,0.0012082626,0.16892374,0.757247,0.07199484,0.0006178572,1.2838414e-06,4.1154274e-07
9.413077e-05,0.00019748624,0.00010906549,7.0715636e-05,0.0008450431,0.0056449412,0.19162531,0.77495915,0.017255524,0.009198738
1.504621e-08,2.6608717e-07,2.129403e-06,0.00059346034,0.30464774,0.68483347,0.009864014,5.863827e-05,1.424501e-07,7.8782165e-08
2.5530855e-07,1.1897354e-07,1.7813367e-07,8.532267e-09,9.353118e-08,1.206918e-06,4.174129e-05,0.015286928,0.9801195,0.0045498963
5.690758e-07,9.594719e-07,1.3213478e-06,2.8762604e-06,0.000443788,0.0066071586,0.7658316,0.22441383,0.0026594568,3.8526425e-05
4.1393978e-08,1.0333263e-07,1.448416e-07,1.0980358e-06,0.0004621943,0.02261899,0.8875384,0.08930235,7.207375e-05,4.621251e-06
5.6418667e-08,4.8881498e-06,0.0018864676,0.3334874,0.655736,0.008827478,5.7179852e-05,4.2360188e-07,1.0478974e-07,9.857138e-09
9.776355e-09,4.3212975e-07,2.7507438e-06,0.0008195368,0.28471965,0.67921424,0.03471708,0.000525213,1.0674701e-06,5.6747783e-08
4.3068987e-08,1.2977968e-07,8.848719e-08,1.2381884e-08,2.8604904e-07,8.232088e-06,0.0019305821,0.913795,0.08403278,0.00023279847
1.6465934e-05,0.0011035173,0.8952217,0.10302318,0.00063020486,4.3882596e-06,4.105422e-07,2.61098e-08,7.953238e-08,2.6816352e-08
9.853978e-10,2.3772355e-08,1.5331084e-07,0.00010024838,0.17357358,0.8093833,0.016908972,3.3632266e-05,2.3182105e-08,9.576163e-09
3.0860826e-06,1.6562077e-05,0.028163387,0.6293019,0.3404353,0.002057484,2.197746e-05,1.1317235e-07,6.477284e-08,8.608302e-08
6.059808e-06,0.00040639576,0.32066083,0.66134155,0.017449128,0.00013281175,2.6916512e-06,1.47697e-07,3.0758076e-07,8.730784e-08
7.612441e-05,0.2869484,0.7126867,0.00028853185,1.8000526e-07,2.575755e-09,1.3114351e-10,4.931046e-09,7.123332e-09,1.8042065e-09
0.000112575166,0.00013690646,7.5967575e-05,1.9722003e-05,0.00014420033,0.0013310702,0.08713937,0.7018447,0.10924172,0.09995377
0.000110672816,3.923649e-05,8.444303e-05,3.283391e-05,0.00047286152,0.0023529257,0.14939678,0.17782909,0.6637043,0.0059768795
6.5728354e-06,2.6859385e-05,3.0274225e-05,0.00013591912,0.004786323,0.034840748,0.9108434,0.048753597,0.00041244508,0.00016384645
1.0767606e-05,4.6627447e-06,4.5328493e-06,4.863401e-07,2.028194e-06,1.20906525e-05,0.00013978833,0.019239182,0.8863399,0.09424657
2.015062e-06,0.0001461951,0.019888962,0.81108046,0.16760123,0.0012230509,5.70508e-05,6.7217456e-07,1.8946739e-07,1.0782623e-07
2.8360706e-08,4.0042938e-08,2.6540547e-06,0.00019414556,0.13647959,0.62126017,0.24196869,8.8989276e-05,5.5918053e-06,1.2827287e-07
6.786663e-05,0.0014763428,0.95056105,0.04690537,0.00097439135,1.3554441e-05,5.3433166e-07,1.194103e-07,5.03033e-07,2.2509154e-07
1.20189085e-08,8.812534e-08,2.048714e-05,0.0068033957,0.984706,0.007889345,0.00058057747,2.0172322e-07,1.551913e-08,4.5016604e-09
3.6887197e-08,2.7991592e-07,0.0016309418,0.28887966,0.70774484,0.0017208509,2.3446588e-05,6.901535e-09,1.0798894e-09,1.2793491e-09
1.5336508e-07,6.0235556e-07,1.5841776e-07,3.0397726e-07,3.5439614e-05,0.0010400763,0.1403623,0.85790753,0.0005665028,8.69334e-05
4.9993726e-08,8.5544764e-07,4.8601065e-05,0.022686183,0.96719867,0.009880683,0.00018445044,4.3700487e-07,2.7852192e-08,1.7127881e-08
1.7588036e-08,8.588929e-08,1.5771204e-07,6.042312e-06,0.0035830494,0.20315449,0.7746642,0.0185847,6.2124286e-06,1.0142227e-06
0.08935871,0.017578596,0.89275575,0.00029738634,4.3255836e-06,2.7637e-07,1.1150567e-07,3.7841974e-07,2.4571827e-06,2.0143689e-06
1.8337265e-05,0.00013668468,0.9680867,0.031085327,0.00066400284,8.628873e-06,2.6627663e-07,1.1830064e-08,5.5768e-08,2.9272933e-08
6.8894624e-05,0.0051106545,0.9101006,0.083328165,0.0013143196,7.4241e-05,1.0259424e-06,5.3512144e-07,1.0460607e-06,5.66206e-07
3.2225646e-05,2.3377786e-05,2.660527e-05,5.7879756e-06,7.9217985e-05,0.00027454746,0.016411707,0.2916718,0.6877028,0.003771955
6.482864e-08,1.7397556e-07,5.951715e-07,1.9703002e-05,0.009442967,0.053856514,0.9326459,0.004009332,2.4208497e-05,6.418373e-07
1.5086448e-05,2.5726255e-05,7.219181e-05,0.00025525066,0.011130879,0.061193977,0.91275287,0.013583957,0.00085413136,0.00011603216
6.8795956e-09,1.3685423e-07,2.1482763e-06,0.00094077695,0.7908497,0.20241357,0.005779979,1.3686194e-05,1.0595182e-07,1.6099392e-08
1.3807861e-05,3.8319482e-05,4.5487548e-05,5.6295223e-05,0.0023348315,0.038324848,0.8297139,0.12756108,0.0012787684,0.00063264096
7.3580563e-06,5.8977937e-05,0.00039185415,0.026616741,0.7372883,0.19547853,0.03990949,0.0002218954,1.6274944e-05,1.0574544e-05
6.272164e-05,0.00014733103,5.1506744e-05,7.193726e-05,0.00082179107,0.009527277,0.17651698,0.7762142,0.008353723,0.028232545
6.1985737e-09,1.3108654e-07,3.8817623e-07,1.8496094e-05,0.014633138,0.9578117,0.0265881,0.00094609003,1.7184534e-06,2.527892e-07
1.6058568e-06,1.3236411e-05,0.015272111,0.68603134,0.2970441,0.001580818,5.6499674e-05,2.0427105e-07,9.393247e-08,5.316368e-08
1.2901739e-08,1.0234396e-07,3.474444e-07,1.9504238e-05,0.023661532,0.4466341,0.5268451,0.002832325,6.717709e-06,2.4242692e-07
1.7158056e-05,0.001278235,0.99183637,0.0068285745,3.9458617e-05,1.8659294e-07,1.1097069e-08,2.9207994e-09,1.3041494e-08,5.0658415e-09
2.353064e-05,9.0908015e-06,2.0097198e-06,4.946976e-07,1.3438018e-06,4.128545e-06,9.545468e-06,0.00057276926,0.01889435,0.9804827
6.3606655e-07,2.6903117e-06,1.077416e-06,1.1244435e-06,8.393846e-05,0.0009414591,0.16755487,0.8277342,0.0036033066,7.680063e-05
9.03522e-08,8.414329e-07,7.66075e-07,1.2849185e-05,0.0059507084,0.13024592,0.77958673,0.08412112,7.67818e-05,4.1692447e-06
8.0492924e-07,3.8203193e-06,9.933044e-06,0.00023286427,0.024649626,0.24827583,0.7231343,0.0036604886,2.2315826e-05,1.0111882e-05
2.6865722e-05,0.002829927,0.9445487,0.0521315,0.00045727033,4.988377e-06,2.1479852e-07,7.9192795e-08,3.9370096e-07,8.2433594e-08
2.794244e-07,6.469401e-06,0.035556883,0.80082834,0.1634111,0.00019553506,1.4301625e-06,2.6392697e-09,2.2555373e-09,1.8504386e-09
8.660792e-07,2.4310302e-06,1.4692068e-06,3.9698156e-07,1.0942855e-05,0.0001422629,0.0055869506,0.95418036,0.03953378,0.0005406725
5.009178e-09,3.410652e-08,2.6512831e-08,4.6432464e-07,0.0006520904,0.05099979,0.9124329,0.03590901,4.051814e-06,1.7128717e-06
8.617247e-06,3.8549468e-05,5.8452333e-05,0.000931756,0.028250644,0.1777456,0.78026474,0.012440681,0.00018986603,7.114527e-05
9.525728e-05,0.043867167,0.95076597,0.005247412,2.3664492e-05,1.973435e-07,1.5219644e-08,5.5245916e-08,1.7052663e-07,3.7613987e-08
1.0985974e-08,2.0698313e-07,1.3474014e-06,0.0006346642,0.1762189,0.76776147,0.055222284,0.00016090352,1.66282e-07,7.8201495e-08
4.625014e-10,1.2494453e-08,4.4269486e-06,0.0029873843,0.9890793,0.007888268,4.0623487e-05,8.571055e-09,3.733995e-10,2.365147e-10
2.4641218e-07,5.2752597e-07,2.1612529e-07,6.9732536e-08,3.9839365e-06,5.7909994e-05,0.025400698,0.9619885,0.012388589,0.00015925073
5.4717264e-10,2.1979055e-08,5.679541e-08,4.190802e-05,0.07218707,0.90680754,0.020881709,8.177538e-05,1.8118211e-08,1.0771849e-08
3.0769654e-06,2.7560878e-05,0.043088153,0.46130663,0.4929507,0.0025741276,4.9338003e-05,2.1804277e-07,1.7071876e-07,1.1327186e-07
0.8782116,0.11997715,0.0018108089,2.7043814e-07,4.89371e-09,2.3959182e-10,5.892789e-11,3.144144e-08,3.344952e-08,1.3190136e-07
2.6519315e-06,1.0140498e-06,7.34968e-07,5.539801e-08,2.7950085e-07,1.4276221e-06,1.8954008e-05,0.0030010813,0.9153572,0.0816166
3.0192718e-06,0.00052508654,0.68594176,0.30914664,0.0043353424,4.7547834e-05,4.2975879e-07,3.9841275e-08,1.5863407e-07,2.4708113e-08
4.818695e-07,7.291371e-05,0.08511581,0.84631985,0.06841175,7.849926e-05,6.995278e-07,5.004141e-09,6.0588e-09,2.7456173e-09
5.80429e-09,9.787e-08,9.070299e-06,0.0076250243,0.9642066,0.027672444,0.00048610903,6.762033e-07,1.0688416e-08,3.9334513e-09
0.00016308801,0.0013135077,0.61368173,0.3773642,0.0074092364,6.396402e-05,2.9650032e-06,2.0992292e-07,7.0490444e-07,3.5068413e-07
7.998008e-05,0.0020768226,0.51306504,0.46959388,0.014819045,0.00035682015,5.5428345e-06,8.4736e-07,1.1343084e-06,8.915711e-07
5.1100706e-09,1.573179e-07,3.391883e-05,0.013945295,0.97565436,0.010307583,5.855257e-05,8.9217615e-08,2.305896e-09,1.9993391e-09
0.05328685,0.1291242,0.815157,0.0023634261,4.2670355e-05,3.4912105e-06,7.890327e-07,4.367756e-06,8.402082e-06,8.878431e-06
0.00023169114,0.00011688646,0.60772717,0.23537345,0.1480718,0.006255656,0.0022046205,4.065317e-06,7.791751e-06,6.879121e-06
4.104599e-07,4.5419043e-07,2.1655807e-05,0.0010040218,0.25844502,0.35705075,0.38335887,0.00011204567,5.5609444e-06,1.206058e-06
2.299891e-06,0.00056313793,0.21288805,0.7069226,0.07949456,0.00012776321,1.4956573e-06,3.1671977e-08,4.9366978e-08,1.4417999e-08
1.1736728e-06,4.75988e-06,0.00031282066,0.011827677,0.7332599,0.21819523,0.036355916,3.8107177e-05,3.1634634e-06,1.1788329e-06
9.53992e-10,1.8776136e-08,1.9522575e-07,5.9431033e-05,0.095890135,0.89011496,0.013868292,6.689592e-05,8.497233e-08,8.7029495e-09
1.8458522e-07,4.7610752e-07,3.180583e-07,2.4031507e-07,1.8862369e-05,0.0006500502,0.08497174,0.91118175,0.0030929458,8.339366e-05
3.088674e-05,2.6377114e-05,6.298783e-06,1.5781927e-06,4.080821e-06,1.5414742e-05,8.500244e-05,0.002332599,0.009952185,0.98754567
1.5471182e-08,4.974262e-08,1.7506755e-08,1.2212578e-07,8.782703e-06,0.0019388315,0.7893082,0.20794778,7.2416788e-06,0.0007890255
1.1011911e-06,4.7414082e-06,7.018885e-06,1.035363e-05,0.0004671498,0.011839151,0.1574738,0.81913847,0.010924205,0.00013401131
1.9142142e-06,1.508848e-06,1.6845294e-06,1.2646919e-07,1.176266e-06,1.4854051e-05,0.00028986475,0.11636104,0.86938465,0.013943298
2.5840747e-05,7.773606e-06,2.555747e-06,5.6475136e-07,1.2359538e-06,4.986731e-06,1.328051e-05,0.0010376191,0.19981368,0.79909235
5.3600626e-09,1.405289e-07,9.026329e-06,0.0072266995,0.9645934,0.027726585,0.0004438513,3.6963152e-07,5.5659766e-09,4.4501873e-09
8.305579e-07,2.0446046e-07,3.407582e-07,2.6416025e-08,1.8317898e-07,6.5084885e-07,1.5294205e-05,0.00087787135,0.99510634,0.0039981804
9.059036e-09,9.844634e-08,1.6894812e-07,9.622519e-06,0.008172947,0.18856123,0.79919666,0.004057024,1.8632112e-06,3.9250085e-07
4.9684953e-08,5.8409034e-07,3.8571685e-05,0.005468464,0.9573772,0.035338707,0.0017735251,2.5103272e-06,2.606562e-07,3.7434347e-08
7.843146e-06,8.914969e-06,5.047648e-06,4.6365096e-07,2.7874853e-06,4.3245844e-05,0.0015632717,0.23142007,0.33637336,0.43057492
1.8602431e-07,0.00012417985,0.057734102,0.9223019,0.019590057,0.00024837613,1.0006909e-06,6.0638754e-08,3.9607997e-08,5.756357e-09
5.8930327e-09,2.1293353e-08,8.1399236e-08,5.1478223e-06,0.004707661,0.28926793,0.7023103,0.0037069607,1.7029728e-06,2.1837769e-07
2.255482e-06,9.625679e-06,3.5255503e-05,0.00026848473,0.015961118,0.15142107,0.8151329,0.016954862,0.00018162203,3.2732598e-05
2.0783718e-07,2.165422e-06,0.00060772186,0.13252996,0.85838187,0.008197118,0.00028020772,6.558928e-07,5.0677155e-08,3.5343017e-08
1.2372642e-06,6.4100795e-06,0.00039512906,0.032885373,0.9355694,0.028266005,0.0028684705,6.6442562e-06,7.736749e-07,5.827631e-07
4.4756042e-08,2.172803e-07,2.4357087e-07,1.3758276e-07,4.8968727e-06,0.00023079297,0.014467167,0.9604657,0.024788057,4.275051e-05
5.4659636e-06,1.4292932e-05,8.916043e-05,0.0008584387,0.07633307,0.69340014,0.22719198,0.0020216915,5.3329815e-05,3.2381355e-05
8.635358e-06,1.7794588e-05,0.01916422,0.21654102,0.7570194,0.0062986007,0.0009476298,8.9435383e-07,1.1782032e-06,5.9698516e-07
3.669675e-07,2.3288544e-06,0.00014592666,0.01579874,0.8013428,0.172759,0.009934115,1.5660804e-05,4.867444e-07,5.6678493e-07
1.6818036e-10,5.7645355e-09,2.0940878e-07,0.0004166476,0.9117713,0.08750546,0.0003062134,1.09352705e-07,4.1973836e-10,3.772873e-10
4.0789533e-07,1.5123907e-06,6.390035e-07,1.6972339e-07,4.661953e-06,6.229236e-05,0.0038162412,0.9771968,0.018539699,0.0003776615
5.0255153e-06,4.5780316e-06,1.0842268e-06,1.7663481e-07,3.9985724e-07,2.5606307e-06,5.0476512e-05,0.0034991666,0.013134984,0.9833015
8.914098e-05,0.010903664,0.1758956,0.7872594,0.024721133,0.0010799259,3.3686e-05,1.0396695e-05,3.8918215e-06,3.142788e-06
4.781228e-10,2.4389333e-08,5.7898933e-07,0.0008653944,0.80348694,0.19488348,0.0007625758,9.320441e-07,1.975051e-09,1.2859478e-09
7.527056e-07,4.3888815e-07,6.486959e-07,5.4709368e-08,9.631632e-07,1.963316e-05,0.002614701,0.3207229,0.6738164,0.0028235835
9.878746e-07,0.00037110242,0.59037435,0.40659544,0.0026456572,1.221234e-05,1.2232925e-07,9.2871115e-09,4.9200313e-08,4.9858833e-09
1.2343539e-08,3.6346395e-07,5.8574948e-05,0.013813804,0.96533436,0.020528344,0.00026415635,4.1944867e-07,1.5320905e-08,6.3751044e-09
8.302864e-08,1.0839852e-06,6.566062e-05,0.019215373,0.956965,0.023179965,0.0005694027,3.1984946e-06,1.6839674e-07,5.5687323e-08
0.9838117,0.0060719964,0.010113944,1.5272938e-06,2.9549025e-08,2.7376366e-09,1.1286226e-09,5.7276548e-08,2.2214734e-07,5.058971e-07
0.39212245,0.12437697,0.48273024,0.00071235036,1.4471592e-05,1.6851075e-06,4.8964563e-07,5.691785e-06,1.5407339e-05,2.0244996e-05
2.852767e-07,4.2152265e-06,3.8772723e-06,3.133705e-05,0.005643704,0.13048024,0.6156128,0.24725512,0.0009534007,1.4995928e-05
0.99749774,0.001763894,0.00073832856,4.547322e-08,6.3121686e-10,5.832256e-11,1.5314737e-11,3.2209426e-09,9.387563e-09,4.0265988e-08
4.8710154e-07,6.0727966e-06,4.6371577e-05,0.0004981619,0.010904443,0.4585923,0.28161418,0.23927629,0.009042946,1.878229e-05
5.0280523e-08,6.9807226e-07,0.001212715,0.11621776,0.8779695,0.0045730937,2.6035352e-05,3.4366384e-08,5.4573857e-09,4.791315e-09
6.912834e-07,6.281079e-06,0.006827094,0.35595426,0.63481075,0.0023336795,6.7011846e-05,1.414842e-07,8.1698886e-08,3.485071e-08
1.5546533e-07,1.1783367e-06,4.8327763e-07,1.2579915e-06,0.00012771014,0.0024249451,0.18227367,0.81444585,0.000695968,2.8780352e-05
6.614122e-05,0.0007597305,0.99394715,0.005150644,7.4918666e-05,1.0078198e-06,6.500984e-08,1.7538962e-08,1.2108083e-07,5.0365138e-08
4.5446155e-05,7.3475225e-05,3.176943e-05,1.6007476e-05,0.000114592396,0.0007813148,0.10562814,0.8260861,0.035273567,0.031949513
5.1305978e-08,1.4785262e-07,9.777389e-07,4.9710554e-05,0.019767275,0.30708647,0.6700014,0.0030794046,1.3962914e-05,6.8899936e-07
8.097673e-06,7.794431e-05,5.7556335e-05,0.00013435024,0.0017133795,0.032565832,0.16282175,0.7975178,0.004545374,0.0005579592
2.4540818e-09,2.1561544e-08,2.9907444e-08,2.8377124e-07,0.00027129616,0.022524523,0.95162463,0.02557543,3.246562e-06,6.525342e-07
4.3710145e-07,3.370848e-06,6.969129e-06,0.0002833639,0.052358076,0.44447038,0.49430716,0.0085484395,1.5844995e-05,5.9339905e-06
1.5084348e-08,2.579206e-07,1.9748695e-05,0.01847404,0.9624439,0.018676197,0.00038504432,8.1985667e-07,1.3301991e-08,8.161706e-09
1.0862429e-07,3.585619e-07,1.3151597e-06,1.6118967e-05,0.0037126187,0.08893124,0.8678569,0.039386712,9.040029e-05,4.143754e-06
1.3861575e-07,4.6293267e-06,0.00026290768,0.015525385,0.828246,0.15177321,0.0041613593,2.218473e-05,4.0400273e-06,1.6997944e-07
1.8130522e-05,4.782078e-06,1.8958162e-05,1.1015769e-05,0.0004583916,0.0035766363,0.7440842,0.06817416,0.18303204,0.0006216688
3.8152743e-07,1.8087449e-06,2.997839e-06,9.6214644e-05,0.02370012,0.37661335,0.5953146,0.0042474754,1.2887183e-05,1.0108709e-05
2.3213535e-07,2.9490334e-06,0.000697059,0.09143141,0.8902012,0.016836885,0.00082938094,7.947486e-07,8.780013e-08,5.6270803e-08
4.9195052e-09,1.6849853e-07,1.0730856e-07,1.0450654e-05,0.0053852056,0.18892607,0.7834077,0.022268204,1.656591e-06,4.601034e-07
0.0008387748,0.00085805677,0.00043943812,0.00019244934,0.00057908945,0.0021656023,0.058344398,0.36249417,0.17705521,0.39703283
7.927484e-06,5.7859736e-05,0.24696398,0.6270334,0.12498765,0.0009347257,1.4062479e-05,1.2674583e-07,1.3544648e-07,1.0685321e-07
4.2298234e-05,3.6079433e-05,4.9391503e-05,2.6119747e-05,0.0006474423,0.005156094,0.28398943,0.5400779,0.16765374,0.0023215162
0.0017056369,0.7884083,0.2093298,0.0005523245,2.5759507e-06,6.850635e-08,9.794751e-09,4.792945e-07,5.882741e-07,2.063005e-07
0.0002903164,0.0013615066,0.9854129,0.012824988,0.00010437117,4.3174214e-06,5.642179e-07,1.5039505e-07,6.0690246e-07,2.8444995e-07
2.6166315e-05,0.0002102562,0.45893025,0.4115753,0.12840569,0.00082473306,2.6353691e-05,2.2028132e-07,6.5332284e-07,3.4521918e-07
9.859883e-08,5.413787e-06,0.00021590143,0.12783805,0.8616228,0.010210266,0.00010604298,1.4283787e-06,4.566446e-08,3.1247016e-08
8.9208197e-07,3.1149568e-05,0.002405494,0.28924528,0.6890374,0.019184956,9.252666e-05,1.8191271e-06,2.475713e-07,1.9051737e-07
3.0003803e-05,0.00013944518,0.29073754,0.6371207,0.071487635,0.00045989954,2.3415392e-05,2.2376067e-07,7.405721e-07,3.2430924e-07
7.0493957e-07,6.749894e-07,5.498191e-07,6.0184156e-08,1.3060985e-06,1.7456818e-05,0.0025746746,0.5791287,0.41624656,0.0020293645
1.1437334e-05,9.129119e-05,0.0031201032,0.13192885,0.8423014,0.019218508,0.0032986947,2.0075558e-05,6.804904e-06,2.7492779e-06
4.690358e-09,5.2555595e-08,1.0883103e-06,0.0016344518,0.7177717,0.2761486,0.0044370405,7.0723117e-06,1.843876e-08,1.2036333e-08
1.0387566e-06,2.13224e-06,1.8638121e-06,1.7683872e-06,0.00019362626,0.0030597,0.3313378,0.65566766,0.0096092345,0.00012510228
1.8734259e-08,1.9012421e-07,1.525484e-07,1.4831544e-06,0.0015474255,0.06967852,0.88656586,0.042188372,1.4697702e-05,3.3452861e-06
6.7946576e-07,2.2124146e-05,0.0047061993,0.40167245,0.5902058,0.003230291,0.00016184915,4.5263988e-07,9.508284e-08,6.141421e-08
2.5051726e-08,1.2542563e-07,1.0443603e-06,0.00011589477,0.046962347,0.6211535,0.33025253,0.0015118937,2.5363959e-06,2.046425e-07
2.691196e-06,4.7139867e-05,0.08824497,0.8601966,0.05128304,0.00022132449,4.111579e-06,4.7902557e-08,1.01330826e-07,3.5732644e-08
2.0533184e-08,2.516695e-08,7.792767e-07,2.9901845e-05,0.03050346,0.239291,0.7298816,0.00028370676,9.417463e-06,1.1609809e-07
8.890076e-06,4.6542653e-05,4.5503275e-05,0.0002127977,0.01219213,0.2071276,0.3594928,0.41706014,0.0034939002,0.00031969743
0.00042733358,0.0025436978,0.98811686,0.008808955,9.8284705e-05,3.1014868e-06,3.5937015e-07,1.7569525e-07,7.9681024e-07,4.0878038e-07
2.5136004e-09,3.053434e-07,2.6943046e-05,0.026946837,0.96586746,0.0071346094,2.3793464e-05,5.1937267e-08,8.127675e-10,7.800165e-10
4.547958e-07,3.1482077e-06,2.365464e-06,1.6084112e-05,0.0019532498,0.03128632,0.87374663,0.09282429,0.00014487853,2.254873e-05
2.0905748e-07,3.37077e-07,3.359115e-07,2.9357065e-07,5.1322088e-05,0.0011815332,0.47504264,0.5154749,0.008202077,4.6337973e-05
0.46651098,0.021115888,0.5109955,0.0013533067,1.3519245e-05,1.0116648e-06,4.1510245e-07,8.941851e-07,4.117411e-06,4.283383e-06
8.879672e-09,1.7164588e-07,0.000118826654,0.033873368,0.9621419,0.0038162107,4.95126e-05,3.2768845e-08,3.5322243e-09,1.3547832e-09
2.791608e-09,2.6710592e-07,2.3185463e-05,0.011050597,0.98634547,0.0025534783,2.6943435e-05,3.5892455e-08,1.3374318e-09,5.763007e-10
5.7824874e-08,2.444028e-07,2.2467073e-07,7.7044416e-07,0.00040607128,0.007805057,0.80508506,0.18632878,0.0003688849,4.9073983e-06
1.3967486e-08,2.8270799e-08,2.9441505e-06,0.00061234896,0.5898863,0.37282085,0.036668986,8.17273e-06,2.5822104e-07,3.1754325e-08
1.3957715e-07,1.4915672e-06,1.4150861e-06,1.8059121e-06,0.00010777899,0.0007712052,0.489044,0.5073966,0.0026453016,3.0265253e-05
6.5194723e-07,8.840064e-07,4.816615e-07,4.417937e-08,5.541887e-07,1.0209176e-05,0.0020308872,0.8090953,0.18076123,0.008099834
2.7025828e-07,0.00012425198,0.0014683072,0.3045623,0.47931418,0.20763214,0.0057100337,0.0011428631,4.521695e-05,4.7745954e-07
8.41751e-06,5.92881e-06,1.3714828e-06,2.8437557e-07,7.9576716e-07,3.7272127e-06,4.5440363e-05,0.0013990458,0.008491669,0.9900434
1.4190208e-08,1.2623598e-06,0.00040218252,0.2099694,0.78779423,0.0018182483,1.4625075e-05,2.0207013e-08,2.0557067e-09,1.118225e-09
2.602273e-07,5.566256e-08,2.2702038e-07,3.1017183e-08,6.832141e-07,1.19258175e-05,0.0026455682,0.022264846,0.9746244,0.00045208482
2.909939e-05,8.737635e-05,7.865225e-05,0.00010596067,0.004297546,0.04958322,0.56586516,0.37335727,0.0053168377,0.0012788553
2.7832564e-07,1.5474693e-07,3.2335186e-07,2.1201107e-08,3.7621385e-07,7.323187e-06,0.00046635728,0.07665404,0.9212431,0.0016280798
0.000108462,8.0186874e-05,5.1383795e-05,1.2425847e-05,5.006527e-05,0.00035516208,0.001739589,0.11930087,0.6306744,0.24762742
2.5397508e-06,7.1404367e-07,9.078996e-07,8.458314e-08,5.039213e-07,1.5748105e-06,2.7837143e-05,0.001596904,0.9881792,0.010189705
1.4341017e-06,4.4921608e-06,4.823399e-06,4.6332792e-05,0.0033568535,0.12721941,0.6967234,0.17228256,0.0002021218,0.00015851142
6.167147e-07,2.3686812e-06,0.011787496,0.32591575,0.6582141,0.0040222406,5.7408204e-05,5.2794462e-08,1.19281065e-08,2.0071798e-08
3.0810159e-09,3.3153054e-08,2.9492803e-05,0.007916195,0.9881449,0.0037176188,0.00019173067,3.8603584e-08,5.673279e-09,7.9696844e-10
2.0320033e-06,8.254031e-05,0.011500682,0.40950087,0.5036906,0.07419651,0.00096699636,3.5010682e-05,2.3893092e-05,9.257635e-07
1.1945696e-09,6.426012e-08,5.132543e-07,0.00046943975,0.22553243,0.7533803,0.02057294,4.4287503e-05,4.5068337e-08,8.556804e-09
1.0176058e-08,5.6266096e-08,8.5367105e-07,0.00013850452,0.124925,0.6287983,0.24581017,0.00032580164,1.2695303e-06,4.4730225e-08
7.7915026e-09,3.27885e-08,1.883793e-05,0.0082606645,0.9842849,0.007042686,0.00039289112,7.255338e-08,5.412603e-09,2.1441244e-09
7.4921485e-07,6.1680093e-06,0.0002672022,0.01907506,0.7638105,0.20322937,0.013576886,3.171495e-05,1.4583437e-06,8.3661666e-07
7.767831e-08,1.9454565e-07,3.2320804e-07,8.272397e-07,0.0003118144,0.018135838,0.76590043,0.21359308,0.0020421974,1.5239642e-05
0.9314489,0.025715772,0.042788174,3.418703e-05,1.0748477e-06,1.1525688e-07,6.1885494e-08,1.2435748e-06,4.3847326e-06,6.1038463e-06
3.693152e-07,1.09885605e-05,0.00026103182,0.04692671,0.8900782,0.061665792,0.0010376665,1.8080793e-05,7.66441e-07,2.9838202e-07
1.3984961e-09,1.4348386e-07,1.2851069e-05,0.011412427,0.9854306,0.0031352658,8.761972e-06,1.0681821e-08,2.1575544e-10,3.8628872e-10
0.0012781711,0.0009992853,0.0010807478,0.0006706069,0.0035333429,0.0152345635,0.10493802,0.5305618,0.29433212,0.047371272
5.875123e-06,4.4702524e-06,4.8318684e-06,1.095679e-06,1.7933387e-05,0.00016302434,0.02044188,0.5903107,0.38565737,0.0033927571
4.3458726e-07,4.26806e-05,0.012880021,0.85367924,0.13287129,0.0005032153,2.301585e-05,8.450319e-08,3.534516e-08,1.23702195e-08
8.736199e-08,2.3193857e-06,0.009330386,0.4883412,0.5019192,0.0004020764,4.7030785e-06,3.9938546e-09,2.8575151e-09,1.6190522e-09
1.1293184e-07,1.3840454e-06,0.0014544289,0.15491022,0.84190345,0.0016572069,7.301244e-05,8.0138506e-08,5.3154338e-08,9.315749e-09
1.9944816e-06,1.9563331e-05,3.5624635e-05,0.0026921448,0.100769356,0.8584462,0.033309355,0.0046832482,2.7215861e-05,1.5293308e-05
2.4225455e-06,0.00012164365,0.0019107552,0.31198934,0.6706829,0.014959015,0.0003258572,6.772926e-06,5.0351e-07,7.0875717e-07
2.2736517e-06,6.3312273e-06,0.00048655603,0.02148734,0.9123845,0.054769307,0.010845677,1.4383769e-05,2.6577195e-06,1.0382747e-06
1.6138631e-07,1.5022896e-06,3.6323596e-07,6.598721e-07,0.00010612603,0.004330958,0.1168219,0.87834024,0.00020550104,0.00019267
4.798424e-08,4.131737e-08,7.370171e-08,2.9801823e-08,7.039169e-06,0.0004695365,0.20494385,0.7316972,0.06281742,6.474594e-05
0.805127,0.023580926,0.17114031,0.00014820827,1.0757597e-06,1.2436041e-07,2.1167564e-08,1.913079e-07,3.3785938e-07,1.7372489e-06
5.5950235e-08,2.5037113e-07,4.555651e-06,0.00030307472,0.20747545,0.6080293,0.18388802,0.0002913896,7.61854e-06,2.4784816e-07
7.229672e-08,9.38646e-07,6.1788087e-06,0.001278772,0.26351357,0.7090269,0.02593087,0.00024170458,6.9046735e-07,3.661729e-07
7.953426e-07,1.1768893e-06,2.5235133e-06,1.155032e-05,0.0024075333,0.026593164,0.9538153,0.016789855,0.0003615011,1.6602855e-05
1.0272952e-06,0.00022589066,0.037370212,0.8703132,0.09194798,0.00013473556,6.7005376e-06,1.2749871e-07,1.2423155e-07,1.845083e-08
1.5802114e-07,1.4812987e-06,1.9609313e-06,6.872664e-06,0.00087824627,0.07542166,0.5882604,0.33529946,6.122701e-05,6.851144e-05
9.363937e-06,1.113997e-05,1.7985767e-05,9.3045455e-06,0.00022463019,0.003324026,0.25891903,0.71928257,0.016334366,0.0018674899
6.014092e-10,2.3103862e-08,4.1420375e-07,0.00025529333,0.533277,0.4645043,0.0019588252,4.1463163e-06,1.17636905e-08,2.2623905e-09
2.642505e-09,7.10309e-08,1.635019e-05,0.008652143,0.9787119,0.012545301,7.412963e-05,7.1673114e-08,1.3769592e-09,1.305682e-09
2.571493e-10,1.7384714e-08,3.7768072e-07,0.0007136303,0.8846906,0.114236884,0.00035816644,2.696628e-07,8.4862944e-10,5.2904087e-10
6.1170977e-06,1.6687529e-06,2.9066243e-07,4.348387e-08,9.383266e-08,4.6278376e-07,7.7446214e-07,0.00013678828,0.04365178,0.956202
8.560834e-09,7.211754e-08,4.4635223e-07,5.9262195e-05,0.048997812,0.6335016,0.31696668,0.00047338393,6.7220714e-07,1.0685332e-07
1.9249308e-07,1.9939798e-06,3.8351195e-06,9.369727e-05,0.01567681,0.21189685,0.7537143,0.018590156,1.762349e-05,4.5566367e-06
1.8003679e-05,0.00046138675,0.03282531,0.7454224,0.21943215,0.0017647697,7.141042e-05,2.2419588e-06,1.3539251e-06,9.308737e-07
0.0002822856,0.0001337002,0.00014354968,3.420762e-05,0.00011684149,0.00027888885,0.0026133666,0.031917986,0.89584804,0.068631254
1.8260253e-07,8.152806e-07,2.5579138e-07,1.0258754e-07,4.028316e-06,5.158212e-05,0.0072332234,0.98702246,0.0055530337,0.00013429482
0.03272084,0.0017346976,0.9653063,0.00022490707,7.775394e-06,7.0941445e-07,4.1788883e-07,1.6669603e-07,2.1358917e-06,1.9279728e-06
3.4966051e-06,4.6613195e-06,1.5951984e-05,0.00011161102,0.006567242,0.06519583,0.9125591,0.014941188,0.0005630164,3.7895807e-05
2.7087724e-06,0.0010616846,0.96744585,0.031362314,0.00012689614,4.6563355e-07,1.2504022e-08,2.8329126e-09,1.0672739e-08,2.5487716e-09
2.2383674e-06,9.916052e-06,3.7875454e-06,1.8500614e-06,3.0508018e-05,0.00066165515,0.015865708,0.9770213,0.0034047917,0.0029983192
2.0075474e-06,2.810953e-06,0.00033859487,0.0028438615,0.4056793,0.49831802,0.09274652,5.9203758e-05,6.024058e-06,3.6640245e-06
1.3742061e-09,2.2587374e-08,1.8312942e-07,5.7921836e-05,0.13391496,0.83138394,0.034600057,4.2842847e-05,4.6693568e-08,1.2592644e-08
1.912365e-07,6.9796073e-07,9.756416e-07,1.0528556e-06,8.5256506e-05,0.0026433158,0.16169102,0.8079673,0.027557975,5.216967e-05
0.00013194807,0.00017299593,0.13766606,0.21273844,0.61903244,0.026142467,0.004071465,1.5228339e-05,1.5916907e-05,1.30637045e-05
6.117575e-05,0.0027726183,0.9583814,0.03818702,0.0005912437,5.139019e-06,4.2464362e-07,9.1011096e-08,7.3872656e-07,1.5813947e-07
0.9930969,0.0010478285,0.0058547975,4.0436814e-07,3.5586194e-09,3.0085973e-10,1.5188081e-10,5.2464038e-09,2.5915629e-08,8.450326e-08
0.0054765963,0.025771247,0.9682037,0.000534991,1.09558605e-05,3.4619654e-07,1.01197095e-07,2.5839634e-07,1.0832058e-06,6.9570416e-07
2.3960634e-08,2.1115777e-07,6.349107e-05,0.013278393,0.9513885,0.0350251,0.00024397828,3.9583549e-07,1.1323666e-08,1.3000165e-08
0.0032671227,0.0149404,0.9777231,0.004008662,5.1934352e-05,3.0989436e-06,3.5643845e-07,7.3740415e-07,2.9074367e-06,1.6478483e-06
1.5646854e-07,6.2506064e-07,3.5172322e-06,0.00022761486,0.09089919,0.47255057,0.4342801,0.0020217008,1.5456691e-05,1.1682516e-06
0.0020099003,0.02350176,0.9610612,0.013274209,0.000140162,4.537997e-06,1.029485e-06,1.29608e-06,4.3777845e-06,1.5741533e-06
8.9310115e-10,5.6196505e-09,7.600375e-08,8.650919e-06,0.033580642,0.6241911,0.34193197,0.0002866625,9.034991e-07,1.248154e-08
7.310752e-06,2.2148058e-06,2.5409688e-06,2.7451412e-07,1.444066e-06,4.1946982e-06,6.8340865e-05,0.002626847,0.9753734,0.021913486
4.0499432e-07,4.1661715e-05,0.3747033,0.6134128,0.011830744,1.0968702e-05,1.5638705e-07,6.75949e-10,1.7816154e-09,5.9785554e-10
0.29258075,0.32394415,0.3834049,6.7097026e-05,9.282447e-07,2.5437602e-08,1.3893956e-08,2.952515e-07,1.0494304e-06,7.703503e-07
0.5399837,0.42112708,0.038752727,0.00010534122,3.333118e-06,3.5131404e-07,8.887644e-08,6.3420466e-06,7.172827e-06,1.3863404e-05
6.6178785e-08,4.446605e-07,7.076939e-07,1.5086467e-05,0.011249263,0.2606857,0.71427584,0.013754135,1.6338376e-05,2.5141235e-06
1.7879119e-08,4.5884676e-07,2.1661504e-06,0.0005966753,0.11755915,0.739225,0.1421143,0.00050102745,1.0128115e-06,1.626538e-07
4.6392248e-07,3.3751305e-05,0.28754228,0.6854422,0.026960738,2.0236776e-05,3.1481522e-07,1.8180082e-09,9.249334e-09,1.5204432e-09
1.5654041e-07,3.3247154e-06,0.00012657176,0.03939714,0.9206562,0.039456286,0.00035620006,3.951885e-06,1.0183393e-07,1.0697304e-07
5.2395208e-05,3.1245752e-05,3.3259792e-05,1.6894155e-05,0.00031566108,0.0016469801,0.52158004,0.40311596,0.067749314,0.005458339
0.9488327,0.019798977,0.03136025,6.3426364e-06,8.383984e-08,9.2956505e-09,3.4447645e-09,1.5877207e-07,4.6999426e-07,1.0229868e-06
2.1587383e-08,1.1586244e-06,0.00019420266,0.04203834,0.9523108,0.005419264,3.6029036e-05,1.3724178e-07,1.2124562e-08,3.862757e-09
3.2794776e-06,1.9101963e-05,0.080223255,0.7471699,0.17207578,0.0004724673,3.5999044e-05,5.7827535e-08,7.104095e-08,3.580793e-08
5.253882e-07,2.352898e-06,1.1433477e-06,2.2728752e-06,0.00034031557,0.0042487388,0.4404658,0.55356276,0.0013203726,5.5715725e-05
1.4607534e-07,1.553684e-06,0.014520062,0.4330502,0.55153346,0.0008790995,1.5516931e-05,8.512421e-09,3.9816483e-09,3.0629141e-09
6.908169e-07,2.9244404e-06,7.6692424e-07,3.933646e-07,1.6136415e-05,0.00023986657,0.019723456,0.97536373,0.0036382484,0.0010138807
2.0790121e-07,1.0461844e-06,6.2622303e-06,0.00018367817,0.04483153,0.3562133,0.58491975,0.013737958,0.00010431359,2.0016494e-06
4.835959e-06,0.0019328053,0.10896581,0.86392075,0.024946073,0.00022576221,3.5566698e-06,2.8810743e-07,1.2886706e-07,7.637874e-08
0.36801013,0.6160061,0.015982127,1.4155097e-06,1.1778749e-08,4.8339494e-10,1.6559781e-10,7.4331325e-08,8.879495e-08,1.4573699e-07
0.00015425186,0.14274622,0.8413831,0.015667098,4.596087e-05,1.1370445e-06,1.2377953e-07,8.2626593e-07,1.1275484e-06,1.8088996e-07
3.7265133e-07,1.1417833e-06,5.544948e-07,2.8657118e-07,1.3501133e-05,0.00019373733,0.018594636,0.96915483,0.011890044,0.00015085402
5.1445494e-07,4.1148523e-06,6.732795e-05,0.006206684,0.41277352,0.5084687,0.07223676,0.00023792672,2.7124158e-06,1.6911076e-06
2.2931776e-07,1.9969173e-06,3.3770384e-06,0.00012303542,0.036294647,0.61437494,0.3238416,0.025307016,4.83842e-05,4.7917815e-06
2.6381815e-07,2.6465316e-06,1.4182098e-06,1.0376918e-05,0.002255268,0.048538823,0.6172105,0.33180547,0.00014169782,3.3507902e-05
4.451242e-08,9.2050993e-07,3.193548e-07,8.267061e-06,0.0076969024,0.3928999,0.475498,0.12386859,1.1526491e-05,1.5490115e-05
9.42267e-06,0.00010938314,0.057842523,0.63861674,0.3023174,0.0010420947,6.0974722e-05,4.5234287e-07,6.6310577e-07,2.5667947e-07
2.8714799e-06,1.4003127e-06,4.961884e-06,8.343643e-06,0.0005177211,0.007213123,0.9551645,0.033456393,0.0035390446,9.164044e-05
1.9350744e-06,2.629704e-06,5.2964865e-06,1.50634005e-05,0.0008888187,0.012235526,0.96577245,0.020763114,0.00024376635,7.1448456e-05
8.775609e-08,2.758327e-07,5.463847e-07,5.208935e-06,0.0020151609,0.039012104,0.9216705,0.03715689,0.00013598976,3.160117e-06
0.9938443,0.0055765775,0.0005790845,2.5467822e-08,2.1052102e-10,1.0456424e-11,3.2704755e-12,1.495383e-09,4.940827e-09,1.3339317e-08
2.7352516e-07,1.3819282e-06,4.935497e-07,4.2379236e-07,4.086251e-05,0.00083763816,0.14633434,0.8516568,0.0009891911,0.00013866214
2.3348073e-07,5.739051e-07,4.306009e-06,3.628384e-05,0.0063943607,0.28535655,0.70567113,0.0025192092,9.760151e-06,7.6289557e-06
5.1394952e-08,1.4728315e-06,3.3595593e-06,0.0008965902,0.31783417,0.6427769,0.037747897,0.0007378435,1.4670292e-06,2.6694275e-07
0.0012829612,0.01964518,0.82918584,0.14629881,0.0034265642,0.000110322755,1.3818932e-05,7.6796305e-06,1.967529e-05,9.0363465e-06
1.1382631e-07,3.592072e-06,3.431669e-05,0.012233229,0.91298145,0.073303826,0.0014015664,4.137138e-05,3.6484073e-07,1.6027577e-07
5.173912e-05,0.0003605102,0.8903143,0.10138229,0.0077948924,9.151116e-05,3.8701373e-06,1.0619788e-07,5.4224614e-07,2.8141824e-07
8.0099234e-08,1.041992e-06,3.5679536e-06,0.0010027008,0.18436389,0.68635243,0.12762317,0.00065144635,1.0909346e-06,5.888519e-07
1.830412e-08,3.958427e-07,5.14733e-07,6.4306114e-05,0.025641391,0.5066147,0.4592776,0.0083986735,1.8432014e-06,5.8128205e-07
0.06656814,0.6834246,0.24992497,7.9857076e-05,5.640756e-07,2.0092477e-08,5.8148806e-09,4.701204e-07,8.6009453e-07,5.429972e-07
6.5981864e-09,5.9317284e-08,6.680168e-05,0.06658261,0.9319786,0.0013637391,8.188644e-06,1.837612e-09,1.2179739e-10,3.4430903e-10
1.6683211e-07,7.2180087e-06,0.0011152324,0.32927245,0.665641,0.0039471467,1.6649024e-05,1.0227511e-07,1.0793233e-08,1.690133e-08
0.004162435,0.7528468,0.24216312,0.0008210473,5.722919e-06,1.0605834e-07,1.7436363e-08,2.6748435e-07,2.7047633e-07,1.7120858e-07
1.5460547e-09,6.217082e-08,8.7190176e-07,0.0009875101,0.7643961,0.23411307,0.00050075486,1.6795883e-06,3.844489e-09,4.6805435e-09
3.6955177e-07,1.3539989e-06,7.824195e-07,6.1811244e-07,6.4955115e-05,0.0015615594,0.069707245,0.92078215,0.007774517,0.000106361564
1.0272864e-06,0.0007826932,0.40904713,0.5692841,0.020813012,7.197481e-05,1.1766047e-07,7.1513915e-09,6.216248e-09,2.8350562e-09
7.769538e-06,3.0685644e-06,2.7910514e-06,3.3083245e-07,1.0674555e-06,4.539141e-06,3.3779732e-05,0.0020838697,0.9657399,0.032122973
9.835625e-08,2.037378e-06,1.3894902e-06,4.44018e-05,0.016302118,0.43800846,0.48447618,0.06113933,1.780438e-05,8.235037e-06
0.23888138,0.4673361,0.29324114,0.00048356852,2.1357937e-05,1.1298488e-06,4.996719e-07,7.553968e-06,1.44010655e-05,1.2825675e-05
7.54825e-08,5.1232536e-07,5.4796845e-07,5.173567e-06,0.0018593546,0.048445966,0.8041936,0.14533243,0.00015847755,3.7755738e-06
6.060178e-06,2.7427022e-05,1.3936356e-05,3.7362763e-05,0.0012429041,0.0132852765,0.62431383,0.35908934,0.0013747386,0.0006091997
0.0006503638,0.043234993,0.9208981,0.034365434,0.00082225684,2.0942158e-05,1.6514892e-06,1.6701264e-06,3.0843967e-06,1.535286e-06
3.5766433e-08,5.593435e-07,1.2114628e-05,0.0011922288,0.2257711,0.7272799,0.04554412,0.00019788115,1.7545932e-06,2.3718316e-07
0.00021133048,0.06978574,0.92866546,0.0013305569,6.5906484e-06,8.51769e-08,7.830966e-09,4.5314486e-08,1.200209e-07,4.5323738e-08
9.965779e-06,3.6145675e-06,2.0989592e-06,1.7931832e-07,9.748193e-07,4.272768e-06,9.485397e-05,0.005947233,0.7925369,0.20139992
1.0433031e-05,8.926772e-06,1.31063225e-05,4.871203e-06,0.00015671014,0.0014535752,0.2710463,0.68153477,0.043904956,0.0018663441
3.6789878e-08,7.081622e-08,3.1800704e-07,3.0125268e-06,0.0014886411,0.06194809,0.89953613,0.036921836,9.9718185e-05,2.1002245e-06
5.1893988e-08,3.7516384e-07,6.9291796e-06,0.00017720084,0.039015803,0.49966335,0.45327848,0.0076566357,0.00020037917,7.067985e-07
1.9014082e-07,4.4201402e-05,0.008605293,0.7700611,0.22072911,0.000554001,5.9399867e-06,5.7534727e-08,1.9321297e-08,7.1484094e-09
9.78665e-07,1.2697967e-06,1.2822652e-06,7.26399e-07,3.203875e-05,0.0006677217,0.07981971,0.8879113,0.031204816,0.0003600797
9.199671e-06,3.9057177e-05,0.46700856,0.48752758,0.04520587,0.00020170872,7.851767e-06,3.7673797e-08,1.3148117e-07,6.274037e-08
3.4851634e-08,6.700275e-07,0.00017179419,0.08056745,0.9131844,0.0059873555,8.802921e-05,1.7379978e-07,2.2446608e-08,7.700379e-09
1.15935094e-07,2.2196929e-07,1.1486395e-05,0.00046624974,0.17400347,0.75860417,0.06686258,4.974421e-05,1.3089764e-06,5.6374614e-07
0.09933222,0.046214946,0.84294003,0.01085912,0.00039484393,4.8553546e-05,1.84893e-05,2.7590831e-05,9.375181e-05,7.043282e-05
4.7038147e-06,0.00030851547,0.20358986,0.7628077,0.03305896,0.00022765282,2.3777625e-06,7.655437e-08,6.529597e-08,5.0844502e-08
7.0777446e-08,1.3424932e-06,1.8293408e-06,0.000121173165,0.03801303,0.7915108,0.16194001,0.008405752,3.6077224e-06,2.4008652e-06
5.3321406e-07,3.0582803e-06,0.00019939023,0.011462582,0.7084375,0.27746636,0.002413454,1.566986e-05,7.635266e-07,7.063508e-07
4.1713502e-08,2.7100006e-07,6.6189364e-06,0.0007883724,0.654584,0.27635196,0.06820941,5.7292258e-05,1.9530135e-06,7.616787e-08
0.00070044433,0.026456635,0.97165537,0.0011736568,1.3224716e-05,2.3086032e-07,2.267091e-08,7.396818e-08,2.363224e-07,1.3178106e-07
2.889406e-08,4.3613485e-07,7.023246e-07,4.9185273e-05,0.028269036,0.6360273,0.32795173,0.0076978863,2.7190329e-06,9.881957e-07
3.0311793e-07,2.9670466e-06,0.0006575246,0.07969304,0.89507264,0.024256192,0.00031585796,1.3741686e-06,6.375785e-08,9.5732865e-08
1.75696e-06,0.0002332049,0.046341922,0.75671864,0.18788037,0.008750098,6.80394e-05,4.6398986e-06,1.1714084e-06,2.6332657e-07
1.4893977e-06,0.00040924296,0.7072653,0.28194258,0.010362437,1.8782102e-05,1.2679115e-07,3.5739438e-09,8.536226e-09,3.4869412e-09
0.00012034551,0.00015992072,7.182473e-05,3.7137725e-05,0.00021455954,0.0012863595,0.086821966,0.7450564,0.06201646,0.104215026
0.867425,0.12552719,0.0070452383,1.5429565e-06,2.654464e-08,1.6474956e-09,5.760158e-10,1.6685016e-07,2.8391537e-07,6.0373566e-07
5.2707736e-07,4.3453747e-06,0.015121342,0.4233369,0.55965006,0.0018524367,3.433194e-05,4.8940905e-08,3.244813e-08,2.0536923e-08
1.504641e-06,0.00031542254,0.0074106487,0.7156113,0.23735198,0.038765617,0.00048621363,5.204281e-05,4.630662e-06,6.5452156e-07
3.8674384e-06,0.00019100019,0.43261886,0.5524701,0.014671397,4.4373377e-05,3.950773e-07,1.0299472e-08,2.919872e-08,1.35266305e-08
6.6207093e-07,5.66282e-07,5.53826e-07,8.2726395e-08,2.348376e-06,3.649197e-05,0.008613116,0.74767274,0.24268913,0.0009843032
2.100185e-06,1.1024102e-06,1.208358e-06,8.7854644e-08,7.816066e-07,3.3680196e-06,0.0001595483,0.022075843,0.97224313,0.0055128173
