3.5522302e-05,4.32201e-05,3.220538e-05,0.00038061704,0.00096311216,0.03227622,0.42254987,0.50736,0.0358542,0.00050510705
7.003808e-05,4.7026006e-05,7.538235e-05,0.00034438906,0.0025405963,0.09787473,0.459608,0.4277553,0.004598759,0.007085711
0.00030749873,0.0004630231,0.0011984119,0.010498016,0.047913387,0.397343,0.44860607,0.09128213,0.002107536,0.00028088407
0.024462078,0.028407196,0.6418096,0.24901997,0.051009215,0.0037275124,0.0013466973,0.00015083452,9.999974e-06,5.6922698e-05
2.8493592e-05,2.7536695e-05,2.6122714e-05,0.00014798198,0.00031179888,0.015489829,0.10459382,0.85371006,0.016818348,0.008846019
0.000674445,0.00079821446,0.009772884,0.059236746,0.65857154,0.248236,0.0209425,0.0016468512,9.745744e-05,2.3451248e-05
0.0009071952,0.0010780445,0.0092613455,0.032782156,0.5758189,0.31231874,0.06262379,0.0042383885,0.00049964996,0.00047180118
0.00019699387,0.00010958746,0.00028407533,0.0024190082,0.029469617,0.31155553,0.563931,0.09093293,0.00086941564,0.00023187234
0.00010205896,0.00010840935,0.00014027448,0.001449426,0.021189379,0.28096902,0.6388673,0.055298388,0.0015867928,0.00028891745
7.751523e-05,0.0001735493,6.0523005e-05,5.033766e-05,0.00014813078,0.0014388573,0.014156202,0.1579278,0.056392185,0.76957494
0.00030158073,0.00033781884,0.0031603735,0.018765155,0.33293572,0.6060757,0.03682104,0.001480742,8.0943944e-05,4.0884053e-05
6.3814594e-05,0.0001665198,4.5519504e-05,4.5947538e-05,0.00015556041,0.0011199208,0.02600629,0.2041778,0.4202053,0.3480133
0.000228266,0.0002108174,0.0014188898,0.009792002,0.16837695,0.68957883,0.12325142,0.0069244606,0.00015238283,6.5967826e-05
0.11469247,0.7460905,0.11737192,0.01718464,0.0034962704,0.0003073228,0.00044381747,3.2352407e-05,2.5055331e-05,0.00035572093
0.0007520307,0.0005351962,0.0017846783,0.0037928969,0.053024683,0.31428918,0.54766715,0.06585177,0.0026494793,0.009652987
2.4832503e-05,8.095437e-05,2.8787534e-05,7.639444e-05,0.00022949815,0.002943377,0.08689203,0.36994877,0.45356238,0.08621295
0.26741126,0.24806821,0.42034593,0.05438101,0.008003176,0.00064441917,0.00057885796,8.160088e-05,1.0960382e-05,0.0004744612
7.606608e-05,0.00010687365,0.00011531776,0.0015368722,0.01826153,0.27211362,0.6640805,0.041911326,0.0016247955,0.00017308521
0.003882755,0.018764261,0.11145372,0.49833035,0.34785607,0.015895994,0.003657316,0.00010919926,3.41629e-05,1.615874e-05
0.0036043632,0.03762914,0.10424419,0.51808625,0.30207804,0.030448204,0.0036135428,0.00021320826,5.5364202e-05,2.7798516e-05
1.484026e-05,5.197465e-05,1.664232e-05,8.00464e-05,0.00013879444,0.0030169047,0.07784394,0.4291636,0.47726202,0.012411256
0.0023215602,0.00692374,0.033271313,0.3718733,0.46714014,0.1072612,0.010388236,0.0006449113,0.00014295727,3.2695374e-05
0.039589625,0.08316947,0.5295432,0.31046903,0.033898305,0.0021655816,0.0010470975,5.4297685e-05,9.999982e-06,5.3292435e-05
0.013812685,0.10060387,0.2213161,0.50710964,0.14704701,0.0083037615,0.0016539495,0.00010005164,2.0665575e-05,3.227503e-05
0.00040211127,0.0006139677,0.006141929,0.034725424,0.62077713,0.29782245,0.037167575,0.0021575233,0.00014809355,4.3758882e-05
0.0019666783,0.00070138555,0.017588299,0.05399088,0.47664523,0.35468414,0.08769097,0.0062691933,0.00021855281,0.00024463335
1.6033528e-05,6.774022e-05,1.3411085e-05,3.6772515e-05,6.173796e-05,0.00088140514,0.020613968,0.27163556,0.66022396,0.0464494
0.015277921,0.095666386,0.3416793,0.45678344,0.08560618,0.0036182422,0.0012685368,6.35256e-05,1.2540118e-05,2.3902e-05
0.0009113751,0.00074025535,0.018854622,0.07981397,0.69254893,0.1945246,0.01160227,0.00094896747,3.331523e-05,2.1729591e-05
0.13327144,0.18467803,0.5724208,0.09826288,0.009773418,0.0006445644,0.0007118373,5.150389e-05,9.999987e-06,0.00017549348
0.02331644,0.058336228,0.6213106,0.18917958,0.096217,0.006521984,0.00425671,0.0003792405,6.778896e-05,0.0004144611
0.00012581763,0.00020325843,0.0002987318,0.001558608,0.030567985,0.21504912,0.7062631,0.04084375,0.0035003629,0.0015893125
0.0005419328,0.0006458822,0.0026263539,0.016873665,0.097182274,0.7301143,0.13303292,0.018464433,0.00027681488,0.00024145006
6.431666e-05,0.00015959672,6.860662e-05,0.0007140401,0.0021378663,0.12409408,0.48674533,0.32757658,0.05448124,0.0039583966
0.0071171634,0.048320226,0.34034717,0.50628704,0.0891969,0.0069329417,0.0016668099,8.35137e-05,1.9060506e-05,2.9166373e-05
5.0521307e-05,8.401636e-05,7.0550646e-05,0.00055632065,0.0021033897,0.042951304,0.5844706,0.34157392,0.025159474,0.0029798478
0.0056884335,0.038808458,0.16932528,0.59516853,0.17180657,0.016493035,0.0024809996,0.00016303347,4.1647363e-05,2.4070336e-05
6.655096e-05,6.315399e-05,9.143622e-05,0.0005240018,0.0028202021,0.08043201,0.5478804,0.3608395,0.004642733,0.002640145
0.0001160414,0.0001607671,7.2724695e-05,6.223374e-05,0.00018313702,0.0016721871,0.022246106,0.20229176,0.08188991,0.6913051
0.0032289578,0.007989008,0.067248926,0.3804442,0.47574905,0.060631383,0.0043368246,0.00031314386,4.0712843e-05,1.7814677e-05
1.7403556e-05,3.6225458e-05,1.8240527e-05,0.0001529196,0.00033403613,0.011427358,0.16515504,0.6621922,0.1563174,0.004349176
0.0010358733,0.009670579,0.02177267,0.124971755,0.7022391,0.13276815,0.006848837,0.0003414018,0.00018433147,0.0001673026
0.0067510256,0.021128042,0.15613967,0.59431326,0.20857878,0.010837636,0.0019948315,0.00022009929,1.8975818e-05,1.7692586e-05
8.142886e-05,0.00015119206,0.00010996089,0.0012334542,0.010316605,0.34445396,0.57357585,0.065883264,0.0038466125,0.00034774689
0.0020766763,0.0006097108,0.029514285,0.09091133,0.65953606,0.19781949,0.017449513,0.0020153285,3.1338728e-05,3.6283767e-05
0.019891322,0.027392354,0.5042229,0.37362242,0.06834948,0.0049250685,0.0013716065,0.00016729838,9.999978e-06,4.756218e-05
0.00010910672,0.00012088962,0.00016760094,0.0010711774,0.0050827023,0.30241844,0.52424026,0.16139114,0.0038667473,0.00153199
3.3025593e-05,0.00033283603,3.4726512e-05,1.5758176e-05,7.344874e-05,0.0002407784,0.0024701357,0.020117326,0.091813445,0.8848685
2.9229976e-05,3.406862e-05,2.7577798e-05,0.00023004951,0.0009990556,0.034778163,0.50225234,0.42734683,0.03275473,0.0015480547
0.00039978302,0.00030174069,0.004233433,0.02355447,0.42337734,0.48898596,0.056157682,0.0028569966,9.009297e-05,4.2499476e-05
0.0006153319,0.0013627191,0.008773159,0.08194593,0.54126525,0.3451442,0.020116825,0.00066987454,8.53498e-05,2.139775e-05
0.00058687903,0.0013492617,0.009824631,0.12262712,0.70508516,0.14703286,0.012938656,0.00042285197,0.000116136514,1.6492566e-05
0.00013393717,9.799305e-05,0.0004572245,0.0033574498,0.05544683,0.73354083,0.1953085,0.011304318,0.00023378289,0.000119178345
0.0123022515,0.07032545,0.37436458,0.4711925,0.06700914,0.0034410164,0.0012876195,4.2952135e-05,1e-05,2.4471545e-05
2.5934187e-05,3.988237e-05,2.653809e-05,9.2213835e-05,0.00020005893,0.0043042856,0.13861342,0.5445699,0.2978123,0.014315503
2.0159217e-05,0.00018940028,2.0501397e-05,2.2970045e-05,5.0318682e-05,0.00023378801,0.0044287727,0.038304262,0.86927974,0.08745011
0.18894164,0.61642635,0.14663675,0.03769816,0.008528183,0.00057712366,0.00073539064,6.356736e-05,3.0189036e-05,0.0003626637
2.1679409e-05,4.5793397e-05,2.3240385e-05,0.0001437454,0.0004512669,0.019374307,0.2352896,0.58388734,0.15401085,0.00675218
0.00013594018,0.00014748414,0.0002087598,0.0017880362,0.017675426,0.5400813,0.40154007,0.03625037,0.001684824,0.00048776343
0.001014223,0.0007366722,0.011398183,0.054768696,0.58511966,0.3337116,0.012177709,0.0009966352,3.942148e-05,3.7267167e-05
5.021756e-05,5.499721e-05,4.125698e-05,0.0005651045,0.0027159115,0.11617843,0.60306734,0.26575184,0.010952992,0.0006218912
0.065927684,0.41616988,0.31289747,0.17447783,0.02769377,0.0016198872,0.0010242709,4.1470234e-05,2.2053575e-05,0.00012564484
0.00089279574,0.0005921379,0.0139104985,0.06621121,0.62926173,0.26941705,0.017533867,0.0020829702,6.1013987e-05,3.6748854e-05
0.0007572281,0.00046311962,0.0066703632,0.027164089,0.3546554,0.5738216,0.03379802,0.002579208,5.053406e-05,4.0359722e-05
1.695764e-05,1.9758108e-05,1.43491125e-05,0.000101403115,0.00017235636,0.0057889614,0.10754731,0.80356294,0.080116235,0.0026598065
0.0014334202,0.0022599942,0.040297315,0.13120265,0.70966935,0.10769852,0.0068608844,0.0005250118,3.1995383e-05,2.07675e-05
3.9371927e-05,5.8002057e-05,3.5096586e-05,9.837552e-05,0.00023338277,0.009091567,0.10533724,0.7082509,0.112089835,0.0647662
0.047855902,0.023239823,0.6486437,0.23707208,0.0361294,0.0038488666,0.002542169,0.00041241676,1.7943927e-05,0.00023778892
0.00021532498,0.0006376687,0.0019165387,0.019236073,0.32752,0.5756329,0.07201434,0.0023879185,0.0003708212,6.8357374e-05
0.00021431099,0.0002760836,0.00093445095,0.007945299,0.15708055,0.72228134,0.10726689,0.0036139956,0.00026172455,0.00012529104
0.0007185453,0.0013899818,0.014299212,0.08505764,0.74561006,0.13776046,0.014474345,0.00058114284,8.8145614e-05,2.044361e-05
9.198248e-05,0.00035442007,0.00014353594,0.00108788,0.0062954794,0.21072097,0.50149137,0.22502635,0.031792466,0.02299556
0.0003262762,0.00048008256,0.004824959,0.031702247,0.6559007,0.26693895,0.038075134,0.0016212494,0.000103647835,2.6753854e-05
0.45213714,0.37744054,0.14395793,0.018277531,0.006567768,0.0003520888,0.00042333134,8.3840794e-05,1.648373e-05,0.0007432797
0.00010760037,0.00034106345,0.00026835638,0.0038280352,0.027737193,0.533708,0.41004157,0.021274481,0.0024987576,0.00019498082
0.00031136133,0.0005311014,0.0009586243,0.007892151,0.094809875,0.29680112,0.5641729,0.030575855,0.0033441423,0.0006028214
0.0018283721,0.0026471147,0.06182876,0.26290688,0.59116197,0.07511258,0.004226657,0.00025822024,1.7699764e-05,1.1739308e-05
0.00021777919,0.00012996513,0.0006872986,0.004503895,0.06142577,0.5432572,0.35493362,0.034149867,0.0003830122,0.00031167132
0.000301904,0.00018992387,0.0022195438,0.01092654,0.20518784,0.64320344,0.13054669,0.007211366,0.00013830345,7.445666e-05
0.00010529221,0.00016241842,8.0012614e-05,8.499382e-05,0.00018935489,0.002702666,0.026603108,0.459978,0.08143661,0.42865756
0.024108307,0.15236615,0.3797742,0.37639597,0.06160982,0.004043624,0.0015523885,7.149112e-05,2.4635478e-05,5.3485895e-05
0.0016939627,0.006555047,0.05771168,0.3372819,0.54221857,0.050783638,0.003561819,0.00015062802,3.0679494e-05,1.2030027e-05
0.00035284928,0.00032905393,0.0029109544,0.020036606,0.1954854,0.64746386,0.12360013,0.009506806,0.00023254965,8.1743885e-05
0.07605436,0.24559824,0.5160058,0.14327545,0.01680115,0.0011616127,0.0008930506,4.8318343e-05,1.3149446e-05,0.00014880742
0.00030943032,0.00020983386,0.0012461203,0.0061083515,0.13335235,0.6042415,0.24374667,0.010079315,0.00035572558,0.0003507524
2.7861257e-05,7.6375705e-05,3.015061e-05,5.330069e-05,0.00014290308,0.0015937795,0.035228547,0.56220347,0.27998915,0.12065445
0.0011689308,0.0032056023,0.02934966,0.14125922,0.6272337,0.19113699,0.0063437824,0.00023787585,3.7757483e-05,2.6503154e-05
1.4180428e-05,4.011629e-05,1.2853327e-05,5.2952695e-05,7.836462e-05,0.0019662103,0.041424464,0.34783894,0.5966285,0.011943407
0.00020472816,0.00016020791,0.00053525413,0.0027269546,0.04051666,0.34943157,0.5516031,0.05213529,0.0014501868,0.0012361308
0.0021677455,0.008177919,0.07645919,0.44835755,0.3924935,0.066763274,0.005184879,0.0003136436,5.4598808e-05,2.7767663e-05
3.6401405e-05,5.351456e-05,4.7934704e-05,0.00027373273,0.0015450132,0.040941242,0.5830553,0.33321398,0.036478046,0.004354888
0.00020979006,0.0001863301,0.0011763314,0.007824777,0.14535639,0.7191371,0.11869342,0.007188428,0.0001505305,7.693318e-05
0.002489139,0.0017886645,0.08238277,0.1887027,0.61658925,0.101507895,0.0057642437,0.0007411793,1.5309628e-05,1.8890882e-05
3.331567e-05,0.00015020839,4.200665e-05,0.00023603324,0.00072247663,0.021414965,0.14807731,0.5984304,0.15572149,0.07517176
0.062189747,0.6224677,0.21900526,0.08676867,0.008148574,0.0005457958,0.000708274,2.1242964e-05,1.741187e-05,0.00012729464
0.03667978,0.019635681,0.46889436,0.40770793,0.061110683,0.0042579547,0.0014647256,0.00019033863,9.999958e-06,4.843021e-05
0.023932854,0.071058646,0.48145238,0.32838517,0.08976616,0.003615865,0.0015926203,0.00012592447,1.6693413e-05,5.3722182e-05
0.16498165,0.6562559,0.1435615,0.027602434,0.0064542135,0.00036414855,0.00043612972,3.1090694e-05,1.6249545e-05,0.000296604
0.17128384,0.5270595,0.2446884,0.048610114,0.006944944,0.0005423376,0.0004905227,3.3799006e-05,1.4097116e-05,0.0003324251
4.8218215e-05,3.348954e-05,4.821739e-05,0.0003357809,0.0015536216,0.074236095,0.39406055,0.5200533,0.007811322,0.0018194962
0.00267638,0.0026574715,0.054719456,0.16452147,0.703882,0.06388799,0.007034739,0.00055646745,3.7592246e-05,2.6425543e-05
0.00011251874,0.00012085782,0.00016810102,0.0012763129,0.01725274,0.2200318,0.69986653,0.057614952,0.0027003186,0.000855882
2.484803e-05,4.3836524e-05,3.0091993e-05,8.293577e-05,0.00019018035,0.0038620573,0.089888535,0.6503052,0.22904484,0.026527481
0.0005825342,0.00053385325,0.00885085,0.048160724,0.5641748,0.34982386,0.026181964,0.0015943857,6.5814245e-05,3.1202686e-05
0.01131883,0.031627156,0.31513545,0.5483053,0.087260574,0.004980625,0.0012246063,0.00011085262,9.999991e-06,2.6606507e-05
0.00018160896,0.00014919185,0.0004043556,0.002537822,0.027848694,0.7696529,0.18279469,0.0157557,0.00038324535,0.00029178883
0.0006650785,0.0028920309,0.006572239,0.09341547,0.45685732,0.38453087,0.0522442,0.002042789,0.0007105187,6.934405e-05
2.3055105e-05,2.2839113e-05,2.2412278e-05,0.00018648092,0.00042948264,0.013029875,0.20294946,0.74789506,0.03354051,0.0019007997
0.0032431602,0.012178019,0.09865472,0.44200626,0.41462824,0.02668891,0.0024588404,0.00011204422,1.7670278e-05,1.2237416e-05
0.014801166,0.030451842,0.33646476,0.18117003,0.3692156,0.052641157,0.013062443,0.0013426347,0.00018688204,0.00066340895
0.00078245427,0.0025355169,0.009097719,0.08887112,0.51854914,0.33797413,0.040459093,0.0013641627,0.00031673114,4.985458e-05
0.00029379185,0.0003299274,0.0010406672,0.0055603515,0.10956574,0.52263224,0.33966318,0.018901661,0.0012636675,0.0007488003
5.1535157e-05,0.00068761955,6.782636e-05,4.840624e-05,0.00011955481,0.00047688486,0.006306456,0.041917365,0.5085157,0.44180864
0.00018670133,7.473393e-05,0.00014287623,0.0006141647,0.00442718,0.26476815,0.4422172,0.2793602,0.00427009,0.0039387387
0.0004514298,0.0005424075,0.0031950476,0.018544994,0.15782107,0.7077368,0.10084188,0.010537607,0.00019497547,0.00013382487
0.00046560253,0.0008196989,0.004570267,0.038153123,0.4840381,0.44550925,0.025602123,0.00071834563,8.667708e-05,3.686123e-05
3.5714198e-05,6.163426e-05,4.721041e-05,0.00023591699,0.0017340672,0.03167983,0.6244113,0.28890687,0.044880707,0.00800688
0.0003761381,0.00053534796,0.0030414336,0.018950507,0.35205013,0.40879455,0.20773959,0.007387703,0.0008073467,0.00031722736
9.6464035e-05,8.689901e-05,0.00012623033,0.0010272535,0.01294786,0.19439256,0.6812533,0.107452646,0.0021776406,0.00043908678
0.0030341367,0.00862988,0.101778924,0.46207258,0.38927612,0.03259512,0.0023964385,0.00018440759,1.7218224e-05,1.5043131e-05
0.006241579,0.021558253,0.28003472,0.5597002,0.11984317,0.010382374,0.002014668,0.00019000361,1.367756e-05,2.1445177e-05
0.00022339179,0.000882487,0.001225417,0.018687878,0.1840125,0.6429415,0.14730199,0.004040062,0.0005699784,0.000114861585
0.0011944993,0.007353453,0.024990274,0.17119399,0.6545445,0.13038437,0.009970949,0.0002636969,7.8851095e-05,2.5406962e-05
5.2337236e-05,0.00015355961,7.602593e-05,0.000719787,0.006992778,0.24350321,0.68425596,0.054095052,0.009098765,0.0010524804
0.0003756134,0.00069083396,0.0012869966,0.0049955426,0.05952849,0.29618335,0.590205,0.039201673,0.0045540226,0.0029784832
0.0006293936,0.00020015759,0.003116519,0.0104113985,0.14868408,0.7314988,0.09347234,0.01172061,0.00012771465,0.00013900548
0.00031607843,0.0002921837,0.0007982554,0.00272563,0.05224916,0.30557603,0.5967911,0.036638785,0.002233685,0.0023791718
0.00032972964,0.0011092506,0.0044109244,0.04695232,0.6526924,0.2682834,0.025456637,0.00056801696,0.00017001745,2.740796e-05
0.004381753,0.007565228,0.08106903,0.23739976,0.5361581,0.12621336,0.0064245127,0.00070424814,3.4785444e-05,4.9231276e-05
0.00031487105,0.00042523182,0.0021203842,0.01947292,0.2842329,0.45999208,0.21380323,0.019132126,0.00041832213,8.804947e-05
0.0037590044,0.03182999,0.13758954,0.5511711,0.25665104,0.016500773,0.0023260307,0.00012085063,2.5978927e-05,2.5681235e-05
0.0006960965,0.0004393065,0.007090521,0.024577625,0.39617455,0.44265646,0.1186865,0.009285413,0.00019989836,0.00019362973
0.0016917851,0.00041877094,0.01172601,0.040741753,0.41719276,0.4922885,0.030707637,0.005130407,4.6000907e-05,5.6308196e-05
0.00028301126,0.0007214467,0.0018471502,0.017735178,0.26121747,0.5784913,0.13282591,0.006324315,0.00046033348,9.394997e-05
0.0020775318,0.0034255402,0.1261026,0.23799153,0.5663762,0.05907057,0.0045829397,0.00033520005,1.7628721e-05,2.0255404e-05
0.027727429,0.18675183,0.35832942,0.3702482,0.05298162,0.0025325287,0.0012889692,7.503616e-05,1.8626906e-05,4.629594e-05
2.0427338e-05,2.8106379e-05,2.0749301e-05,0.00012969339,0.00037010465,0.008393259,0.17307986,0.7600326,0.05306615,0.0048590987
0.0018187504,0.0041721673,0.08622911,0.25587928,0.5890886,0.056668602,0.005718789,0.00036928628,3.0919815e-05,2.4383982e-05
0.00039100702,0.00073090877,0.00860204,0.04994431,0.7675273,0.15572733,0.016294021,0.00069237984,7.0874e-05,1.9881814e-05
5.320024e-05,0.000274878,4.5677494e-05,3.2006366e-05,9.343043e-05,0.00072561874,0.0048015546,0.060068995,0.051832456,0.8820722
0.00020928046,0.00025714946,0.000854069,0.00873125,0.18467975,0.38695556,0.40575865,0.01163955,0.00076901814,0.00014581249
6.377958e-05,0.0010461196,6.562554e-05,5.24613e-05,0.00012250415,0.000725509,0.0041079354,0.04415565,0.23661658,0.7130438
0.028851429,0.11209589,0.4218799,0.39177778,0.041428875,0.0028341264,0.0010305757,4.8243317e-05,9.999995e-06,4.3145752e-05
0.0012889522,0.00083955907,0.012748982,0.023723202,0.37351534,0.44112846,0.13386801,0.011203996,0.000423194,0.0012603467
0.0002605062,0.0003320247,0.0011895116,0.015553548,0.21131799,0.60668886,0.15558581,0.008468516,0.00051439373,8.892143e-05
0.002570235,0.045577828,0.056532092,0.44718626,0.39630535,0.046718586,0.004887373,0.000102978505,7.988151e-05,3.950306e-05
0.0026207257,0.015721573,0.0776123,0.48628554,0.3670851,0.047061216,0.0034597125,9.861985e-05,3.725168e-05,1.7992788e-05
0.0003643252,0.0015624164,0.0040310835,0.036889732,0.4694674,0.45676947,0.029684851,0.0008941631,0.00027788177,5.8604284e-05
0.0009004483,0.0013765058,0.0041007907,0.033679016,0.17681684,0.4571494,0.25747314,0.066550694,0.0015963349,0.00035683985
0.0017779737,0.0010760713,0.029343683,0.08569092,0.6058096,0.2621302,0.012241101,0.0018603788,3.2933145e-05,3.6960348e-05
5.2390555e-05,0.00026466098,4.3517837e-05,3.215942e-05,9.012393e-05,0.00074978115,0.0052932547,0.0667247,0.061741028,0.86500835
2.4144018e-05,0.000117529096,2.3041439e-05,2.928629e-05,8.425009e-05,0.00079100183,0.015493719,0.18905686,0.5695208,0.22485942
3.9648243e-05,7.04476e-05,4.8680675e-05,0.0005967636,0.0029624633,0.12421175,0.6663709,0.1924172,0.0125004025,0.0007817104
0.0003554674,0.00017033934,0.0007746523,0.0034630029,0.040452488,0.55454195,0.3477138,0.051517904,0.0005209452,0.00048949244
4.281827e-05,7.266968e-05,3.59858e-05,9.977579e-05,0.0002002454,0.008089898,0.07896721,0.69045746,0.13966665,0.08236734
0.0007113385,0.003938056,0.018005287,0.14321055,0.7356318,0.08979208,0.008363954,0.0002530786,7.85306e-05,1.5259318e-05
3.394771e-05,6.0162187e-05,3.8723716e-05,0.00033935538,0.0024817388,0.080637865,0.72178656,0.16956322,0.02350932,0.0015491517
4.0313444e-05,4.638151e-05,4.815069e-05,0.00026723646,0.0025427237,0.039102823,0.82095087,0.12115113,0.013020651,0.002829772
0.0012310342,0.0032081872,0.054307386,0.23860022,0.63526016,0.06239143,0.004744403,0.00021829459,2.5199062e-05,1.3642539e-05
0.00015829329,0.00012614731,0.0006002692,0.005328223,0.106324114,0.7367447,0.14390393,0.0065915613,0.00015809052,6.47156e-05
2.0968777e-05,6.561952e-05,2.0213805e-05,0.00019911012,0.00033278766,0.013665998,0.1818946,0.4696168,0.32880193,0.005381922
0.0001548333,9.5269745e-05,0.00016819214,0.0008263035,0.0098858895,0.3267712,0.5580888,0.097810626,0.0023666318,0.0038323277
0.0001428459,0.0004202194,0.0005785039,0.0068673887,0.07342405,0.69511527,0.21363324,0.008547805,0.0011415653,0.00012907712
0.008743772,0.035377834,0.40037388,0.43882418,0.10845045,0.0067212516,0.0013950558,7.729506e-05,1.0666967e-05,2.552204e-05
7.984757e-05,5.5880868e-05,7.8111196e-05,0.0006145492,0.0043585612,0.11691057,0.54095685,0.33274475,0.0034052266,0.0007956978
0.0007011225,0.0006603399,0.005256755,0.049468156,0.52579933,0.35847402,0.055115227,0.004233027,0.0002362897,5.5769106e-05
5.614206e-05,0.00019058932,7.5699936e-05,0.0008772474,0.007921008,0.22772475,0.709274,0.04033348,0.012762048,0.00078503654
0.0007082055,0.0035436426,0.018647932,0.12576042,0.7307997,0.115552306,0.004617734,0.00026054442,6.35852e-05,4.6011457e-05
0.00043668022,0.0018336402,0.003730864,0.034091722,0.50115865,0.34870657,0.10445267,0.004691881,0.0007907114,0.0001066158
0.0049156165,0.0044064103,0.17223588,0.31671435,0.4547642,0.042950585,0.0035390868,0.0004419043,1.1733377e-05,2.0283513e-05
8.6244574e-05,0.00014802662,8.410398e-05,0.00019594246,0.00045501022,0.011287612,0.10046268,0.49694243,0.06636175,0.32397616
0.0008723398,0.00073366694,0.009886041,0.054824237,0.5526795,0.35236427,0.025022041,0.003452124,0.00010240476,6.3435386e-05
0.00049300404,0.0006578168,0.0063158753,0.046810616,0.7102011,0.18957709,0.044375207,0.0013935056,0.00014813353,2.7630987e-05
3.373583e-05,9.3184106e-05,3.9232218e-05,0.00012328161,0.00050178706,0.006965164,0.1890334,0.37604937,0.36667424,0.06048653
0.0044390876,0.017785221,0.226216,0.54197186,0.19713381,0.010459384,0.0018140334,0.00014277313,1.584682e-05,2.2072585e-05
0.01632338,0.06986641,0.41632533,0.43873787,0.05411248,0.0033579934,0.0011670775,6.925889e-05,9.99998e-06,3.0124347e-05
3.1231313e-05,0.000109763416,3.677517e-05,6.171711e-05,0.00025573958,0.002117989,0.05560593,0.3250955,0.31843966,0.29824573
0.0017216712,0.0006747713,0.026013235,0.12256172,0.67570025,0.1591587,0.013100897,0.0010150623,2.9511837e-05,2.4229237e-05
6.366682e-05,7.979997e-05,5.7582998e-05,0.00018395796,0.0004973117,0.018380195,0.16296472,0.65422314,0.048576973,0.114972726
5.276148e-05,5.4324493e-05,6.32202e-05,0.00028405563,0.0019892356,0.05722631,0.54863,0.3625295,0.019272454,0.009898097
0.004894243,0.021923346,0.31839368,0.44378906,0.18957256,0.018537592,0.0026342198,0.00019695837,2.3852996e-05,3.4503508e-05
0.00059526734,0.0004107531,0.00411786,0.015351321,0.2555688,0.54863477,0.16612208,0.008514407,0.0003503258,0.00033447103
9.941062e-05,0.000166719,0.00017485136,0.0011682188,0.012394273,0.1690971,0.7231802,0.085970074,0.0058781207,0.0018711411
1.6364385e-05,5.3053685e-05,1.6573016e-05,9.921124e-05,0.0001717237,0.0050468943,0.08162806,0.44359863,0.45637372,0.012995747
1.3752349e-05,4.7650676e-05,1.592206e-05,5.333712e-05,0.000110857414,0.0023286783,0.06022762,0.5168587,0.38842112,0.031922303
0.0009896099,0.0018753365,0.023702564,0.14630833,0.6797686,0.14074978,0.0062883575,0.00027388067,2.8987304e-05,1.4589125e-05
7.8819416e-05,6.626224e-05,9.8005396e-05,0.00029620115,0.0015181312,0.040959556,0.32430667,0.59415853,0.011327702,0.027190156
0.000113914946,0.00010192074,0.00018246677,0.0020877817,0.032396898,0.29571486,0.64484096,0.023554489,0.00087517384,0.00013150864
0.00030676616,0.00033546562,0.0014079318,0.0092570195,0.16664428,0.6170714,0.1857872,0.018328825,0.00065359625,0.00020748042
0.015827827,0.070424944,0.44016796,0.40490577,0.06323514,0.0040088836,0.0013031054,7.2806695e-05,1.151866e-05,4.2069347e-05
0.00042206948,0.0021300425,0.0053720768,0.048058543,0.5511362,0.3729369,0.018702935,0.00088620593,0.00023567349,0.00011931727
0.2594906,0.50371146,0.21039832,0.021316241,0.0039025643,0.0002414569,0.00040286325,4.1081308e-05,1.2556042e-05,0.00048287192
0.0034504381,0.02603469,0.11677494,0.5057656,0.32715973,0.01814472,0.0025198052,0.000104147446,2.9710032e-05,1.6271402e-05
0.00012121954,3.0804822e-05,7.47951e-05,0.0003904069,0.0020331724,0.092116445,0.43277714,0.46676624,0.0032007424,0.0024890874
0.0014249923,0.0030080099,0.009205805,0.050624315,0.24341953,0.42889044,0.24043268,0.020354494,0.0022092382,0.00043046044
5.9382215e-05,2.9879873e-05,4.434029e-05,0.00018200232,0.00068278896,0.05195098,0.17871961,0.74646604,0.012085145,0.009779848
0.00033398246,0.00025563428,0.0020713352,0.014728479,0.2261701,0.65733147,0.08993459,0.00884626,0.00023134444,9.6920376e-05
0.0006055838,0.0005862889,0.006424075,0.039517716,0.49632034,0.41153574,0.04142249,0.0034105673,0.00014002302,3.7097452e-05
1.8073482e-05,4.6930756e-05,1.9768775e-05,0.00015537546,0.0003331584,0.011042632,0.14451173,0.6236985,0.21357203,0.0066018603
0.058337796,0.23040664,0.50348824,0.19356188,0.0119859325,0.001212517,0.0008549074,4.837033e-05,1.1538371e-05,9.216108e-05
3.0130901e-05,8.332701e-05,4.3218562e-05,0.00021060553,0.0006201365,0.011067448,0.28559268,0.4978,0.19257498,0.011977397
3.7287133e-05,0.00019897084,3.3103854e-05,1.9407653e-05,7.97474e-05,0.0006260197,0.0050703585,0.050812524,0.07374481,0.8693778
9.946002e-05,0.00016958409,0.00023188439,0.0029233734,0.054553367,0.5120296,0.4151518,0.013769299,0.00095390016,0.000117749
8.840328e-05,4.6928828e-05,9.172748e-05,0.00046135767,0.0039014344,0.24520628,0.4310701,0.31528366,0.0020991734,0.0017509619
0.07824384,0.72195596,0.14941788,0.044478014,0.0048875334,0.0003309937,0.0004905163,1.7580342e-05,1.4994874e-05,0.000162636
0.00029405995,0.0017137249,0.0021647303,0.022818571,0.21618508,0.505832,0.23710266,0.010991414,0.0026538998,0.00024384077
0.00020602328,9.429635e-05,0.00045543892,0.0033334992,0.03867006,0.45280367,0.4454832,0.058356665,0.00041054192,0.00018668026
0.0006664024,0.0007648331,0.013483603,0.0563983,0.70187753,0.20883894,0.01682573,0.001072136,4.634095e-05,2.6242558e-05
0.49415988,0.40043235,0.08857573,0.010119525,0.004892421,0.00028050633,0.00037520324,9.739417e-05,1.9525089e-05,0.0010474297
5.4767774e-05,0.000106878986,6.6513916e-05,0.00022499019,0.0011640395,0.02123727,0.32217768,0.4958608,0.12021174,0.03889535
7.11881e-05,4.7461224e-05,9.845331e-05,0.00035887558,0.0019406754,0.09385937,0.3968891,0.494007,0.0051138084,0.007614144
0.0015184277,0.0009781554,0.026276173,0.061544783,0.6170526,0.258596,0.030496765,0.0031858508,0.00012490805,0.00022631409
0.0019511272,0.009419307,0.035019174,0.23478238,0.6101232,0.10284489,0.0054718372,0.0003293862,4.048744e-05,1.8239307e-05
0.004252689,0.0022638058,0.06290284,0.13715886,0.5888841,0.18964903,0.012688716,0.0021037315,3.7583985e-05,5.862191e-05
0.03815607,0.055407252,0.603181,0.2711736,0.028982216,0.0018277973,0.0011140867,8.259851e-05,9.999981e-06,6.5351705e-05
0.000116765186,0.000101334605,0.00017112689,0.0015307119,0.012286558,0.28238925,0.55528486,0.14618716,0.0017171499,0.00021506337
0.0015744793,0.016113762,0.045650013,0.3246993,0.5064744,0.09961481,0.0054576434,0.00026522652,9.9482255e-05,5.0934275e-05
0.032624166,0.2073046,0.37425756,0.29865137,0.07922765,0.005665185,0.0020422672,8.825624e-05,3.467137e-05,0.00010426573
0.07057851,0.2340582,0.49212718,0.16988805,0.030342644,0.0015186938,0.0012780599,5.627133e-05,2.4830431e-05,0.00012759597
3.9250976e-05,0.0001573563,3.598476e-05,1.9741843e-05,8.798112e-05,0.0005986043,0.005235697,0.04158769,0.038373612,0.9138641
0.033814352,0.07512607,0.553019,0.30403835,0.031005682,0.001923701,0.0009647835,5.4104814e-05,9.9999725e-06,4.398241e-05
0.00059470296,0.0015080367,0.01424401,0.09218141,0.7451756,0.13568607,0.0099576,0.0005822012,5.5108685e-05,1.5209459e-05
9.3136354e-05,0.00017009377,0.000100032266,9.507253e-05,0.00028634907,0.0036669113,0.0418945,0.31255442,0.05380082,0.5873387
0.0047607305,0.0021998715,0.113887906,0.11807401,0.6043832,0.13527177,0.018086674,0.0030621449,4.7306206e-05,0.00022643982
0.00034169873,0.0010728101,0.0038599274,0.039122388,0.39005423,0.49844345,0.06368251,0.0030362534,0.00033945552,4.7318263e-05
0.0024565924,0.027297908,0.07654427,0.5270659,0.33763134,0.025956526,0.002914755,8.038434e-05,3.459953e-05,1.781189e-05
0.03175008,0.032648075,0.62072915,0.25202382,0.056754302,0.0042740908,0.0015305873,0.00019533272,9.999997e-06,8.454096e-05
3.340098e-05,6.1887586e-05,4.8135214e-05,0.00015429145,0.0008734539,0.015360029,0.39351326,0.4710554,0.085265376,0.03363468
0.0005008703,0.0012811547,0.0019356356,0.017158663,0.12589706,0.33590186,0.48216602,0.03020207,0.004404142,0.00055252854
0.0005982655,0.00022218328,0.0030532642,0.01638438,0.20319039,0.6610519,0.10536975,0.009940794,0.00011817487,7.0885755e-05
0.00033368322,0.00019419145,0.00057047146,0.0027777397,0.049761727,0.2232652,0.6774985,0.042295683,0.0018377638,0.0014650185
9.6215605e-05,0.00012708578,0.0001952258,0.0036295173,0.043728735,0.41575512,0.5149383,0.02044568,0.0009949999,8.9122725e-05
0.06445584,0.21035634,0.6100909,0.10332805,0.009831729,0.00090475805,0.00083242974,4.4300352e-05,1.464137e-05,0.00014101439
0.00022743554,0.00035666756,0.0008509484,0.0062055797,0.113520615,0.35019305,0.5113039,0.0148558775,0.0017888882,0.0006970281
0.00075877225,0.003508134,0.01089137,0.08519451,0.70307565,0.18574293,0.010384211,0.00031251574,0.00010946412,2.2474731e-05
0.0651768,0.14772269,0.47031033,0.27799085,0.034633942,0.0023917926,0.0014656571,0.00011421997,2.70246e-05,0.00016671498
4.8830756e-05,5.2199142e-05,5.552427e-05,0.0006679833,0.003964557,0.123916514,0.6608036,0.20582974,0.0043273163,0.00033377815
0.0007330882,0.00129176,0.013131581,0.08199922,0.63062495,0.2605677,0.011019507,0.0005600964,4.6716985e-05,2.5386824e-05
0.00028676246,0.000462439,0.0011879735,0.017480975,0.19789252,0.4823751,0.28531936,0.014242058,0.00069784536,5.492419e-05
0.07730069,0.066256225,0.5957286,0.2367747,0.021318596,0.0016213629,0.00082909816,8.13876e-05,9.999954e-06,7.9346915e-05
1.9735586e-05,2.8883718e-05,1.6862014e-05,0.000117149204,0.00017048002,0.004446082,0.115815334,0.6598555,0.2180968,0.0014331659
2.8728642e-05,2.8987148e-05,2.7762771e-05,0.00024141195,0.00075752725,0.02194784,0.24922337,0.7089662,0.017582718,0.0011955182
8.780872e-05,5.7867463e-05,8.146919e-05,0.0001698895,0.00068094576,0.026102945,0.14233264,0.75692105,0.016622284,0.056943048
0.00019835806,0.00080039306,0.0013483145,0.01628664,0.15336522,0.6657915,0.15637699,0.0048215906,0.0009097565,0.0001012909
0.000121177516,0.0001315219,0.00022537942,0.0015511705,0.021039348,0.34008268,0.5951098,0.03996825,0.0012381462,0.000532554
0.11133649,0.2108656,0.46686065,0.17629108,0.03015984,0.0023200093,0.0015781232,0.0001755441,4.0071296e-05,0.0003725804
2.1624011e-05,0.00019832609,2.4582981e-05,1.5896674e-05,7.9283884e-05,0.0003864832,0.005715633,0.04199726,0.19628306,0.7552779
0.3384102,0.29620612,0.30397308,0.049608506,0.01030296,0.000482693,0.00057891954,6.3992025e-05,1.4672995e-05,0.00035887753
0.0007677237,0.0002154568,0.0045731203,0.023038901,0.34028903,0.5110913,0.111207694,0.008604796,0.0001248779,8.7078115e-05
0.10228684,0.19524784,0.49188158,0.19219151,0.015958788,0.001383535,0.0008111709,7.040961e-05,1.0601812e-05,0.00015778563
3.4820758e-05,3.326371e-05,3.6183872e-05,0.000115741685,0.0003015784,0.0138052255,0.120027296,0.8192269,0.024300536,0.02211843
0.00015175324,0.0001416507,0.0006067485,0.0057912217,0.11700021,0.7245776,0.14590812,0.005576613,0.00017888355,6.7213565e-05
0.0034140733,0.0148950005,0.2061799,0.4447758,0.30869725,0.019544877,0.0023198777,0.00013418288,1.7792463e-05,2.1178075e-05
0.09318007,0.17848352,0.6126659,0.102514096,0.01140582,0.0008276489,0.0007351083,4.505416e-05,9.999985e-06,0.00013270334
0.00035305176,0.0018025218,0.0033942251,0.030316371,0.4096684,0.51858276,0.033708684,0.0015960172,0.00037545196,0.00020256432
8.811381e-05,0.00024133296,0.00012577142,0.0012688491,0.010442912,0.40284404,0.52792543,0.04834466,0.0079250345,0.0007939237
0.00042759426,0.0004678917,0.0021536117,0.011109633,0.24113996,0.29601705,0.4340354,0.012646518,0.0012915664,0.00071082776
0.001943979,0.0020013836,0.05640795,0.11430612,0.68383116,0.12718879,0.0132429,0.00092463463,5.8976013e-05,9.416326e-05
0.0001199317,0.0006170924,0.00024976922,0.003354504,0.015999857,0.33379695,0.5693994,0.06646821,0.009301925,0.00069241854
0.0004819389,0.0007793783,0.005985485,0.052813303,0.54051256,0.3740592,0.024095515,0.0011495396,9.190131e-05,3.1261705e-05
0.0029816716,0.04804356,0.07074261,0.54501057,0.30345634,0.02620411,0.0034031905,7.537423e-05,5.3655167e-05,2.8944434e-05
8.182266e-05,0.00011856214,9.097612e-05,0.00086264225,0.00917082,0.21177451,0.6918077,0.07892724,0.006595916,0.0005698379
0.033872016,0.17249931,0.4539349,0.28377253,0.051899303,0.0021284134,0.0017595385,6.173602e-05,1.8647881e-05,5.3561835e-05
0.016685294,0.06834872,0.44610575,0.4039526,0.05989276,0.003738228,0.0011762914,5.7458426e-05,1.007761e-05,3.2851447e-05
0.028685726,0.06318146,0.49137968,0.36579663,0.046445224,0.0032722391,0.0010996498,8.358616e-05,9.999978e-06,4.5795892e-05
2.7091626e-05,2.4065615e-05,2.3928487e-05,0.00017878666,0.000464944,0.021013347,0.20764251,0.7334537,0.035697084,0.0014745711
0.000483475,0.00076107436,0.0025654917,0.019501254,0.29208362,0.6063976,0.07381808,0.0039197383,0.00037379834,9.584091e-05
0.00026552196,0.0001658885,0.00056514615,0.0018310796,0.020084225,0.23591484,0.58682966,0.14960565,0.0015062726,0.0032316966
0.00015509015,0.00019988757,0.0006509066,0.005398573,0.11843032,0.44027367,0.41698912,0.01708923,0.00064789545,0.00016525919
1.3191665e-05,7.542094e-05,1.2395402e-05,3.9705705e-05,6.603757e-05,0.0008466176,0.023541559,0.15687709,0.7885105,0.030017473
0.036853205,0.14809501,0.34951365,0.39971536,0.060603566,0.0031638995,0.0018682342,0.00010263115,2.794713e-05,5.6526944e-05
0.00037104188,0.0006510311,0.0036278542,0.024892686,0.3511615,0.49044394,0.120923854,0.007536958,0.00031561079,7.553235e-05
0.0016603933,0.0018147944,0.012836892,0.09236336,0.69472915,0.18355402,0.012276359,0.0006843684,5.796923e-05,2.2705774e-05
0.00046535814,0.00095917674,0.0029343404,0.01088189,0.16100352,0.4119094,0.39014474,0.017409408,0.002169515,0.0021226828
1.5065463e-05,6.6513414e-05,1.2720204e-05,2.9646748e-05,5.062984e-05,0.0003864505,0.012371719,0.10040425,0.8680919,0.018571135
1.9398789e-05,6.75903e-05,2.2459317e-05,0.00010809793,0.00025978385,0.008109112,0.15790555,0.5004243,0.31292975,0.02015386
0.06802546,0.28672963,0.41167408,0.21082488,0.020338455,0.0013283395,0.00092754,3.9115188e-05,1.629937e-05,9.621899e-05
0.0021884765,0.0014834857,0.032703463,0.2013882,0.5657043,0.18172473,0.01382708,0.0009151927,4.362919e-05,2.1469703e-05
0.0014284042,0.0009837081,0.03141464,0.07298311,0.64073753,0.24084707,0.010332959,0.0012098086,2.6092443e-05,3.6645764e-05
7.571249e-05,0.00012800148,0.00011561103,0.0014033379,0.020609656,0.28013504,0.66583484,0.028723512,0.0027170358,0.0002573261
4.995718e-05,9.2782786e-05,4.9583345e-05,8.458158e-05,0.00017630332,0.004335244,0.04884138,0.6122844,0.120096534,0.21398923
0.00037147003,0.0001348624,0.0012199954,0.00460218,0.06509362,0.7301403,0.17260733,0.025287854,0.0002577789,0.00028452047
0.0031755508,0.0048411745,0.12616041,0.34141538,0.4613289,0.056902684,0.005618697,0.0005108303,2.2457998e-05,2.393655e-05
0.018979609,0.014511407,0.5063081,0.36772382,0.084591866,0.006101326,0.0015118816,0.00022671814,9.999958e-06,3.5333123e-05
0.0013932213,0.0020762105,0.06876729,0.17736442,0.6602401,0.084705755,0.005095118,0.0003249236,1.7780987e-05,1.51709e-05
5.8436224e-05,0.00010066529,5.9438597e-05,7.467117e-05,0.00023374577,0.0043088417,0.06517778,0.43328077,0.13488702,0.3618187
0.1724007,0.36159256,0.39870524,0.057504725,0.008377576,0.00050011626,0.0006079995,3.9700615e-05,1.2667992e-05,0.00025859565
3.9311373e-05,9.081658e-05,4.0100756e-05,0.00036044585,0.00085620343,0.04297112,0.32199785,0.5284529,0.10002971,0.0051616253
5.1375784e-05,4.9448146e-05,4.8862737e-05,0.00038209112,0.0024879803,0.093623586,0.5910374,0.3043599,0.0067163436,0.0012430499
0.055793107,0.77832615,0.12775137,0.033849563,0.0032762438,0.0003149027,0.0004888389,1.6705935e-05,2.1031876e-05,0.00016211392
1.4005785e-05,9.7302065e-05,1.3255506e-05,2.347488e-05,4.158323e-05,0.00026131677,0.0056743105,0.043034334,0.92662036,0.02422008
2.9842178e-05,0.0001581386,3.0274945e-05,3.2952204e-05,9.9967314e-05,0.00071073836,0.017350838,0.08845697,0.6952577,0.19787255
5.356981e-05,0.00015185749,6.0068905e-05,6.249717e-05,0.00025066527,0.0026779708,0.051482935,0.23089573,0.17010964,0.5442551
1.5938169e-05,3.8383027e-05,1.1774517e-05,6.62322e-05,7.129537e-05,0.0011855464,0.0384826,0.31975034,0.63680613,0.0035717296
2.6123626e-05,9.145553e-05,2.8698501e-05,5.808889e-05,0.00023116909,0.0029050792,0.08638701,0.22383597,0.566493,0.119943455
0.00018382013,0.00025409658,0.0003092057,0.0042088907,0.02091511,0.2119262,0.671102,0.08825935,0.002707213,0.00013416464
0.0021337632,0.0019191977,0.060122453,0.11998224,0.65843076,0.13766305,0.0177748,0.0018133251,5.9292706e-05,0.000101140686
0.00046440228,0.00046184965,0.0058098664,0.04748548,0.57575333,0.3382431,0.03053704,0.0011505384,7.095421e-05,2.348753e-05
5.1573334e-05,7.7229015e-05,7.49871e-05,0.00072180625,0.004487252,0.17005011,0.6280376,0.18708745,0.008801002,0.00061107136
0.000100193065,0.00012199258,0.00011578093,0.00020007191,0.00070274697,0.010399916,0.1321205,0.47087806,0.041349575,0.34401116
0.00016559321,0.00013671457,0.00017608404,0.0013597901,0.010897956,0.4874704,0.4341881,0.06198918,0.0023790614,0.0012370824
0.0056269774,0.04901866,0.16009463,0.49556026,0.26106712,0.025794484,0.0026825536,9.197894e-05,2.8481005e-05,3.4780536e-05
2.482501e-05,2.8529465e-05,2.3160472e-05,0.00019129425,0.0007798875,0.029520608,0.41363782,0.5183524,0.03567208,0.0017694375
0.10784931,0.092555955,0.66906255,0.11782701,0.010960727,0.00080260815,0.0007222478,7.009027e-05,9.9999625e-06,0.0001395244
0.0049549597,0.02605346,0.19623996,0.5069775,0.24903892,0.0145998895,0.0020213325,7.7115146e-05,1.7174812e-05,1.9708736e-05
1.9046704e-05,4.1517247e-05,1.4265894e-05,6.992463e-05,8.868042e-05,0.0018908705,0.03250141,0.5580841,0.39285487,0.014435379
0.00037401327,0.0006590875,0.00518825,0.034209687,0.5835413,0.31854635,0.05473374,0.0025270479,0.00018131918,3.926384e-05
0.013757587,0.22016856,0.31373242,0.37636027,0.0710837,0.0029508923,0.0018440764,3.905228e-05,3.1592583e-05,3.182725e-05
1.5154053e-05,3.1304364e-05,1.4026424e-05,8.76517e-05,0.00013348347,0.003509626,0.060371205,0.7760684,0.15506643,0.004702772
0.0039442456,0.008711569,0.10265034,0.4873674,0.362811,0.030885752,0.003310817,0.0002628696,3.2915465e-05,2.3201766e-05
0.00033216487,0.00044147653,0.0032562097,0.03153369,0.38578868,0.52301323,0.0529496,0.002487946,0.00015391399,4.3072345e-05
0.00018250215,0.0006460351,0.0008488106,0.014588477,0.10391204,0.57932645,0.29070818,0.008244909,0.0014365423,0.000106110274
0.0013554805,0.0014551963,0.022098573,0.099312544,0.6653679,0.19424874,0.014475255,0.001568428,8.651062e-05,3.1424686e-05
0.00038277762,0.0005064131,0.004569668,0.041308552,0.45590052,0.45603228,0.03914012,0.0019931896,0.00012678656,3.973186e-05
0.0005548924,0.0003936848,0.0035799139,0.0221361,0.20173505,0.6923827,0.07214454,0.0068061543,0.0001855267,8.147748e-05
6.500288e-05,4.1522566e-05,7.13838e-05,0.00027030605,0.0012171286,0.03463397,0.30010536,0.64833504,0.005743771,0.009516506
0.00055782316,0.0010010322,0.006034202,0.05168264,0.57748055,0.34112084,0.021433018,0.00056938507,8.5905274e-05,3.463018e-05
0.000946437,0.0038050832,0.021167547,0.1724759,0.63049936,0.15838216,0.011944512,0.0006603717,9.727783e-05,2.1304437e-05
0.0033108701,0.009059853,0.12604225,0.34264934,0.4844525,0.031098897,0.0031386232,0.00020897979,2.0517544e-05,1.824931e-05
0.021115707,0.26053718,0.23093268,0.41225457,0.06841052,0.004055675,0.0025027322,7.783002e-05,6.165569e-05,5.146164e-05
2.214707e-05,5.0882012e-05,2.4487419e-05,7.878348e-05,0.00017652361,0.002282335,0.05833845,0.6873958,0.22471614,0.02691447
0.007408463,0.08516546,0.24205661,0.52061975,0.1353144,0.007336537,0.0019578056,8.126077e-05,2.4973153e-05,3.4752e-05
0.0025181486,0.014311099,0.11438133,0.5344895,0.30065092,0.030960841,0.00253871,0.00010893668,2.607777e-05,1.4454429e-05
0.02604173,0.059365556,0.4527262,0.41953152,0.038710944,0.0025175088,0.0009868725,7.920444e-05,9.999958e-06,3.0541793e-05
0.019215075,0.034351896,0.49509865,0.3662755,0.07830997,0.0051437225,0.0014296665,0.000118252254,9.999993e-06,4.7289017e-05
0.017824078,0.03937954,0.40321422,0.3816427,0.14814316,0.0065985,0.0029035325,0.00022315103,2.0867548e-05,5.028472e-05
0.0007982962,0.0006077674,0.005223597,0.015617488,0.22545968,0.48184282,0.25106856,0.017164994,0.000657352,0.0015593948
0.00025670984,0.00018756108,0.0008528565,0.007209475,0.090780646,0.58009595,0.29228753,0.027784422,0.00045448192,9.030504e-05
9.217733e-05,7.329644e-05,0.00010127668,0.00018233142,0.0006105879,0.013486676,0.12597083,0.7303966,0.022407297,0.10667888
0.00035745627,0.00013116279,0.0009021153,0.0050854133,0.05357243,0.72886145,0.18956243,0.021132216,0.00021271534,0.00018257741
2.5148718e-05,0.0001578296,1.9302543e-05,4.1373958e-05,6.3909385e-05,0.0005135841,0.008882362,0.17971234,0.72898746,0.08159674
2.4005874e-05,4.6677767e-05,2.5964087e-05,0.00018462946,0.00069525826,0.022686163,0.37415496,0.48910233,0.10857661,0.0045034527
2.4941848e-05,3.2652984e-05,2.3948785e-05,0.00017827321,0.0005693139,0.01604038,0.24596578,0.6928583,0.040218756,0.0040877312
0.0027027337,0.014551775,0.05099244,0.5343901,0.33657685,0.055654008,0.004788913,0.00023565265,8.279479e-05,2.4815612e-05
0.00023605661,0.0007294996,0.0020249838,0.024616437,0.27128273,0.53657216,0.15637796,0.007610723,0.00048434237,6.5208566e-05
2.572334e-05,5.4821274e-05,2.750374e-05,0.00017398555,0.0002231572,0.004182586,0.06616984,0.84139216,0.081427,0.0063232332
0.013120334,0.059403535,0.48984274,0.35224435,0.07937558,0.0038941794,0.0019474882,9.904422e-05,2.001232e-05,5.267935e-05
0.00024871333,0.00031433732,0.0016892621,0.012448731,0.21582197,0.67567885,0.08964414,0.003916267,0.00016584905,7.188496e-05
0.036434337,0.029165654,0.52646637,0.3564361,0.046697147,0.003502857,0.0011129546,0.00013223363,9.999952e-06,4.2400945e-05
0.0075875362,0.030682962,0.23886955,0.6359001,0.07921965,0.0062425486,0.0013500697,0.0001119807,1.4392839e-05,2.1261094e-05
0.07667233,0.3949795,0.42239642,0.09544661,0.008531004,0.00087207457,0.000845508,4.8749007e-05,1.979345e-05,0.00018793835
0.00014561357,0.00023885211,0.00010796991,0.000101745725,0.00022624202,0.0023312904,0.02261215,0.27374655,0.054385643,0.646104
2.3269158e-05,8.067643e-05,2.4610059e-05,5.5275766e-05,0.00019803869,0.0024860806,0.08138206,0.25018543,0.5713886,0.094175935
0.00012715267,0.0001149384,0.00024053884,0.0007931267,0.011095981,0.13558641,0.72827923,0.11768499,0.0024432354,0.0036344035
2.0564805e-05,0.00015366096,1.9157542e-05,3.592841e-05,7.724644e-05,0.0006780254,0.0114587145,0.13617131,0.71040565,0.14097974
0.0018154866,0.013820166,0.06625343,0.4169816,0.4517705,0.045006737,0.0041564927,0.00013402264,3.9792027e-05,2.178621e-05
0.00041228888,0.00062307727,0.0014027063,0.00996283,0.16695733,0.50156516,0.29582655,0.020576715,0.0021939108,0.00047936148
0.04772585,0.047148835,0.5530192,0.31468016,0.033828203,0.002442029,0.0009930739,0.000101532234,9.999957e-06,5.1040763e-05
0.00056466425,0.0005496665,0.006434596,0.040704824,0.6596544,0.23654856,0.053018555,0.0023694574,0.00012448074,3.085425e-05
0.004559534,0.0052293693,0.1712213,0.37697735,0.39261866,0.04468903,0.0040957574,0.0005707961,1.5162615e-05,2.3066248e-05
1.4856192e-05,2.2631266e-05,1.5389163e-05,9.168993e-05,0.00019532088,0.006657496,0.13159613,0.7357889,0.121290885,0.0043267314
0.0004481672,0.0013324207,0.011178546,0.068409994,0.75954723,0.14943354,0.008996547,0.00052285794,8.440423e-05,4.634127e-05
3.512442e-05,3.6741647e-05,3.500737e-05,0.0003684602,0.0015730694,0.065751776,0.5058023,0.41408768,0.011393422,0.0009164688
0.24426095,0.11137507,0.56839705,0.066786736,0.007560991,0.00062516844,0.0005701465,9.47e-05,9.999966e-06,0.00031912213
0.013982644,0.017606087,0.47852808,0.28695422,0.18390532,0.016217658,0.0023878317,0.00034205432,1.2652986e-05,6.34882e-05
0.20594402,0.13786106,0.5091847,0.13076009,0.013203339,0.0015149293,0.0010020552,0.00013500359,1.4377643e-05,0.0003803514
2.1878534e-05,4.8143953e-05,2.4989384e-05,0.00013675792,0.00025415816,0.00418009,0.13241035,0.5401873,0.31865644,0.0040799202
7.088855e-05,6.59083e-05,8.406687e-05,0.0010139539,0.011080067,0.15848528,0.7900561,0.037272904,0.001712247,0.00015858872
0.00015485413,0.00018583257,0.00026163092,0.00070134155,0.0077194567,0.088317804,0.7346826,0.1389108,0.008415746,0.020649891
0.00037915443,0.0014055211,0.0051967846,0.04774996,0.6345935,0.28282076,0.026687974,0.0009769318,0.00015885025,3.0612573e-05
0.00011843935,7.2313574e-05,0.00016913877,0.00040716186,0.0037364953,0.0939456,0.6044574,0.2796909,0.0043381257,0.013064395
0.00051116035,0.0014865837,0.003541527,0.030368533,0.39809662,0.4284337,0.13235493,0.003997352,0.0007947197,0.0004148399
4.3489144e-05,7.406668e-05,5.376075e-05,0.00013290391,0.000557603,0.01276361,0.1593329,0.56388414,0.15151292,0.111644596
0.00015086212,0.000372993,0.00033178733,0.0034438279,0.021506295,0.5209128,0.40909752,0.040357556,0.0034579793,0.00036840743
0.0078372685,0.01975154,0.21174082,0.4656235,0.2690526,0.022623606,0.0030209601,0.00029400314,2.5903817e-05,2.9722332e-05
6.110189e-05,0.00015973112,8.63259e-05,0.00081911386,0.007893815,0.28310204,0.6498646,0.050603632,0.0066435663,0.00076602073
0.035915874,0.12324973,0.5605352,0.24980366,0.027587868,0.0016483294,0.0011386116,4.584244e-05,1.2318233e-05,6.258053e-05
4.882277e-05,0.0005107573,4.253539e-05,2.8438175e-05,7.532137e-05,0.00034372802,0.0038779532,0.047050886,0.31355843,0.6344632
2.165053e-05,4.6340014e-05,2.8108861e-05,0.00024393902,0.00060687674,0.012327866,0.25598204,0.6615233,0.06669218,0.0025277347
3.7278936e-05,7.9750935e-05,4.5189416e-05,0.00042307263,0.0024070034,0.10108082,0.62068236,0.25577584,0.01734058,0.002128118
0.000118620235,7.48239e-05,0.00014416674,0.00058798917,0.0081059905,0.1556034,0.7101983,0.11917997,0.0026494877,0.0033372985
0.030976983,0.23395988,0.408952,0.2859066,0.03638034,0.0022925125,0.0013913179,5.662173e-05,2.4899182e-05,5.88095e-05
0.005386093,0.026012776,0.2972326,0.48583856,0.17363572,0.010074089,0.0016854639,9.556628e-05,1.5151139e-05,2.3970284e-05
1.8220067e-05,5.061014e-05,1.6949201e-05,9.392945e-05,0.00012327792,0.002557172,0.042293735,0.6979359,0.24739507,0.009515148
4.3761673e-05,3.4896006e-05,3.8209782e-05,0.00018848201,0.00063261064,0.03572417,0.2712593,0.66000944,0.020666154,0.011402908
0.00012340146,0.00021058587,0.00021693352,0.0014171714,0.015855886,0.22053565,0.69561976,0.061186172,0.003013296,0.001821158
0.041159928,0.39641577,0.35450858,0.18715857,0.018170426,0.0014055277,0.0010282972,4.366099e-05,2.4803869e-05,8.4438056e-05
0.00018508827,0.00012522086,0.00037509395,0.0036500758,0.036928643,0.53892744,0.38886553,0.030294979,0.00044508473,0.00020288874
0.001195246,0.0019040107,0.017411662,0.0899578,0.63626623,0.24309099,0.009580713,0.00052191067,4.035381e-05,3.1080046e-05
1.6343878e-05,4.2707114e-05,1.7189046e-05,7.2099916e-05,0.0001496643,0.002496897,0.059054714,0.71222705,0.20382585,0.022097498
0.00019223843,0.00017972002,0.00033561382,0.0027032874,0.023814859,0.64417547,0.29414344,0.033474214,0.00060297473,0.000378211
0.0049045994,0.0041358373,0.19594488,0.32437167,0.4282564,0.03829689,0.0035947016,0.00046341663,1.1400446e-05,2.0295289e-05
0.16287272,0.793843,0.03507419,0.0041504647,0.0024411916,0.0001507888,0.00027560443,4.3787564e-05,2.1451295e-05,0.0011268035
1.9639945e-05,0.00018954035,2.117348e-05,3.205144e-05,6.61563e-05,0.0004634928,0.008673356,0.08786584,0.7724991,0.13016972
0.009375099,0.11300452,0.20477174,0.56736183,0.09349926,0.00950144,0.0022835187,0.000102083926,5.612467e-05,4.439399e-05
0.01358224,0.07077105,0.36963356,0.46855733,0.0721574,0.0037977272,0.0014092576,4.719459e-05,1.3753978e-05,3.046914e-05
0.0004229153,0.000426063,0.0031932916,0.023424195,0.42721224,0.44744867,0.091415964,0.0062232027,0.00018378595,4.9683695e-05
0.08346489,0.3132924,0.41781342,0.16610734,0.017123284,0.0011605818,0.0008586159,4.056346e-05,1.5718977e-05,0.00012320394
0.0745198,0.15120031,0.5274408,0.221053,0.022822974,0.0018569871,0.0009224694,6.362035e-05,9.999993e-06,0.00011013039
0.00050473015,0.0005027871,0.0069984845,0.037444156,0.555468,0.3777075,0.020076975,0.0012283789,4.475411e-05,2.4120087e-05
0.29637748,0.37016645,0.2876679,0.03798967,0.0061875447,0.00050563336,0.00047535068,6.485128e-05,1.140623e-05,0.0005538073
0.10410369,0.019354522,0.6649207,0.15315108,0.047384024,0.0053412816,0.0036879384,0.0012540916,2.5491308e-05,0.00077723234
0.00039653297,0.0002725196,0.0010844285,0.0058860555,0.119976714,0.29913133,0.55011195,0.021311926,0.0011657655,0.00066287373
0.011858507,0.16204529,0.2531959,0.39809155,0.16256207,0.008918661,0.003097293,7.565018e-05,8.56054e-05,6.952247e-05
0.0008640777,0.0006543506,0.0102913715,0.03202103,0.49105442,0.396219,0.064452335,0.0039611687,0.00023323558,0.00024903266
0.00016837359,0.00061228627,0.0008694163,0.009142388,0.103714176,0.7548381,0.12481054,0.0049225525,0.0007747275,0.00014735847
1.5738737e-05,2.7864304e-05,1.5543348e-05,8.2152284e-05,0.00019633865,0.004594424,0.09085132,0.79687786,0.09838567,0.008953056
5.3881075e-05,0.00015718894,5.385965e-05,3.6524263e-05,0.00015034532,0.0014289897,0.014564954,0.10211207,0.046604406,0.8348378
0.00012490043,0.000114809685,9.810729e-05,0.00014745694,0.00034816272,0.008115351,0.071705684,0.6587794,0.05413123,0.20643494
4.5006247e-05,5.4718013e-05,4.427381e-05,0.00049180834,0.0011577194,0.05800228,0.36202592,0.5480377,0.029344229,0.00079636794
2.5075295e-05,0.00012315354,2.0364674e-05,6.2504936e-05,8.290372e-05,0.00083128887,0.014606447,0.3261462,0.61111546,0.04698667
4.0511768e-05,0.00043413605,3.8493374e-05,2.1881986e-05,7.513219e-05,0.00033559548,0.0031648178,0.023238132,0.26796803,0.70468324
0.00043371704,0.0004262473,0.0058595873,0.04484452,0.622901,0.2983672,0.026106967,0.00097421097,6.495157e-05,2.1524847e-05
2.04239e-05,0.00018973104,1.9885172e-05,2.0391786e-05,4.5673456e-05,0.00020546226,0.003779132,0.028638368,0.8790182,0.08806275
6.91011e-05,4.4802757e-05,5.4478664e-05,0.0003922131,0.0032053916,0.15718028,0.64412695,0.18880142,0.0045205164,0.0016049062
0.00039039773,0.0011015089,0.005778102,0.04948168,0.73923075,0.18617986,0.017272273,0.0004302141,0.00011802085,1.7247174e-05
9.1189955e-05,0.00045760142,7.3566145e-05,5.3610212e-05,0.00013270945,0.0008987273,0.0053832177,0.058709968,0.040097766,0.8941016
0.0063458458,0.03434416,0.20495193,0.61144674,0.12790957,0.012937367,0.001883472,0.00014330524,1.5947528e-05,2.1617869e-05
4.1179806e-05,3.890684e-05,3.8656748e-05,0.00040868073,0.0017441001,0.07210537,0.51283133,0.40174335,0.010216496,0.0008318466
0.00031147824,0.00033515293,0.0015333733,0.009663118,0.12653966,0.51393205,0.32446274,0.021704393,0.0010268912,0.00049120974
0.0023910452,0.00349067,0.053507198,0.2152586,0.6019566,0.115269326,0.007339031,0.0007132466,5.1846786e-05,2.244663e-05
0.00079164084,0.0010716637,0.011552514,0.04171184,0.61978143,0.2765047,0.045689292,0.0024305338,0.00028046692,0.00018593771
2.3856914e-05,4.52115e-05,2.4498126e-05,0.00018796312,0.0002907922,0.0075347866,0.118688375,0.78510725,0.08426952,0.003827798
0.00030362033,0.00019602994,0.0014065152,0.0045836098,0.09479195,0.5748691,0.30762413,0.015002246,0.00045967617,0.0007631594
0.0013931808,0.0018085825,0.034371685,0.076586485,0.76905346,0.102987796,0.012751147,0.0008496006,8.729197e-05,0.000110718225
0.0012167777,0.0006891402,0.019043978,0.05664052,0.63609326,0.2507474,0.032272827,0.0031248007,7.362004e-05,9.767582e-05
0.0006158736,0.0009275473,0.007624846,0.05125468,0.5684713,0.35029247,0.019983485,0.0007098525,8.1303566e-05,3.865016e-05
2.0244119e-05,4.7374495e-05,2.3777178e-05,0.00016210847,0.0003096783,0.006430105,0.081663534,0.8195922,0.086163916,0.0055870945
7.366489e-05,0.00023324545,5.911507e-05,5.5623314e-05,0.00012344761,0.0010055789,0.010362303,0.20912176,0.08609703,0.69286823
0.021308161,0.4393758,0.17925642,0.2970234,0.05569386,0.0049772887,0.002175155,5.8387628e-05,3.9714017e-05,9.18526e-05
0.00030675865,0.0003547538,0.003036905,0.02285784,0.3756412,0.544356,0.0512359,0.0020781471,9.765933e-05,3.491841e-05
2.2374521e-05,0.00013998446,2.1678603e-05,5.0470207e-05,0.00011719231,0.0011606892,0.022802453,0.2467409,0.5843753,0.14456898
0.010285858,0.10332142,0.20578872,0.6144222,0.059227496,0.005180686,0.0016383918,7.1331335e-05,3.3605615e-05,3.0338431e-05
0.0013188211,0.0023462037,0.0398791,0.19618288,0.6163276,0.13695395,0.0065113246,0.0004273292,3.569541e-05,1.7111028e-05
0.0011494852,0.0013952147,0.012709342,0.08547228,0.6405013,0.22414047,0.029796995,0.004663905,0.00012936235,4.1679006e-05
0.54248995,0.26852196,0.167735,0.015595533,0.0037320324,0.0003255135,0.0003718759,0.00011887756,1.1453988e-05,0.0010977844
0.47187182,0.27005988,0.22663842,0.025338141,0.0044709146,0.0003852402,0.00038635833,9.189188e-05,9.9999925e-06,0.0007472393
4.4454435e-05,0.00015063488,6.238895e-05,0.0007653285,0.0019743748,0.0909084,0.5543646,0.3055127,0.044202253,0.0020147613
0.5937721,0.27528447,0.115312375,0.010045207,0.0032730112,0.00028857627,0.0003553088,0.0001431764,1.3592283e-05,0.0015120616
0.00013766742,0.00026465036,0.00015529641,0.0030697796,0.008446871,0.2802673,0.57715935,0.121898614,0.008300259,0.00030019972
0.0021807346,0.0026135307,0.048813235,0.18405245,0.64449054,0.113399975,0.00413466,0.00028479908,1.5760426e-05,1.4312569e-05
0.0017593761,0.0033422185,0.049013693,0.19660513,0.67782444,0.06633423,0.00479346,0.0002744859,3.732931e-05,1.569067e-05
3.6163096e-05,4.8938553e-05,3.5652247e-05,0.00045998697,0.0016181963,0.059147876,0.48843727,0.430949,0.018196484,0.0010703838
0.051526,0.047014333,0.6280814,0.24499282,0.025461053,0.0018246399,0.0009286446,9.705543e-05,9.999958e-06,6.412899e-05
0.00012115588,6.424938e-05,0.000105672225,0.0002309483,0.0009531798,0.018610839,0.19811809,0.68287146,0.020032156,0.078892194
0.00013202315,0.00013799524,0.0002738956,0.003185771,0.053479,0.35500336,0.5692571,0.017623527,0.00078135956,0.00012591697
0.000121335295,0.00017091089,0.0001814809,0.001623919,0.005378781,0.24787591,0.4205455,0.3142868,0.008249553,0.0015658394
5.784855e-05,3.1866217e-05,4.4922836e-05,0.0002493054,0.00085132185,0.046942096,0.2944673,0.6438313,0.008647711,0.0048764003
0.00017109721,9.092006e-05,0.00035432226,0.0020320662,0.028940516,0.4203945,0.48494494,0.061946336,0.0005582417,0.0005671062
0.0006318476,0.0006425136,0.007704548,0.048219234,0.68363243,0.23165044,0.025709523,0.0017039967,8.0173275e-05,2.5213354e-05
0.000104902836,8.216975e-05,9.816795e-05,0.0009387861,0.0048129815,0.10822572,0.4741767,0.40601933,0.004893169,0.00064797
0.0004883396,0.0030767748,0.0054704947,0.05252416,0.51842827,0.36926207,0.048832662,0.0010528697,0.0007860407,7.83243e-05
3.1033032e-05,0.000100521625,3.457227e-05,8.758517e-05,0.0003005922,0.0034768807,0.12293798,0.2906105,0.5064697,0.075950615
0.00013868064,0.00010077172,0.00018003969,0.0005944435,0.008430882,0.19404055,0.68052197,0.10399073,0.0042806994,0.007721243
0.0018077518,0.0014997585,0.041064996,0.1086286,0.6673,0.15707658,0.02068531,0.0017701377,7.128126e-05,9.56225e-05
0.00017441883,0.000102476406,0.00025369952,0.001570463,0.012339717,0.29853064,0.47702658,0.20819531,0.0009723071,0.00083432277
8.906098e-05,0.00013813017,0.000106685395,0.00015789531,0.0006329279,0.007689561,0.09409793,0.41044626,0.042794824,0.44384667
0.010150134,0.014263146,0.39077333,0.3415199,0.22103179,0.019565694,0.0023581518,0.00028589106,1.1293858e-05,4.0667328e-05
2.0108562e-05,5.2669897e-05,2.1712787e-05,5.5747656e-05,0.00013081069,0.0021699509,0.057879034,0.40555468,0.49186257,0.042252727
0.06793557,0.78788453,0.114964284,0.024461506,0.0037151037,0.00031348327,0.0004961601,2.2106724e-05,2.5900577e-05,0.00018121231
0.055761993,0.06293918,0.57589763,0.27110097,0.030556485,0.0023522729,0.001118992,0.00015148186,1.0137518e-05,0.00011080736
0.0026143733,0.0050611207,0.16571374,0.31284094,0.47302914,0.037001047,0.0034759403,0.00023221153,1.5228751e-05,1.6311333e-05
0.0013853761,0.0047476697,0.02623096,0.31868425,0.5521735,0.090351015,0.006123179,0.00023102101,5.872124e-05,1.4335387e-05
0.010507217,0.12681277,0.24730057,0.37763616,0.21610536,0.018465186,0.0027667684,0.00014936282,7.39229e-05,0.00018268057
0.023573367,0.020282038,0.356698,0.3940546,0.19350609,0.0090049105,0.0025022204,0.00030933533,1.7231936e-05,5.2243187e-05
1.4576591e-05,5.558228e-05,1.1497189e-05,4.690426e-05,7.173344e-05,0.0010476111,0.021299314,0.26928613,0.68087786,0.027288847
0.00049677613,0.000809989,0.0048485454,0.026107028,0.5115369,0.31876838,0.13277414,0.0037672385,0.00063114316,0.00025985297
0.00045450433,0.00076574355,0.0072863493,0.065995716,0.6682876,0.23424655,0.021768846,0.0010379984,0.0001297845,2.7003805e-05
1.869649e-05,3.0534764e-05,1.8258408e-05,0.000113289534,0.0003484017,0.011595481,0.24796784,0.5882319,0.14793693,0.0037386671
0.00012270207,0.0001379387,0.000101250494,0.0003901286,0.0013528718,0.05630089,0.3430612,0.46275514,0.036809444,0.0989684
0.002075357,0.015958533,0.08636403,0.45472437,0.4030877,0.03399088,0.0035922697,0.00014439138,3.7233236e-05,2.5282297e-05
7.735476e-05,7.393142e-05,0.00011340005,0.0012217261,0.0099045355,0.18516178,0.6992781,0.102216706,0.001754901,0.00019760201
0.02031068,0.087147385,0.40590534,0.4193581,0.06279184,0.0030600722,0.0013215768,6.1709514e-05,1.291553e-05,3.0385976e-05
0.00014145594,0.00026471363,0.0003582894,0.0031263835,0.04869904,0.3046371,0.61227214,0.02666675,0.0033379858,0.0004962127
7.621916e-05,0.00017120225,0.00011111567,0.001072302,0.00848503,0.26374558,0.63029027,0.08781271,0.0075852433,0.00065039546
0.19939423,0.08318367,0.58701944,0.118007705,0.010595109,0.0007806958,0.00070915004,9.41118e-05,9.999959e-06,0.00020591784
0.00073632284,0.0012082023,0.010293675,0.08494087,0.5790971,0.3041577,0.018441554,0.0010132031,8.179765e-05,2.9647785e-05
5.9494956e-05,0.00010471707,5.626572e-05,0.0006533455,0.0024953063,0.107292786,0.5973375,0.27718154,0.012667471,0.002151588
1.6027927e-05,5.7391855e-05,1.7052935e-05,6.2310566e-05,0.00012763297,0.0030214267,0.076334156,0.40498888,0.4850236,0.030351503
0.12171195,0.3186696,0.36773384,0.14439088,0.04073271,0.0033656699,0.0025574714,0.00029316827,9.062965e-05,0.0004540677
0.0014991681,0.0034198214,0.036029354,0.24856734,0.6235265,0.08041524,0.006150377,0.00032960068,4.6979065e-05,1.5610549e-05
0.00082887185,0.004777718,0.021554686,0.15440357,0.71998566,0.092194684,0.0060238023,0.00015459447,5.8375867e-05,1.8034469e-05
2.7128879e-05,2.9730641e-05,2.610656e-05,0.00021007634,0.0007860404,0.026793318,0.36634406,0.5719005,0.03212383,0.0017593058
0.0004250417,0.0005773652,0.0021467295,0.014524363,0.29593128,0.52546877,0.15122129,0.008746607,0.0007832907,0.00017528776
7.6200515e-05,0.000117975855,0.00012264238,0.0006852861,0.00521332,0.08281188,0.73548985,0.16587351,0.0069644107,0.0026448988
2.8093356e-05,6.107884e-05,2.8313209e-05,0.00015288031,0.00019024214,0.0033563215,0.049017336,0.84071803,0.09725882,0.009188939
0.0006454046,0.0025767817,0.007860498,0.075931646,0.5597366,0.30692196,0.04377023,0.0021728869,0.00034496127,3.898579e-05
4.958986e-05,0.00021947536,4.4497447e-05,2.9645083e-05,0.00010438046,0.0007680577,0.006676359,0.06464906,0.056184523,0.8712744
0.0011958116,0.0019373709,0.03577503,0.23866448,0.6251316,0.09128774,0.0056747226,0.0002852124,3.2331434e-05,1.5738971e-05
1.852892e-05,8.572581e-05,1.6748794e-05,5.2930314e-05,0.00010925678,0.0017832705,0.046573296,0.16643456,0.75237477,0.032550942
5.107876e-05,6.0993752e-05,6.268671e-05,0.00014275275,0.0006910572,0.022549676,0.206671,0.67148185,0.035134252,0.06315459
2.6227577e-05,0.00014339895,2.0803276e-05,5.4274984e-05,7.157449e-05,0.0006567985,0.012000688,0.23825614,0.6975224,0.051247746
2.9208766e-05,0.00028392344,3.0992745e-05,5.3525535e-05,0.00018494659,0.0021856984,0.016061768,0.1521573,0.29089612,0.5381165
1.774942e-05,0.00015542615,1.7334336e-05,1.9393921e-05,4.336832e-05,0.00020743447,0.004105879,0.03337179,0.88834494,0.07371673
8.816173e-05,6.3190004e-05,7.993147e-05,0.0006357744,0.0056069107,0.20499359,0.6089106,0.1749643,0.0041616387,0.0004959067
0.008128065,0.010302781,0.31408617,0.2761515,0.34719765,0.040001318,0.003585036,0.0004797097,1.6181968e-05,5.167095e-05
0.000987802,0.0013017077,0.008974904,0.068735875,0.6077385,0.25652456,0.050666478,0.004749469,0.0002742179,4.6495625e-05
0.0042084977,0.008570609,0.022230364,0.15769461,0.53974754,0.24127221,0.024165187,0.0017041011,0.00030567145,0.00010119127
0.00019159916,0.00019425854,0.0005172169,0.0048364094,0.033423834,0.60605264,0.32718003,0.026716067,0.00066960574,0.00021841085
9.984132e-05,0.00011789858,0.0002123464,0.003184376,0.03846109,0.34753117,0.5853506,0.023963518,0.0009793316,9.9858844e-05
0.001281671,0.0015984079,0.014776115,0.0972516,0.657364,0.1957991,0.028881615,0.0028305165,0.00018031134,3.669831e-05
0.00080450816,0.0005781697,0.006870825,0.01736198,0.23435718,0.59417194,0.1352839,0.009660721,0.00035841847,0.000552269
6.280051e-05,0.00018478968,6.635491e-05,0.00067717227,0.002194349,0.10776173,0.5477861,0.25653195,0.079653986,0.0050808415
0.383854,0.28673872,0.27606255,0.042523187,0.009248255,0.0004812349,0.00056430814,7.276145e-05,1.5026261e-05,0.00044003068
0.0017452092,0.01904164,0.036674004,0.27464458,0.585089,0.07634155,0.006177679,0.00017238657,8.8286164e-05,2.5639307e-05
0.003155885,0.016467797,0.07799118,0.3376642,0.4975697,0.06295652,0.0040173633,0.00010997706,3.5116907e-05,3.233064e-05
5.070148e-05,0.00011269123,7.416066e-05,0.00032686593,0.002927977,0.05015547,0.6575693,0.2217683,0.050498277,0.01651623
1.8044622e-05,8.933055e-05,1.8224257e-05,3.8049464e-05,8.383614e-05,0.0011875137,0.026980907,0.2488215,0.6224128,0.10034983
0.0026406862,0.02392487,0.10484786,0.5052964,0.33455852,0.02514066,0.0033939302,0.0001242879,4.2369862e-05,3.0312245e-05
0.0027844196,0.0059624566,0.14311166,0.38569385,0.42767808,0.0314947,0.0030606713,0.00018321782,1.6015276e-05,1.4783978e-05
0.001583622,0.0022579455,0.015660519,0.13328335,0.65700346,0.16494663,0.023075465,0.0019932,0.00016711556,2.8674936e-05
0.00016224256,0.00050719467,0.00070697576,0.0064427494,0.08283466,0.7654053,0.13299993,0.009435512,0.0009248654,0.00058053085
0.0059673414,0.122960754,0.098007664,0.5007587,0.24103439,0.027342511,0.0036974438,0.00010186757,6.986562e-05,5.9512513e-05
0.00040610097,0.0005829251,0.0036150522,0.021343602,0.37537622,0.40226245,0.18872097,0.0066343816,0.0007612081,0.0002971574
2.8618018e-05,3.911739e-05,3.088549e-05,8.637551e-05,0.00023866381,0.010723962,0.08150025,0.8129162,0.054427233,0.040008653
1.9340725e-05,8.264262e-05,1.9498757e-05,9.04897e-05,0.00016811423,0.004363884,0.07511982,0.34427813,0.55361277,0.02224533
0.7335968,0.15014681,0.09691395,0.011081598,0.0044475608,0.0004886153,0.0004842946,0.0003320704,1.9514344e-05,0.0024887864
0.00022635306,0.0008963808,0.0015582491,0.01864966,0.38310635,0.49796638,0.09497249,0.0018552606,0.00067842,9.037581e-05
0.00041894952,0.00013185272,0.0016513686,0.008965502,0.10066916,0.6439424,0.21683443,0.02706295,0.00018740317,0.00013602091
6.26469e-05,9.377706e-05,9.2735194e-05,0.0004947825,0.0073010917,0.10300248,0.78734946,0.09213477,0.006966756,0.0025014528
0.003301228,0.017974745,0.090295374,0.53484464,0.32245487,0.025512073,0.0053630946,0.00016908534,6.351721e-05,2.1423008e-05
0.00016729,5.0087066e-05,0.00011853014,0.0005589351,0.0037408003,0.2652327,0.32559523,0.40140414,0.0015711149,0.0015611742
3.448941e-05,3.8794242e-05,3.112636e-05,0.00017370295,0.00037854776,0.008638102,0.20015712,0.6462702,0.14192818,0.0023497986
0.00030181045,0.001177628,0.003276578,0.0320642,0.43918008,0.4866067,0.03605924,0.0010110156,0.000272279,5.0471226e-05
0.0007876739,0.0010507267,0.018116431,0.084440224,0.68462074,0.20205021,0.008249991,0.00063886674,2.8027678e-05,1.7180917e-05
0.00027946234,0.00031031866,0.0007612758,0.007180919,0.065677635,0.75535524,0.16173041,0.007991509,0.00049427943,0.00021897213
7.017941e-05,0.0007765131,5.9973678e-05,3.1877393e-05,8.016246e-05,0.0003057664,0.0033066801,0.031099608,0.26719627,0.697073
0.000104046434,6.419696e-05,0.00011569854,0.00085153343,0.010621935,0.29661474,0.6268054,0.062898055,0.0013997823,0.00052462507
0.00013106392,0.000100778496,0.00025482423,0.0015015802,0.017835129,0.2738142,0.6303335,0.074796595,0.0008191183,0.00041322963
0.021933183,0.19770907,0.32747248,0.33664757,0.1080347,0.005030326,0.0029667392,8.859674e-05,4.4567852e-05,7.286588e-05
1.7838176e-05,0.00013712757,2.197337e-05,2.5103567e-05,9.764726e-05,0.0006594297,0.01561769,0.09051448,0.6445744,0.24833427
1.8372679e-05,2.7692435e-05,1.9464653e-05,0.00011892599,0.0002628297,0.0058889454,0.08727233,0.8445011,0.058449488,0.0034407962
0.052191276,0.0350687,0.73455936,0.118576795,0.050317008,0.005090248,0.003076345,0.00054994156,2.891615e-05,0.0005414465
5.542629e-05,9.148557e-05,7.576453e-05,0.0005592831,0.006362196,0.10349054,0.79080147,0.08736742,0.00909921,0.0020972425
0.014956441,0.113944866,0.45407134,0.37566355,0.03702947,0.0029640882,0.0012672432,4.69766e-05,1.7516362e-05,3.856495e-05
3.9706294e-05,2.8313985e-05,3.2320047e-05,0.00010823059,0.0002752024,0.014171732,0.071078315,0.8794672,0.018602708,0.01619633
0.0014157782,0.0007984156,0.018952828,0.032126863,0.50259036,0.37018278,0.06721573,0.006055596,0.00020452394,0.00045709574
0.0001797703,0.00022344243,0.0005668361,0.0053389724,0.0773535,0.77986515,0.13144158,0.004688509,0.00024350839,9.872427e-05
3.117893e-05,9.354084e-05,3.3224725e-05,0.00039748434,0.00069819245,0.029193811,0.36261016,0.41892946,0.18584557,0.0021673006
0.0044043656,0.002975871,0.1532525,0.16591927,0.5748262,0.08484704,0.012186297,0.001437271,3.5559868e-05,0.000115628514
0.03931092,0.12112518,0.36517185,0.42112458,0.048973974,0.0026000028,0.0015314488,8.596562e-05,2.164169e-05,5.445621e-05
0.65179867,0.12908894,0.19092965,0.020584919,0.005083916,0.0004695148,0.00049262436,0.00023811271,1.2749669e-05,0.00130096
0.03001767,0.079431966,0.6529025,0.2103814,0.024562083,0.0015773433,0.0010110587,5.168411e-05,9.9999925e-06,5.4246986e-05
0.0014752827,0.0010309274,0.030022653,0.099936865,0.65215683,0.20471138,0.009323479,0.0012852708,2.9623918e-05,2.7676298e-05
0.26202014,0.16258253,0.4936325,0.07273325,0.007511747,0.00060588255,0.00054995174,7.1919116e-05,9.999969e-06,0.00028201385
0.00021039012,0.00040838352,0.000851941,0.010241033,0.18253052,0.46962294,0.32823336,0.006904096,0.00087071647,0.00012656237
0.0626042,0.26552927,0.3525888,0.2781866,0.037103023,0.002159422,0.0016376859,7.611452e-05,3.0020918e-05,8.4895364e-05
0.00011275843,0.00038966065,0.00028113485,0.0036546197,0.04146002,0.6510977,0.28901175,0.011174968,0.0024503253,0.00036707448
1.4800555e-05,0.000102665595,1.3899181e-05,2.017303e-05,4.2047894e-05,0.00023551116,0.0055653914,0.052082747,0.8993337,0.042589102
0.006272913,0.016923275,0.2978949,0.44062826,0.2215524,0.013795263,0.0026918026,0.00019015044,1.8359151e-05,3.2705386e-05
0.071263514,0.37677976,0.3988363,0.11759111,0.031750098,0.0016831411,0.0017158629,0.000101437065,4.4732213e-05,0.00023407656
0.17288059,0.740121,0.069029264,0.010668705,0.005414138,0.00040483387,0.00046864466,6.360418e-05,3.511813e-05,0.00091414934
9.0046175e-05,7.717204e-05,7.564396e-05,0.00054973643,0.0047119,0.29974216,0.57083654,0.11844514,0.0040333965,0.0014382888
0.00013478418,0.00015950063,0.00032901304,0.004064765,0.04002903,0.53989697,0.398682,0.015802706,0.00074219296,0.00015893382
0.00606525,0.030702021,0.23809057,0.536306,0.17301998,0.0133068375,0.002260739,0.00018527503,3.210361e-05,3.1251915e-05
0.0005377411,0.00065991003,0.009141041,0.071368195,0.6535615,0.24842027,0.015251594,0.0009802389,5.967811e-05,1.9880443e-05
3.7877526e-05,4.9435726e-05,4.3783723e-05,0.00012674267,0.00042223834,0.006215514,0.2546464,0.5352975,0.17900085,0.024159651
0.6146358,0.14326456,0.21060856,0.024318518,0.0050638616,0.0004468776,0.00046460872,0.00018468787,1.0709153e-05,0.0010018775
0.0007143778,0.0026833287,0.012866873,0.108539104,0.694455,0.17084359,0.009454577,0.00034393588,8.045484e-05,1.8664621e-05
0.017242951,0.052628808,0.47819054,0.32333422,0.12064351,0.0057038264,0.0020180198,0.00016247742,1.7026665e-05,5.857812e-05
1.9096611e-05,2.5180712e-05,1.9899002e-05,0.00013276476,0.00047745174,0.015210939,0.29406306,0.62841153,0.059000254,0.0026397621
0.008662103,0.011780683,0.30447975,0.39524734,0.25612497,0.02054764,0.0028185244,0.000296088,1.2355755e-05,3.056169e-05
3.1212618e-05,4.3377262e-05,2.9835168e-05,7.869918e-05,0.0001847831,0.0071450276,0.07055684,0.7887562,0.08631585,0.046858203
0.00011570457,0.00019902815,0.00022227218,0.0040162997,0.034335006,0.28181723,0.64602417,0.03151268,0.0016821186,7.555618e-05
0.0063195224,0.15043609,0.13553786,0.50236046,0.18573415,0.01617866,0.0032420417,8.114304e-05,6.0082482e-05,5.0000974e-05
0.10834028,0.830209,0.051961213,0.0064099394,0.0019204546,0.00015144373,0.00030956988,2.954704e-05,2.2279723e-05,0.00064626744
0.06907328,0.55570877,0.24274838,0.11739452,0.012431664,0.0011794072,0.0012123073,5.34267e-05,4.4789696e-05,0.00015355759
1.5808715e-05,3.7971196e-05,1.5978323e-05,0.00012378093,0.00023693,0.008042042,0.12683234,0.62289006,0.23675498,0.0050501535
0.0003666178,0.0002137743,0.0015654544,0.0069246725,0.09380659,0.46784893,0.39152175,0.036835328,0.00046584208,0.0004510659
4.821853e-05,7.1824026e-05,6.905043e-05,0.0007089669,0.005370035,0.20635094,0.65657747,0.12447248,0.0059843226,0.00034676064
8.829734e-05,4.614669e-05,8.316709e-05,0.00047688527,0.0031367198,0.16288851,0.47680935,0.35183454,0.0030531152,0.0015832179
7.6400705e-05,7.715811e-05,8.207738e-05,0.00036665416,0.001548239,0.10771921,0.34660637,0.5139447,0.014821272,0.014757869
0.0039040004,0.0068343915,0.103579134,0.35413346,0.5052008,0.022828924,0.0032744484,0.00020195736,2.5275807e-05,1.7657983e-05
5.700293e-05,0.00014165984,7.561881e-05,0.00023332161,0.0012702248,0.012180869,0.2982136,0.43364763,0.16349953,0.090680555
4.05314e-05,5.688643e-05,5.5352226e-05,0.0001998335,0.0014985899,0.028702943,0.5657157,0.35890597,0.030213445,0.014610769
2.8266735e-05,4.8350863e-05,3.1481475e-05,0.00029909168,0.0017408369,0.064947926,0.6134091,0.29254872,0.025376648,0.0015694586
0.23872457,0.6107094,0.12248798,0.022517376,0.0042672744,0.00030007956,0.00040465075,4.4280514e-05,2.043185e-05,0.00052393076
5.3563017e-05,2.5357636e-05,3.466434e-05,0.00011296709,0.0002622221,0.0092889825,0.09434483,0.8447687,0.031638406,0.019470328
0.0002647292,0.000101799094,0.000244928,0.00081890955,0.010027564,0.31753322,0.5285234,0.13672523,0.00202173,0.003738446
0.00016588392,0.00094109867,0.0009753018,0.013811455,0.15743136,0.55656123,0.2609789,0.007456349,0.0015403556,0.00013805334
0.022693327,0.15852971,0.32054964,0.42242357,0.07093791,0.0033715626,0.0013919771,5.13484e-05,1.8038723e-05,3.2926062e-05
0.00057531416,0.0012237668,0.009217465,0.077728406,0.6719315,0.21121015,0.025991395,0.001971942,0.00012524836,2.4873916e-05
0.005916216,0.013334056,0.3723755,0.3977251,0.19668834,0.011718689,0.0020337303,0.00017589486,1.0583526e-05,2.1865337e-05
0.00027756635,0.00018569373,0.0012523328,0.007858292,0.112675115,0.59310097,0.26281133,0.021281712,0.00031926463,0.00023775121
0.00015287705,8.077888e-05,0.00021624695,0.0015175139,0.0141638145,0.3382704,0.51498264,0.12959132,0.00066023273,0.00036420298
0.14601672,0.63648045,0.18846364,0.023293763,0.00434216,0.000401017,0.0005442826,4.304851e-05,2.6348427e-05,0.0003886056
0.017654262,0.07898511,0.4701923,0.37700173,0.051966533,0.0028730398,0.0012304807,4.7642578e-05,1.1688483e-05,3.710415e-05
0.029202417,0.124552675,0.36873254,0.4018538,0.06852252,0.005497824,0.0014836388,6.989065e-05,1.6256983e-05,6.837328e-05
0.096070506,0.6770798,0.16948746,0.046544485,0.009077726,0.00059948803,0.0006745426,3.8159105e-05,3.9517523e-05,0.00038840465
0.00039020408,0.00044674636,0.0026424201,0.018244453,0.22375819,0.6839829,0.067126386,0.003155599,0.00017834447,7.474536e-05
1.6392492e-05,4.81096e-05,1.633181e-05,7.813742e-05,0.00011976905,0.003608184,0.062330563,0.42612994,0.4991418,0.008510818
0.023080423,0.34649712,0.29332393,0.2500015,0.07596186,0.0074466886,0.0032393092,0.00011142668,0.00013951348,0.00019830024
3.9629966e-05,0.0005087128,5.2343694e-05,3.8793245e-05,0.00010692317,0.00045098198,0.0064012646,0.03472219,0.5775901,0.38008907
7.6053206e-05,5.444138e-05,8.0651065e-05,0.00040711593,0.0028861067,0.19551376,0.46027142,0.33267018,0.004877656,0.0031625691
0.13000314,0.27133757,0.43757802,0.13716082,0.021669498,0.00087901036,0.0011239615,5.6146215e-05,2.2615222e-05,0.00016928773
2.5791609e-05,4.0238603e-05,2.5547104e-05,0.0003208999,0.0008738164,0.037979044,0.4405842,0.47903845,0.03991686,0.0011950838
0.00011721984,7.750079e-05,0.00016243228,0.0005105308,0.003532147,0.09068488,0.49317124,0.39598665,0.0052077663,0.010549632
0.06873635,0.4998345,0.29029426,0.10559107,0.031376477,0.0017303446,0.0020468563,7.8498335e-05,5.354285e-05,0.0002580955
0.0010653145,0.0014880508,0.013561675,0.056790784,0.44925734,0.4184806,0.05321348,0.0057875123,0.00023995455,0.0001152291
0.039903503,0.256654,0.46628037,0.2167193,0.017744154,0.0014646068,0.0010961425,3.4442524e-05,1.9569326e-05,8.39958e-05
1.9208097e-05,0.00013695692,1.8834495e-05,2.8374276e-05,5.4244923e-05,0.00029121642,0.006707866,0.067046285,0.8802454,0.045451686
2.782569e-05,4.118254e-05,2.8194585e-05,0.00014812563,0.00030787708,0.0059923725,0.18046887,0.6071735,0.20292792,0.0028840613
7.133074e-05,8.8804714e-05,6.448609e-05,0.0007099423,0.0025199458,0.0761763,0.40588295,0.4978758,0.015389577,0.0012208682
0.00023577217,0.00087030913,0.00072342536,0.012794763,0.07318924,0.3964237,0.48908255,0.02241373,0.004110003,0.00015640375
0.0036459253,0.026883984,0.13624868,0.61635405,0.19824798,0.016426234,0.0020852915,6.722739e-05,2.477539e-05,1.587987e-05
1.8724433e-05,5.2898897e-05,2.0295895e-05,0.00010456148,0.00024315211,0.0056687566,0.11918714,0.63057655,0.22698942,0.017138623
0.018875036,0.0071235537,0.40319645,0.41640937,0.13981448,0.01159153,0.00246404,0.0004716595,9.999981e-06,4.390934e-05
0.0012106271,0.0023282198,0.019856432,0.22201638,0.64042115,0.10659755,0.0070804614,0.00041167525,6.287054e-05,1.4584079e-05
0.0006055658,0.00035394906,0.0017788149,0.006675351,0.12667993,0.6507473,0.1990355,0.012454191,0.0005854762,0.0010839944
0.2772005,0.16985318,0.4477729,0.08471975,0.01827046,0.0008844836,0.00085294596,0.000107460095,1.5654428e-05,0.00032266174
0.027131915,0.023780838,0.41497517,0.4314046,0.0931593,0.0070371623,0.0022368727,0.00020893446,9.999996e-06,5.521064e-05
0.00011727996,6.385194e-05,0.00017147478,0.0008530696,0.010303182,0.41180167,0.46544898,0.10947514,0.0010497305,0.000715671
0.0016748287,0.0013916017,0.030440731,0.08731149,0.63934124,0.23029633,0.0086563025,0.0008426014,2.1533411e-05,2.3419772e-05
0.00020868378,0.00047926052,0.0013958309,0.015521542,0.3864924,0.45076495,0.1409013,0.0036551782,0.0005172629,6.36165e-05
0.034552466,0.10206331,0.59763485,0.23036796,0.031880636,0.0023707293,0.0010020834,5.7260004e-05,1e-05,6.0734033e-05
0.00014940191,6.993983e-05,0.00023891983,0.0015110166,0.018475812,0.43327013,0.47373694,0.07167927,0.00055754755,0.00031107338
0.0041688955,0.0041389368,0.12032585,0.27575034,0.5113972,0.07899485,0.0045859516,0.0005925537,1.9089006e-05,2.6359436e-05
0.0038258824,0.0074976576,0.09020562,0.2645416,0.46771762,0.15916158,0.0063430583,0.0006360282,3.7593883e-05,3.3336233e-05
0.021370735,0.043779146,0.46243832,0.36814973,0.09550382,0.0066466467,0.0018901112,0.00014866046,1.293334e-05,5.9849383e-05
0.00010898386,6.935712e-05,9.506775e-05,0.00017121682,0.00063693646,0.012566397,0.16944514,0.6592956,0.03988625,0.117725015
0.14460862,0.7592773,0.08164743,0.010026294,0.003138657,0.00026361857,0.000389405,4.100668e-05,2.6924195e-05,0.0005807415
0.011553681,0.0045283693,0.2693915,0.38920024,0.29493886,0.026071098,0.0036873696,0.00058526616,1.0360728e-05,3.326305e-05
0.0010894475,0.0032152284,0.018352114,0.14810595,0.5008036,0.3101488,0.016968358,0.001140203,0.00013718856,3.909848e-05
0.039058425,0.14271018,0.5046191,0.28839594,0.02272004,0.0015479582,0.0008493728,3.515399e-05,9.9999925e-06,5.3800602e-05
1.4532193e-05,5.7696274e-05,1.1315611e-05,3.315842e-05,5.2282758e-05,0.00068332197,0.016633091,0.19304337,0.7531173,0.036353935
1.857321e-05,8.55771e-05,1.6092838e-05,4.5488596e-05,6.145785e-05,0.00047130094,0.013037724,0.12561716,0.8472147,0.0134319225
