0.00016818247,0.00022783302,0.00022723153,0.0010752607,0.00705495,0.039080575,0.38081023,0.3856132,0.16918018,0.01656225
7.4961536e-05,0.00024742016,0.0006596571,0.00090193196,0.013667565,0.07913034,0.5658437,0.26954126,0.008934495,0.060998768
0.000201192,0.001814095,0.0055804574,0.06969757,0.58308214,0.26225147,0.07157929,0.004080543,0.0004608384,0.0012522952
0.03740684,0.30062813,0.5155948,0.13026252,0.013002412,0.0011097507,0.0016339791,6.370481e-05,8.496595e-05,0.00021304855
0.00019593426,0.0001735202,0.0005281529,0.000497469,0.0037882838,0.03489906,0.38318092,0.4481643,0.027059946,0.10151242
0.0001433909,0.0013780921,0.009585411,0.19556499,0.66903627,0.11187148,0.011992407,0.00015652104,6.621062e-05,0.00020525405
0.00022577406,0.0014234646,0.009922787,0.09353508,0.5769757,0.25711128,0.05791622,0.0015291526,0.00014174494,0.0012187457
8.551845e-05,0.00038661913,0.0012410609,0.012680654,0.15463355,0.3868061,0.42249644,0.017477907,0.0005846896,0.0036075278
6.3176965e-05,0.00039422995,0.00088091736,0.009579971,0.15542394,0.3406675,0.44238803,0.040376287,0.0013179943,0.008907972
0.00019329776,0.00047179018,0.0008362206,0.0001652807,0.0010802548,0.007437738,0.046501786,0.17296627,0.082551666,0.68779576
0.000102983875,0.00166048,0.010806063,0.19775042,0.62767667,0.1461339,0.014861122,0.00033648973,0.000104586885,0.00056731305
0.00024008776,0.0002636138,0.00045992882,0.0001986971,0.0010836134,0.006943798,0.07916258,0.3736196,0.2673557,0.27067244
4.2759144e-05,0.00046320728,0.003225488,0.049895838,0.3788413,0.4515383,0.11423025,0.00087467016,8.2391634e-05,0.0008058108
0.16886671,0.7327702,0.088820115,0.006214315,0.0014378735,0.00014669797,0.0007987664,0.00014377157,0.0002730869,0.000528447
7.911895e-05,0.0006792975,0.0023604173,0.015039827,0.12819533,0.6104878,0.22866984,0.009533015,0.00030985332,0.0046455134
0.00012164613,0.00021649772,0.00032993456,0.0001827881,0.0014485022,0.0121841375,0.12307496,0.48085263,0.16553889,0.21604997
0.24868885,0.6009044,0.13807547,0.0088932915,0.0013942875,0.000115112,0.0010748022,0.000115945375,0.00024314389,0.0004946901
6.819483e-05,0.00043234028,0.00075879967,0.009306569,0.15801848,0.3610071,0.4284521,0.033025667,0.0018517815,0.007078992
0.0054791695,0.050592333,0.36555275,0.42933738,0.13944843,0.007371745,0.0019627959,4.7733934e-05,6.117789e-05,0.00014655097
0.010413092,0.07311548,0.32666394,0.4432692,0.13401264,0.009413671,0.0025140909,0.0001640836,0.00013158002,0.00030217072
0.00015940439,0.00024883737,0.00026460364,0.00031268105,0.001696085,0.011044557,0.086731866,0.30692142,0.48601735,0.10660323
0.003608652,0.031477656,0.17207044,0.60084695,0.16815268,0.02062997,0.0027501644,0.0001426797,7.8499696e-05,0.00024224396
0.06780613,0.5832896,0.3126568,0.03142871,0.003310748,0.0002507622,0.00093007,4.3296408e-05,7.9912425e-05,0.00020395068
0.25633574,0.31193227,0.35783485,0.05741962,0.009588557,0.00080930046,0.0039309054,0.00041880776,0.00080661546,0.00092337833
0.00017325845,0.0013547804,0.01155566,0.19093546,0.63585114,0.13687447,0.022321027,0.00044117414,8.669431e-05,0.0004064618
8.478213e-05,0.0011484348,0.009198991,0.05913959,0.49675617,0.3382828,0.093137294,0.0011985194,8.078456e-05,0.0009726714
0.00016598837,0.0001903607,0.00032607405,0.00011481035,0.00035664768,0.0016296746,0.017434271,0.13226531,0.7226415,0.124875285
0.106963225,0.28677648,0.4606109,0.1225836,0.017395644,0.0013943396,0.0032102428,0.00023359113,0.00037219375,0.0004598469
0.00018752401,0.0022088885,0.038938094,0.529063,0.36580613,0.05794011,0.0056938757,3.7551865e-05,2.0074549e-05,0.00010473659
0.0716116,0.69593954,0.21803457,0.011216415,0.0019896773,0.00012124118,0.0007424926,3.453209e-05,7.0208975e-05,0.00023978835
0.019429745,0.2478785,0.57034135,0.12275356,0.03304793,0.0028913955,0.002979499,0.00010636189,9.6526324e-05,0.00047518514
3.6819023e-05,0.00037051414,0.0006766358,0.00325948,0.11602784,0.38999146,0.45974216,0.020602912,0.0011152567,0.008176904
0.0020861733,0.0044175573,0.059811205,0.18921137,0.4962291,0.13903077,0.10173068,0.0039153066,0.00046267002,0.0031051387
0.00015420154,0.00069175893,0.0006996756,0.004835392,0.08778732,0.2053452,0.41822174,0.22113155,0.01820789,0.042925242
0.0072171153,0.12834555,0.40874606,0.39835808,0.050387546,0.005102263,0.0016092315,4.712802e-05,4.693672e-05,0.00014009849
9.249979e-05,0.0005289243,0.00060095184,0.003176795,0.0452174,0.31931946,0.47650114,0.13671173,0.0032693862,0.014581764
0.013028717,0.22182791,0.39704508,0.2904272,0.07092991,0.004747208,0.0015146219,8.641607e-05,0.00011879548,0.0002741992
9.614302e-05,0.0005488709,0.0010338478,0.0047199423,0.049723133,0.2629617,0.56245774,0.09341284,0.0033634186,0.021682417
0.00020901911,0.00036727317,0.00064626854,0.0001945557,0.0011541322,0.008903188,0.07777557,0.3139918,0.13876583,0.45799235
0.0040615173,0.02080711,0.14310746,0.54157984,0.26845407,0.018007794,0.003492989,0.00012300188,0.00012679448,0.00023941402
9.786643e-05,0.00018182378,0.00023644367,0.0004105774,0.0038064024,0.026236102,0.25759554,0.51833665,0.11127456,0.081824034
0.00038927875,0.0032222564,0.03248559,0.27996355,0.643185,0.037023813,0.0033636056,6.4574415e-05,4.448198e-05,0.0002578549
0.040084563,0.17714213,0.47449985,0.26800993,0.032917894,0.0035115783,0.0029105928,0.0003066448,0.00017514778,0.00044165275
0.00013265821,0.0007561893,0.0015776111,0.016958494,0.2362031,0.34142438,0.33833113,0.052733704,0.0026600454,0.009222719
0.0001465378,0.0014420734,0.018004848,0.3052583,0.5320972,0.12600966,0.01666807,0.00013192635,3.5328347e-05,0.00020613591
0.027254522,0.25681007,0.56852865,0.12948154,0.015216014,0.0010387005,0.001368806,5.2368912e-05,6.514136e-05,0.00018432432
0.00014860477,0.0011384472,0.003812861,0.020486496,0.16254388,0.3839165,0.35913843,0.05351065,0.0012696411,0.014034532
0.00027184354,0.00054690713,0.0009495002,0.000121801386,0.0005546571,0.0020776822,0.010644492,0.061457597,0.2852588,0.6381167
6.648339e-05,0.0001492485,0.00020239642,0.0007608839,0.0088652065,0.062867224,0.58574903,0.3095183,0.01564525,0.01617598
4.863397e-05,0.00087070256,0.008498542,0.16442198,0.597288,0.20265324,0.025771607,0.00014152002,3.4329172e-05,0.0002714488
0.00011671854,0.0027109017,0.033949487,0.37452987,0.5382241,0.04613733,0.00414961,4.0190815e-05,1.83011e-05,0.00012352
8.397722e-05,0.0012578031,0.012700114,0.24202931,0.65209955,0.08414343,0.007467989,5.4469725e-05,3.0842624e-05,0.00013257982
9.948724e-05,0.00095766864,0.0027998511,0.036727592,0.2831654,0.4482352,0.21303117,0.009351039,0.0008475405,0.0047850385
0.00949302,0.13742752,0.58805084,0.22691382,0.034462545,0.0021041913,0.0013682835,2.726612e-05,3.3045064e-05,0.00011946628
0.00012964869,0.00021019831,0.00032207096,0.0003401293,0.0031668367,0.021187779,0.1916497,0.44678453,0.20892759,0.1272815
0.00012003126,0.00018371361,0.00030008977,6.9038615e-05,0.00013585211,0.0007046738,0.002530394,0.011368902,0.9380472,0.046540122
0.74372065,0.19484337,0.044732824,0.0059247464,0.0007281851,0.00019242468,0.0019829248,0.0010054803,0.0043668714,0.0025025506
8.563851e-05,0.00015232437,0.00022259784,0.00040685272,0.0030422355,0.015469264,0.17980807,0.6314486,0.10670339,0.06266101
9.241305e-05,0.00087940675,0.009006139,0.04665783,0.63131464,0.19543506,0.112290576,0.002134889,0.00015329338,0.0020357415
0.00034370206,0.0017359981,0.026232399,0.568205,0.336437,0.0619769,0.0047962535,5.565643e-05,3.5987818e-05,0.00018105833
7.443861e-05,0.00024583272,0.00030661703,0.0025387877,0.030012313,0.21260774,0.5988229,0.14098981,0.0046538585,0.009747763
0.27792352,0.52858675,0.16942519,0.018098956,0.0027930466,0.00023800276,0.0015574679,0.00018738059,0.0004744035,0.00071532064
0.00018014012,0.0014550504,0.026035907,0.3508263,0.5508428,0.062759645,0.007679308,5.5960263e-05,2.9326493e-05,0.00013554227
0.00011389081,0.0011914758,0.015032523,0.27249292,0.5620653,0.1363975,0.012355317,0.00010982372,2.8178287e-05,0.0002131161
0.00010634076,0.00015153052,0.00017480804,0.00049390766,0.0037112946,0.027052794,0.27137223,0.5831386,0.07927927,0.034519233
0.0003060023,0.0018432334,0.0137356315,0.29411337,0.5428296,0.13509162,0.011510997,0.00017876216,7.946461e-05,0.00031142347
0.00012628722,0.00023047345,0.000451798,0.00029306064,0.0018139891,0.01427355,0.14306031,0.57290655,0.07765996,0.18918405
0.032308254,0.2960942,0.55811477,0.08544155,0.022234788,0.0020475502,0.0029577236,0.00018394801,0.00010192762,0.0005152248
7.404966e-05,0.00095724396,0.005838438,0.100592464,0.75060993,0.12298303,0.017934654,0.0004265675,9.99098e-05,0.00048363497
9.780103e-05,0.0009132631,0.0066815764,0.09265863,0.49834263,0.30252808,0.09523947,0.001415854,0.00014604366,0.001976697
0.00013840463,0.0011676672,0.009698441,0.16645846,0.6777584,0.12575246,0.018494364,0.00019817513,6.810108e-05,0.00026549358
9.104029e-05,0.00046803788,0.0006789167,0.0035099478,0.124320365,0.24280487,0.49836135,0.09895543,0.005695244,0.02511483
5.2926884e-05,0.0007225564,0.004174551,0.08737288,0.60281664,0.26514468,0.038881555,0.0003783273,5.559352e-05,0.00040026146
0.76783335,0.18178329,0.042107806,0.0027965303,0.0005561734,8.870596e-05,0.0013929777,0.0004030857,0.0014808055,0.0015572723
0.0001774289,0.0015739272,0.00593006,0.07488732,0.52367723,0.2891122,0.09265195,0.009020837,0.0005245811,0.002444584
0.00029716978,0.00090606295,0.0012717462,0.010967368,0.11214067,0.39542547,0.42588258,0.036004808,0.007692426,0.0094117
0.0007067002,0.009312329,0.13549984,0.6629038,0.17108208,0.018255003,0.0021255831,2.4193623e-05,1.672602e-05,7.380106e-05
6.6426765e-05,0.00060398655,0.0038386174,0.028020948,0.33818224,0.40202904,0.21978883,0.0042946385,0.00021007375,0.0029652908
4.6047404e-05,0.00055720075,0.0042623496,0.05833342,0.4645559,0.37642345,0.094332166,0.0006732646,7.732802e-05,0.00073886267
0.00011835154,0.00023056642,0.00044226536,0.00040526304,0.0032271815,0.036619402,0.2900172,0.55667716,0.013554935,0.09870767
0.09632825,0.6192263,0.24172068,0.032720003,0.007065401,0.00053107203,0.0014946924,0.00014223586,0.00031084876,0.0004605072
0.0005805125,0.0057548163,0.07056886,0.490635,0.40150088,0.028366402,0.0023990157,5.4766813e-05,3.2378746e-05,0.00010739595
5.349701e-05,0.0011128128,0.010409767,0.16145676,0.6727938,0.13663214,0.01715267,0.000153778,3.0549803e-05,0.00020420282
0.06306233,0.57419974,0.33882052,0.018701645,0.0037900417,0.00020921935,0.00088047644,4.0181283e-05,7.3318515e-05,0.00022258417
3.6081605e-05,0.00043981575,0.0020933168,0.011891563,0.2138125,0.48071504,0.28541127,0.0029984277,0.00015067805,0.002451298
0.00019781404,0.00021749316,0.00039964623,0.00023759472,0.0014301949,0.010724675,0.15916324,0.45917678,0.21838546,0.15006712
0.0015238582,0.01775277,0.14013535,0.5637134,0.24992591,0.023014225,0.003430519,0.00012290974,8.81413e-05,0.000292964
0.00014672546,0.0001860978,0.00029178258,0.00015816042,0.000812355,0.0035147364,0.026098527,0.15941437,0.70151883,0.10785843
3.3475637e-05,0.0005154771,0.002627919,0.011968413,0.40065098,0.3277959,0.25086862,0.0027903856,0.00017438114,0.0025744657
0.00044205418,0.009070694,0.14646897,0.43940228,0.38505057,0.017229017,0.0021786161,3.164811e-05,1.8231736e-05,0.000107989756
6.547908e-05,0.00020675072,0.00024671396,0.00053227897,0.011797175,0.07744728,0.57438785,0.2761591,0.021467343,0.037689935
4.4207285e-05,0.0004439396,0.002882331,0.04844734,0.35035622,0.47275093,0.12298358,0.0010906889,9.1712296e-05,0.00090904086
0.0001327002,0.002478568,0.035704628,0.44516605,0.4667189,0.046370715,0.00330399,2.0441285e-05,1.4530765e-05,8.945372e-05
0.00010250017,0.00017942967,0.00025608286,0.00065490376,0.010125097,0.048985634,0.40561682,0.44980606,0.025631458,0.058642056
0.17209505,0.530663,0.27504474,0.018271701,0.001998902,0.0001507083,0.0012623044,7.416018e-05,0.00013242665,0.0003069299
0.030767923,0.3304217,0.5403774,0.0850587,0.010935019,0.000806871,0.0013142257,5.213417e-05,5.8227466e-05,0.00020781501
0.1735724,0.4787512,0.28474772,0.050071288,0.007805447,0.00072239345,0.002948526,0.00027228403,0.0004717853,0.0006369447
0.31650478,0.5601851,0.11098769,0.008015412,0.0015780127,0.00015076563,0.0012505851,0.00018124151,0.00046752632,0.0006789153
0.2140799,0.6621037,0.114475556,0.0070253112,0.00086477847,7.947896e-05,0.00073617644,6.797626e-05,0.00016773786,0.00039941177
5.2594503e-05,0.000285402,0.0008794924,0.003397122,0.076685935,0.17837578,0.681999,0.046399422,0.0019529986,0.009972254
0.0003868506,0.0018913957,0.017962815,0.26552543,0.62634635,0.07694989,0.010450491,0.00016265798,7.803604e-05,0.0002461068
3.709865e-05,0.00030985125,0.0006025655,0.003441902,0.06991253,0.44964275,0.45061797,0.019770922,0.0006687045,0.004995727
0.00012436304,0.00020915076,0.00026907338,0.00029172812,0.002846382,0.025530342,0.26675487,0.5547007,0.07534921,0.0739242
5.4830343e-05,0.0011479778,0.015398981,0.2307685,0.67723495,0.06857483,0.0066593783,3.6650148e-05,1.7998997e-05,0.000105945895
0.012877201,0.14267172,0.72459924,0.09776601,0.020044228,0.00086843886,0.0009847874,2.7618382e-05,3.0128254e-05,0.00013061742
0.00019427667,0.0020153855,0.00520819,0.060024716,0.39880636,0.40322396,0.110345796,0.012248471,0.0011811244,0.006751732
0.00015923745,0.0024958912,0.019584907,0.30135968,0.5921681,0.07797659,0.0058507267,0.00013231156,4.5906938e-05,0.00022665878
0.000103533166,0.00018568484,0.00021412407,0.0008703609,0.008042306,0.059978418,0.42443234,0.453627,0.029513666,0.023032643
0.00047568668,0.0042658504,0.040544476,0.50752157,0.40883842,0.035817776,0.0023615498,4.131464e-05,3.063598e-05,0.00010274043
0.0052356455,0.008055829,0.045644786,0.19970286,0.53648067,0.1520241,0.04626648,0.0024631775,0.0010477963,0.0030786432
0.0006428813,0.0044783917,0.022221014,0.2306074,0.64239997,0.08724796,0.011184492,0.00038317754,0.00024882183,0.0005858508
5.626315e-05,0.0004957255,0.001519437,0.012850236,0.2118006,0.50114274,0.2606459,0.008659895,0.00031510784,0.0025140205
0.00025999136,0.0004992038,0.0006345509,0.00017578092,0.00060605875,0.0032754184,0.014893873,0.117948495,0.5676592,0.29404747
0.00012982027,0.0004009235,0.0008509283,0.0057767,0.03317392,0.26903003,0.5790152,0.09610521,0.00239227,0.013124982
0.00015042626,0.0012182696,0.009523802,0.109775186,0.53293145,0.286273,0.05814299,0.0008348917,0.00011648709,0.0010335629
0.00013545835,0.0021233014,0.031168157,0.3152171,0.5865764,0.05826029,0.0062515535,5.0393694e-05,2.3575483e-05,0.00019375718
4.5556942e-05,0.00017029581,0.00024802293,0.00045608566,0.009991575,0.07759074,0.67866,0.19123463,0.010366839,0.03123624
3.5934972e-05,0.0005402801,0.00184539,0.019231992,0.39791495,0.45723963,0.11998913,0.0015032763,0.00016569116,0.0015337234
6.2929255e-05,0.0002605502,0.0004560389,0.0036562963,0.054486606,0.2223893,0.61573184,0.089868374,0.002605793,0.010482255
0.001418778,0.017197272,0.30045316,0.477573,0.1927816,0.008901141,0.0015455608,2.1449465e-05,1.8527926e-05,8.956475e-05
0.014728106,0.13241509,0.49031752,0.311744,0.043660305,0.0047281864,0.0020594636,7.485303e-05,7.561412e-05,0.00019681857
0.00017521241,0.0007623235,0.009335598,0.08680483,0.3812027,0.32709524,0.19083425,0.0018793513,0.00016604493,0.0017443993
0.00033082915,0.0038735413,0.026730252,0.2267034,0.68129516,0.055213697,0.0053437487,0.00012924937,6.668929e-05,0.00031339095
8.8656045e-05,0.0005869991,0.0007551374,0.0051780916,0.1115008,0.2899868,0.4312978,0.12428202,0.005702306,0.030621365
0.00012208745,0.000836303,0.0015946374,0.010666706,0.1036209,0.51407826,0.32302967,0.03788072,0.0007906489,0.0073801517
0.00014934968,0.0007121797,0.0050632367,0.11217172,0.37454632,0.4220145,0.08314854,0.0011363057,0.00012321497,0.00093465584
8.001854e-05,0.00043154764,0.00087021146,0.003924968,0.05755606,0.41393438,0.47048685,0.04317527,0.00093435735,0.008606378
8.434651e-05,0.0011996261,0.009272947,0.1580726,0.7356736,0.086174354,0.009090826,0.00012465296,4.705949e-05,0.00025999366
0.018246092,0.044578955,0.28259638,0.5613313,0.07195782,0.012359533,0.007633683,0.00044478007,0.00016206033,0.00068947434
7.38503e-05,0.00056326477,0.003011746,0.071110144,0.45790026,0.36912358,0.0945447,0.00263504,0.00017564092,0.0008616997
0.012282983,0.042786155,0.3968107,0.48030955,0.057533525,0.0061343214,0.003768411,0.000100151214,6.391859e-05,0.00021033396
7.154705e-05,0.00054106634,0.005399416,0.034043625,0.36260277,0.45569986,0.1394766,0.00093867845,7.843591e-05,0.0011479692
0.00014616194,0.0014099963,0.01704203,0.2996953,0.5201852,0.14327767,0.017731465,0.00014279583,3.253119e-05,0.00033681744
8.2356324e-05,0.001064654,0.0066020666,0.07462666,0.7860115,0.110932305,0.019502398,0.00040109255,8.4005966e-05,0.00069302414
0.0010059377,0.008318654,0.13336809,0.61286336,0.22152905,0.02015829,0.0025706096,3.3981007e-05,2.9868914e-05,0.0001221377
0.099433966,0.57484883,0.2888583,0.02950271,0.0048738765,0.00039709947,0.0013137899,0.00017497412,0.00017827006,0.00041816352
0.00010333793,0.00013673976,0.00026736344,0.00031164012,0.002379721,0.014677223,0.2322291,0.58657235,0.0753298,0.0879927
0.001325171,0.02206609,0.19625618,0.6054172,0.15527332,0.017065393,0.0023988974,3.8109985e-05,3.2256903e-05,0.00012741913
5.568239e-05,0.00089026085,0.0062041027,0.12361189,0.71002805,0.14148039,0.01726651,0.00015527468,3.8823375e-05,0.0002690802
0.00037226063,0.000631458,0.0012162667,0.00023136275,0.0008284368,0.004003933,0.01741896,0.15345253,0.1349335,0.6869113
5.085893e-05,0.00062290876,0.0031867023,0.042078838,0.52704275,0.32971987,0.09488548,0.0011259521,0.00016812724,0.0011184815
0.00050196564,0.0006377725,0.00091135484,0.0002858133,0.0010602277,0.0026618887,0.018041223,0.22331604,0.34694162,0.40564215
0.05549588,0.39256606,0.4860793,0.057932492,0.005825538,0.0004874489,0.0012837988,5.3459644e-05,6.661039e-05,0.00020942098
8.354631e-05,0.00072259916,0.0057914127,0.028168272,0.3421889,0.4370279,0.18039897,0.0025148748,0.00013975304,0.0029637993
0.000117541065,0.0007280853,0.0034660583,0.10238792,0.45063236,0.37728432,0.063343965,0.0010873012,0.00015240886,0.00080009224
0.0018315408,0.011232885,0.24358565,0.5443855,0.18224867,0.012693684,0.0037977726,4.316805e-05,2.6380725e-05,0.00015467819
0.0016455847,0.034003332,0.27452838,0.5098093,0.16622818,0.011598782,0.0019859613,3.443691e-05,2.897059e-05,0.00013708451
0.00016827186,0.0020336679,0.019024255,0.20255874,0.70885825,0.061015606,0.005878592,0.00013735246,5.5753007e-05,0.00026954664
0.0010543821,0.0028183616,0.014906545,0.2904358,0.40164757,0.22929631,0.050141443,0.007426116,0.00049648323,0.0017770202
0.00012644082,0.0015542405,0.021398103,0.36952507,0.5316942,0.070165515,0.005378685,3.8811013e-05,2.2135262e-05,9.688657e-05
0.00035014472,0.0005841612,0.0011256802,0.00022947477,0.00085641275,0.004297938,0.019120555,0.17164288,0.13598648,0.6658063
0.00018386368,0.000306811,0.00043055305,0.00015376837,0.00089843106,0.0056470614,0.0430142,0.2051094,0.49572447,0.24853149
9.865168e-05,0.0005226486,0.0004974871,0.004175927,0.08629274,0.25540382,0.49278006,0.12357512,0.012439847,0.024213657
0.00013923393,0.0008485192,0.0037848535,0.082942784,0.27347228,0.52826583,0.106378846,0.0023321942,0.00023743558,0.0015980848
0.000119753626,0.00024142268,0.000510186,0.00048182032,0.0046875584,0.020924076,0.18877278,0.5505419,0.045232885,0.1884876
0.0001339685,0.0020038679,0.013248675,0.31701562,0.5892049,0.07309971,0.005063675,4.907634e-05,4.5206845e-05,0.00013531429
8.757201e-05,0.00020536323,0.00025363883,0.00083880976,0.010984081,0.0559146,0.58637244,0.26567644,0.045610636,0.034056425
3.9811122e-05,0.00023769395,0.00033346956,0.00084849715,0.025408804,0.17067762,0.67141986,0.102783404,0.004985164,0.023265714
0.00020036599,0.005308818,0.070030004,0.57370275,0.32154894,0.027252149,0.0018664706,1.3197363e-05,1.3900816e-05,6.337882e-05
4.4244665e-05,0.0005302642,0.003756966,0.061939903,0.46984527,0.36073723,0.10136881,0.00083983934,7.995401e-05,0.0008576198
0.00011565963,0.000187633,0.0002463689,0.00041656994,0.003500348,0.023950439,0.19236949,0.5723062,0.10996665,0.09694062
5.976443e-05,0.00047774505,0.0017406011,0.008231892,0.11638002,0.43937355,0.39137867,0.027684463,0.00072225265,0.013950946
0.00010977284,0.001372631,0.0044531776,0.051668234,0.73859274,0.16555227,0.035300277,0.0012900274,0.0003368384,0.0013240761
0.024929758,0.42409497,0.42711955,0.10810693,0.013307203,0.00090371503,0.0011740391,6.717304e-05,8.4021325e-05,0.000212503
8.4643514e-05,0.00022264749,0.00037658776,0.0020563924,0.024412554,0.15442398,0.64240485,0.15877119,0.0044318005,0.012815363
0.00039675593,0.0017256017,0.014271212,0.32420006,0.46268192,0.17171998,0.024044313,0.0004315428,0.00010002272,0.00042863883
0.0001002621,0.00046017364,0.00068933953,0.0053887893,0.09834623,0.24343307,0.5359315,0.09181829,0.005709609,0.018122733
0.00017030312,0.001633709,0.018713778,0.27379036,0.6501827,0.051310506,0.003993539,4.3695014e-05,2.3158822e-05,0.00013821956
0.0009931225,0.0034700988,0.0121036135,0.3065324,0.41387883,0.21070525,0.047263324,0.0024660283,0.0006897993,0.0018975299
0.0011302226,0.016278092,0.17535087,0.6194689,0.17135403,0.014477099,0.0017896086,2.3551524e-05,2.0240972e-05,0.00010728561
0.00023497274,0.0004331955,0.0010706983,0.000507476,0.0028499528,0.01973854,0.10355619,0.4423375,0.028483229,0.40078825
0.0004710506,0.0030438325,0.07571261,0.45003575,0.43783727,0.028310671,0.0043094587,6.764178e-05,2.4708228e-05,0.00018701679
7.120795e-05,0.0010965103,0.012022689,0.19863482,0.6963821,0.08340594,0.008163932,5.8531296e-05,2.780545e-05,0.00013647118
0.000114142604,0.0002427789,0.00031490249,0.00023712509,0.0027480486,0.023017101,0.24303107,0.4429884,0.11490551,0.17240094
0.0054029105,0.060488008,0.5945626,0.26397744,0.07090298,0.0030558996,0.0014244313,3.1977423e-05,2.936961e-05,0.00012436474
0.08668288,0.4295191,0.45075876,0.02693417,0.004207606,0.00028522318,0.0012164371,4.9586677e-05,8.9350724e-05,0.0002568407
0.00014752102,0.0002769762,0.00050753285,0.00015042284,0.0011777884,0.007217581,0.068777695,0.25885707,0.17116556,0.49172193
0.00011628474,0.0014538054,0.022038013,0.30480784,0.58480346,0.07495131,0.0115749575,6.887652e-05,2.4964676e-05,0.00016057964
0.00012529019,0.0002856094,0.0006321173,0.00051248283,0.003990223,0.035691664,0.21031742,0.50302845,0.021384213,0.22403246
3.7664162e-05,0.0003061024,0.00093130313,0.0021277168,0.07984182,0.20978296,0.64978987,0.041055627,0.0012981169,0.014828807
0.0134389745,0.25513285,0.38103944,0.30013105,0.0431007,0.004475201,0.0020663398,0.00016602359,0.00012968176,0.00031975989
4.4310986e-05,0.00067389384,0.005056501,0.033002853,0.4052808,0.42443928,0.12916191,0.0009617742,8.471465e-05,0.0012939329
4.1026804e-05,0.00035077884,0.00062468596,0.0025459805,0.075107165,0.3775341,0.50005555,0.032215096,0.0013540188,0.010171638
0.00017848912,0.00023786713,0.0003633134,0.00027821874,0.0015224061,0.010170442,0.07527746,0.3617705,0.35160723,0.19859405
0.00017268339,0.00026754537,0.00039818892,0.00024393167,0.0013626375,0.0074431403,0.052427504,0.36829287,0.2908988,0.2784927
0.00020880296,0.0036818574,0.06886017,0.5527576,0.3417666,0.030078888,0.0025246819,1.9126634e-05,1.394714e-05,8.838754e-05
4.5877056e-05,0.00028182642,0.0006955429,0.0011134908,0.032980625,0.17285502,0.67480075,0.086624525,0.0023897162,0.028212504
3.6395162e-05,0.00048279465,0.0022265813,0.038249757,0.5082905,0.37066397,0.078036614,0.0010625257,0.00011901817,0.00083179056
0.0003458457,0.0011318137,0.0047470303,0.08796957,0.36168936,0.36695573,0.1634655,0.010391403,0.0006787001,0.0026250952
0.023151258,0.26676425,0.61035883,0.08296236,0.014598009,0.0007287834,0.0011571031,3.582175e-05,5.296258e-05,0.00019062593
0.00016548218,0.0014726898,0.013291545,0.16858897,0.7165096,0.088936865,0.0105491225,0.0001364047,3.771083e-05,0.00031169824
0.16787189,0.7611727,0.065160684,0.004180156,0.0005142281,5.8424164e-05,0.00045888036,6.6201996e-05,0.00015521656,0.0003616163
0.0033702,0.020024495,0.09178412,0.7223592,0.1423044,0.01734366,0.002498431,6.304111e-05,0.000108020824,0.00014450826
5.3349908e-05,0.000133957,0.00025901684,0.00066849665,0.0077003688,0.06553775,0.6198964,0.27692628,0.008163727,0.020660564
0.0008835215,0.0031064418,0.009026106,0.085755154,0.42351848,0.3485654,0.117978446,0.00748348,0.0013645188,0.0023184665
0.00017846763,0.00023376005,0.0002892043,0.0005756052,0.00233472,0.019904967,0.124382704,0.69773257,0.09597053,0.05839751
6.201493e-05,0.0007655682,0.009698816,0.15353353,0.71411574,0.10389663,0.017554078,0.00012889336,2.7645692e-05,0.00021708925
0.0002143196,0.0013308405,0.007460755,0.1705173,0.6311065,0.16585492,0.022591136,0.000383653,0.00014287728,0.00039776939
0.00010877934,0.00019825263,0.00026376508,0.00042596634,0.0040299497,0.026726969,0.24311368,0.50960815,0.11670154,0.09882292
0.122630075,0.6682397,0.19562815,0.010250211,0.0017631713,0.00014460554,0.0008442907,6.808732e-05,0.00011993503,0.00031176882
5.921132e-05,0.00022518911,0.00029669752,0.00061037287,0.010114506,0.06982117,0.55927515,0.31627932,0.0108190095,0.032499418
0.00018227001,0.0004472183,0.00079201785,0.00018268194,0.0013882322,0.0077848304,0.04872518,0.20420839,0.10154865,0.6347405
5.0133247e-05,0.00044241233,0.001450375,0.0257129,0.3499941,0.4360744,0.18067423,0.0035000383,0.00029283948,0.0018086057
9.74066e-05,0.00035251243,0.000386982,0.0020129823,0.02054496,0.1376071,0.42446145,0.367664,0.016839117,0.030033525
0.21763498,0.5408702,0.22501007,0.013075687,0.0015081795,0.00011672739,0.0012028309,8.093369e-05,0.00015420672,0.00034621512
0.0003335925,0.0024819751,0.0074217394,0.17870925,0.45230183,0.29575256,0.05734258,0.0035917265,0.0004762491,0.0015884504
8.9573565e-05,0.0003379322,0.0017958281,0.015545803,0.13555071,0.48878747,0.34877494,0.006450733,0.0003128381,0.0023541935
9.032802e-05,0.0017920658,0.02034444,0.39379564,0.48555335,0.092088334,0.0061552855,4.0331095e-05,2.27982e-05,0.000117492076
0.7628384,0.1921824,0.038014643,0.0019006856,0.00046206816,7.2332856e-05,0.0011913402,0.00039399744,0.0013234467,0.0016206042
7.2762945e-05,0.00015563464,0.00021615501,0.00043523035,0.0039533316,0.034741297,0.34882483,0.5678031,0.014761883,0.029035835
0.00012237273,0.0002509974,0.00058890664,0.0008151188,0.009544762,0.063280866,0.5431983,0.27778357,0.019500088,0.08491498
0.0001874147,0.001616042,0.021912735,0.15842013,0.6467683,0.14529344,0.025014428,0.00021351731,4.8369333e-05,0.000525614
0.0017765855,0.0049863006,0.057681553,0.49576637,0.40288058,0.03188999,0.004537981,0.00015342102,9.461202e-05,0.00023270864
0.005669427,0.017500695,0.18138523,0.65608895,0.106634654,0.023901954,0.008007298,0.00029645392,9.390137e-05,0.00042151997
0.040156938,0.4654714,0.44337106,0.042170044,0.00689796,0.0003651421,0.0012304004,4.1873987e-05,6.134362e-05,0.00023382423
9.677439e-05,0.00060418964,0.0011783739,0.01721553,0.25603992,0.4381743,0.2692834,0.013226984,0.0010466232,0.0031339235
0.00035639602,0.0054891626,0.050366335,0.35410464,0.55182725,0.035150435,0.0024870678,5.410326e-05,2.7453598e-05,0.00013721356
0.068403296,0.37814966,0.3967407,0.13111025,0.020666515,0.0015741857,0.0024595715,0.00013069632,0.00027864843,0.00048641267
0.2540912,0.4875753,0.21445055,0.034749147,0.00450213,0.0004989276,0.0026478244,0.0002587608,0.0005456619,0.0006805337
0.00020316354,0.0004904141,0.000798558,0.00016561749,0.0009413997,0.007722111,0.03621465,0.15940146,0.101180814,0.6928818
0.046616085,0.56974757,0.34633818,0.032759923,0.0032416445,0.00026220022,0.000784399,3.5919955e-05,5.6016917e-05,0.00015810887
0.00020425484,0.0011671257,0.012744635,0.24048148,0.6566197,0.07818368,0.010223604,0.00013184137,6.147371e-05,0.00018217671
0.000135517,0.00029921994,0.00069112907,0.00032461155,0.0030772055,0.031803958,0.25600156,0.4170455,0.023353219,0.26726803
0.00053951703,0.003692157,0.052449692,0.27771553,0.51705575,0.12886871,0.018537775,0.0002185612,5.870267e-05,0.0008635571
9.389477e-05,0.0013063671,0.00978792,0.16890359,0.6868579,0.11806576,0.014304109,0.0003464326,5.4908865e-05,0.00027916074
0.00064898963,0.0047887005,0.12238945,0.6180723,0.23230948,0.018916352,0.0027569372,2.4098523e-05,1.5323592e-05,7.8437224e-05
0.13801518,0.4370601,0.331182,0.08278233,0.005991659,0.0007967011,0.0030525317,0.00022629455,0.00029774944,0.00059549295
7.775415e-05,0.00021411625,0.0002994354,0.000324653,0.0041218414,0.04353667,0.41083622,0.42020577,0.022063008,0.09832056
0.0002478146,0.00132773,0.0024484645,0.032472357,0.25424072,0.4754657,0.21375567,0.014427475,0.0017157131,0.0038983587
0.00011475542,0.00090723153,0.009820049,0.18545355,0.49959353,0.26105055,0.042408958,0.00029180365,4.811073e-05,0.0003114942
5.5728844e-05,0.00022849193,0.0005853043,0.0020334504,0.05043449,0.24548315,0.6475334,0.044403754,0.0013845637,0.007857674
4.479254e-05,0.00041653248,0.0011965034,0.017336115,0.2540321,0.47608352,0.24322172,0.0050396225,0.00039491567,0.0022341544
0.049085934,0.6752578,0.2549514,0.016651403,0.0028158908,0.00020231388,0.0007295893,4.583022e-05,6.452602e-05,0.00019537142
3.8154823e-05,0.00032763986,0.00088214665,0.0040347865,0.119315885,0.40243727,0.45455748,0.0127785355,0.00062891166,0.004999274
0.00030300266,0.0026803915,0.027743116,0.35649672,0.5537431,0.054197077,0.004580445,6.221609e-05,3.8518167e-05,0.00015544778
0.5371765,0.30570146,0.119116075,0.026126757,0.0031368562,0.0005395328,0.00391092,0.0008425193,0.0017397272,0.0017096106
7.22927e-05,0.00035209523,0.00043906324,0.0045361603,0.07080538,0.32254547,0.5286365,0.06134051,0.003320918,0.007951656
0.0001298079,0.0024903042,0.048066664,0.36313468,0.54603434,0.03665146,0.0033523687,2.388607e-05,1.3552493e-05,0.00010302287
0.00025481448,0.0012088178,0.004107751,0.11627127,0.45844787,0.3206665,0.094773844,0.0025153798,0.00067817455,0.001075652
0.038791362,0.48965,0.4275399,0.03789256,0.004755832,0.0003027048,0.00083382515,2.7229898e-05,4.595986e-05,0.0001606781
8.3175866e-05,0.0001056709,0.00015169375,0.00016019486,0.0005310077,0.00291924,0.03372453,0.13494669,0.8067174,0.020660384
6.1733444e-05,0.00012841322,0.00019573698,0.0008659965,0.0062385416,0.039434873,0.32127193,0.59631085,0.017843114,0.017648859
0.00010009842,0.0002143758,0.00026346854,0.00038292792,0.002314005,0.034326274,0.18286535,0.71039605,0.020167949,0.048969433
7.842865e-05,0.0013446807,0.007828101,0.13979384,0.7038719,0.12968558,0.016527178,0.00036840083,7.1131624e-05,0.0004308096
5.1196657e-05,0.000672653,0.002339599,0.033668965,0.31880578,0.45688853,0.18033123,0.0037268184,0.00030094714,0.0032142533
0.57044965,0.27512592,0.11285868,0.024893308,0.004019868,0.00071226724,0.0055785733,0.0015278308,0.0023510153,0.0024828746
0.00020030457,0.00040897884,0.0006753247,0.00011219312,0.0005856078,0.0026510411,0.015893346,0.0904514,0.25941125,0.62961054
0.55554163,0.34844968,0.08608464,0.005296922,0.0010940745,0.000113273636,0.0015738617,0.0002707668,0.00071083626,0.0008643203
6.364705e-05,0.0005949841,0.004825638,0.06939732,0.44112176,0.36527294,0.11687065,0.0009529774,8.900932e-05,0.00081112183
0.09874405,0.41099972,0.4577739,0.025844168,0.0046608313,0.00023225448,0.0012713692,6.1566316e-05,0.00011224421,0.00029990994
8.8117886e-05,0.00015835842,0.00033138678,0.00041210678,0.0041074855,0.033830732,0.3626723,0.47930625,0.029528469,0.08956478
4.1164887e-05,0.0005334919,0.0036522222,0.053595226,0.49098548,0.33986366,0.10928528,0.0008770188,9.48056e-05,0.0010716179
0.0030733705,0.029846163,0.26604217,0.5845644,0.10472233,0.009442383,0.0021267722,3.625564e-05,3.4084496e-05,0.00011210718
0.08253618,0.64494747,0.25489634,0.0144274095,0.0020248587,0.00014416059,0.000714959,3.7850812e-05,7.740579e-05,0.0001934238
8.377052e-05,0.0010089959,0.006861859,0.09772213,0.774934,0.10534557,0.013458886,0.00016919593,4.324467e-05,0.00037236777
0.00017916111,0.0009969873,0.0021203565,0.018964168,0.2490261,0.3340383,0.3066848,0.07101427,0.0032593734,0.013716532
4.1719435e-05,0.0005738095,0.002565228,0.01999994,0.37024304,0.46714246,0.13612482,0.0015279755,0.00013881027,0.0016421026
0.000121113684,0.0018865372,0.023145683,0.17366366,0.621727,0.15773797,0.021185102,0.0001353889,3.4922316e-05,0.000362651
0.00022737509,0.0015790261,0.002492909,0.04022925,0.33508718,0.4469875,0.1531595,0.012679343,0.0016030007,0.0059549473
7.3292926e-05,0.0014916641,0.027054,0.22806871,0.70206845,0.03700671,0.0040806304,2.8128903e-05,1.3812685e-05,0.0001145794
0.0017006566,0.007243686,0.18643785,0.5819322,0.20106111,0.016137773,0.0052226787,5.6819266e-05,3.1826457e-05,0.0001754043
0.00011470229,0.00036710544,0.0006306227,0.0074542104,0.071990296,0.31005284,0.5433024,0.05660617,0.002515634,0.0069660884
0.07583087,0.49678662,0.38021743,0.038127612,0.0068142116,0.00047871118,0.0012599928,6.7568704e-05,0.00014918196,0.0002678173
0.016434643,0.16179284,0.48567072,0.30256844,0.028857844,0.002926565,0.0014951517,4.225854e-05,5.8498983e-05,0.00015308702
0.017131876,0.2392304,0.6017962,0.122368604,0.017252779,0.001042645,0.00096942676,2.8348002e-05,4.2990552e-05,0.00013676916
0.00010245926,0.00018737724,0.00019969224,0.00094380946,0.010531566,0.060614325,0.45336652,0.42185965,0.033360656,0.01883404
0.00023657114,0.0015067091,0.009028822,0.22732987,0.57139826,0.16716763,0.022112774,0.0005054688,0.00010263003,0.00061133323
6.294854e-05,0.0003178778,0.0012046361,0.0024235575,0.058378533,0.23283473,0.65656376,0.03644202,0.0011777316,0.010594173
5.956917e-05,0.00046126934,0.0009942276,0.012158785,0.17350389,0.4528738,0.34152168,0.013342951,0.0006924107,0.004391392
0.00015985574,0.0002209675,0.0002876952,0.00016100751,0.00063015835,0.003530517,0.021884153,0.13464503,0.7146452,0.12383539
0.35162914,0.44085827,0.15762514,0.038977057,0.0038728635,0.0005261717,0.003053216,0.0006413762,0.0017200214,0.001096727
7.401462e-05,0.0009780925,0.004586895,0.09176473,0.5294851,0.3239292,0.04754953,0.0009473021,9.400965e-05,0.0005912234
0.0002494818,0.001606219,0.016314495,0.2544271,0.6526075,0.06691922,0.007496846,0.00011524354,4.778004e-05,0.00021605298
6.8389396e-05,0.00077019667,0.0018772285,0.006966703,0.24299823,0.43395025,0.29113856,0.012985084,0.0007083482,0.008537016
0.000112176545,0.00016151943,0.00022601972,9.248041e-05,0.0002710367,0.001757805,0.012290354,0.050383277,0.89147305,0.04323229
0.00016941038,0.00027107782,0.00038061422,0.00035224564,0.0024499455,0.014529273,0.09225797,0.4970704,0.14686581,0.24565327
0.14905095,0.6206281,0.21005832,0.015445539,0.002806763,0.00021640593,0.0010890455,0.0001087034,0.00020350814,0.00039269248
0.00014625031,0.0030270999,0.03754619,0.3991676,0.5089867,0.046419114,0.0045270408,4.7192058e-05,1.9104045e-05,0.00011370395
0.00034797794,0.0020662697,0.03384737,0.53437334,0.3613732,0.062993035,0.0047509703,5.2410407e-05,3.385484e-05,0.00016150855
6.944874e-05,0.00040178615,0.0007936966,0.009723425,0.14737007,0.36388925,0.44964176,0.021189762,0.0013668736,0.005554016
0.000190211,0.00029449837,0.00064512074,0.00027831868,0.0016825225,0.009916286,0.090015486,0.3823572,0.13391761,0.38070273
0.00042457646,0.0010780043,0.0019489378,0.037136942,0.095951386,0.52838266,0.27563578,0.048795544,0.0029234623,0.007722734
0.0026866486,0.008069811,0.14249878,0.56579673,0.24136867,0.03300911,0.00617427,0.00010788933,7.03454e-05,0.00021781487
0.008060015,0.10567595,0.43923104,0.39346117,0.047945805,0.003969403,0.0014600821,2.920651e-05,3.906613e-05,0.00012828362
0.00019233828,0.002902004,0.052254558,0.48529392,0.41602245,0.0401732,0.0030394618,2.1236232e-05,1.6083392e-05,8.480037e-05
9.51321e-05,0.00024956398,0.00048360924,0.00028457266,0.003545851,0.030328846,0.28716835,0.4378997,0.03147895,0.20846544
0.14066365,0.7355482,0.11470351,0.0069177444,0.00091487076,8.714896e-05,0.0006573185,5.982679e-05,0.00012798139,0.00031977243
0.0001615911,0.00031088473,0.00036023144,0.0012342376,0.012791412,0.052984,0.27645433,0.52564216,0.05606221,0.073998936
9.611238e-05,0.00027713366,0.0003435618,0.0020538976,0.021717535,0.17208122,0.5427456,0.24004522,0.005707976,0.014931824
0.09545906,0.6765941,0.21174459,0.013118832,0.001746125,0.00014129671,0.0007979813,5.9709837e-05,9.190163e-05,0.0002464773
0.00011947689,0.00020373579,0.00028674252,8.93893e-05,0.00020591827,0.0010039279,0.0042016422,0.028830225,0.91227144,0.052787486
0.00016463108,0.00039219347,0.0005166976,0.00022797853,0.0015965056,0.011446603,0.065365836,0.34969386,0.20702633,0.36356938
0.00013563143,0.00040732912,0.00068167056,0.00034880635,0.0032116624,0.027591748,0.17383367,0.37578174,0.039587248,0.3784205
7.234968e-05,0.00010023265,0.00014569308,7.233215e-05,0.00016438335,0.00096027396,0.006304514,0.03428488,0.9369301,0.020965213
0.00018131173,0.00032049022,0.0005174339,0.00020530385,0.0017966388,0.012549001,0.11440584,0.2774957,0.271765,0.3207633
0.00030336413,0.0013052886,0.002474914,0.059628323,0.26043677,0.451454,0.20442149,0.015321108,0.0020242443,0.0026304503
0.000322571,0.0019461918,0.026732637,0.15897502,0.6000627,0.1808931,0.030180305,0.00026030047,6.0799415e-05,0.00056640594
8.9229805e-05,0.0016203676,0.016944667,0.23250653,0.6291011,0.105340816,0.014088591,7.7982746e-05,3.0037712e-05,0.00020067403
0.00012808321,0.00040890035,0.00044397273,0.0021259598,0.044152103,0.12925793,0.5878972,0.18277659,0.027791493,0.025017843
9.28551e-05,0.0002814115,0.0006549279,0.00038485054,0.004427493,0.057706624,0.4164802,0.340974,0.011417598,0.16758002
0.00011009736,0.00058049476,0.0021197763,0.008048251,0.087399326,0.29890445,0.50958127,0.07132043,0.0015447445,0.020391198
0.0038449375,0.041091315,0.3236491,0.4955919,0.12298751,0.0101343375,0.0024599435,4.2017073e-05,4.1766463e-05,0.00015717735
5.727975e-05,0.00015262251,0.00018380019,0.0005779425,0.008599444,0.04809489,0.52148443,0.3570388,0.03456413,0.029246759
0.08945031,0.70509374,0.18895943,0.013514602,0.0017320218,0.00012722236,0.0007461904,4.424039e-05,8.8489e-05,0.00024378924
0.0099241305,0.11659153,0.51293916,0.31209233,0.043706592,0.002914082,0.0015801557,3.1933843e-05,4.9002527e-05,0.00017120552
0.00016790214,0.00018014351,0.00027602585,0.0002997927,0.001106682,0.008573771,0.09258137,0.59223855,0.22500093,0.079574846
8.0129044e-05,0.0009674357,0.005375786,0.08905365,0.70410824,0.17168517,0.027974533,0.0003209052,7.858438e-05,0.00035554793
0.028827682,0.41797137,0.39509696,0.13692513,0.018210836,0.0013159384,0.0012776866,5.0765262e-05,0.00012022664,0.00020343991
8.1578415e-05,0.000103943705,0.00019067117,0.00030038468,0.0010654845,0.006537985,0.071795195,0.7967802,0.07753102,0.045613427
0.008315604,0.04015162,0.21737604,0.59836364,0.11819731,0.013838786,0.0032983962,0.00012130384,0.00012231272,0.00021501006
4.6871923e-05,0.0009586717,0.014030047,0.14870693,0.7781773,0.050344516,0.007532843,4.5218978e-05,1.6973978e-05,0.00014062764
9.356234e-05,0.0014876437,0.006810474,0.109610654,0.6849387,0.17453864,0.021132424,0.00064723665,0.00013496177,0.0006057775
0.0012436813,0.0035421816,0.026714152,0.38950413,0.47617224,0.08944472,0.012388862,0.00033170558,0.00022936182,0.00042895117
5.9023674e-05,0.0011387493,0.018709773,0.17135994,0.75711906,0.044433493,0.006981452,4.2786403e-05,1.6656302e-05,0.00013909728
8.8071276e-05,0.0014678919,0.0152788805,0.27228698,0.60047835,0.10079149,0.009302714,0.000107152635,2.7755917e-05,0.00017068164
6.0378978e-05,0.00021896501,0.00055911695,0.00090172584,0.0155634675,0.20037676,0.65968,0.098505944,0.0021286772,0.022005046
0.00017471622,0.0030981922,0.03699335,0.33199525,0.5541591,0.0663579,0.0069105956,5.8712445e-05,2.8467723e-05,0.00022367183
0.00025941475,0.0020955713,0.022094527,0.3178806,0.5962564,0.055038176,0.0060526114,0.00012026596,4.9828912e-05,0.00015264524
0.0005758789,0.0042634113,0.03737851,0.5028861,0.40982753,0.04191534,0.0029256677,5.7144996e-05,4.171641e-05,0.00012862922
0.2125952,0.541401,0.19445136,0.039422654,0.0058946563,0.0005754078,0.0027936685,0.000504755,0.0013374423,0.001023894
8.238981e-05,0.00013816828,0.00023012888,0.00024822864,0.0014544607,0.014542459,0.16992241,0.69251996,0.047067963,0.073793836
0.018730719,0.099889055,0.520818,0.3229518,0.032174762,0.0029072883,0.0022052445,6.836687e-05,6.333813e-05,0.00019134604
0.0008070639,0.01644945,0.15427129,0.63487697,0.17517428,0.016688881,0.0016163883,2.3683606e-05,1.8682247e-05,7.333331e-05
0.12656547,0.41116703,0.42867634,0.027647838,0.003661275,0.0002996827,0.001479983,6.93487e-05,0.00012669564,0.00030639037
0.11097045,0.4809368,0.3352444,0.06430262,0.005442171,0.0005223463,0.0018764875,0.00010676196,0.00019331393,0.00040473146
0.1390833,0.32015908,0.40175682,0.114884034,0.016781764,0.0016813666,0.004058641,0.0003029798,0.00058145134,0.00071052526
8.977318e-05,0.0009133012,0.006390754,0.014870123,0.30670628,0.39908254,0.26059034,0.0054329652,0.00023679032,0.0056871264
0.00011522253,0.0007879049,0.0029122403,0.050710853,0.44639173,0.3861318,0.10970535,0.0021242434,0.00024881185,0.0008718813
9.878195e-05,0.00027466583,0.0006282302,0.00035100908,0.004322926,0.046280153,0.41097477,0.34677196,0.0131678395,0.17712975
6.3904205e-05,0.0008321547,0.006384213,0.05117536,0.48751977,0.34627363,0.10437554,0.0011806837,0.00010322889,0.002091548
0.00036552708,0.00044628605,0.00073451444,0.00025934522,0.00047380757,0.0020588655,0.014198562,0.27665564,0.5051849,0.1996226
9.182559e-05,0.00014975147,0.00020719497,0.00037826347,0.0030358012,0.018435907,0.21288882,0.57048714,0.12689278,0.06743261
0.00013162383,0.00015016367,0.0002689692,0.0004435417,0.0030877476,0.016243953,0.24192406,0.57565737,0.07734362,0.084748864
0.001162877,0.019894281,0.11302504,0.60229325,0.23975861,0.021947483,0.0017123434,4.3865635e-05,4.1671276e-05,0.00012055304
0.00010111521,0.0008527562,0.0043290863,0.07709604,0.5905011,0.2497904,0.07452436,0.0018339405,0.0002178389,0.00075333705
0.00013507491,0.00018463765,0.0002569924,0.0006535688,0.002411429,0.012798415,0.13286743,0.78769046,0.027644671,0.035357345
0.016837196,0.34021276,0.46502647,0.15680443,0.01801901,0.001347257,0.0014575938,4.443233e-05,6.5463886e-05,0.00018535112
0.00013601211,0.0008242344,0.0086083105,0.10166438,0.51357347,0.27226397,0.10026042,0.0013269519,0.00014885957,0.00119349
0.027321897,0.30090228,0.5459561,0.11246905,0.011180611,0.0007940338,0.0011031901,3.261178e-05,5.463811e-05,0.00018562884
0.008253636,0.13731754,0.6556897,0.16128582,0.034228746,0.0018844968,0.0011267577,3.6757996e-05,3.4394347e-05,0.00014215225
0.17465782,0.69907254,0.1182257,0.005305682,0.0011245044,0.00010167583,0.0007904591,9.428585e-05,0.00017615219,0.00045129593
0.00018163561,0.00040593138,0.0008456037,0.0003014522,0.0023068583,0.020664142,0.1564668,0.38335106,0.031259567,0.40421697
0.00014733951,0.00028110345,0.00043956607,0.00020949876,0.0020512366,0.016077394,0.16761117,0.37627962,0.18638618,0.25051695
3.296422e-05,0.00047177725,0.0012391737,0.0049930653,0.1148444,0.48406935,0.37608123,0.011060026,0.0004354875,0.006772547
0.00023814994,0.00029529617,0.0004986025,0.00015977715,0.0005259115,0.0021322393,0.015123746,0.15130606,0.5913967,0.23832355
0.0003769629,0.0026093721,0.05856008,0.547403,0.34986088,0.036212444,0.004820071,3.456334e-05,2.1779666e-05,0.00010089946
0.0005475191,0.0012236695,0.0045061386,0.09165986,0.3021944,0.38752657,0.19776142,0.010312844,0.00088318135,0.0033844034
0.026367253,0.3856729,0.5182208,0.06045631,0.0076825772,0.0004945475,0.0008845478,2.6098314e-05,3.9938586e-05,0.00015514444
7.2729825e-05,0.0010272663,0.009622244,0.19816372,0.6642645,0.116471365,0.010126376,7.863414e-05,3.0042798e-05,0.00014309262
0.038965844,0.0733496,0.47261202,0.37080497,0.0344281,0.0050590816,0.004119526,0.00015792045,0.0001709061,0.00033205142
0.00016021974,0.00022234533,0.00030424626,0.00030222183,0.0018951811,0.01145436,0.09786068,0.34039992,0.43247354,0.114927284
8.535139e-05,0.0009026376,0.007773049,0.1479442,0.7148072,0.11296195,0.015164706,0.00011307417,3.1857613e-05,0.00021596818
0.000107109925,0.00032334976,0.00029021158,0.0021537622,0.03164025,0.15749662,0.5745366,0.19394438,0.018033003,0.021474618
0.18225853,0.68655485,0.12008035,0.008487136,0.0010684838,9.115485e-05,0.0008286136,7.4166484e-05,0.00016530395,0.0003914754
0.05472579,0.33837387,0.32955548,0.24992841,0.01986264,0.0028317636,0.0033982038,0.0003864426,0.00036668062,0.0005707108
0.07113797,0.7175996,0.19268334,0.014539352,0.0024184515,0.00021583273,0.00089802785,7.5766875e-05,9.8201774e-05,0.00033351098
0.0001488581,0.00020559966,0.00027910934,0.00024530102,0.0017352984,0.010191657,0.11762945,0.22219308,0.5930808,0.05429079
5.9529335e-05,0.00045183365,0.0011627715,0.011617456,0.21252573,0.42711842,0.33008385,0.011608693,0.0008875874,0.0044841603
5.9195623e-05,0.0005220701,0.0010491564,0.0028400547,0.053408608,0.362002,0.50208366,0.055142086,0.0014949652,0.021398291
0.00046354558,0.0017270935,0.018302603,0.2413713,0.6414517,0.07836368,0.017244175,0.0004105355,0.00015166089,0.0005137318
4.363485e-05,0.00025037883,0.0005630328,0.0009533232,0.021774547,0.20035596,0.6540137,0.094761424,0.0021804352,0.025103526
7.835418e-05,0.00052153016,0.004436712,0.020818345,0.26523924,0.38239333,0.3207367,0.0027381987,0.00015914915,0.0028785062
0.000105768784,0.00031465443,0.0008292934,0.0004948897,0.008541426,0.04296137,0.4554816,0.2872261,0.022822505,0.1812223
0.00029003192,0.0021023762,0.0046862336,0.035207205,0.5486488,0.2844229,0.10688691,0.00997416,0.0017431157,0.0060382998
0.011141314,0.045880947,0.20352928,0.5266311,0.19146156,0.016187117,0.004360437,0.00021976931,0.00026124995,0.00032717
8.77598e-05,0.0006498795,0.0009029945,0.006488849,0.14135812,0.34596556,0.3871046,0.08968414,0.0038823697,0.023875782
0.046462804,0.6159856,0.30914497,0.024088208,0.0030227522,0.00022690563,0.0007981245,3.715167e-05,5.8848073e-05,0.00017475896
0.00036213113,0.0006414819,0.0010066752,0.00018530994,0.00047740445,0.0022952652,0.011025448,0.111283876,0.49249202,0.3802304
0.00011074859,0.00023233691,0.00022605965,0.0008252045,0.008696027,0.058524746,0.46212125,0.38370898,0.055736866,0.02981779
9.021362e-05,0.00046005682,0.00053224724,0.0025874705,0.056866135,0.175105,0.46509847,0.23613572,0.013257429,0.049867213
4.4216416e-05,0.00034371653,0.0007242655,0.0016958016,0.041872084,0.26920134,0.6252676,0.04502869,0.0012356217,0.014586705
0.046962943,0.60101193,0.30616665,0.03732628,0.0066816527,0.0005055902,0.0009053096,6.661381e-05,0.00011372357,0.00025938268
0.012266361,0.09629166,0.41592357,0.42925408,0.04010765,0.004131572,0.0017565594,4.5032222e-05,6.240769e-05,0.00016108583
0.00018237303,0.00019629353,0.000389453,0.0003384598,0.0008508286,0.004126577,0.03918409,0.7207971,0.1435621,0.09037272
0.00011053359,0.00021316232,0.0003630986,0.00049827405,0.003989412,0.03212999,0.36373237,0.46818322,0.045874044,0.08490591
4.392548e-05,0.00023060016,0.00079877954,0.0019525434,0.041293446,0.23193845,0.6879097,0.026953144,0.00077570725,0.008103653
0.16575278,0.62470967,0.18851782,0.015485818,0.0030421969,0.00026382474,0.0012606033,0.00018780585,0.0002930183,0.0004864712
6.609353e-05,0.0007611401,0.0034917812,0.035500538,0.36408228,0.41401798,0.17683354,0.0028164457,0.0001930376,0.0022371153
0.00082718255,0.010275043,0.13099158,0.62687284,0.20426953,0.02387849,0.0026550808,4.3732067e-05,2.5090996e-05,0.00016143927
0.00016038734,0.00021032013,0.00043242847,0.00020428383,0.0010486857,0.0047310726,0.06025845,0.34245232,0.3381733,0.2523288
0.00019503644,0.0007298712,0.0046604783,0.024406511,0.21689792,0.32602516,0.40288448,0.017538622,0.00069618865,0.0059656138
0.00069065875,0.010460371,0.1312957,0.62776446,0.20936973,0.018417398,0.001880385,1.9513389e-05,1.7690383e-05,8.4115905e-05
0.70540583,0.2419526,0.04595978,0.0022518018,0.00038981406,6.190226e-05,0.0011457364,0.00032312082,0.0008658483,0.0016435544
0.00017539713,0.00025684698,0.00036141524,0.000115022754,0.0003098609,0.0017072575,0.0078084893,0.048435166,0.8227836,0.11804695
0.024751274,0.49282452,0.3633262,0.09760213,0.018398624,0.0014614041,0.0011302246,7.3706855e-05,0.00012887132,0.00030297693
0.022959312,0.31198648,0.5593593,0.09041409,0.013115532,0.00069245644,0.0012197377,3.3496213e-05,4.871886e-05,0.00017086726
5.634091e-05,0.0006473377,0.0045047803,0.1024366,0.6484911,0.21176822,0.031479612,0.000279512,4.1163396e-05,0.00029534678
0.2860112,0.5364066,0.1596755,0.01292855,0.0020863502,0.0001924367,0.0014057149,0.00020643948,0.00043717952,0.000649997
0.032101147,0.36525336,0.52820283,0.063315794,0.009323102,0.00055192533,0.0009948859,3.4265424e-05,5.701884e-05,0.00016565972
8.931603e-05,0.00089200056,0.009688145,0.22561596,0.51908827,0.22133297,0.02288125,0.00015281461,3.359418e-05,0.00022569012
0.19436911,0.65169233,0.1429454,0.008098029,0.0013065301,0.00010154675,0.0008434867,7.758649e-05,0.00018069705,0.0003852147
0.092092544,0.19584088,0.56626,0.09754551,0.032162677,0.004080047,0.009510289,0.00058220123,0.00035931027,0.0015665975
4.797746e-05,0.00048412813,0.0019888636,0.017345365,0.2613488,0.5449411,0.16979378,0.002344953,0.00015661654,0.0015483586
0.05936946,0.38879934,0.446621,0.081747174,0.019091062,0.0011567895,0.0023774873,0.00012593865,0.00022854072,0.00048321876
4.6910078e-05,0.0008052807,0.0075941407,0.050642166,0.6460633,0.24127766,0.05253374,0.00033115252,4.957575e-05,0.0006560129
0.00013733646,0.0013988256,0.007671542,0.0940849,0.7518259,0.12443126,0.018782802,0.00076109555,0.00015603068,0.0007501968
0.00012016816,0.00015017926,0.00029640365,0.00025529985,0.0014638879,0.0078009376,0.11420385,0.57552284,0.15120336,0.148983
0.00017321286,0.00039809733,0.0007501906,0.00019811076,0.0015732911,0.012435231,0.08530253,0.25139472,0.07418269,0.5735919
0.00017411466,0.0002803296,0.0005174913,0.00044977083,0.002576353,0.035516426,0.29040867,0.5436825,0.018632308,0.10776202
0.00018243807,0.00050286064,0.00047676108,0.004315981,0.03687849,0.14589895,0.39486098,0.3853763,0.016632218,0.0148751065
0.00045341408,0.00047054578,0.0008147339,0.00034970496,0.0006361077,0.0025415157,0.018817835,0.41195396,0.35934684,0.20461538
0.00027764332,0.00051108544,0.0007744317,0.00013990399,0.00055663305,0.003208123,0.013734848,0.08091397,0.43153712,0.46834627
8.364316e-05,0.0013650231,0.013908689,0.21712866,0.61118364,0.13651712,0.019424602,0.00010958675,3.262849e-05,0.0002464409
0.00012707752,0.00019673406,0.00032372426,7.1206705e-05,0.00013734566,0.00068985537,0.0022652193,0.010371701,0.9352255,0.050591674
7.024649e-05,0.00026775914,0.00039675555,0.0011505991,0.01685776,0.110871986,0.6496764,0.1865021,0.007297469,0.026908943
7.2362556e-05,0.0009262671,0.0077822944,0.1774322,0.6933443,0.10780196,0.012305172,0.00010080886,3.6707457e-05,0.0001979638
0.0009158046,0.0013599148,0.002755003,0.000453745,0.0013119722,0.0040052994,0.0136234285,0.13473915,0.08169204,0.75914365
0.012649953,0.15203992,0.5852252,0.21188945,0.033333108,0.0031046323,0.0014685777,5.0018683e-05,5.5714107e-05,0.00018340396
0.000111702684,0.0003336305,0.00032721405,0.0028340968,0.036994502,0.20967165,0.57599235,0.14882216,0.010441602,0.014471144
5.154343e-05,0.0008491927,0.0061135483,0.038416706,0.55931306,0.2894528,0.103534445,0.001229881,8.527105e-05,0.00095352856
0.00069271575,0.0035936164,0.02655375,0.34548476,0.54151595,0.07361464,0.008032425,0.00017229244,0.000115198396,0.00022468898
0.00010986966,0.0010789054,0.006825636,0.04988468,0.6112783,0.26438677,0.06430744,0.0011370511,0.000111922694,0.0008794705
0.000102832746,0.0001800516,0.00023604471,0.0007276017,0.003255375,0.015570426,0.13925886,0.776823,0.025640352,0.038205385
2.6208236e-05,0.00037020608,0.0014229557,0.007299808,0.19960839,0.4869944,0.29709995,0.00381152,0.00019956581,0.0031670053
0.00014640772,0.001641561,0.012116834,0.121739134,0.6772845,0.16550073,0.020751955,0.00023868575,4.9039045e-05,0.0005310794
0.00018521606,0.0010863465,0.015299368,0.12122513,0.56556064,0.24866223,0.047108147,0.00029846537,5.0369297e-05,0.0005240786
0.0002084132,0.0027831101,0.04857694,0.4350582,0.4402787,0.06483056,0.007945585,7.095752e-05,2.6503487e-05,0.00022102075
9.765167e-05,0.00012857228,0.00023331998,0.0005068433,0.002025522,0.01061852,0.09307174,0.7939661,0.05318476,0.04616694
0.00034858842,0.0004812904,0.0009439947,0.00021888543,0.0012094287,0.008906595,0.060409755,0.23735613,0.12405946,0.56606585
0.023052616,0.09090634,0.50264525,0.33027542,0.04422293,0.0046245074,0.003797633,0.00010881547,9.705293e-05,0.00026948325
5.051206e-05,0.00065402297,0.0061813085,0.109369546,0.5508442,0.28468058,0.047492247,0.00027392688,4.579821e-05,0.00040790506
0.0002867951,0.00039434386,0.0007145968,0.00018811174,0.00076147343,0.0021264735,0.017782897,0.15788892,0.35879225,0.4610642
0.02725107,0.48454466,0.38987234,0.08241228,0.013468631,0.0010799996,0.00097448117,6.116672e-05,9.5120806e-05,0.00024025745
0.00020019386,0.003418527,0.040255748,0.5176222,0.39110002,0.044040404,0.0032199929,3.28234e-05,2.0161733e-05,9.00431e-05
0.0010786027,0.0030341842,0.03387202,0.5399756,0.34088507,0.07020266,0.009928271,0.0005378106,9.8909404e-05,0.0003868647
0.3545024,0.5771283,0.062887736,0.0030951814,0.00047170505,5.8150938e-05,0.0007029983,0.0001222888,0.0003105629,0.0007206416
0.23673949,0.6738476,0.08323831,0.0041697123,0.00060659176,5.713903e-05,0.0006226448,7.267195e-05,0.00018702284,0.00045883807
0.00018178573,0.0009548419,0.0010802641,0.006782004,0.07199454,0.20913297,0.31605485,0.347305,0.008754051,0.03775964
0.43981817,0.50146776,0.05338969,0.002435438,0.00042488266,5.9474194e-05,0.000757324,0.00017304785,0.00043686703,0.0010373726
0.00019603479,0.0011483293,0.002971825,0.06173635,0.28846315,0.49128875,0.13784237,0.01330978,0.00056783925,0.0024756119
0.0003507054,0.0031586888,0.045695204,0.61050916,0.30347133,0.034258984,0.0024305736,2.5100178e-05,1.9834868e-05,8.046018e-05
0.00037919727,0.002099035,0.022289228,0.41488478,0.46782148,0.08408682,0.008143881,8.571285e-05,5.3884032e-05,0.0001558987
6.4446096e-05,0.00022271305,0.00026579617,0.0013433686,0.021584265,0.12984021,0.62654454,0.19239056,0.010093923,0.017650194
0.033596247,0.46634597,0.43728787,0.054869805,0.0063487613,0.0004345755,0.0008648093,3.153523e-05,5.1319923e-05,0.0001691144
7.5741016e-05,0.00018824862,0.0004277199,0.00032040835,0.0039352165,0.041734967,0.47474203,0.35976058,0.013751254,0.105063744
3.541675e-05,0.0005324841,0.0024067615,0.045159265,0.5723106,0.32188413,0.056166045,0.00070732855,0.000100233396,0.00069774775
8.483779e-05,0.0011806537,0.0069678975,0.049991384,0.62117934,0.20885463,0.105006166,0.0043728063,0.00023439593,0.0021278162
8.042142e-05,0.00022724915,0.0003661831,0.0009962022,0.008891133,0.09864551,0.57336646,0.28786156,0.0072565107,0.022308793
5.76427e-05,0.00048484944,0.0019792076,0.011542903,0.18213564,0.4003707,0.38502565,0.0120839225,0.00049015926,0.0058293156
8.879289e-05,0.0009006907,0.008851718,0.19317906,0.6606613,0.12187724,0.014128359,0.000116829186,2.953437e-05,0.00016645127
0.00021119129,0.0003744651,0.0006390465,0.006203163,0.025520984,0.21041827,0.46860558,0.27414992,0.005122641,0.008754677
0.00014439129,0.002154501,0.016459312,0.23464453,0.6570127,0.0805713,0.008498461,0.00016346642,5.652525e-05,0.000294795
0.00012608306,0.00022724179,0.00033253166,0.00027047968,0.0027835371,0.02590604,0.3256255,0.455909,0.07298819,0.11583137
4.7306923e-05,0.00030691526,0.00065301644,0.0010907615,0.022931656,0.17508179,0.69078696,0.07840915,0.002431876,0.02826061
0.000314048,0.0017388775,0.024207693,0.13407394,0.60062176,0.19809946,0.039875265,0.0003258504,7.0602604e-05,0.00067250186
8.8949804e-05,0.00032455695,0.0010864683,0.005401477,0.07391011,0.22852086,0.6393698,0.040948223,0.0018467363,0.0085028205
0.00013008225,0.000309283,0.0007916278,0.00029379403,0.0026643372,0.023272207,0.19623019,0.4230231,0.024006955,0.32927844
0.027519258,0.23037554,0.35599416,0.35063487,0.028697034,0.003582177,0.002470004,0.0001930672,0.00019586961,0.00033806253
0.00016152483,0.0002733261,0.00037356935,0.00021802733,0.0021275983,0.0148983635,0.13259488,0.360126,0.30180928,0.18741736
0.103419915,0.8037535,0.08096206,0.00934559,0.0012725089,0.00014032621,0.00055865763,7.4750846e-05,0.00018028315,0.00029240974
0.059091337,0.29819292,0.57224214,0.05827383,0.009351596,0.0005402573,0.0018500717,8.323405e-05,9.856725e-05,0.0002760117
0.0012920967,0.015345913,0.2205391,0.5594972,0.18652876,0.014404529,0.0022338347,2.9564966e-05,2.3741599e-05,0.00010533759
0.0003638268,0.0036475984,0.03886075,0.45484257,0.45391494,0.04492437,0.0032593233,4.4689237e-05,3.3713077e-05,0.000108233035
0.012418336,0.082745805,0.3522328,0.404268,0.13785009,0.0076596816,0.0023280296,7.4938296e-05,0.00011440835,0.0003079343
0.060604803,0.14832652,0.42962804,0.2907743,0.059638858,0.0047725956,0.004964667,0.00029891843,0.00041395213,0.00057732244
0.00016933757,0.00024015833,0.00036893476,0.00016780393,0.00063992495,0.0040476704,0.031187784,0.20529929,0.5724834,0.18539564
4.525395e-05,0.0005158495,0.0023381955,0.0161338,0.39148322,0.41953292,0.16604227,0.0019725712,0.00017099132,0.0017649449
0.00011581945,0.0011447857,0.007467547,0.18744431,0.6260863,0.1607366,0.0164657,0.0001718816,7.083508e-05,0.0002962745
8.5968146e-05,0.00015375129,0.00022064673,0.00039409514,0.004200926,0.025047112,0.3638803,0.44928667,0.10021246,0.056518108
0.00012561801,0.00043815887,0.0010250151,0.0012999929,0.014308055,0.11859259,0.38779208,0.33973166,0.007756792,0.12893002
0.0016013096,0.007351063,0.16738604,0.61683,0.18429342,0.017966794,0.00435045,5.5725086e-05,3.1527554e-05,0.00013368047
6.835374e-05,0.00045661145,0.0007350766,0.009745012,0.14740397,0.45084938,0.36680853,0.01832199,0.0013326592,0.004278468
0.05944156,0.47610152,0.38760775,0.06565607,0.008943629,0.000603247,0.0012283492,6.11793e-05,0.000121822355,0.00023484696
0.0001108898,0.0004446638,0.00084168813,0.0084314225,0.10042095,0.3244691,0.520487,0.03486447,0.0022839627,0.0076457947
0.00011260105,0.0006523027,0.001388334,0.015538891,0.2162521,0.40572622,0.32891658,0.02333913,0.0013365746,0.0067372536
0.11718187,0.6908509,0.17792615,0.011129142,0.0015488698,0.0001260021,0.0008004038,5.7933965e-05,0.000108141416,0.00027061746
0.00013020313,0.0021837875,0.044135578,0.27750313,0.64214045,0.030145807,0.0036068386,2.9512477e-05,1.5286128e-05,0.000109425266
6.8394016e-05,0.00015018033,0.00034986326,0.0008779324,0.008902929,0.066638835,0.7330033,0.16775668,0.00624504,0.016006844
0.00017612151,0.00027332516,0.00038695682,0.00026394075,0.0015235536,0.008878933,0.058413096,0.38877377,0.268125,0.27318534
0.7687599,0.1293468,0.050323937,0.01751616,0.0018845435,0.0006653046,0.005345009,0.004192054,0.01639384,0.0055724825
0.00031696726,0.0031666032,0.026878135,0.45659444,0.46654958,0.043802097,0.002512642,3.759672e-05,3.929209e-05,0.00010267306
0.00013665794,0.002435433,0.02031943,0.24494176,0.68426245,0.04475288,0.0029257946,4.2210493e-05,3.072109e-05,0.00015267804
6.381917e-05,0.00017873132,0.00020944468,0.0008031241,0.013095368,0.072100446,0.5780084,0.29382348,0.01916783,0.022549404
0.00041257925,0.0011613058,0.005348124,0.14506648,0.39279506,0.35191157,0.09863855,0.002752382,0.0003729306,0.0015410773
9.506372e-05,0.0006056233,0.0008905207,0.004207637,0.049226686,0.38077846,0.45343047,0.09770207,0.0014898852,0.011573651
0.00016087388,0.00019274806,0.00028707986,0.00058289815,0.0019781967,0.010610935,0.117360234,0.7925256,0.03468159,0.041619837
0.00014574597,0.0019931945,0.011445252,0.29268065,0.5362125,0.14558281,0.01145761,0.00018810901,6.719546e-05,0.00022694824
0.0002127104,0.00048134898,0.00079759175,0.00018956004,0.0010374882,0.0072454466,0.04821192,0.22958112,0.11630744,0.5959354
0.00015013278,0.0022767154,0.045433942,0.4604391,0.44839332,0.039489496,0.0037050245,2.1489774e-05,1.4116569e-05,7.673504e-05
0.00017456229,0.00021107399,0.00036452513,0.00027237617,0.0016118644,0.008621034,0.08773675,0.38057202,0.36101028,0.15942556
0.00011032739,0.00027129034,0.00035253927,0.00027898233,0.0021031387,0.023306187,0.14878325,0.6238298,0.06088809,0.14007634
0.00048285208,0.000493685,0.00082603307,0.00034580394,0.00061768474,0.0025479982,0.017684452,0.3984313,0.3753078,0.2032624
0.00029719263,0.0002916468,0.00049820356,0.00024513234,0.0018338682,0.006337292,0.052744605,0.2913663,0.26756015,0.37882558
0.00011799053,0.00018406649,0.000295381,6.800012e-05,0.00013587454,0.00071329664,0.0024649017,0.011074142,0.93753487,0.04741153
0.000110615765,0.000272772,0.00044914315,0.0035528033,0.03362738,0.2305015,0.6495509,0.0710055,0.0036474764,0.0072818263
0.034382947,0.1431036,0.27797797,0.49745804,0.03591025,0.0060334317,0.0037609378,0.0004085137,0.0004035584,0.00056074566
0.0015408805,0.0033701712,0.01902544,0.4660102,0.38522476,0.10736477,0.015596381,0.0006955956,0.00054324407,0.00062851526
0.0020395431,0.009556587,0.068532735,0.46211636,0.41256514,0.038374517,0.005717951,0.00042911406,0.000122393,0.00054568326
8.592862e-05,0.0015049105,0.0095639285,0.10668135,0.5148606,0.3010125,0.063831344,0.0012905117,0.00012064604,0.0010483424
6.0859922e-05,0.0005001575,0.0011963145,0.02070292,0.29553926,0.4680738,0.20585997,0.0051313066,0.00056457805,0.0023708893
0.007773473,0.007528957,0.04465548,0.6539494,0.20688748,0.060824327,0.015200884,0.001140447,0.0011082977,0.00093134644
0.00010815821,0.0013387242,0.004381043,0.02190166,0.34185058,0.4597566,0.1588414,0.0071629444,0.0005308205,0.004128123
0.00018037282,0.00042121173,0.0004407659,0.0020612006,0.024272734,0.085067384,0.35841542,0.4246555,0.043628465,0.060856964
0.6171846,0.31068748,0.06391388,0.0038910047,0.00076799555,9.202891e-05,0.0013686166,0.00028610262,0.0008367856,0.000971527
0.0009445105,0.00968766,0.05229152,0.6124349,0.29169828,0.030303707,0.0023876377,4.8296923e-05,6.325087e-05,0.00014029286
0.0033661942,0.040112533,0.32682472,0.4655862,0.15132721,0.00976338,0.0027316015,4.5867226e-05,4.4767214e-05,0.00019756042
4.9363647e-05,0.0002236312,0.00033341485,0.0006424148,0.01683174,0.10649894,0.6662304,0.16085213,0.0087217735,0.03961618
0.0002315716,0.00034766566,0.0004897642,0.00021859183,0.0009933187,0.004746215,0.028412199,0.24396016,0.37111154,0.34948894
0.002310471,0.009312486,0.20060496,0.5956772,0.17025791,0.01627026,0.00528237,7.354788e-05,4.297012e-05,0.00016783003
0.0021685273,0.033203475,0.27441826,0.5841856,0.0949131,0.009185456,0.0017820765,2.7618375e-05,2.5697585e-05,9.02301e-05
0.006475788,0.009900041,0.06609669,0.6886838,0.1872692,0.032794308,0.0073360987,0.0005071465,0.00043153254,0.000505377
9.011131e-05,0.00066219445,0.0030880172,0.044860642,0.5737567,0.30226657,0.07236632,0.0016107929,0.00012289606,0.0011757321
0.01120978,0.049999267,0.4600872,0.41331646,0.056690786,0.005152125,0.003215141,7.288114e-05,5.1186482e-05,0.00020518494
3.983344e-05,0.0005884281,0.0020555658,0.019576158,0.4046153,0.45138624,0.11853538,0.0014889794,0.00017224447,0.0015418354
0.0002770785,0.00040336547,0.00062586967,0.00026918756,0.00084175327,0.0052512786,0.026805643,0.2469972,0.49602267,0.22250593
0.00016702898,0.00022005124,0.00035814592,0.00029222615,0.0012392108,0.0054424023,0.05139799,0.5018704,0.3057211,0.13329144
0.71276623,0.23711582,0.04040762,0.0022986366,0.00045490157,9.60994e-05,0.001247945,0.00059214357,0.0017574073,0.0032632283
7.248217e-05,0.0008619925,0.004524165,0.08703969,0.65824306,0.20876159,0.039058708,0.0005467939,0.000117919204,0.0007736665
5.1698527e-05,0.00061073253,0.0043562334,0.042709988,0.41663817,0.3870666,0.14583544,0.0011653685,0.00010107505,0.0014646144
3.967334e-05,0.00027986785,0.00038368086,0.0013471979,0.042526625,0.2202093,0.6473307,0.068100676,0.003216397,0.016565952
0.0022432432,0.03329901,0.26040328,0.48223782,0.2071411,0.012550934,0.0018949028,4.7974605e-05,4.6067038e-05,0.00013570287
0.00016308133,0.00045065768,0.0005201079,0.0048422553,0.029181045,0.2783936,0.43913856,0.22863507,0.0063966773,0.012279015
0.00017935439,0.00021431013,0.00024506962,0.00052047725,0.0038984607,0.027077788,0.31459096,0.4239713,0.20051974,0.02878256
0.00013797742,0.0017671959,0.016638868,0.18841173,0.7142764,0.07130302,0.007007162,0.0001420084,5.2620333e-05,0.0002631159
0.0001269801,0.0012686155,0.01835988,0.37673303,0.4641651,0.12809978,0.011009224,7.09839e-05,2.6407428e-05,0.00014005254
0.0002217643,0.0014176122,0.014377914,0.09291732,0.44640917,0.3282387,0.11089092,0.002646533,0.00018322603,0.002696862
0.00038904257,0.0007003755,0.0010700114,0.00019569744,0.00047945118,0.0023070518,0.00994733,0.11814831,0.48527965,0.3814831
6.979091e-05,0.00045075387,0.0009338166,0.0058784587,0.08539653,0.30926412,0.55052435,0.035345946,0.0014935551,0.010642659
3.872251e-05,0.0005820973,0.0021845237,0.029585836,0.30441573,0.5059171,0.15291767,0.0023596885,0.00018716573,0.0018115657
0.042057328,0.35412553,0.50500184,0.07777271,0.017995594,0.0010277166,0.00153463,6.66101e-05,0.00013094628,0.00028707026
0.00015722835,0.00030904004,0.00038710958,0.00012548183,0.0006720826,0.0053051775,0.030011987,0.12756044,0.54215753,0.29331392
7.7131204e-05,0.00011539409,0.00019413243,0.00039123598,0.0018563685,0.0115915155,0.12843391,0.7461767,0.07072159,0.04044199
0.07121599,0.2031263,0.5944339,0.09150875,0.028610934,0.0032455265,0.0062862434,0.0002942501,0.00024865256,0.0010295158
4.210871e-05,0.0002453268,0.00031416464,0.0010396775,0.022006167,0.19126123,0.66058934,0.10473217,0.003502827,0.016267026
0.02200154,0.45373732,0.435737,0.077716075,0.009021332,0.0007117499,0.000827893,3.8840753e-05,5.0837396e-05,0.0001574125
0.00016290543,0.00020087726,0.00026972214,0.00038164455,0.0011894577,0.010096693,0.07040259,0.7558149,0.107607484,0.053873748
8.528781e-05,0.00084163086,0.008441627,0.0516184,0.44703117,0.39037475,0.099194854,0.0009712574,8.25779e-05,0.0013585138
7.173628e-05,0.0009583007,0.008344578,0.098792575,0.61744726,0.22756863,0.04541763,0.00046084315,7.037971e-05,0.0008680791
9.4578725e-05,0.00025894478,0.0002525864,0.001108629,0.00804117,0.04612734,0.25151157,0.6260276,0.032903228,0.033674248
0.00015375021,0.002492694,0.031935953,0.19692159,0.63516283,0.11813103,0.014676043,0.00010166108,2.7790604e-05,0.00039663012
0.06532821,0.41354328,0.44029218,0.062555544,0.014311672,0.0010787313,0.0020431306,0.00017677479,0.00019832846,0.0004721886
0.65287244,0.29339734,0.045791008,0.0028457586,0.0004595994,8.6657e-05,0.0011946053,0.00040352572,0.0010761712,0.0018729402
0.03985843,0.47336453,0.44513208,0.03513063,0.005090301,0.00031621184,0.00086283975,3.283437e-05,5.433054e-05,0.00015784972
0.00016174026,0.0019125345,0.03298467,0.4752313,0.4400999,0.04621848,0.003278758,2.3344177e-05,1.7023482e-05,7.222457e-05
0.10766427,0.72013825,0.16005518,0.009695576,0.0013059226,9.812875e-05,0.000647539,4.050325e-05,9.752114e-05,0.00025712384
6.1764236e-05,0.0008988388,0.0064935004,0.08756193,0.7007515,0.17757943,0.025823064,0.00029733052,6.741227e-05,0.00046520183
0.36219907,0.46604636,0.13426293,0.02905234,0.0027691682,0.00037487017,0.0023302974,0.0004996889,0.0015051801,0.0009600118
0.00013658532,0.0010043795,0.0037838162,0.05531355,0.52583766,0.30238464,0.10094497,0.006814654,0.00059421407,0.0031854936
0.00010323498,0.00015905366,0.00023091972,6.650246e-05,0.0001501755,0.0008920076,0.0039754147,0.017538765,0.9358124,0.041071564
0.010820821,0.11606385,0.45353532,0.36996222,0.042389132,0.004472994,0.0024160973,6.8394584e-05,6.970737e-05,0.00020151674
0.39419442,0.44385895,0.11241675,0.036134668,0.0040281503,0.0007051336,0.0042349277,0.0008742155,0.0020010753,0.0015517772
0.52883136,0.4005094,0.061290897,0.0037216572,0.0010051369,0.00013125913,0.001287874,0.00040645924,0.001122757,0.001693203
7.6417724e-05,0.00029024392,0.0006520793,0.0021597473,0.030149663,0.13616179,0.6297196,0.1659783,0.004941905,0.029870287
7.260986e-05,0.0012720667,0.006370812,0.06784403,0.47329277,0.3444992,0.10310559,0.0019663938,0.00015665674,0.001419893
0.021661516,0.2132435,0.4309413,0.276301,0.050013028,0.0046424586,0.002466601,0.00019544072,0.00015925885,0.0003758771
7.112543e-05,0.0013011231,0.024884256,0.2808974,0.648296,0.03999502,0.0044344794,2.4697049e-05,1.21205385e-05,8.37909e-05
7.363883e-05,0.00020328707,0.00028555273,0.0003865216,0.0060757636,0.06658039,0.50821143,0.3399105,0.018861616,0.059411343
0.46655178,0.47124127,0.056461707,0.0025930172,0.0004804373,6.837166e-05,0.0008882406,0.00020549314,0.00048813483,0.0010215789
0.00015924832,0.002058282,0.02301147,0.33641356,0.5935402,0.04157105,0.0030716725,3.260073e-05,2.738748e-05,0.00011460298
0.043951057,0.17245759,0.34377357,0.35482472,0.07141692,0.0073107267,0.004835115,0.00033224202,0.00042692383,0.00067112496
7.848889e-05,0.000119920165,0.00017887524,0.00029068143,0.0025556816,0.016528727,0.23243266,0.531317,0.15482496,0.061673008
0.006093113,0.058398757,0.3182053,0.550023,0.057243552,0.007621078,0.0021827363,5.2963685e-05,5.1189312e-05,0.00012834699
0.0001179024,0.00023141502,0.00045885725,0.0004045537,0.0038508251,0.02037266,0.21056709,0.5172715,0.06795641,0.17876881
0.00025350784,0.001077415,0.0018284081,0.029873468,0.24607156,0.38254386,0.30610391,0.02073316,0.0059844656,0.005530147
0.004030421,0.02584024,0.34032372,0.48818952,0.12883188,0.009182145,0.0033486204,5.1395866e-05,4.0124945e-05,0.00016199572
0.36546612,0.5603804,0.06815915,0.0032529174,0.0005273975,7.143136e-05,0.00081481267,0.00018652252,0.00035737111,0.00078383094
0.1226536,0.685028,0.15345104,0.031899337,0.003815743,0.0004780814,0.0013925073,0.00024238591,0.0005159742,0.00052338385
0.000114979026,0.00018389407,0.00025126056,0.00034130263,0.0025003427,0.01766363,0.16624571,0.5332315,0.17896694,0.10050045
4.9965412e-05,0.000410684,0.0025158143,0.013048871,0.222138,0.5299202,0.2274584,0.0023325596,0.00014315802,0.001982391
9.539468e-05,0.0004680411,0.00047425332,0.003278733,0.08313743,0.20624648,0.56533986,0.10793279,0.013977322,0.019049644
5.1298794e-05,0.0003047298,0.00071326515,0.0039954935,0.074173,0.26394936,0.6007965,0.04506605,0.0016617719,0.009288538
0.00042675517,0.0005510054,0.00080361025,0.00078894047,0.0029722669,0.014898649,0.065778315,0.5031348,0.19813131,0.2125144
0.0017777204,0.008965615,0.11097131,0.5128707,0.34369677,0.01864401,0.0028044868,6.34728e-05,5.388049e-05,0.00015203262
7.9954065e-05,0.00017224187,0.00030010426,0.0002777796,0.003205435,0.027077468,0.3421355,0.46951777,0.028865838,0.12836798
5.928795e-05,0.00022093946,0.00027592384,0.0005375092,0.0073858625,0.08450217,0.5385329,0.32447365,0.007114253,0.03689747
6.380294e-05,0.00017851824,0.00021028254,0.00080489554,0.010907534,0.056643024,0.47601625,0.3884198,0.03333648,0.033419494
0.5806326,0.36026388,0.051393826,0.0033787559,0.00060453673,0.000100026045,0.001167094,0.00031239504,0.00091672107,0.0012302317
0.00011119867,0.0001589497,0.00033355833,0.00024903912,0.0015568101,0.012586227,0.17582285,0.59325254,0.087224245,0.12870458
5.380698e-05,0.0003365949,0.0009693153,0.003812493,0.058504377,0.41481465,0.4873659,0.026999885,0.0005692906,0.0065736473
0.00013922322,0.0015206836,0.0043009426,0.0713697,0.5536112,0.2951301,0.07000801,0.0017264006,0.00045243974,0.0017412557
0.04397076,0.3128313,0.5132563,0.10726346,0.018872691,0.0014054533,0.0018370852,9.660907e-05,0.00015120381,0.00031503756
0.0001490246,0.0011727351,0.01197212,0.22545958,0.62634903,0.118978746,0.015188327,0.00037496517,6.491332e-05,0.0002905257
0.007667621,0.08604125,0.4942258,0.35328534,0.052802395,0.0041477224,0.0016223656,3.70403e-05,3.9846826e-05,0.00013057972
9.1049886e-05,0.0007863755,0.0067574643,0.042531997,0.41968694,0.35393777,0.17101847,0.002723132,0.00017665366,0.0022901522
7.558785e-05,0.00031092498,0.0011454353,0.007561554,0.08815705,0.29900086,0.5753866,0.022867497,0.00092047395,0.004574016
0.23057596,0.7029945,0.059889395,0.0039490475,0.0008150676,9.045793e-05,0.000655431,0.00014872092,0.00031163509,0.000569808
0.056272358,0.49647304,0.39371192,0.04635734,0.005315523,0.00035807502,0.001144158,4.6023215e-05,8.685993e-05,0.00023473396
0.051563412,0.32060695,0.5242215,0.09169597,0.008954201,0.00080841675,0.0017290021,7.075677e-05,8.1418555e-05,0.00026846674
0.42020008,0.44099042,0.12550709,0.007462687,0.002116316,0.00016734716,0.001809803,0.00021383991,0.00060807535,0.0009242929
9.757533e-05,0.0015431882,0.022837529,0.2115669,0.6758454,0.0774124,0.0103534,8.3391315e-05,2.6301825e-05,0.00023403604
0.00019396415,0.00022578823,0.00033677818,0.0002508855,0.0015485452,0.0056749624,0.038356442,0.22645092,0.6056885,0.121273234
0.096393645,0.53322,0.30133608,0.045331754,0.017631562,0.0011548352,0.0029756902,0.00032290895,0.0006507695,0.0009828047
0.0002407184,0.00048264288,0.0005862506,0.00017723303,0.0006645244,0.0035614164,0.015646644,0.12968291,0.53204405,0.31691363
0.00013326334,0.00034799826,0.00041439218,0.0010906339,0.007962665,0.051780827,0.2621361,0.571966,0.046373736,0.057794478
0.3245017,0.48461306,0.17377032,0.010670467,0.0028684086,0.00020453721,0.0019528565,0.0002151361,0.0004891502,0.0007144281
0.00012697805,0.0003045792,0.0002845979,0.0015295033,0.019711504,0.09448754,0.41193873,0.38607705,0.045563314,0.039976228
3.962996e-05,0.00033826657,0.0010103851,0.0024061776,0.075684175,0.3099351,0.5669935,0.03076457,0.0009352871,0.011892918
0.21052818,0.6109002,0.16127561,0.011850856,0.0028370575,0.00021920424,0.001301596,0.00013694409,0.00034777168,0.00060248387
0.0002166946,0.0035454736,0.026908342,0.47869307,0.39472038,0.08915168,0.0063915984,0.000116060735,4.4434884e-05,0.00021228398
0.0403967,0.7044939,0.2341548,0.016987797,0.0028242546,0.00021601202,0.000630357,3.6710113e-05,6.3606756e-05,0.00019586619
0.0001523741,0.00021060479,0.00028639816,0.000104574974,0.00026182784,0.0014911579,0.008691579,0.03927868,0.9016321,0.04789074
0.00017245742,0.00020607782,0.00025854632,0.00038302006,0.002358337,0.016110856,0.20069306,0.41182917,0.3329513,0.035037205
0.00030701765,0.0003749917,0.00052389625,0.0050117387,0.016518602,0.0984976,0.29939428,0.5484067,0.014575168,0.016389947
0.00056723447,0.0026142078,0.0058131744,0.13718778,0.465757,0.2776496,0.09172563,0.01187216,0.003093345,0.0037198425
0.0026518037,0.05489927,0.3528959,0.47018534,0.10985387,0.0075877663,0.0017388498,3.208453e-05,3.09706e-05,0.000124162
0.00014221098,0.00018112741,0.00035814528,0.00026886768,0.0015976187,0.007075189,0.07951646,0.52667075,0.16748834,0.21670125
0.026653334,0.17806047,0.51433665,0.24855454,0.02679795,0.0026517324,0.0024951485,0.00010447684,8.972089e-05,0.00025602675
0.0004512071,0.003849173,0.048378978,0.59345335,0.31781515,0.033606786,0.0023029135,3.1952026e-05,2.5693353e-05,8.486423e-05
6.310142e-05,0.0004950788,0.0025700289,0.019153683,0.21302387,0.5187434,0.23869798,0.0043397974,0.00016794051,0.0027450358
0.5024626,0.35345685,0.12663242,0.0110439565,0.002006212,0.00020202257,0.002185044,0.00031261262,0.0008029832,0.00089528
0.010980808,0.113251425,0.47733587,0.31705385,0.072584376,0.0056220954,0.0027772754,7.8821875e-05,7.3383024e-05,0.00024209185
0.00011475493,0.0006099627,0.00076742825,0.0048389835,0.052947167,0.2406545,0.4947797,0.17118554,0.009162775,0.024939114
0.00030961208,0.0026074478,0.0468666,0.53660786,0.36049414,0.048858643,0.004070865,4.1465126e-05,2.1620994e-05,0.00012176044
5.2288924e-05,0.00054895476,0.0024908173,0.04788642,0.49994132,0.3465272,0.10032827,0.0011290682,0.00016363048,0.00093211036
0.07153573,0.7236852,0.18235056,0.018575884,0.0024178184,0.00021734927,0.00073215674,7.877404e-05,0.00012938786,0.00027710298
3.0298444e-05,0.00040955283,0.0018688025,0.020361736,0.35014072,0.42285642,0.2003476,0.002217113,0.00017457189,0.001593148
0.00042283873,0.0044139493,0.07256086,0.57915455,0.3140312,0.0270976,0.0022098422,2.3216884e-05,1.8864754e-05,6.7094676e-05
0.001667855,0.02416089,0.09765628,0.65042454,0.19662742,0.02691396,0.0021614411,0.000120406134,8.264792e-05,0.00018442272
0.01222754,0.22551166,0.5871943,0.14256003,0.02921558,0.0015981038,0.0013932657,3.1729578e-05,4.4195433e-05,0.00022368348
0.000104882536,0.00020840846,0.00044136395,0.00023587725,0.0022129698,0.024435438,0.28100818,0.47458705,0.034657206,0.18210869
0.29802582,0.6292644,0.06502049,0.0038965081,0.0010230663,0.00012804175,0.00090204907,0.00026499486,0.0005406756,0.0009340322
0.007824715,0.061948285,0.35397586,0.49920395,0.06802181,0.006486456,0.0022559315,6.39683e-05,5.3942073e-05,0.00016505722
0.00027325362,0.006199786,0.0993899,0.38931897,0.47820157,0.02395734,0.0024880774,3.5743367e-05,1.648743e-05,0.000118938406
0.06322446,0.49783817,0.3940768,0.03952467,0.0037853124,0.00030384283,0.00095392263,4.2232197e-05,6.94704e-05,0.00018114851
0.00018415145,0.0002420101,0.00036094282,0.00014757608,0.0005356703,0.0028780345,0.016263139,0.12867336,0.70806974,0.14264545
0.00012773625,0.00020480108,0.00026254405,0.00013826949,0.0003843023,0.0021219668,0.015828127,0.10122985,0.83732504,0.04237738
