0.1260574,0.10187475,0.10032334,0.07614131,0.08011688,0.110379785,0.08825171,0.09599986,0.09425823,0.12659673
0.12351469,0.10235979,0.10199753,0.07504787,0.08270008,0.11094982,0.08802468,0.09907005,0.09168018,0.12465528
0.17725521,0.13038601,0.09906954,0.07518487,0.06987589,0.07704567,0.07389648,0.075928666,0.0911003,0.13025738
0.13846506,0.11999563,0.099823505,0.074850716,0.071208626,0.09040518,0.082118936,0.09293245,0.09530168,0.13489823
0.18446401,0.13114709,0.09447394,0.07723736,0.06580633,0.07063977,0.069617175,0.07446019,0.092216074,0.13993806
0.19077095,0.13004355,0.09755248,0.077877745,0.07240283,0.07536471,0.07196204,0.07149981,0.08624676,0.12627913
0.13064688,0.106032036,0.09508245,0.07524987,0.08638818,0.102986135,0.08838593,0.09527211,0.08162053,0.13833585
0.1498375,0.112619966,0.10819445,0.07361983,0.07837029,0.09393402,0.08428137,0.08673229,0.08801709,0.124393225
0.18673995,0.13812062,0.098111965,0.07614267,0.0677543,0.07173623,0.06913455,0.073903635,0.08826071,0.13009542
0.13059027,0.10561753,0.09602936,0.074535616,0.086850464,0.10398585,0.088715635,0.09527251,0.08217429,0.13622847
0.16002451,0.12487057,0.090010986,0.07222576,0.07075292,0.08213775,0.07499386,0.079519935,0.09220999,0.15325375
0.15887381,0.12607889,0.09098087,0.0715083,0.0704322,0.08190495,0.07465148,0.08032656,0.09206023,0.15318273
0.1532944,0.121554144,0.08832994,0.07488091,0.07417838,0.083190836,0.07934306,0.08102378,0.08765623,0.15654832
0.18573685,0.13681328,0.09669557,0.075760245,0.065554716,0.06893705,0.068600826,0.07564142,0.09164306,0.13461703
0.12761843,0.11476732,0.102554634,0.07410979,0.06838113,0.09788098,0.0822404,0.09954338,0.10553887,0.12736508
0.17920159,0.13205248,0.0967006,0.07703646,0.06618826,0.0728717,0.07046271,0.07642499,0.09274757,0.13631369
0.17140962,0.1326866,0.09853649,0.076637745,0.06526776,0.07267728,0.07073852,0.08188915,0.095747955,0.13440886
0.15939462,0.12709233,0.09111111,0.07210101,0.06960225,0.079968736,0.07477144,0.08032713,0.09283188,0.15279958
0.11453258,0.11105082,0.10116074,0.07505676,0.07884949,0.10431939,0.08740147,0.10873428,0.09038999,0.12850451
0.124927625,0.102236085,0.10139489,0.07560983,0.08189333,0.110832706,0.088006936,0.097213216,0.09123057,0.12665485
0.11454614,0.11159906,0.10116316,0.07439687,0.07889759,0.10417967,0.086797394,0.10960425,0.089470364,0.12934546
0.16179837,0.12549435,0.09006698,0.0724829,0.06990944,0.079858385,0.07523781,0.07924127,0.09270363,0.15320684
0.19196546,0.1334193,0.09196466,0.07853932,0.07253772,0.07273226,0.07013627,0.06968693,0.085899875,0.13311821
0.12861818,0.11380274,0.10122858,0.07248138,0.073194236,0.10023845,0.08459417,0.09758936,0.09682785,0.13142507
0.13346602,0.11699491,0.09857067,0.07530231,0.07187612,0.09443145,0.08107154,0.093533844,0.095278665,0.13947439
0.11111937,0.11085892,0.10033466,0.07484223,0.07834555,0.10575279,0.087240465,0.111170776,0.08970177,0.13063353
0.13680135,0.10581594,0.09709152,0.07736749,0.07992324,0.107424274,0.08489682,0.08810617,0.09084137,0.1317319
0.18437627,0.13181116,0.094425805,0.076505266,0.06548784,0.07021332,0.06963267,0.07438599,0.0927149,0.14044675
0.17460194,0.119557574,0.09133164,0.07888833,0.07377338,0.08202947,0.07523089,0.07297485,0.091351,0.14026093
0.13016514,0.10165263,0.09180443,0.07741365,0.08463648,0.10770683,0.090807,0.089969,0.08257364,0.14327124
0.18565643,0.13709854,0.09951998,0.07564363,0.06657445,0.07221281,0.069441594,0.07530963,0.089916445,0.12862656
0.17456576,0.11893613,0.09087617,0.0797628,0.07357533,0.0815397,0.074896306,0.07266925,0.09162792,0.14155059
0.14363864,0.115866385,0.09741524,0.07439735,0.07679864,0.09180849,0.08326184,0.08821451,0.086398706,0.14220023
0.12519379,0.10169659,0.099495485,0.07770823,0.07899586,0.1105253,0.08836727,0.09470005,0.09528863,0.12802872
0.16897756,0.13181703,0.09818233,0.076488756,0.06626054,0.075429626,0.07163285,0.0816334,0.09452082,0.13505714
0.14945726,0.11392961,0.10662543,0.0738752,0.077267475,0.093134716,0.08355234,0.086751655,0.08865549,0.12675089
0.12334042,0.1007937,0.10039999,0.07690648,0.078465946,0.11118598,0.089028195,0.097560644,0.09717774,0.12514089
0.12428837,0.10038282,0.09995032,0.07675696,0.08015375,0.11157466,0.08902128,0.0961354,0.09452779,0.12720867
0.16890016,0.13035144,0.09074183,0.07202968,0.07029685,0.07604779,0.07360257,0.07738999,0.08986508,0.15077466
0.15644768,0.12153674,0.08751599,0.07499754,0.07476353,0.08185981,0.07908626,0.07948501,0.08664886,0.15765864
0.14156944,0.11608119,0.09606908,0.07531433,0.07529998,0.09185463,0.082892746,0.08775079,0.08810401,0.14506386
0.18395844,0.13167718,0.09473036,0.07649685,0.06624731,0.071339354,0.06990372,0.07462133,0.09181044,0.13921505
0.14958112,0.11465521,0.106341936,0.073995076,0.07681191,0.09158743,0.08375271,0.08678087,0.08916984,0.1273238
0.17005385,0.1297732,0.097261146,0.077247135,0.065252684,0.07465737,0.071757466,0.08139465,0.09629743,0.13630508
0.13472499,0.10662191,0.10196346,0.07588597,0.081003964,0.10573565,0.08734566,0.08840316,0.09345749,0.124857776
0.12788568,0.11055379,0.10014139,0.0735927,0.075957984,0.1041145,0.08459819,0.09664327,0.0942911,0.13222139
0.14086702,0.11749534,0.1075738,0.07384512,0.07386856,0.09528417,0.08114556,0.09374661,0.09192874,0.12424513
0.11507054,0.11194403,0.10108731,0.07425589,0.078785405,0.10392024,0.08638719,0.10840498,0.08907378,0.1310707
0.15543696,0.12133035,0.09014174,0.07468477,0.073372245,0.08377376,0.078788765,0.0801368,0.090510346,0.15182428
0.14350231,0.11631422,0.09491365,0.075139046,0.07393994,0.09439702,0.08062727,0.08512557,0.09586093,0.14018004
0.16551627,0.12845139,0.0903694,0.07263173,0.070707455,0.07734193,0.07432757,0.07839964,0.09020739,0.15204716
0.17418091,0.1340386,0.10207709,0.0749767,0.06583078,0.07282074,0.07066689,0.08203261,0.09523031,0.12814535
0.15896834,0.12729017,0.09172284,0.07169402,0.0703006,0.08028148,0.075042,0.081370234,0.09207346,0.1512569
0.12874655,0.11531194,0.10313837,0.07430122,0.069115594,0.098366454,0.08282245,0.097994834,0.10498924,0.12521333
0.1564172,0.12554704,0.093496345,0.071798705,0.06973783,0.08174403,0.07539627,0.08208374,0.09475851,0.14902034
0.12188605,0.09881381,0.10016183,0.07646074,0.081354275,0.1132508,0.09040334,0.09907706,0.09402721,0.1245649
0.16214313,0.12641093,0.08889925,0.072950065,0.0693464,0.079152994,0.07458427,0.07830912,0.092451,0.15575282
0.12878807,0.115555175,0.10190856,0.07455388,0.06919493,0.09806138,0.08284966,0.09761464,0.10400062,0.12747312
0.18979976,0.13017634,0.096629925,0.07821334,0.07241736,0.07480454,0.07196135,0.071138255,0.08649532,0.12836394
0.140569,0.11992249,0.10341131,0.07448481,0.071922585,0.09142737,0.08187435,0.092996016,0.094763696,0.12862837
0.12533052,0.10145163,0.099844,0.07723317,0.079776555,0.110653155,0.08860177,0.095239684,0.09489421,0.1269753
0.18470687,0.13384062,0.09656918,0.076480985,0.065752394,0.07043097,0.0693316,0.07535455,0.092102654,0.13543019
0.18731536,0.13439317,0.0989144,0.07538366,0.06805247,0.07202048,0.071032,0.07464061,0.091139786,0.12710807
0.15112811,0.12155357,0.10397285,0.07681779,0.06956601,0.08839811,0.078209445,0.087334186,0.09935143,0.12366853
0.12530673,0.11130956,0.101762325,0.07457477,0.0697732,0.10231734,0.0833998,0.10022636,0.103988126,0.12734187
0.1204813,0.10928519,0.09899278,0.074779965,0.08021489,0.10528336,0.0862302,0.10228003,0.088878036,0.13357419
0.12604818,0.102147914,0.099573076,0.07715556,0.080058545,0.11025349,0.08846201,0.09442402,0.09464897,0.12722826
0.18648215,0.137699,0.09946752,0.07599991,0.067112334,0.07237942,0.06938312,0.07471074,0.08876798,0.12799782
0.14951652,0.11671848,0.10232769,0.07421372,0.075998984,0.08986506,0.08270294,0.08591058,0.08858103,0.134165
0.1942056,0.13684393,0.09716613,0.07628024,0.06855549,0.071465045,0.0685753,0.07177148,0.08628345,0.12885329
0.13098846,0.10190339,0.093214035,0.07765703,0.08367603,0.10800885,0.090212606,0.089153156,0.08425015,0.14093629
0.12966011,0.11320405,0.10041339,0.07250538,0.074975856,0.10085949,0.08377216,0.096022844,0.09414778,0.1344389
0.1565448,0.122311816,0.08846959,0.07456548,0.07398038,0.08131557,0.07868297,0.079733804,0.088327855,0.1560678
0.14920849,0.11594411,0.10112106,0.07466921,0.076974206,0.09030777,0.083498746,0.08535066,0.087595284,0.13533044
0.18586637,0.12719335,0.09873965,0.0787289,0.07392179,0.0790253,0.07280661,0.072237805,0.08546634,0.12601389
0.134401,0.10698962,0.101767026,0.07537547,0.080506176,0.10589607,0.0866114,0.0891829,0.093011275,0.12625909
0.17379281,0.11892615,0.091404945,0.07923752,0.07286117,0.081789404,0.07512061,0.07298276,0.09235924,0.14152542
0.15141746,0.121094465,0.08804664,0.07501486,0.073989026,0.08425279,0.07945448,0.08129901,0.0870063,0.158425
0.18368739,0.12908094,0.09407488,0.07780484,0.06608369,0.07172469,0.07003145,0.07445705,0.09284646,0.14020862
0.1292414,0.11643301,0.103133194,0.073400296,0.06908354,0.09770503,0.082088076,0.09789604,0.103750624,0.12726888
0.17044613,0.13333756,0.09875301,0.076204635,0.06423336,0.07213076,0.07064974,0.08248529,0.0966209,0.13513868
0.18581806,0.1334724,0.09631264,0.07874083,0.07242031,0.07646685,0.07168128,0.07177684,0.08506215,0.12824868
0.1438209,0.11580207,0.09748541,0.075011864,0.07686039,0.091414355,0.083774954,0.0877178,0.08745719,0.14065507
0.12127368,0.10909185,0.1002364,0.074519865,0.08119352,0.10515755,0.08693916,0.10154225,0.088841304,0.13120437
0.11132645,0.112104766,0.1012304,0.07416695,0.078704685,0.10480628,0.087178476,0.11175918,0.0894135,0.12930928
0.11611229,0.1120734,0.10100146,0.07407948,0.079422526,0.103664145,0.086383104,0.10825122,0.08847082,0.13054155
0.15280728,0.11275763,0.09330023,0.077485144,0.077366315,0.09653158,0.080465235,0.07999129,0.09181781,0.1374775
0.14937484,0.11345928,0.107801,0.073675044,0.07766747,0.09287124,0.084466666,0.08743094,0.08945131,0.12380225
0.14883985,0.11544628,0.10368346,0.07363445,0.07688081,0.092321776,0.08326061,0.08563657,0.08873597,0.13156022
0.13178115,0.113258325,0.10287275,0.07425588,0.07273316,0.100816146,0.08357369,0.09471168,0.10053335,0.12546389
0.18831459,0.13884856,0.09843693,0.07571641,0.066821575,0.0706181,0.06907317,0.073997,0.08874601,0.12942767
0.12980583,0.115530215,0.1026812,0.0747388,0.06820527,0.09692007,0.08163764,0.09791046,0.10461298,0.12795758
0.18930112,0.13034509,0.096811876,0.07785058,0.07152442,0.074788235,0.072354406,0.07125136,0.08738772,0.12838525
0.12803508,0.11490787,0.1023298,0.074275404,0.06866605,0.097735,0.08224582,0.09877594,0.10513665,0.12789237
0.18857025,0.1315945,0.09248331,0.07912427,0.07185571,0.07427295,0.07092488,0.07065244,0.087510645,0.13301103
0.11898589,0.10874849,0.09858353,0.07501697,0.08044891,0.10557874,0.08707592,0.10295505,0.08886724,0.13373928
0.17816585,0.13565084,0.10002045,0.07529768,0.06646024,0.07139081,0.06998387,0.07961428,0.09326916,0.13014682
0.17831157,0.12728007,0.095805794,0.078000896,0.06737514,0.07537179,0.071642496,0.075794965,0.09332574,0.13709149
0.1871509,0.13057034,0.094404966,0.0787813,0.070935,0.07535503,0.071732,0.07171175,0.088964,0.13039476
0.12359087,0.10988635,0.10537301,0.073165216,0.07353555,0.10646034,0.08462471,0.10078141,0.09780016,0.124782465
0.18693666,0.13852972,0.09936834,0.07655855,0.06742159,0.072353,0.06916937,0.07461032,0.087947585,0.12710488
0.1299439,0.10583591,0.095926516,0.07434878,0.08555095,0.10515432,0.08836041,0.09504426,0.083589345,0.13624558
0.13141085,0.10213073,0.092439905,0.07747181,0.085051216,0.10695269,0.09098257,0.08924776,0.08232301,0.14198947
0.114603475,0.11137411,0.100374885,0.074871,0.07793268,0.10417182,0.08656665,0.10854898,0.09032294,0.1312335
0.143042,0.11520341,0.09468053,0.07551823,0.074414216,0.09557568,0.08075919,0.0849968,0.095465034,0.140345
0.19296262,0.13678734,0.09743572,0.075740814,0.0677032,0.07133837,0.068565376,0.07221226,0.08732351,0.1299307
0.123606175,0.10156132,0.102197506,0.07488703,0.08260121,0.11190822,0.08835068,0.099210404,0.09178045,0.123897
0.15189533,0.1135008,0.10701118,0.073954515,0.07810774,0.09196349,0.08329929,0.085508876,0.08762566,0.1271332
0.17603388,0.13473827,0.09925964,0.07505333,0.0659452,0.071355924,0.06986063,0.08015008,0.09407081,0.13353226
0.19130316,0.13159324,0.0971301,0.077163905,0.07234825,0.07477499,0.07171587,0.07128022,0.085635826,0.12705441
0.18586352,0.12978877,0.09788108,0.07811011,0.07298515,0.0773132,0.07219688,0.071875885,0.085395224,0.12859014
0.119301,0.106923275,0.10042072,0.0751285,0.08309984,0.107592806,0.087536864,0.10280598,0.087561816,0.12962925
0.17059757,0.13158964,0.09699613,0.07647926,0.065428816,0.07366479,0.07138911,0.081380114,0.09516565,0.13730897
0.15307496,0.12095847,0.0876997,0.07485814,0.07419005,0.08396632,0.07948706,0.08066103,0.08766346,0.15744084
0.14014724,0.12119664,0.091075644,0.073677495,0.06983491,0.087236166,0.07953927,0.08938033,0.0932221,0.15469018
0.18765068,0.13314408,0.09612582,0.07875278,0.072028376,0.07538793,0.07124183,0.07164613,0.085898876,0.12812346
0.14620623,0.11936349,0.09590547,0.074723415,0.07481567,0.08704202,0.08123371,0.08828664,0.08710435,0.14531907
0.18629819,0.1358708,0.0953117,0.07609484,0.06593563,0.068803966,0.0686224,0.07480737,0.091124594,0.13713048
0.13738966,0.1209148,0.09958956,0.07414758,0.070540346,0.089836136,0.082275726,0.093430884,0.096758656,0.13511662
0.116031654,0.115261614,0.10398315,0.07239783,0.07428099,0.10221442,0.08616434,0.1118635,0.09424315,0.12355933
0.11851022,0.11585279,0.1044843,0.0735815,0.075690635,0.10093136,0.086063184,0.110948354,0.09193642,0.12200122
0.15200038,0.121140376,0.08860595,0.074768156,0.074282594,0.08402386,0.07966745,0.081700966,0.08642684,0.1573834
0.13343626,0.11375218,0.09851622,0.0743348,0.07417579,0.09874683,0.08380206,0.09150216,0.09672824,0.13500553
0.12466851,0.11164106,0.10168879,0.07323143,0.075548984,0.103368066,0.08512757,0.10094123,0.09369042,0.13009399
0.16111057,0.12702587,0.09031426,0.07145278,0.069953054,0.07975983,0.07461549,0.0801635,0.09180513,0.15379941
0.14490086,0.114392236,0.10734366,0.075695336,0.076504014,0.09548449,0.08236958,0.08881973,0.090499856,0.123990186
0.12991935,0.10532561,0.100552045,0.07592074,0.07633143,0.107313775,0.08602291,0.09308048,0.09814722,0.1273864
0.18998428,0.13134733,0.09591096,0.077385165,0.07252123,0.07462327,0.07216593,0.071132466,0.08652988,0.1283994
0.18355043,0.13333231,0.09913766,0.075811215,0.06483546,0.07121606,0.06927637,0.07694855,0.0939848,0.13190708
0.18202496,0.12792319,0.09534782,0.077660024,0.066191405,0.0731736,0.07056012,0.07513285,0.093567275,0.13841876
0.112421915,0.1100937,0.101728655,0.07492765,0.07822007,0.10645764,0.087354206,0.11032508,0.09093555,0.12753543
0.12835275,0.11466212,0.10398597,0.07374828,0.06826146,0.09873816,0.082452245,0.098719746,0.10551109,0.12556824
0.1596895,0.125998,0.09058735,0.07222913,0.06963355,0.0806866,0.074852996,0.07949268,0.09289244,0.1539377
0.1126545,0.1098665,0.10158908,0.07499361,0.07792301,0.10647088,0.087441325,0.110191226,0.09139086,0.12747903
0.12843078,0.110683136,0.09937996,0.073705845,0.075487435,0.10334511,0.0844002,0.09529166,0.09493972,0.13433605
0.18981045,0.12945363,0.09834645,0.07750521,0.071634546,0.07570018,0.0721524,0.07188938,0.08720451,0.12630326
0.14251763,0.11514722,0.09538994,0.07543075,0.07390117,0.09578587,0.080704026,0.08445908,0.09605096,0.14061335
0.18286553,0.12612909,0.09462021,0.077974476,0.067466535,0.07407619,0.07139796,0.07437397,0.09389837,0.13719776
0.12840985,0.10532519,0.09359376,0.07620126,0.08461336,0.10515785,0.09030103,0.09388568,0.08114859,0.14136334
0.1280886,0.10474606,0.10059144,0.07591249,0.07501731,0.107794225,0.08622686,0.094255455,0.09926771,0.12809987
0.15810308,0.118783414,0.09572691,0.076419525,0.07303658,0.08779908,0.07774066,0.07992317,0.09576362,0.13670397
0.18350478,0.12882395,0.093747504,0.07735201,0.06631473,0.07185489,0.07014877,0.074315645,0.09286323,0.14107455
0.14968634,0.12005561,0.09781238,0.07255757,0.07236486,0.08912603,0.07957488,0.08358913,0.09641555,0.13881767
0.16391328,0.12219443,0.0941817,0.07485896,0.07083655,0.08272576,0.075885676,0.07816664,0.09574252,0.14149441
0.18367165,0.1291497,0.09489619,0.07694911,0.066244386,0.07254578,0.07023274,0.07459081,0.09263882,0.13908088
0.15612757,0.12167551,0.08796555,0.07479013,0.07349366,0.08278148,0.07840457,0.07899786,0.08843705,0.15732658
0.17540278,0.13545421,0.100014165,0.075650305,0.06559587,0.071053565,0.07023738,0.08065775,0.095124654,0.13080935
0.13643666,0.10645895,0.1035642,0.072629884,0.083344236,0.10547156,0.08630401,0.0900143,0.09062926,0.12514704
0.14398801,0.119431615,0.09739086,0.07448009,0.073935844,0.08836724,0.08091118,0.088720344,0.088561706,0.14421313
0.16847949,0.1298147,0.097716466,0.07696807,0.06403663,0.07449496,0.07166505,0.082147196,0.09783563,0.13684177
0.15396853,0.12224543,0.08836606,0.07390868,0.07355032,0.08436276,0.07795248,0.07997361,0.087997325,0.15767477
0.13413945,0.11674612,0.09941902,0.07464851,0.07204214,0.09536101,0.080593035,0.0936748,0.09478291,0.13859303
0.17217925,0.13411668,0.099100046,0.07578931,0.06456821,0.07145463,0.070330024,0.08206954,0.09608664,0.13430575
0.13968351,0.119665034,0.09100989,0.07422504,0.07039771,0.088179655,0.080567285,0.089725934,0.09267121,0.1538747
0.16274664,0.1282118,0.09216122,0.072500765,0.07045542,0.07900182,0.07443709,0.07946805,0.091373935,0.14964332
0.1888268,0.12882845,0.09762491,0.07821467,0.07218888,0.07576257,0.07249773,0.07163375,0.08730448,0.12711783
0.12915157,0.10558337,0.09333942,0.0761074,0.08424375,0.105002105,0.089555256,0.0930921,0.0815113,0.14241381
0.12869722,0.10524279,0.09244525,0.0761488,0.08390316,0.10594079,0.08982853,0.09240598,0.08193897,0.14344853
0.18564199,0.13420638,0.09697013,0.075839646,0.065295756,0.0703298,0.06904455,0.07526364,0.09216944,0.13523865
0.124653414,0.11047832,0.10146104,0.074737646,0.07057544,0.1034598,0.08477864,0.09994285,0.10368332,0.12622947
0.12906067,0.10554969,0.099604055,0.075992666,0.07473434,0.10704148,0.085648835,0.09351743,0.09962042,0.12923034
0.16129708,0.122129254,0.09128291,0.075786375,0.07520906,0.08169208,0.07740134,0.077890985,0.088269174,0.14904176
0.18606086,0.13543747,0.09931321,0.074717075,0.06695027,0.071527444,0.07051123,0.07522328,0.09162522,0.128634
0.123875946,0.10039532,0.09870318,0.078005485,0.07900763,0.111325,0.089118816,0.09502072,0.096345864,0.12820199
0.17655188,0.1262718,0.0960387,0.07709115,0.065756194,0.075384095,0.07131482,0.07671311,0.09520309,0.13967521
0.11566413,0.1111198,0.1010297,0.07496969,0.07892262,0.10418898,0.08718162,0.10731106,0.08980707,0.12980533
0.13688585,0.10343998,0.08958253,0.078592174,0.08179432,0.10520456,0.08828362,0.08470515,0.083775036,0.14773679
0.114126705,0.11064805,0.101573505,0.074544266,0.07895109,0.10544158,0.08724594,0.10850312,0.090347126,0.12861866
0.13203448,0.10220437,0.092726365,0.077123925,0.08470414,0.10706303,0.09045301,0.088945426,0.08274823,0.14199701
0.18690893,0.1282107,0.099235535,0.077945255,0.071219906,0.07717198,0.07289271,0.072786674,0.08865566,0.124972686
0.11631173,0.11579302,0.10352907,0.07255241,0.07501131,0.10146555,0.08593284,0.112061806,0.092568375,0.12477391
0.18892553,0.13333888,0.09579588,0.0784633,0.0722281,0.075054765,0.07091658,0.071207166,0.085243165,0.12882668
0.114783116,0.110758714,0.101382315,0.07464194,0.07872312,0.10499755,0.08724703,0.107845694,0.090564445,0.12905607
0.13646193,0.10683994,0.10260539,0.073539,0.08217386,0.10541738,0.08679844,0.08816676,0.09149633,0.12650101
0.1795813,0.12739575,0.09746983,0.077145204,0.065469936,0.07451769,0.07093038,0.076550454,0.09542008,0.13551943
0.17237704,0.11853969,0.09239806,0.08001597,0.07362534,0.08333876,0.075596966,0.07320345,0.09153448,0.13937022
0.18007503,0.13234796,0.09713895,0.076462254,0.06576514,0.07285483,0.07016694,0.07638819,0.09279057,0.13601018
0.13640155,0.10623787,0.10362037,0.07347604,0.083239205,0.105937034,0.0867483,0.0897587,0.09043911,0.1241419
0.13693939,0.10322822,0.09194211,0.07814626,0.083520584,0.10455751,0.0890608,0.086209886,0.0825312,0.14386398
0.12716305,0.10717615,0.105315305,0.072263606,0.0780532,0.10740917,0.08603493,0.09672234,0.09484512,0.12501712
0.1892409,0.13045724,0.097702436,0.07797122,0.07205958,0.07554447,0.07239769,0.071746595,0.08677423,0.12610564
0.11192789,0.11095854,0.10146593,0.07456968,0.078402765,0.10584905,0.08708861,0.11043517,0.0898929,0.12940946
0.12855946,0.11524649,0.1037502,0.07401792,0.068567954,0.098391496,0.08217165,0.098572366,0.10484755,0.12587497
0.114878364,0.115500316,0.104135916,0.073173225,0.074395895,0.101863705,0.08606662,0.11374136,0.09250024,0.12374431
0.15163505,0.1182721,0.09813235,0.0752452,0.07149576,0.0895021,0.07819588,0.08337823,0.098412305,0.13573101
0.12160648,0.10915453,0.105333015,0.07256246,0.072286144,0.10658008,0.084798895,0.10193208,0.10028406,0.12546234
0.15242188,0.121617526,0.087946266,0.07443788,0.07294419,0.083457984,0.07911027,0.081412144,0.08777591,0.158876
0.13082398,0.10220368,0.09249207,0.07696543,0.08486447,0.10756898,0.09023864,0.08945871,0.08274484,0.14263918
0.1622034,0.12107234,0.0941564,0.075825915,0.07093641,0.08338694,0.07624133,0.07806643,0.09619372,0.14191714
0.11590985,0.11468432,0.10375046,0.072970614,0.07487529,0.10301947,0.08603158,0.11137695,0.093195446,0.12418601
0.1175505,0.11624946,0.10395776,0.0731627,0.07463928,0.10067479,0.08586137,0.11223917,0.09179678,0.123868234
0.1448605,0.11373167,0.10771429,0.07558545,0.076732785,0.095975116,0.08296863,0.089391455,0.09066222,0.12237788
0.15185446,0.12148767,0.10475157,0.077085674,0.070137,0.08890216,0.078551404,0.086300075,0.09943486,0.12149517
0.17280896,0.1327933,0.09847799,0.07583008,0.06494278,0.07217438,0.0703373,0.08107437,0.09579138,0.13576946
0.15592413,0.118008085,0.09549321,0.07599705,0.0726583,0.089056596,0.078137316,0.081010334,0.09565858,0.13805637
0.1813617,0.12593539,0.09335469,0.07753708,0.06735948,0.073809534,0.07124954,0.07457237,0.09349897,0.1413213
0.1362848,0.11993518,0.10041261,0.07388458,0.06994591,0.09104698,0.08242851,0.09348647,0.09775235,0.13482264
0.17088,0.13312887,0.099717416,0.07599107,0.065255284,0.073860966,0.07072316,0.08177948,0.095169365,0.1334944
0.15714867,0.121206634,0.089128695,0.07505147,0.074596986,0.0823156,0.07887072,0.0793705,0.087607354,0.15470338
0.1282128,0.105144806,0.094988346,0.07546491,0.085699916,0.105144545,0.08959166,0.09531419,0.080937505,0.13950132
0.18675458,0.1347172,0.0959543,0.07633525,0.06512331,0.06896669,0.06850175,0.07479772,0.09173447,0.1371147
0.17779773,0.13494188,0.09942699,0.07616016,0.06631234,0.0710147,0.07010402,0.07960034,0.094315626,0.13032624
0.12817568,0.10429943,0.09527472,0.075557426,0.0853674,0.10718224,0.08997879,0.09380121,0.082725175,0.13763797
0.110746436,0.1109955,0.10152337,0.07449311,0.07847591,0.10632011,0.086976744,0.11166708,0.08952277,0.12927894
0.14375184,0.11931583,0.098550886,0.07320225,0.07451912,0.08986912,0.08060824,0.088863015,0.08842617,0.1428935
0.11763934,0.11630051,0.1039519,0.07304896,0.07417671,0.10004128,0.08594495,0.11167714,0.09226764,0.12495159
0.16292132,0.12876374,0.09082307,0.07188874,0.06904037,0.07733787,0.07430897,0.078619875,0.09214381,0.15415227
0.15021029,0.12162652,0.10451682,0.07642124,0.06984071,0.08899424,0.07881115,0.08725884,0.10001749,0.12230271
0.15177663,0.11282752,0.10710057,0.07391241,0.07871292,0.09191865,0.0842169,0.085886404,0.08740249,0.12624559
0.11170696,0.11099911,0.102009624,0.0743617,0.07904764,0.10618024,0.08726418,0.111236624,0.089989424,0.12720454
0.16272704,0.12740159,0.09204265,0.0721628,0.070048064,0.079045944,0.07471082,0.07934727,0.091774374,0.1507395
0.15185884,0.12070608,0.0959085,0.07304617,0.07201777,0.08729022,0.078996785,0.08229002,0.095972985,0.14191253
0.12935053,0.10970219,0.09806078,0.074911565,0.07644855,0.10361184,0.08549431,0.094744325,0.0930217,0.13465425
0.17225185,0.13083525,0.09745833,0.0774886,0.06572261,0.07374237,0.07152002,0.08035105,0.09591403,0.1347159
0.15025485,0.12137709,0.104928344,0.07645362,0.0697881,0.08951739,0.07841849,0.0876523,0.099096686,0.12251306
0.1600957,0.123366855,0.09257322,0.07536165,0.0742655,0.08180699,0.07717298,0.07875621,0.088998914,0.14760193
0.11528188,0.11692188,0.10463382,0.07254051,0.074413374,0.10081366,0.086099096,0.11448013,0.09238887,0.1224268
0.18555781,0.12847899,0.09877353,0.07836364,0.07309706,0.078705035,0.07219425,0.07209968,0.08517253,0.1275575
0.19080143,0.13205142,0.09215801,0.078951955,0.07127238,0.07308334,0.07007622,0.07013416,0.08721992,0.13425127
0.1371299,0.10662576,0.093101315,0.07542063,0.08497838,0.10269779,0.08638776,0.0887607,0.082508564,0.14238918
0.13207299,0.11305991,0.10291209,0.07542157,0.07290201,0.10008947,0.08440325,0.09304326,0.10183503,0.12426048
0.123400554,0.11102817,0.10274634,0.07364984,0.06943745,0.10331289,0.08422928,0.10199454,0.104922034,0.12527892
0.15235583,0.12056247,0.087159514,0.075161114,0.07419748,0.0838321,0.07980885,0.08102991,0.08640045,0.15949228
0.1338295,0.107438155,0.09636883,0.07729272,0.077081144,0.1065792,0.08513861,0.088439316,0.09204944,0.13578306
0.16271791,0.12791799,0.09172204,0.07243533,0.069924675,0.07844129,0.07484456,0.07908489,0.092529625,0.15038168
0.15084918,0.115166545,0.101771116,0.07423657,0.07880088,0.08969881,0.083938174,0.085418664,0.08607138,0.13404872
0.12644137,0.10960384,0.10154307,0.0746574,0.07623113,0.105477475,0.08611976,0.099213906,0.09415162,0.12656048
0.18017773,0.13310686,0.09747975,0.076488905,0.06545722,0.07178244,0.0703841,0.07643983,0.09371825,0.13496493
0.16301091,0.120630026,0.09484552,0.07583271,0.0709601,0.08392928,0.07618619,0.078218654,0.096182846,0.14020382
0.18457589,0.12774251,0.09456633,0.07781704,0.0668625,0.072753415,0.070606835,0.0739397,0.09333716,0.13779864
0.14348236,0.11593472,0.09566295,0.075237274,0.07388884,0.09494944,0.08068879,0.084660485,0.09612776,0.1393674
0.13621998,0.106271364,0.10306829,0.07367196,0.083154656,0.10583975,0.08666727,0.08899839,0.09069841,0.12540992
0.13637334,0.105149224,0.096977934,0.07818155,0.07918302,0.10816572,0.085654914,0.08758912,0.09164615,0.13107896
0.1136426,0.112324,0.101671405,0.07344719,0.07831764,0.10413051,0.086588494,0.10988632,0.08962832,0.13036351
0.18632255,0.13387984,0.09934855,0.074554935,0.06721472,0.072347894,0.07049783,0.07471717,0.09140298,0.12971358
0.16023523,0.12622319,0.09177916,0.07251235,0.07045568,0.08092435,0.07505777,0.07995246,0.09206835,0.15079148
0.15015428,0.11681043,0.10431611,0.07347179,0.07663121,0.089553416,0.082347356,0.08688361,0.08798229,0.13184953
0.14298692,0.11604511,0.09737746,0.07536492,0.076359615,0.09146859,0.083450496,0.08778928,0.08754879,0.14160879
0.12353708,0.109973,0.10307723,0.07379987,0.069446556,0.10391149,0.08460311,0.10141153,0.10524515,0.124994904
0.1601718,0.122792184,0.09190011,0.075745024,0.073818035,0.0813238,0.07740929,0.07803728,0.0891094,0.1496931
0.11904464,0.108790174,0.10021609,0.075141095,0.08114636,0.105843395,0.08702695,0.10316906,0.088757835,0.13086447
0.1767376,0.1358518,0.09948501,0.07485369,0.06568398,0.07083708,0.06971004,0.0803046,0.0937239,0.1328123
0.17090401,0.13003339,0.096897654,0.07764334,0.064606085,0.07345497,0.07125209,0.081089854,0.096431814,0.13768674
0.1197348,0.10918826,0.09977022,0.074689105,0.08046141,0.10549501,0.086924866,0.1030307,0.088618636,0.13208704
0.13659135,0.10312815,0.091255546,0.07767096,0.082826085,0.10480738,0.08930216,0.086614296,0.08283317,0.14497092
0.13452195,0.105563246,0.10294011,0.073529765,0.08337097,0.10675213,0.08706017,0.08998981,0.09098796,0.12528391
0.13183041,0.10260247,0.09137685,0.0776344,0.08332783,0.10695596,0.090324275,0.088205,0.082941115,0.14480172
0.13822319,0.121131495,0.10119374,0.07317851,0.070460066,0.08999807,0.08172549,0.09399062,0.0958974,0.1342015
0.12370698,0.110493354,0.1059619,0.07209271,0.07305511,0.10527986,0.08452511,0.10037465,0.09893064,0.12557966
0.15907377,0.121029645,0.096737675,0.07530692,0.06985977,0.084445976,0.076397516,0.0800187,0.09852396,0.1386061
0.16114953,0.12611824,0.091006026,0.072451316,0.06996682,0.08024725,0.07494937,0.07943046,0.092890516,0.15179053
0.1609648,0.12641245,0.09198589,0.07205472,0.07042331,0.08041316,0.07510596,0.07992375,0.091843635,0.15087225
0.1555333,0.1219088,0.09070594,0.07431057,0.07446607,0.08448481,0.078106746,0.07990809,0.0882073,0.15236843
0.13721314,0.10613271,0.103299394,0.073859796,0.083673954,0.10577108,0.087219074,0.08853189,0.09055592,0.1237431
0.1371265,0.10519078,0.096404925,0.078684606,0.07944563,0.108054094,0.08575085,0.08703291,0.09115725,0.13115247
0.15089099,0.12111497,0.08683796,0.07453825,0.07253465,0.0834766,0.079367466,0.08118218,0.08737926,0.16267768
0.1725307,0.11869553,0.09152141,0.07988081,0.07357079,0.08250663,0.07562347,0.07320492,0.09204724,0.14041857
0.15087368,0.12137176,0.10334526,0.07624973,0.07020623,0.088901155,0.078639455,0.08690741,0.09861312,0.1248922
0.14971313,0.12045071,0.09772977,0.07195437,0.07268094,0.08900672,0.07909447,0.083583355,0.09559446,0.14019212
0.15214506,0.121789046,0.09676139,0.071819745,0.07257513,0.08665237,0.0791756,0.08343314,0.09510538,0.14054315
0.18719402,0.13269274,0.09658622,0.07853483,0.072212495,0.075709134,0.07147753,0.0715632,0.085491106,0.12853867
0.17091954,0.13239332,0.09690567,0.076498896,0.0646066,0.0722853,0.07131072,0.08087475,0.09634473,0.13786054
0.17019679,0.1309274,0.09623125,0.07690877,0.0653175,0.07334909,0.07173595,0.08097979,0.09558505,0.13876846
0.13137293,0.11303592,0.1026876,0.0750973,0.072860405,0.1005683,0.08443973,0.09391413,0.10178913,0.12423454
0.13818252,0.12033132,0.10087411,0.073968545,0.07093654,0.09079013,0.08196241,0.093439445,0.09608179,0.13343321
0.12835723,0.105071485,0.09370589,0.07564384,0.08538051,0.10543164,0.08970706,0.094240986,0.08085427,0.14160718
0.17268255,0.13243681,0.097226456,0.07709384,0.06625776,0.073062405,0.07137016,0.08006861,0.09497548,0.13482589
0.15785709,0.12209841,0.08809571,0.07459719,0.0740796,0.08082689,0.078507684,0.07922307,0.08741051,0.15730384
0.17375793,0.13535804,0.09903359,0.07527618,0.06560783,0.070995644,0.07032533,0.08140998,0.09445274,0.13378271
0.12583849,0.112179935,0.101923324,0.07389328,0.070256926,0.10160566,0.08372442,0.099477045,0.10397837,0.12712257
0.16136555,0.12636125,0.08938021,0.072190456,0.07015595,0.07973065,0.07500642,0.07946638,0.09163568,0.1547074
0.1220384,0.11053946,0.10600931,0.072095774,0.072748415,0.10608926,0.08448585,0.10235418,0.099234596,0.12440479
0.18263642,0.12816824,0.09441405,0.07741207,0.06637408,0.07283134,0.07060855,0.07453546,0.09332811,0.13969164
0.1861115,0.13540524,0.09640667,0.07559879,0.06543919,0.06952347,0.06874481,0.07492527,0.09189912,0.13594602
0.11273049,0.11176708,0.10091628,0.074221015,0.078404956,0.104522794,0.08706211,0.10981649,0.08965708,0.13090166
0.13428612,0.11407877,0.09724601,0.07474001,0.073960416,0.097549945,0.08362091,0.09046828,0.096804254,0.13724528
0.14676754,0.12218939,0.10614235,0.07617485,0.06897301,0.08949078,0.07898899,0.08963713,0.10131123,0.12032475
0.14491881,0.1148167,0.108413175,0.07426909,0.07651291,0.09547869,0.0823821,0.08979218,0.09056059,0.12285571
0.15166047,0.120899044,0.08712039,0.074499585,0.073616594,0.08462429,0.07925005,0.08109356,0.08734513,0.15989093
0.12980153,0.111913666,0.09977867,0.072718754,0.07607395,0.10234252,0.084289216,0.09580895,0.09378329,0.13348939
0.15486148,0.11844654,0.09533481,0.075468354,0.07226107,0.08837671,0.07797244,0.08131885,0.096602485,0.13935737
0.157251,0.12156887,0.08991387,0.07488697,0.07443529,0.082456924,0.07850819,0.07944371,0.088286474,0.15324873
0.13352968,0.10769364,0.09651416,0.0765384,0.07786746,0.10646502,0.08516677,0.08887068,0.09156294,0.1357913
0.11631227,0.11548585,0.10398748,0.07310432,0.07535047,0.101902775,0.085902035,0.11227267,0.09193723,0.1237449
0.12761304,0.10431307,0.09602825,0.07573141,0.08647164,0.10622209,0.089853175,0.095508434,0.08094573,0.1373132
0.18586357,0.13669859,0.09652854,0.07556968,0.065260634,0.06879613,0.06863395,0.075513735,0.09191221,0.13522293
0.15802537,0.122638054,0.088263005,0.07464625,0.07308379,0.080894716,0.07769193,0.07842666,0.0882812,0.15804902
0.17775138,0.13214713,0.09889147,0.07636021,0.06525489,0.073296525,0.07041945,0.0779402,0.09474145,0.13319731
0.11774566,0.11605494,0.10329204,0.074064724,0.074952066,0.099907555,0.08629441,0.11181724,0.09164283,0.1242285
0.19530706,0.13733749,0.09691602,0.07580269,0.068246596,0.0709104,0.06895421,0.071696565,0.08664615,0.12818286
0.11865783,0.10710657,0.100184396,0.07511269,0.08253791,0.10749304,0.08778452,0.10315418,0.08801779,0.129951
0.18968083,0.12990831,0.09771695,0.07728082,0.07219822,0.0755089,0.07221692,0.07157946,0.086422175,0.1274874
0.19610861,0.13615172,0.097132355,0.07613357,0.068905994,0.07107808,0.06886075,0.07140261,0.086347386,0.12787893
0.17740482,0.13149476,0.10013182,0.074598916,0.06892401,0.07659567,0.07390323,0.07647337,0.09169336,0.1287801
0.18584596,0.13507958,0.09928467,0.07471851,0.06701193,0.07196031,0.07075268,0.07509826,0.09161569,0.12863252
0.12472655,0.10059173,0.09973622,0.07704921,0.07977932,0.11129177,0.088927925,0.096074164,0.09499259,0.12683055
0.15021382,0.11373413,0.106189474,0.07418583,0.076790266,0.09237487,0.08391304,0.0852742,0.08862325,0.12870114
0.1724902,0.13422582,0.10180945,0.07515732,0.06489164,0.07223751,0.07056691,0.08289407,0.09646185,0.1292653
0.1865812,0.13614959,0.09673416,0.07564562,0.06536327,0.06925915,0.06869894,0.07520417,0.091721974,0.13464195
0.13831824,0.120313495,0.098111495,0.07454934,0.07051243,0.08941131,0.0820448,0.09220851,0.09618719,0.1383432
0.1102055,0.11151086,0.10216626,0.07385122,0.077893175,0.10621504,0.08699158,0.11321269,0.090661176,0.12729248
0.13750231,0.10654921,0.10265622,0.07367531,0.08343924,0.10533089,0.0868173,0.08861989,0.090238914,0.12517065
0.1754068,0.13542874,0.09846253,0.075330704,0.065925755,0.07062607,0.06995325,0.080151096,0.09402484,0.13469024
0.1907059,0.12904768,0.09729196,0.077988565,0.0725503,0.0753368,0.07260401,0.071418874,0.087179944,0.12587592
0.11561121,0.11112905,0.10138683,0.07448456,0.07874495,0.10439347,0.08715764,0.107509725,0.090574555,0.12900801
0.1321649,0.11304232,0.10171299,0.0751865,0.072849914,0.100827046,0.08427916,0.09382889,0.100538686,0.12556961
0.114554204,0.1126011,0.10154673,0.07338177,0.078395374,0.103535816,0.08649143,0.10947623,0.08962367,0.13039367
0.11856598,0.10587708,0.10075018,0.075379714,0.0827723,0.108580604,0.087916665,0.10309402,0.08819223,0.12887123
0.13513589,0.106412664,0.1031591,0.07313316,0.08312224,0.10567555,0.08692791,0.09020559,0.09132378,0.12490403
0.19046408,0.13056628,0.0965411,0.077933945,0.072157,0.07457669,0.072232716,0.07110101,0.086933136,0.12749404
0.16209644,0.12853365,0.09112864,0.07132641,0.07035555,0.07882905,0.074390054,0.07996335,0.090921015,0.1524558
0.15678163,0.12250347,0.08865496,0.07444737,0.07289122,0.08036956,0.07832231,0.0791332,0.088272646,0.15862365
0.1536542,0.121173136,0.08872042,0.07504315,0.074390985,0.08328162,0.079470806,0.08038606,0.087406605,0.15647301
0.18393028,0.13015126,0.09408262,0.0768534,0.06549584,0.070785835,0.06987609,0.07427902,0.09347756,0.14106816
0.14793424,0.114337645,0.10594509,0.07402852,0.076224044,0.09326399,0.08422071,0.0866895,0.0897181,0.12763816
0.12955128,0.10736296,0.104967766,0.07291875,0.07878681,0.10713788,0.08610319,0.09510831,0.09324077,0.12482228
0.14813168,0.12095971,0.098824866,0.07221589,0.071377665,0.08802604,0.079570726,0.08442307,0.098601736,0.13786855
0.15160656,0.12085223,0.088780545,0.07438462,0.072763376,0.08517457,0.07937073,0.08145561,0.09001214,0.15559965
0.12920925,0.116734445,0.10341446,0.073194735,0.06862372,0.09740513,0.082024544,0.09827469,0.104249656,0.12686938
0.12531522,0.10325926,0.1026061,0.074304186,0.082933046,0.11031318,0.08753798,0.09802045,0.090988554,0.124722004
0.16112964,0.12323005,0.09243982,0.07555132,0.0748918,0.081375495,0.07750651,0.07824398,0.08900998,0.14662135
0.1601329,0.12353519,0.09309611,0.07518612,0.07504355,0.083218664,0.07668587,0.07843286,0.08838365,0.1462851
0.15704973,0.12282527,0.089455746,0.07415304,0.07348606,0.08073362,0.07823294,0.08002391,0.08822056,0.15581918
0.1366369,0.10696552,0.102520496,0.07390827,0.082347445,0.10536225,0.08638512,0.088398576,0.0911234,0.12635203
0.18415225,0.13608305,0.0964294,0.07561449,0.065791965,0.07084154,0.0694534,0.07523693,0.09131712,0.13507992
0.11603637,0.11719774,0.104860194,0.072345935,0.07494066,0.10046814,0.085886054,0.11403865,0.09189513,0.12233106
0.18680732,0.13696693,0.09671799,0.07567028,0.064974956,0.068480894,0.06894402,0.0753264,0.09244187,0.13366935
0.17376313,0.119968854,0.09185396,0.07931935,0.07324908,0.08165234,0.07525109,0.07308024,0.09173591,0.14012603
0.1786004,0.12709667,0.09526867,0.077725895,0.06667987,0.07453953,0.071287096,0.07557904,0.093886234,0.13933666
0.15151826,0.11331246,0.09518507,0.07683485,0.07697227,0.09653566,0.08026003,0.08063266,0.09263946,0.13610934
0.17342764,0.13541085,0.09785348,0.075793065,0.064583756,0.070178255,0.07021621,0.08068571,0.09572019,0.13613085
0.16295719,0.1287983,0.09108884,0.07239232,0.069832586,0.077955574,0.07427809,0.07896595,0.09148353,0.15224767
0.1904501,0.13362576,0.09173389,0.07807551,0.07144132,0.07299286,0.07033968,0.07014871,0.08690614,0.13428605
0.14124915,0.12034397,0.10220972,0.07505103,0.07188284,0.09001962,0.081762075,0.09272498,0.09413759,0.13061912
0.15219587,0.12138642,0.08764218,0.07464384,0.07371339,0.08359635,0.07943497,0.08130677,0.08765988,0.1584203
0.16172402,0.12864621,0.09358255,0.072177775,0.06904131,0.078297265,0.074677475,0.08010127,0.093992494,0.14775968
0.1299581,0.105936125,0.09283686,0.07601039,0.08384778,0.10404336,0.08991323,0.0926957,0.08132515,0.14343332
0.13448924,0.108850524,0.096626915,0.07629533,0.077343814,0.105118416,0.085109815,0.08853222,0.092420496,0.13521324
0.1829497,0.128357,0.09407391,0.07764961,0.066386506,0.07243474,0.0705153,0.074200325,0.093270876,0.14016208
0.14139505,0.12126894,0.09257757,0.07241509,0.07037846,0.08704946,0.079553485,0.08990919,0.09278404,0.1526687
0.11841787,0.11500184,0.10221189,0.0740475,0.0756817,0.10075354,0.086386934,0.10936818,0.091911726,0.1262188
0.11012832,0.11182632,0.101879336,0.074150905,0.078786924,0.1059627,0.086988755,0.112994716,0.089186475,0.12809555
0.18737021,0.1291901,0.098936625,0.07773094,0.071288556,0.07660491,0.07277065,0.07265768,0.088317625,0.12513274
0.1561002,0.12232668,0.08829365,0.07426106,0.07238374,0.081953645,0.07816535,0.07907435,0.08944541,0.15799591
0.15066524,0.11560084,0.10236832,0.07400338,0.07822563,0.09010598,0.08336389,0.08531953,0.08687889,0.13346829
0.1875656,0.13247436,0.095866576,0.07915987,0.07243702,0.07540143,0.071518265,0.071415745,0.08579194,0.12836921
0.15151636,0.12231595,0.10396433,0.07572892,0.07001653,0.088484906,0.07796989,0.0875484,0.09860735,0.12384728
0.1799663,0.12653363,0.09452092,0.07722729,0.06619699,0.07385438,0.071201764,0.07536615,0.094713025,0.14041951
0.12986155,0.106337264,0.10076057,0.07537799,0.07523187,0.10652233,0.08536719,0.09320006,0.09873945,0.12860182
0.13476709,0.12115217,0.101026505,0.07316127,0.06903167,0.090457395,0.08237499,0.094965786,0.09900293,0.13406028
0.18470916,0.12915024,0.098348476,0.07809138,0.072445996,0.07808687,0.07233328,0.072086506,0.08582162,0.12892652
0.11796161,0.11638068,0.10395332,0.07330078,0.07520809,0.10029017,0.08582297,0.11222851,0.09114131,0.1237126
0.121909596,0.09820521,0.099737994,0.0765621,0.08143374,0.11370313,0.09059521,0.09856157,0.093902014,0.12538947
0.1267554,0.110177994,0.1014691,0.07417366,0.07567393,0.104880825,0.08547582,0.09890412,0.09419591,0.12829326
0.11852882,0.10538848,0.09838345,0.07594737,0.08211425,0.10860083,0.08851506,0.10191681,0.088559896,0.132045
0.15865763,0.12698382,0.09180662,0.07121722,0.07058242,0.08167732,0.07452427,0.080797166,0.091533594,0.15221994
0.15915942,0.12570383,0.09146728,0.072115496,0.07058,0.08176169,0.07506032,0.080396034,0.092102334,0.15165356
0.16011903,0.127658,0.091787055,0.071496695,0.07073919,0.08089703,0.07439109,0.08023899,0.091000535,0.15167241
0.14241086,0.11808211,0.106294125,0.075067244,0.07305714,0.09259347,0.08118382,0.093367286,0.09225184,0.12569207
0.18184821,0.12742454,0.09397278,0.07712373,0.06718756,0.073599905,0.07113878,0.07453394,0.09320237,0.13996822
0.13802001,0.12090835,0.10115253,0.07420887,0.07098542,0.09019822,0.08242826,0.09393759,0.096141815,0.13201898
0.14422311,0.114964776,0.10871097,0.074630134,0.07669581,0.095651604,0.08238192,0.090232,0.090744995,0.12176472
0.16345921,0.12910822,0.0911733,0.07225326,0.06904673,0.07709538,0.07421866,0.07872125,0.09239936,0.1525246
0.14556377,0.11968938,0.097516954,0.07372655,0.07440331,0.08721891,0.08104675,0.08918671,0.08759912,0.14404856
0.19111659,0.13104987,0.09742603,0.07761759,0.07183044,0.07449398,0.0721034,0.07147808,0.0868043,0.1260797
0.16129372,0.12699702,0.08943062,0.072388835,0.06930592,0.07939073,0.07439819,0.07889346,0.09217872,0.15572278
0.14512153,0.11625835,0.09406282,0.07529625,0.07403001,0.09435724,0.080716886,0.08395705,0.09517983,0.14102
0.1383753,0.12124284,0.10012044,0.07417828,0.07041128,0.088884294,0.081892535,0.09305166,0.09622221,0.13562115
0.14329784,0.116454214,0.09815522,0.074380584,0.076574616,0.09145234,0.08304791,0.08819339,0.08704114,0.14140275
0.1943889,0.13782302,0.09738881,0.07611554,0.06853092,0.071538754,0.068665534,0.071831465,0.08561551,0.12810156
0.11796731,0.11651426,0.1039076,0.07318172,0.074774906,0.099619664,0.085942395,0.11159821,0.09155,0.124943964
0.13537084,0.11456071,0.096411034,0.07463289,0.07370066,0.09633712,0.08372943,0.090057045,0.096559815,0.13864052
0.114770874,0.1111958,0.10038299,0.07487617,0.07794455,0.10432298,0.086646914,0.10811082,0.09026116,0.13148779
0.11327769,0.11102576,0.10138678,0.07417446,0.077456005,0.10527973,0.087008245,0.10948467,0.091788724,0.129118
0.16974692,0.13217556,0.097721264,0.07640978,0.06474066,0.07309069,0.071358584,0.08206722,0.096234754,0.13645455
0.15625778,0.12163406,0.0883835,0.074848324,0.07438169,0.08261604,0.07864552,0.07907513,0.087655924,0.15650207
0.14149351,0.11578775,0.09848465,0.07448016,0.075418316,0.09328529,0.0831267,0.0882296,0.08949531,0.14019871
0.14158477,0.11576032,0.096446656,0.07487882,0.07305706,0.094598666,0.08050262,0.08612879,0.09775175,0.1392906
0.17138931,0.118338384,0.09333269,0.079529226,0.074218564,0.08477037,0.075789824,0.0746589,0.09201386,0.1359589
0.13097623,0.10779026,0.09586327,0.07412699,0.08541726,0.10202964,0.08780521,0.09640878,0.08145444,0.13812792
0.15024641,0.12032033,0.096979134,0.07266183,0.072567694,0.08862872,0.07967203,0.083077446,0.09617274,0.1396737
0.1574975,0.12242429,0.08995645,0.07447378,0.074363545,0.08141601,0.078281924,0.079794824,0.0880286,0.15376312
0.17031763,0.13295566,0.09788036,0.07675437,0.06531327,0.07305187,0.07151051,0.08121427,0.09599728,0.1350048
0.12712117,0.11604429,0.104416154,0.07376308,0.067353785,0.09777915,0.08234976,0.10109749,0.106708914,0.12336614
0.11525128,0.11136937,0.10083901,0.07450766,0.079106554,0.10445367,0.086492114,0.107786015,0.08917115,0.13102323
0.15105477,0.11619341,0.104165494,0.073280536,0.0772113,0.08995524,0.082647696,0.086010136,0.08758593,0.13189547
0.11607073,0.115487345,0.1044272,0.0726045,0.07509048,0.10229037,0.08557973,0.11207607,0.092352524,0.12402106
0.12626325,0.11153514,0.10271233,0.0748695,0.0708434,0.10217816,0.08451064,0.09830934,0.10419825,0.12458001
0.1133845,0.11233462,0.10176273,0.07354976,0.078826286,0.10418616,0.086590275,0.11017648,0.0893197,0.12986945
0.17334619,0.13421316,0.09833007,0.07544938,0.065489165,0.07122314,0.07032771,0.08097444,0.09519591,0.13545083
0.1648571,0.12880075,0.091502406,0.072919756,0.07015066,0.07745874,0.07468256,0.07808664,0.0918431,0.14969832
0.15924396,0.12680623,0.09114209,0.072435915,0.07018191,0.08061735,0.074982226,0.08005696,0.09220704,0.15232643
0.17542095,0.13593252,0.10000334,0.075300075,0.06553986,0.07057378,0.06992944,0.08109101,0.09456145,0.13164753
0.1319209,0.113411,0.099388696,0.074479,0.07420603,0.09877629,0.08486274,0.0945613,0.0940748,0.13431923
0.1611092,0.123525545,0.09212242,0.075123094,0.07476073,0.08155278,0.07693752,0.0783825,0.08843684,0.1480494
0.11270153,0.1109815,0.10177956,0.07430536,0.07916363,0.106168225,0.08679401,0.10942708,0.08951057,0.12916856
0.12384145,0.10160582,0.10131096,0.07596536,0.08334906,0.11141909,0.0888342,0.098192476,0.09130531,0.12417629
0.1549481,0.1225674,0.08822031,0.07441671,0.07326087,0.08168047,0.078594334,0.08033676,0.088134296,0.15784076
0.1418247,0.118090525,0.10714084,0.0749786,0.073491514,0.09309138,0.08193368,0.09358584,0.09320802,0.12265491
0.1244701,0.10206626,0.10159004,0.07565002,0.082603134,0.11123037,0.088427775,0.09753604,0.091272205,0.12515405
0.11329463,0.11178341,0.101377085,0.07455191,0.07802375,0.10426825,0.08699502,0.110285535,0.09059946,0.12882091
0.13920547,0.11948825,0.104238346,0.0740844,0.07212202,0.09247071,0.0817838,0.093348995,0.09488498,0.12837303
0.13311075,0.1072507,0.09744017,0.07682355,0.07855107,0.10691375,0.08539755,0.08963788,0.09144022,0.13343439
0.116560556,0.11128978,0.10020417,0.07501898,0.07840459,0.103760764,0.086165585,0.10660367,0.08960304,0.13238896
0.17913012,0.12519638,0.09483528,0.078284375,0.06750912,0.07511059,0.0717965,0.07537042,0.0943042,0.13846305
0.1887154,0.12901078,0.09767511,0.078472205,0.07245835,0.075900726,0.07260268,0.07178082,0.08717502,0.1262089
0.16199827,0.12568854,0.08939473,0.072470605,0.07009031,0.079977944,0.07497968,0.078870684,0.092284754,0.15424457
0.17521536,0.13467959,0.09829234,0.07650381,0.06617704,0.07069805,0.070490256,0.080426574,0.09487021,0.1326468
0.12845412,0.10747479,0.10478898,0.073231906,0.07782516,0.10674023,0.085761644,0.094963916,0.09438221,0.12637702
0.17430438,0.11852256,0.091775686,0.08042511,0.07374991,0.08175573,0.075501755,0.07245061,0.09217881,0.13933544
0.12630653,0.109312356,0.1013869,0.07462568,0.07606068,0.105931394,0.085744955,0.0990902,0.09398015,0.12756105
0.1893064,0.12934174,0.09804707,0.07766567,0.07222939,0.075863875,0.072315864,0.071789786,0.08662036,0.12681983
0.16553621,0.12967704,0.09109995,0.072096646,0.07015428,0.07704532,0.074027486,0.07840187,0.090629384,0.15133177
0.1192391,0.10861048,0.099868715,0.0749111,0.08117568,0.10604157,0.086837254,0.10287102,0.08852505,0.13192002
0.133178,0.11620247,0.09927536,0.07592907,0.07248473,0.09578854,0.08127553,0.093660675,0.09557311,0.1366325
0.18937318,0.13029231,0.096517235,0.07830226,0.07210332,0.07449394,0.07273705,0.07134134,0.087875925,0.12696351
0.1818107,0.12933439,0.095434226,0.07752086,0.066126704,0.07249313,0.07055681,0.07520638,0.09343064,0.13808617
0.12904978,0.115614556,0.10333926,0.074554004,0.069158256,0.09806774,0.082341775,0.09761316,0.10412948,0.126132
0.18046646,0.13252433,0.0966035,0.07712948,0.065981254,0.07214078,0.070274875,0.07590586,0.09261804,0.13635544
0.17751156,0.13159332,0.09985152,0.074979395,0.06930339,0.07677321,0.07404758,0.07607758,0.09132478,0.12853768
0.12908341,0.11082152,0.0994952,0.07420225,0.07670329,0.10343216,0.08472194,0.09517868,0.09393198,0.13242958
0.16659544,0.12925953,0.09178237,0.072777554,0.07076787,0.078229025,0.07389532,0.07760344,0.0902509,0.14883856
0.18852137,0.12900123,0.097522035,0.078518294,0.07249171,0.07589122,0.07266155,0.07172689,0.0872544,0.12641132
0.1307807,0.11611331,0.103431486,0.07482955,0.069223806,0.09692712,0.08275581,0.09581246,0.10497957,0.12514618
0.12771605,0.11065492,0.101008266,0.0745101,0.07589374,0.10388122,0.08578321,0.09781579,0.09421354,0.12852316
0.15231442,0.121081784,0.086515665,0.07476112,0.07309706,0.08391812,0.07885637,0.08031698,0.08765707,0.16148147
0.13254286,0.10586624,0.10112928,0.07618168,0.08044813,0.10713409,0.08708855,0.089617245,0.09349041,0.12650153
0.14351484,0.11586589,0.094521955,0.07610833,0.07373349,0.094162114,0.08054707,0.08414835,0.0961333,0.1412647
0.19214393,0.13398251,0.09282312,0.07904446,0.071667075,0.07233953,0.07054838,0.070111826,0.086880356,0.13045888
0.12972406,0.11568129,0.10262955,0.074461676,0.06894803,0.09783818,0.08287136,0.09695927,0.10413414,0.12675251
0.18370107,0.13084473,0.09410266,0.077223755,0.0662533,0.07096934,0.06995764,0.07440835,0.09229275,0.14024642
0.19093025,0.13242787,0.09341157,0.07923407,0.072079755,0.07360544,0.07084074,0.07027865,0.08662698,0.13056469
0.14866108,0.113313444,0.1080852,0.07355874,0.077769056,0.09417258,0.08397728,0.08751256,0.088968046,0.123982035
0.1375838,0.12103471,0.09866815,0.07427547,0.06979121,0.08852819,0.08203735,0.09245914,0.097368136,0.13825381
0.18944359,0.12970136,0.09654465,0.0784653,0.07241256,0.0750892,0.072616346,0.07121276,0.08734646,0.12716785
0.18420866,0.12916823,0.0942536,0.077972025,0.065955,0.0713295,0.069905646,0.07436894,0.09300622,0.13983217
0.13109137,0.116198786,0.10317357,0.07494446,0.06958708,0.09681078,0.082848884,0.095179774,0.10455421,0.12561111
0.19258493,0.13328868,0.092844985,0.0789785,0.07197476,0.07289599,0.07040379,0.06987851,0.08626801,0.13088185
0.12957126,0.10569485,0.09575216,0.07461167,0.08646058,0.10457105,0.088320956,0.09560383,0.08176266,0.13765098
0.13156661,0.11391208,0.100519605,0.07350482,0.07429239,0.09891393,0.08453192,0.0954718,0.093808986,0.13347787
0.12801872,0.110354535,0.09943175,0.07329024,0.076178335,0.10393177,0.084360644,0.09591876,0.09450716,0.13400814
0.12897037,0.10511237,0.0942295,0.076456435,0.08557894,0.10442131,0.09022205,0.09413072,0.080793954,0.14008439
0.17021178,0.1302397,0.0972067,0.07701436,0.06537266,0.07402681,0.07166561,0.080982536,0.096274436,0.13700542
0.13552268,0.10528594,0.09680226,0.079069555,0.079818934,0.1077601,0.085672796,0.08749656,0.09204396,0.13052726
0.1328597,0.106886245,0.09763515,0.0770217,0.07811632,0.10728306,0.085571356,0.08944536,0.09188033,0.13330081
0.13446514,0.108371474,0.09655421,0.07743182,0.0770334,0.10548152,0.084904194,0.088355124,0.092524685,0.13487841
0.12298363,0.098112136,0.099675514,0.07721556,0.08126685,0.11383352,0.09083129,0.09806467,0.093847364,0.124169484
0.18187581,0.13052851,0.09591409,0.076703236,0.06506767,0.071751885,0.070152864,0.0756972,0.09393827,0.13837042
0.18989982,0.13011575,0.09788619,0.07797552,0.07149804,0.07505487,0.07216595,0.071500756,0.08701282,0.12689033
0.13502361,0.114500545,0.09772971,0.074269034,0.07431101,0.09736225,0.08377435,0.09091231,0.096038185,0.13607907
0.12347403,0.10185186,0.10189556,0.07490015,0.08276193,0.11163072,0.08842058,0.098275915,0.091345035,0.12544426
0.13747609,0.12047655,0.1044252,0.0738979,0.07041429,0.09146889,0.08259873,0.09453875,0.09784669,0.12685695
0.17923763,0.12696338,0.094926886,0.078261495,0.06659604,0.073947124,0.07106123,0.07560941,0.09387946,0.13951732
0.15164798,0.12118879,0.088228874,0.07486054,0.074243136,0.0846078,0.079367146,0.08141032,0.08743988,0.15700552
0.15489596,0.12177168,0.08731259,0.07463259,0.072205685,0.082410075,0.07852396,0.07905012,0.08959425,0.1596031
0.17119141,0.11779245,0.09150716,0.080420434,0.075012766,0.08445369,0.076033615,0.07439502,0.09192485,0.13726863
0.15454249,0.12187639,0.08787036,0.074831456,0.0732704,0.08246849,0.07867218,0.07967982,0.08835485,0.1584335
0.14258148,0.1149585,0.09402037,0.076157026,0.07358764,0.09468758,0.08084456,0.0844407,0.09635502,0.14236715
0.17396086,0.13509397,0.10049479,0.07565983,0.06593022,0.07308366,0.07051747,0.08098817,0.09376747,0.13050354
0.12990549,0.11040821,0.09830919,0.07484342,0.07641252,0.10285176,0.08525303,0.094543666,0.09344699,0.1340257
0.15109201,0.11607346,0.10435146,0.074105695,0.07719418,0.08918031,0.083170235,0.08563342,0.088518,0.13068128
0.11738995,0.11128398,0.10119141,0.07458063,0.07918595,0.10376853,0.08687215,0.10604375,0.08989456,0.12978902
0.13554934,0.10553919,0.09728805,0.07886895,0.07992102,0.10744987,0.0854343,0.087750494,0.09199951,0.13019928
0.18788844,0.13495007,0.09648423,0.07660601,0.066203415,0.069505766,0.069157645,0.07444924,0.09188361,0.13287166
0.17048472,0.11858874,0.09283681,0.07938441,0.07463888,0.0850017,0.076025665,0.07491466,0.09191106,0.13621332
0.17004211,0.13350412,0.10078382,0.07589829,0.06462564,0.07225463,0.07114677,0.08363419,0.09767422,0.13043633
0.14135171,0.11887647,0.10727852,0.07452713,0.07264792,0.09266721,0.08118614,0.094506145,0.09306126,0.1238975
0.11360958,0.11175026,0.101819985,0.07436182,0.07905287,0.10456326,0.08674405,0.1094891,0.08981681,0.12879232
0.12830946,0.11602131,0.10321474,0.07417112,0.06865287,0.09764872,0.08249252,0.09859251,0.10482294,0.12607387
0.19085348,0.1311877,0.09273685,0.07926391,0.07196504,0.07358767,0.07114357,0.07012637,0.08798224,0.13115314
0.17621139,0.1295278,0.10068766,0.07529336,0.06918886,0.077853754,0.07424444,0.076297686,0.09164995,0.12904513
0.11952936,0.116029106,0.104505986,0.07381224,0.07503014,0.10039207,0.08607234,0.110003166,0.09249814,0.12212744
0.15576293,0.122234985,0.08763055,0.074703544,0.072849326,0.08086935,0.07862015,0.079036556,0.08838011,0.15991256
0.18439409,0.12867647,0.09500434,0.077982344,0.06681485,0.072435446,0.07063141,0.0741921,0.09323933,0.13662961
0.15269737,0.12174676,0.08824182,0.07475967,0.0736255,0.08315075,0.0791876,0.08126557,0.08760238,0.15772262
0.124931164,0.111132,0.10219907,0.074427016,0.07007384,0.103205666,0.08428759,0.100135274,0.10397543,0.12563299
0.1617441,0.12692071,0.0902563,0.07273392,0.07080671,0.079502024,0.07509719,0.079377055,0.09106072,0.1525012
0.18583423,0.1346042,0.09527013,0.07645935,0.065794624,0.069184884,0.068979,0.07470198,0.09160618,0.13756552
0.18711768,0.12864685,0.09931253,0.0781381,0.071418144,0.077094726,0.0728843,0.0728849,0.088334635,0.12416825
0.18756406,0.12999733,0.098125555,0.078034244,0.07238135,0.07657699,0.072769985,0.07200915,0.08632824,0.12621316
0.1894651,0.12950552,0.0958239,0.07798074,0.0731442,0.07474061,0.07240729,0.07093418,0.086820036,0.12917846
0.16728409,0.12848517,0.091653794,0.07356215,0.070620894,0.07788426,0.0741013,0.077418886,0.09071817,0.14827141
0.13686056,0.10601231,0.09630186,0.07937875,0.07887084,0.1071346,0.08499907,0.08667591,0.09208425,0.13168195
0.12537311,0.10923944,0.10057671,0.07493785,0.0752833,0.105342045,0.08598956,0.09935537,0.09473505,0.12916753
0.18928422,0.13297,0.09289892,0.07919919,0.07180714,0.073857434,0.07105424,0.070565976,0.08724214,0.13112074
0.16082677,0.12713303,0.09152365,0.072629005,0.07054967,0.079618074,0.07523804,0.079496466,0.09253777,0.15044753
0.1825315,0.1282737,0.09501853,0.07813402,0.06703456,0.07326736,0.07089066,0.07450539,0.092963114,0.13738121
0.12838906,0.113707535,0.10351748,0.07533076,0.070636764,0.10066666,0.0841109,0.097139835,0.104202166,0.12229887
0.18966134,0.1295612,0.09851098,0.07774248,0.071847916,0.0758793,0.072249144,0.07199842,0.086877696,0.1256716
0.15131132,0.12146281,0.0882185,0.07412129,0.073794395,0.08564664,0.078627795,0.08101578,0.08780922,0.1579923
0.19376692,0.1366492,0.09765418,0.07615922,0.06821566,0.0717349,0.06882417,0.07194276,0.086572185,0.12848079
0.14872272,0.11417939,0.107957706,0.07355639,0.07741459,0.09267089,0.08373827,0.08783657,0.089241646,0.12468189
0.13787803,0.10662647,0.09161173,0.0762138,0.08419734,0.10268798,0.08626254,0.08727804,0.08347491,0.14376922
0.15965271,0.12610635,0.091790944,0.07219748,0.070473224,0.08083662,0.07536581,0.08031807,0.092232525,0.1510263
0.1505175,0.115044795,0.10332643,0.07460052,0.078224234,0.08966194,0.08400224,0.08525329,0.08778259,0.13158646
0.11302061,0.11083669,0.1013556,0.07449951,0.07774302,0.10548674,0.08705673,0.10942895,0.09155228,0.12901993
0.17028937,0.11824387,0.09380119,0.07980431,0.07282817,0.083685555,0.07626505,0.07440532,0.093763985,0.13691317
0.15144344,0.12138909,0.09583381,0.073053546,0.07180651,0.08628034,0.07943687,0.08227669,0.0962665,0.14221324
0.15093929,0.11629944,0.10245603,0.0736727,0.07772109,0.08929615,0.083142854,0.085541956,0.08702456,0.1339059
0.15540987,0.12204847,0.088432975,0.07479966,0.07376327,0.08186563,0.078864306,0.07982548,0.08861076,0.15637957
0.13013132,0.106025115,0.0961666,0.07448386,0.08631359,0.10373108,0.08826282,0.09601676,0.081642784,0.13722609
0.1290719,0.10788781,0.10458054,0.07284354,0.07825575,0.1064919,0.08617065,0.09442825,0.094364986,0.1259047
0.11569946,0.11573734,0.104669705,0.07329157,0.074530095,0.10204178,0.08621728,0.11324599,0.09286378,0.121703
0.17557006,0.13030535,0.10093586,0.075386696,0.06945256,0.078704685,0.074491486,0.076488964,0.09104348,0.12762092
0.1798139,0.13242061,0.09674858,0.076727785,0.06609005,0.072471835,0.07035429,0.07602203,0.092867956,0.13648294
0.15096223,0.113091946,0.1077296,0.07446805,0.07833944,0.09167499,0.084507965,0.086056456,0.0885454,0.12462393
0.117186405,0.11641786,0.10453678,0.07328726,0.075081095,0.10083909,0.085709766,0.11229195,0.09191628,0.12273355
0.14961371,0.12070994,0.10436163,0.07692119,0.07012566,0.09002701,0.07896815,0.087562874,0.09941246,0.12229728
0.1193887,0.10598779,0.09896426,0.07615214,0.08182286,0.10815095,0.08805904,0.10147456,0.08833035,0.1316694
0.11430708,0.11122956,0.10111688,0.07470706,0.07913199,0.10454048,0.0869978,0.109096475,0.08934412,0.1295286
0.15558742,0.12151388,0.08933439,0.074945875,0.07303202,0.083026156,0.078602806,0.07931156,0.08960811,0.15503778
0.12265627,0.10171618,0.10187013,0.07528859,0.08122519,0.11129366,0.088672474,0.09954435,0.09385865,0.12387449
0.18868738,0.13225482,0.09518843,0.078880064,0.07275001,0.074691266,0.07110225,0.07095247,0.085575394,0.1299179
0.18597203,0.13495193,0.096910745,0.07567633,0.06541426,0.06975987,0.06872705,0.07513725,0.0921548,0.13529567
0.15647645,0.11919202,0.09488015,0.07542918,0.07233238,0.08734175,0.07808876,0.08044951,0.09643409,0.13937563
0.13645223,0.120044425,0.10129873,0.07437245,0.07029022,0.09088952,0.082411274,0.09412455,0.096822165,0.13329443
0.16068146,0.12202254,0.09218388,0.07606072,0.07489847,0.08271289,0.07742757,0.07803028,0.089081585,0.14690058
0.1356775,0.10282493,0.091154404,0.078116424,0.083114125,0.10539365,0.08932898,0.08649346,0.082764186,0.14513235
0.1584334,0.12545368,0.09185217,0.07227154,0.07047466,0.08180814,0.075356476,0.08058742,0.09275803,0.15100443
0.11172994,0.11071553,0.1005909,0.075060986,0.07833085,0.10563588,0.0869547,0.110753,0.08969816,0.13053009
0.13545421,0.10299989,0.09273843,0.07838393,0.08320427,0.10546641,0.08937778,0.08692943,0.08276087,0.14268482
0.12694943,0.104058534,0.09452392,0.075865954,0.0864248,0.106570564,0.09014883,0.09539133,0.080583245,0.13948342
0.14022413,0.117159344,0.10744856,0.07445407,0.07313204,0.09472013,0.08215383,0.09428304,0.093498744,0.122926086
0.11737432,0.116053,0.1040164,0.07329377,0.074937046,0.100910924,0.08599608,0.11231387,0.091704644,0.12339992
0.15556802,0.12204471,0.08967275,0.07426267,0.07407815,0.08390051,0.07810067,0.079753935,0.0883074,0.15431115
0.16700377,0.1292749,0.0915899,0.07257269,0.069930166,0.076555826,0.07426528,0.07801045,0.09118711,0.14960991
0.18318428,0.12835865,0.09380732,0.07727556,0.06561328,0.07150086,0.07021983,0.07438255,0.09417702,0.14148067
0.11615889,0.11533398,0.10303001,0.0744433,0.07517757,0.10085154,0.08681437,0.11278359,0.09176231,0.123644516
0.18045627,0.12681007,0.09496259,0.077741034,0.066606455,0.07366361,0.07151997,0.0751623,0.095040075,0.13803759
0.18757658,0.13707495,0.09927261,0.07637808,0.06695517,0.071934484,0.06910334,0.07447292,0.089010075,0.1282219
0.19098249,0.13101842,0.09697674,0.077221036,0.07204179,0.074556656,0.07188067,0.071266085,0.08660323,0.1274529
0.15687308,0.12161012,0.08960045,0.07491568,0.07393396,0.08159043,0.07884852,0.07965236,0.088919714,0.15405566
0.15304175,0.121921696,0.08783825,0.07408435,0.07314068,0.08310676,0.078936815,0.08127805,0.087081656,0.15957002
0.15660523,0.122053936,0.08718296,0.07475118,0.072762415,0.081558816,0.07811783,0.07844431,0.088429935,0.16009341
0.19174244,0.13047971,0.09737328,0.07743701,0.071592495,0.07397626,0.07175104,0.07117837,0.08682758,0.12764186
0.115152195,0.115237236,0.10452915,0.07241655,0.07511509,0.10282051,0.08573158,0.11276873,0.09241675,0.123812184
0.15919721,0.12707654,0.09403028,0.07213444,0.06911804,0.07954451,0.07519885,0.08107355,0.09495895,0.14766763
0.13391255,0.106608406,0.10167135,0.07484008,0.08039458,0.10630696,0.08670265,0.090035215,0.093219586,0.12630863
0.16977179,0.1313792,0.09803008,0.07696963,0.06515131,0.073790126,0.0713654,0.08159473,0.09619066,0.1357571
0.1399959,0.120309584,0.10343862,0.07483618,0.0717344,0.0908479,0.08261782,0.09357333,0.09535297,0.1272933
0.12926917,0.11099073,0.0985318,0.07400334,0.07518515,0.102674544,0.08404174,0.09470726,0.09524826,0.13534805
0.15139139,0.120222315,0.08803364,0.07519596,0.074074335,0.08528306,0.079761796,0.08095839,0.08743487,0.15764418
0.14957528,0.11592297,0.10302708,0.073872484,0.07773037,0.08989356,0.08352733,0.08656323,0.08713539,0.13275233
0.19126505,0.1334605,0.0938706,0.078855895,0.07194963,0.073425144,0.07080923,0.070436515,0.08627088,0.12965651
0.13140446,0.10621967,0.09716611,0.07640353,0.07841641,0.10798824,0.08573802,0.09005077,0.091551766,0.13506104
0.16946836,0.12966973,0.097519994,0.07733961,0.06474019,0.074387446,0.071725495,0.08151554,0.09712466,0.13650899
0.1835158,0.12928985,0.094707705,0.07700383,0.06622073,0.07218183,0.070250325,0.07463132,0.09287536,0.13932322
0.170536,0.13223374,0.09746618,0.076143265,0.065494046,0.073461376,0.07124832,0.08135933,0.0952333,0.13682446
0.12793109,0.10660579,0.104848385,0.072820485,0.07882217,0.10764731,0.08657677,0.09577011,0.094596565,0.12438129
0.18534406,0.13752209,0.100051865,0.075797655,0.06705956,0.07354297,0.06964169,0.07480109,0.08841871,0.1278203
0.124770604,0.10181245,0.10098816,0.076331384,0.082783096,0.11109874,0.08869289,0.0979368,0.090760015,0.124825925
0.11536422,0.1157065,0.10409767,0.07319593,0.07420486,0.10158811,0.08614111,0.11344877,0.0927543,0.1234985
0.18236826,0.12869884,0.095675915,0.077626795,0.06660391,0.073204026,0.07075997,0.07492783,0.09314485,0.13698965
0.16782966,0.12956882,0.09803784,0.07690312,0.06552617,0.076123595,0.07206308,0.0819287,0.09627655,0.1357425
0.16439888,0.12789005,0.093641244,0.072748445,0.06910202,0.07805098,0.074790865,0.0789783,0.09382029,0.14657885
0.11652384,0.11724535,0.10470717,0.072125345,0.07510632,0.100259714,0.08579715,0.11386341,0.091519356,0.12285233
0.18997487,0.1334744,0.09519302,0.07861591,0.07173699,0.07355514,0.07100765,0.0708673,0.08612762,0.12944716
0.12829517,0.1099615,0.098873034,0.07429623,0.07599424,0.10387424,0.08491796,0.09518064,0.094273195,0.13433385
0.13248189,0.106915355,0.09597848,0.077067256,0.07705735,0.1071689,0.0853738,0.08936642,0.09310126,0.13548933
0.11411064,0.111981355,0.101187795,0.0742925,0.0784956,0.10394587,0.086642504,0.10954825,0.089447774,0.13034764
0.15050505,0.1159195,0.101339765,0.07484562,0.077487,0.08877302,0.083663404,0.08508287,0.08699937,0.13538444
0.11408936,0.11103725,0.101207726,0.074279994,0.07771189,0.105083145,0.0867845,0.10846883,0.09117166,0.13016567
0.11218762,0.11155414,0.10191689,0.07428806,0.07903499,0.10547329,0.08688661,0.11080522,0.0896295,0.12822367
0.12974265,0.106601365,0.09584392,0.07408188,0.08597216,0.10402297,0.08794815,0.09599893,0.08153558,0.13825236
0.16861442,0.11827209,0.09343268,0.079549424,0.07421569,0.085389614,0.07630875,0.075326756,0.09261224,0.1362784
0.12788278,0.10685419,0.10486955,0.072879344,0.07825772,0.107498944,0.08617906,0.09557823,0.09438475,0.1256154
0.18823269,0.1298601,0.097386554,0.077801086,0.072131366,0.075174764,0.07256641,0.07181807,0.08758574,0.12744324
0.18535374,0.13361153,0.09937115,0.07536842,0.06735231,0.072542295,0.070857346,0.07508697,0.092044055,0.12841217
0.13061269,0.10588866,0.09956644,0.07635855,0.07564468,0.107384145,0.085895635,0.09289894,0.097714365,0.12803593
0.13596536,0.106030256,0.094571665,0.07539892,0.08496121,0.10340292,0.08743448,0.08959709,0.082987286,0.13965078
0.18035303,0.13320366,0.09634932,0.076243274,0.06594207,0.07205434,0.06997619,0.07620902,0.09240758,0.13726145
0.16081253,0.12763767,0.09144674,0.07232224,0.06902294,0.07865351,0.07464872,0.07977238,0.09334094,0.15234236
0.17219375,0.1330993,0.09892935,0.076286085,0.06477398,0.07220954,0.07055756,0.081651576,0.09628149,0.13401729
0.16866517,0.11795931,0.09388566,0.07993736,0.07445354,0.08585232,0.0763789,0.07523544,0.09236789,0.13526447
0.15682793,0.12119535,0.09052434,0.07511976,0.074454084,0.082087055,0.07907949,0.07998005,0.0887802,0.15195186
0.18628548,0.13555974,0.09632637,0.075647905,0.06548875,0.069314145,0.068668626,0.07517681,0.09164441,0.13588776
0.14216006,0.11596432,0.097062744,0.07536175,0.07593481,0.09192648,0.08316847,0.08799201,0.08725654,0.14317285
0.15032792,0.11579477,0.103659734,0.07378382,0.077043325,0.09059877,0.082905434,0.085814014,0.08797868,0.13209355
0.13973351,0.117980026,0.105868906,0.075387955,0.07207625,0.09288504,0.08184655,0.094097696,0.09386982,0.12625423
0.15629722,0.121227264,0.090585776,0.07475127,0.074301176,0.08260504,0.07901073,0.08011162,0.08795544,0.15315446
0.14943178,0.112670414,0.108323,0.073600285,0.07719216,0.09468757,0.084434986,0.08617641,0.08937445,0.124108925
0.14233072,0.116057426,0.097617365,0.07504782,0.076032706,0.09142079,0.083253965,0.08868098,0.08716861,0.14238961
0.15096578,0.11674951,0.10241787,0.0744122,0.07636151,0.08829562,0.08284784,0.08559977,0.08790718,0.13444273
0.12817608,0.104838915,0.09393989,0.076292805,0.08522715,0.1054407,0.09011691,0.09410581,0.08101011,0.14085168
0.13313141,0.10724093,0.097446874,0.07683399,0.07793542,0.1069671,0.085872084,0.089711756,0.09220779,0.13265269
0.13447408,0.113947816,0.09641533,0.07528504,0.07335672,0.09725835,0.08353025,0.09039691,0.09705442,0.1382811
0.1592719,0.12609395,0.09184653,0.07213238,0.07066388,0.081343226,0.075224295,0.08068571,0.092106305,0.1506319
0.15212002,0.12134475,0.08739222,0.07475694,0.07273589,0.08279519,0.079388335,0.080684595,0.08761485,0.16116723
0.1269354,0.106739745,0.104030125,0.073134236,0.077625796,0.10767344,0.08605469,0.09578385,0.09497926,0.12704349
0.12887803,0.10119396,0.093173355,0.07764264,0.084506154,0.10850034,0.09129538,0.090776436,0.08284059,0.14119321
0.13326202,0.11539765,0.09786694,0.07644865,0.07228501,0.09568371,0.081990324,0.093214706,0.09463975,0.13921133
0.11586901,0.1144853,0.10222886,0.07353026,0.07470078,0.10190638,0.08667676,0.11087633,0.09335021,0.12637608
0.18246165,0.12835887,0.09374231,0.07753329,0.06634028,0.07216074,0.0704085,0.07464027,0.093338974,0.1410151
0.14247833,0.113656424,0.10829956,0.07508611,0.07678898,0.09760241,0.08349354,0.09061002,0.09175767,0.12022696
0.16016288,0.12490257,0.0900768,0.07268565,0.069922745,0.08067765,0.07543773,0.07963647,0.09318572,0.15331177
0.18901868,0.13007282,0.097782925,0.07765508,0.072017275,0.0751655,0.072300546,0.0718807,0.08726886,0.12683763
0.18602441,0.13508299,0.09964818,0.07495982,0.067266576,0.07216805,0.07090132,0.07520045,0.09125167,0.1274965
0.13536175,0.10575409,0.10280953,0.07391265,0.08350276,0.106477916,0.08753035,0.089389,0.090945356,0.12431661
0.16948265,0.13051619,0.097821906,0.07719771,0.06479504,0.07402851,0.0715745,0.08169101,0.09686581,0.13602674
0.1440463,0.11385325,0.10816878,0.07559636,0.07689087,0.09612003,0.0834417,0.08949737,0.09179044,0.12059489
0.11338167,0.11121107,0.10073015,0.07465442,0.078238465,0.104634136,0.08738746,0.10909296,0.090165876,0.13050383
0.17859258,0.13320224,0.09701345,0.076305695,0.066129945,0.07362965,0.07055076,0.07650231,0.092226155,0.13584718
0.13248532,0.11613992,0.098314896,0.07608165,0.071500994,0.09535734,0.08096882,0.09376255,0.0954664,0.13992202
0.13725919,0.10625645,0.09338227,0.07550391,0.08521618,0.101865694,0.087061375,0.089465074,0.08227182,0.14171803
0.12924042,0.11169416,0.103227444,0.07481263,0.072461896,0.10203988,0.08408018,0.095252484,0.10163959,0.12555136
0.14419453,0.11570413,0.093963325,0.07604456,0.07339878,0.09395016,0.08041749,0.08392167,0.095947936,0.1424573
0.18444437,0.13428351,0.097509734,0.075532325,0.06447094,0.069819115,0.0688585,0.076163046,0.093345225,0.1355732
0.16339727,0.12809782,0.09059805,0.07295929,0.06963923,0.07805813,0.07427617,0.078560725,0.09154607,0.15286727
0.114328265,0.11535778,0.1033656,0.073620945,0.07411164,0.101408206,0.0868829,0.11391667,0.09293041,0.12407767
0.12851119,0.10560377,0.09426234,0.07545412,0.08491123,0.10473456,0.089566976,0.09489796,0.08111449,0.14094332
0.13584805,0.10597937,0.10331882,0.07353475,0.08381461,0.10608864,0.087012276,0.08979367,0.0905985,0.12401131
0.16885287,0.13214302,0.1006057,0.076282814,0.06407983,0.07313808,0.07121168,0.083877645,0.098656535,0.13115181
0.1384802,0.10607343,0.09347664,0.07552924,0.08514786,0.102032065,0.08745949,0.08787954,0.0828577,0.14106381
0.19556461,0.13717794,0.09699863,0.07564099,0.06770052,0.07004698,0.06840808,0.07150578,0.086918876,0.13003764
0.15073125,0.116298534,0.103113264,0.07418604,0.07669666,0.08976251,0.0824488,0.08536264,0.08778657,0.13361368
0.16057193,0.12467569,0.090146385,0.0730075,0.070151605,0.08071456,0.0756536,0.078894705,0.0937084,0.15247568
0.13392396,0.10622002,0.103281945,0.07363747,0.082070515,0.10603729,0.086700015,0.09028383,0.0927667,0.12507823
0.12851271,0.104736045,0.09455436,0.07579312,0.084438965,0.106718525,0.09003909,0.09328103,0.083060265,0.1388659
0.18097587,0.13337505,0.09614481,0.07621783,0.06521691,0.07066155,0.069930695,0.07579532,0.0933291,0.13835296
0.13181823,0.11372721,0.10185003,0.075001836,0.072395,0.09954946,0.083900675,0.09340436,0.10201722,0.12633598
0.12815592,0.110753946,0.09967498,0.07340975,0.07551017,0.10332341,0.08490157,0.096577235,0.0947167,0.13297632
0.1702909,0.13068864,0.09681335,0.076861165,0.06443482,0.07303853,0.07163493,0.08104644,0.09725313,0.13793814
0.1937431,0.13399434,0.09255217,0.07798295,0.07102008,0.07166788,0.070083246,0.06961017,0.086763,0.13258307
0.16926426,0.11794863,0.09314599,0.07991733,0.07419512,0.085209526,0.07634708,0.07487442,0.092551365,0.13654631
0.1665279,0.13054904,0.099709176,0.07671188,0.06454146,0.07494433,0.07211355,0.08382093,0.098538525,0.13254327
0.13083659,0.115898244,0.09873051,0.075657286,0.071146354,0.09548853,0.081558116,0.09473629,0.09638225,0.13956583
0.1290816,0.10640029,0.09413219,0.07510914,0.08487247,0.10494406,0.08845807,0.09410388,0.0827719,0.14012638
0.14332873,0.115754,0.09477239,0.075982966,0.07402092,0.094512984,0.08122274,0.08430359,0.09644046,0.13966122
0.16044693,0.12362306,0.09020813,0.07318343,0.07059803,0.082045786,0.07561492,0.078924514,0.09301315,0.15234202
0.18631466,0.13592167,0.09717902,0.07600339,0.06581327,0.069774635,0.06888646,0.075277776,0.0916539,0.13317528
0.12714806,0.10579343,0.10460607,0.07280731,0.07857168,0.108417496,0.08633212,0.09623498,0.09455138,0.1255375
0.19044235,0.13025674,0.096320055,0.07749093,0.0716492,0.07385659,0.07222726,0.0709904,0.08768754,0.1290789
0.123226576,0.11127329,0.100687645,0.07436328,0.07404864,0.103146374,0.086329594,0.10130821,0.09518753,0.13042887
0.16298722,0.12685631,0.09137151,0.07275507,0.07092897,0.0792609,0.07528315,0.0788169,0.09182379,0.14991625
0.13027656,0.113330804,0.100415885,0.07338613,0.07449181,0.09994587,0.084876604,0.09567621,0.09480874,0.13279139
0.13448761,0.112937726,0.096073024,0.075913064,0.074425116,0.098305024,0.084587656,0.09063589,0.0950493,0.13758563
0.17564186,0.13511048,0.100137025,0.07545082,0.06585909,0.071489,0.07005367,0.0808098,0.09430163,0.13114661
0.12802167,0.10472856,0.09514232,0.07592833,0.08647732,0.10525341,0.08995971,0.0953332,0.080794536,0.13836099
0.13302357,0.10494678,0.09812954,0.07841083,0.078056775,0.107753746,0.08555763,0.0895678,0.0941887,0.13036469
0.16521621,0.12866487,0.09064977,0.073162235,0.06974491,0.07725071,0.07408415,0.07776139,0.091028616,0.15243715
0.12913501,0.107592225,0.104324445,0.07335891,0.0784849,0.10697802,0.08638955,0.09490859,0.09366238,0.125166
0.11029074,0.11102424,0.10136863,0.074516654,0.07898136,0.10645964,0.08715099,0.11264658,0.08926108,0.12830006
0.18969582,0.12985533,0.0977229,0.077654,0.071744114,0.07523389,0.072146855,0.07168028,0.08738008,0.1268867
0.12921485,0.11553713,0.103158414,0.074473724,0.06818247,0.09713616,0.082067065,0.09818882,0.10528318,0.12675811
0.13887727,0.121001355,0.0995817,0.07465981,0.07018155,0.08900813,0.081261545,0.092340045,0.09681888,0.13626963
0.13149282,0.11633737,0.09807106,0.07597546,0.07093662,0.09479612,0.08134868,0.09422297,0.09640329,0.14041564
0.15482594,0.11802055,0.09565503,0.076161206,0.07259939,0.08897486,0.0781253,0.08152175,0.096305385,0.13781065
0.18236007,0.12653108,0.09355245,0.078020215,0.066532664,0.07282429,0.070681,0.074625015,0.09370442,0.14116883
0.1807746,0.12617002,0.0942609,0.07789013,0.0669218,0.07386271,0.07128056,0.07480323,0.09397129,0.14006482
0.12809043,0.11025034,0.09978777,0.07428698,0.0758819,0.10406345,0.08496424,0.09569601,0.09439103,0.13258794
0.11430261,0.110702716,0.10091452,0.075317174,0.07884074,0.10459646,0.08759224,0.10830482,0.09036544,0.12906326
0.17285271,0.13376819,0.098564304,0.07660721,0.06450914,0.07129591,0.07019969,0.08147351,0.0960868,0.13464262
0.15194455,0.12110938,0.08690744,0.07452912,0.071957745,0.08363346,0.07909909,0.08047662,0.088829085,0.16151348
0.17672971,0.13576761,0.09984673,0.075094946,0.06551357,0.07070513,0.06975327,0.08016552,0.094561785,0.13186175
0.12860794,0.10470656,0.09268372,0.07646448,0.08460516,0.1058596,0.09023794,0.09267784,0.081557624,0.14259915
0.12995985,0.106694035,0.095136374,0.074878715,0.085245624,0.10392432,0.08828279,0.094929695,0.082243554,0.13870506
0.16069752,0.12544216,0.09046524,0.07279901,0.06972101,0.08054762,0.075034596,0.07900819,0.09324966,0.15303494
0.17043823,0.1298216,0.095860966,0.07744766,0.06509589,0.073448636,0.07179259,0.080805026,0.09615749,0.13913193
0.17186573,0.13470876,0.09884154,0.075599074,0.06417967,0.0707638,0.07032533,0.08221813,0.09645612,0.1350419
0.12851821,0.10964921,0.0985446,0.074262515,0.07628134,0.104278944,0.08483662,0.09529186,0.094133765,0.13420294
0.13128491,0.10170166,0.09174325,0.07742653,0.0836909,0.1075249,0.09089079,0.08919374,0.08332164,0.14322166
0.1889776,0.13288161,0.09590149,0.0787506,0.071250066,0.074377835,0.07090849,0.07137764,0.08668419,0.12889051
0.18143895,0.12932774,0.09511866,0.077316366,0.066493556,0.07350516,0.07068473,0.074915804,0.092672035,0.13852695
0.15738603,0.12187178,0.09060564,0.074877,0.074628614,0.081992336,0.078493685,0.07987848,0.08831982,0.1519466
0.17147115,0.13299108,0.09710611,0.07652083,0.06479447,0.07194694,0.071050294,0.080671586,0.09592767,0.1375198
0.12491244,0.11185244,0.10232586,0.07355895,0.06986366,0.10269934,0.083675295,0.100708105,0.103891835,0.12651207
0.11327868,0.11108714,0.101036504,0.07481944,0.07815787,0.10486471,0.08702106,0.109227076,0.090229206,0.13027829
0.15524219,0.12202,0.08879253,0.074430004,0.074330956,0.08377954,0.078148335,0.07944626,0.08767781,0.15613241
0.13248408,0.11422247,0.10142251,0.07516945,0.07245302,0.098924436,0.083578065,0.09289437,0.101742215,0.12710941
0.15057771,0.12090025,0.09684507,0.073145404,0.07222133,0.08728893,0.080017716,0.08262393,0.096965864,0.13941383
0.112113595,0.11246843,0.10165952,0.073428646,0.07850581,0.10462947,0.08654216,0.11132868,0.08918806,0.13013567
0.18913913,0.13325155,0.09536651,0.07935779,0.072018474,0.07392943,0.07121472,0.07123755,0.086420774,0.1280641
0.18801269,0.13359033,0.095788,0.078980274,0.072042346,0.0745799,0.07108974,0.07149601,0.08593325,0.12848751
0.11918753,0.10982106,0.09984345,0.07459252,0.08030246,0.10506276,0.086635195,0.10359903,0.08907466,0.13188136
0.16076615,0.12521647,0.09028096,0.07291262,0.06973403,0.08049098,0.075184755,0.0789372,0.09342303,0.15305384
0.1821171,0.12874271,0.0946009,0.0774485,0.065977775,0.07224606,0.070395626,0.07493462,0.093600996,0.13993572
0.1895343,0.13285297,0.09499042,0.07940443,0.07231694,0.074254945,0.07067297,0.070801355,0.08556359,0.12960812
0.17438895,0.1189382,0.09151771,0.07984302,0.07321807,0.08161293,0.07502182,0.07267457,0.091921665,0.14086303
0.15671134,0.12204675,0.08880474,0.074886076,0.0732035,0.08165152,0.0782952,0.07910418,0.08881134,0.15648538
0.18806002,0.13471082,0.09617669,0.07642682,0.06583089,0.06919902,0.06902554,0.07431748,0.092039436,0.13421321
0.18673342,0.13501386,0.096384734,0.07624493,0.065137565,0.06907643,0.06863269,0.07496497,0.09194762,0.13586381
0.1211428,0.1055513,0.09969648,0.0757375,0.08281539,0.10814063,0.088503994,0.09997218,0.08846958,0.12997015
0.14295223,0.11859517,0.10724048,0.07470477,0.07289945,0.09214311,0.08153372,0.09261817,0.093729086,0.12358382
0.13232468,0.11614931,0.09933552,0.0755194,0.07167433,0.09567631,0.080981374,0.09399597,0.09588119,0.13846192
0.16998619,0.13101974,0.097724065,0.07719777,0.06536422,0.07391873,0.07144358,0.08155029,0.09589741,0.135898
0.14619434,0.11979028,0.0973667,0.07430359,0.07447914,0.08699098,0.081216164,0.08830391,0.08894639,0.14240846
0.16394863,0.1280026,0.090208225,0.07269338,0.07013161,0.07768787,0.07455278,0.078787945,0.09098369,0.15300336
0.1841417,0.13420683,0.09883795,0.07589246,0.064792685,0.070289485,0.06908056,0.07698674,0.09383389,0.13193774
0.12355426,0.10986937,0.10199948,0.0743756,0.069953315,0.10372523,0.08442268,0.10148039,0.104755566,0.12586415
0.17996623,0.13375847,0.09680222,0.07639033,0.065498576,0.07130894,0.06982447,0.07658675,0.09302319,0.13684091
0.12198105,0.10903587,0.105383605,0.07275422,0.073064186,0.10686936,0.084876426,0.10158613,0.09938745,0.12506172
0.11346538,0.11097284,0.10136957,0.07435448,0.07863205,0.10559016,0.08675348,0.1086249,0.09000892,0.13022831
0.11708551,0.11732731,0.10439058,0.07240429,0.07501788,0.09979665,0.08577343,0.11352236,0.09130016,0.123381875
0.1156864,0.116159745,0.10484089,0.072504,0.07321105,0.10165957,0.08622106,0.113572985,0.09448619,0.12165817
0.15027565,0.121803,0.10474212,0.07622268,0.069306,0.0885644,0.07847958,0.08754279,0.09998729,0.12307653
0.1559151,0.122256376,0.08858299,0.07464041,0.07372397,0.08146517,0.07865299,0.079738155,0.08792891,0.15709598
0.16094409,0.12625663,0.08957808,0.07276007,0.06914181,0.07939208,0.07485628,0.07859727,0.09332603,0.15514767
0.12384717,0.112329826,0.102004424,0.07380235,0.07333725,0.1028209,0.08609281,0.10184074,0.09637944,0.12754512
0.1894512,0.12981963,0.09751447,0.07771556,0.07174781,0.07511287,0.07222955,0.07162507,0.08751849,0.12726529
0.18460917,0.13601834,0.096771695,0.07572905,0.06560474,0.07055864,0.06913586,0.07535477,0.09146158,0.13475621
0.13162163,0.107856475,0.09849554,0.07601911,0.07646276,0.106431395,0.085036606,0.090997055,0.09465427,0.13242522
0.12813675,0.1099633,0.09897955,0.07359975,0.07616055,0.1040299,0.08449853,0.09548359,0.094353095,0.13479501
0.13930011,0.11998456,0.09290126,0.07384545,0.07039048,0.08887118,0.0799591,0.08976034,0.09405248,0.15093504
0.16890647,0.13181314,0.097984344,0.07665742,0.064288475,0.07334796,0.07134595,0.082186386,0.09687788,0.13659196
0.16673036,0.12913662,0.09095228,0.07292936,0.06893363,0.076075755,0.073994905,0.07743517,0.09203562,0.15177631
0.1751604,0.11966287,0.09106248,0.07914606,0.07243409,0.08025027,0.07488091,0.072411984,0.092505306,0.14248568
0.18353416,0.13072656,0.09550051,0.07671428,0.06567099,0.07149981,0.06995724,0.07495476,0.092879854,0.13856187
0.1811872,0.12693523,0.09489256,0.0778826,0.0673346,0.07413294,0.07136021,0.074774556,0.09356005,0.13794002
0.18451524,0.12833098,0.09904925,0.0781228,0.0729022,0.07890554,0.072390474,0.072414175,0.08555538,0.12781401
0.13015245,0.11096732,0.099294126,0.074518934,0.076268755,0.10257246,0.085202776,0.09309449,0.09480585,0.13312288
0.122689456,0.09909664,0.09967783,0.07705493,0.08077883,0.113034256,0.09041827,0.097587496,0.09413742,0.12552485
0.15447013,0.121320084,0.08788598,0.074857876,0.0735806,0.08284296,0.07918476,0.07989853,0.08840197,0.1575571
0.18853903,0.12896685,0.09695455,0.07839201,0.072371684,0.07545681,0.07262894,0.07147767,0.08753906,0.12767336
0.12959503,0.11113158,0.0992071,0.073460616,0.07613036,0.10289219,0.08459001,0.095340796,0.09372732,0.1339249
0.13901432,0.10737873,0.09283826,0.07495383,0.084385686,0.10086061,0.086019486,0.08869167,0.082335345,0.14352201
0.13397385,0.108269975,0.09683842,0.076797344,0.07725163,0.10584617,0.08508652,0.08880252,0.092412986,0.1347206
0.15709522,0.12202769,0.089361295,0.07445326,0.073553875,0.08134796,0.07843921,0.079583935,0.088181935,0.1559557
0.13705607,0.10643789,0.103292756,0.073649175,0.08367474,0.10541925,0.08656449,0.089089625,0.09036012,0.12445586
0.115318775,0.11125478,0.10026274,0.07475838,0.07773372,0.10399254,0.08724356,0.107547656,0.09075053,0.13113731
0.12613553,0.1077041,0.10550304,0.07275034,0.076201536,0.10668776,0.08612342,0.096917,0.09724544,0.12473184
0.17087358,0.13174222,0.09786214,0.076839015,0.065218404,0.07350873,0.071170814,0.08125478,0.09578843,0.1357419
0.18065672,0.13335812,0.096874796,0.07675503,0.06608981,0.07201429,0.07010988,0.07607514,0.09253411,0.13553214
0.117107384,0.11595014,0.10406955,0.07362904,0.07490739,0.1009726,0.08644657,0.111907735,0.0926135,0.12239603
0.15988341,0.1225043,0.092767045,0.07587716,0.07451451,0.08285858,0.07740653,0.07857977,0.089545295,0.14606343
0.14438315,0.11653486,0.093706764,0.075801045,0.0733095,0.09297014,0.080644816,0.0838532,0.09633888,0.14245766
0.18558112,0.12958412,0.09815658,0.07781706,0.07309709,0.07806802,0.07208388,0.0718969,0.084990025,0.12872522
0.13803384,0.10689849,0.0925951,0.07590111,0.084622234,0.10160739,0.08638549,0.08825131,0.08264728,0.14305778
0.1501565,0.12171626,0.10429671,0.07660633,0.069336586,0.088463016,0.078443564,0.08769073,0.100006625,0.123283714
0.19079664,0.13313758,0.0921359,0.07883298,0.07078022,0.07239456,0.070449024,0.07027324,0.08826857,0.1329313
0.15579188,0.11887367,0.0952237,0.076004274,0.07257796,0.087775245,0.07826234,0.08079416,0.09664131,0.13805544
0.12751305,0.110531636,0.100778356,0.074617766,0.07506764,0.104131326,0.08486984,0.09774731,0.09458593,0.13015716
0.1916435,0.12858853,0.09787194,0.07801893,0.07231718,0.075409584,0.07215463,0.071580574,0.08696355,0.12545164
0.115481526,0.11153642,0.1002893,0.074632406,0.077551655,0.10376538,0.08715861,0.107655875,0.09097371,0.13095513
0.17122574,0.13120884,0.0968811,0.07763992,0.06453196,0.072489366,0.07104136,0.081154846,0.09619863,0.13762827
0.16063415,0.12580016,0.09067004,0.072150506,0.06976709,0.080194786,0.07517341,0.07959088,0.09273418,0.15328488
0.11570497,0.115683004,0.10355947,0.07336244,0.07393367,0.10101909,0.08643395,0.11278621,0.093126684,0.12439058
0.1808498,0.12557584,0.09441124,0.07740234,0.067245826,0.07430002,0.07140343,0.0748489,0.093954764,0.1400079
0.16353033,0.12528457,0.08927699,0.073473185,0.070447885,0.0795753,0.07538227,0.077757046,0.092587486,0.15268502
0.12977935,0.115819775,0.10164254,0.074895754,0.06914988,0.09723085,0.08296153,0.09657549,0.10385599,0.12808882
0.1300279,0.10731535,0.09571351,0.074919425,0.08515331,0.102821484,0.08816011,0.09621643,0.082146876,0.13752559
0.11140864,0.11083934,0.101038046,0.07457972,0.07896453,0.10629487,0.086953074,0.11102158,0.08926198,0.12963814
0.15186536,0.11408966,0.1061241,0.07444702,0.07704377,0.090514325,0.0836948,0.085070886,0.08838987,0.12876017
0.13535728,0.10588166,0.102961555,0.07331734,0.08321583,0.1064551,0.08708158,0.08935465,0.09087035,0.12550458
0.14913316,0.11630597,0.104544364,0.07364749,0.07564301,0.09163366,0.08254914,0.08591212,0.08999984,0.1306313
0.117478766,0.11576808,0.10377199,0.073558144,0.07420376,0.10084288,0.08548419,0.111477636,0.09242685,0.12498768
0.16543175,0.12844546,0.091146015,0.072961554,0.07025023,0.077404045,0.07462413,0.07796113,0.09154769,0.15022804
0.11254018,0.11088105,0.101054095,0.07462368,0.078899354,0.105804615,0.08698555,0.109848365,0.08959765,0.12976545
0.117328934,0.11117778,0.09956563,0.07538116,0.07881945,0.103481084,0.08700788,0.1066219,0.08902441,0.13159183
0.17084086,0.118272096,0.092498526,0.080181256,0.0739763,0.08410518,0.07572291,0.07460134,0.092218444,0.1375831
0.11880386,0.105436966,0.09939631,0.07555945,0.08282714,0.1089364,0.08801198,0.10235819,0.087756194,0.13091353
0.19034171,0.13067245,0.09819822,0.077757835,0.07200775,0.07553553,0.07201857,0.071848996,0.08614738,0.1254715
0.13102008,0.10699802,0.09472071,0.07510762,0.084949076,0.10330445,0.08780277,0.0940189,0.08253233,0.13954605
0.18213175,0.1273091,0.093587786,0.077346064,0.06609049,0.0722141,0.070715696,0.07460111,0.09442153,0.14158246
0.15391755,0.12238894,0.0878023,0.07404098,0.07333949,0.082417555,0.07862747,0.08085064,0.08696283,0.15965228
0.183854,0.13177203,0.09567819,0.076724656,0.06516507,0.07048419,0.06996878,0.07493873,0.093706794,0.13770758
0.1840276,0.13079444,0.095079936,0.07701137,0.0656533,0.07109824,0.0698324,0.07460917,0.09279578,0.13909775
0.11343244,0.11046902,0.099885866,0.07528442,0.0777005,0.10496923,0.08734111,0.10861408,0.09082535,0.13147801
0.16484208,0.12839338,0.09164779,0.07243049,0.06996036,0.077584304,0.074421965,0.07843882,0.09115869,0.15112206
0.19014068,0.13390183,0.09362116,0.07863329,0.07175788,0.07381114,0.07082904,0.07037755,0.085912526,0.13101491
0.14239272,0.11871316,0.107245885,0.07471141,0.072789714,0.09257458,0.08083909,0.09368877,0.09275093,0.124293685
0.15150656,0.1209788,0.09572694,0.07296975,0.072495766,0.087169446,0.07974298,0.08287645,0.09576493,0.14076841
0.12316307,0.109919876,0.105625026,0.073060535,0.072417445,0.10550113,0.08426048,0.10067937,0.09931158,0.12606148
0.15237798,0.12148512,0.08879392,0.07497964,0.07430102,0.08393016,0.079278596,0.08117107,0.087275624,0.1564069
0.15199329,0.120674245,0.08833839,0.074990526,0.07373448,0.08502144,0.07938581,0.080980346,0.08804824,0.15683328
0.13031511,0.11373604,0.10251572,0.0748081,0.07189692,0.10034239,0.08380945,0.09506653,0.10209689,0.12541288
0.16258322,0.12747982,0.091313824,0.07282754,0.070003465,0.07886567,0.07464976,0.07915403,0.09196492,0.15115778
0.14267252,0.1185624,0.10589348,0.0754895,0.07241133,0.09192496,0.08052684,0.09227722,0.09312777,0.12711398
0.14993379,0.11392511,0.10737043,0.07308404,0.07714746,0.0930873,0.083631046,0.08717412,0.08866631,0.12598038
0.12744695,0.105004445,0.094455734,0.07601256,0.08566913,0.105788335,0.089959,0.09506409,0.08066412,0.13993563
0.13498972,0.11435895,0.0979157,0.0750533,0.07423573,0.09728303,0.08407931,0.08944876,0.097281955,0.13535355
0.18461008,0.12840208,0.09846803,0.0781258,0.073735364,0.078605816,0.072372705,0.0720225,0.08494661,0.12871107
0.13686755,0.106756076,0.094021,0.075240076,0.08403123,0.10327052,0.08651932,0.0889043,0.08408951,0.14030036
0.15595292,0.12242946,0.08895153,0.07429602,0.07401826,0.08200846,0.07834688,0.079567224,0.0871907,0.15723862
0.15601707,0.12220025,0.09068091,0.074720815,0.0738327,0.082096994,0.07846088,0.080288574,0.08853365,0.15316822
0.16636689,0.12998952,0.09966103,0.07701688,0.064247444,0.07510212,0.07212342,0.08389471,0.09895934,0.1326387
0.13402206,0.10796044,0.09781642,0.07642061,0.077343,0.106335,0.08557985,0.08947629,0.09201162,0.1330347
0.17874627,0.12778786,0.095188625,0.07730362,0.06591267,0.073390566,0.070970625,0.07561251,0.09450373,0.14058346
0.16972417,0.1314058,0.09686309,0.07686564,0.06566144,0.07362546,0.07157908,0.0810842,0.09528668,0.13790435
0.17888707,0.12682293,0.09699544,0.07751551,0.06574884,0.07466716,0.07118884,0.07645199,0.09540625,0.13631603
0.13461843,0.10839351,0.09760297,0.077053644,0.07793413,0.10552201,0.08550399,0.087810606,0.092449136,0.13311157
0.14462954,0.116621,0.09508449,0.074555725,0.07388261,0.09420641,0.080223404,0.08449849,0.09561278,0.14068559
0.1828011,0.12987138,0.09561538,0.07736395,0.06565577,0.071768306,0.07046617,0.07492824,0.09398137,0.13754834
0.1549497,0.11900041,0.096196756,0.075361,0.072269425,0.088342175,0.07796394,0.08192272,0.09637951,0.13761438
0.1502854,0.11348845,0.10757682,0.07418831,0.07747884,0.09263626,0.08362723,0.08609371,0.08832791,0.12629716
0.16332108,0.1293951,0.09204208,0.07235448,0.06978053,0.07754087,0.074281074,0.079216674,0.091523625,0.15054446
0.1554626,0.11805214,0.09654371,0.07602388,0.07275674,0.089198634,0.07797712,0.08119316,0.09604079,0.13675128
0.16085482,0.12825334,0.09227659,0.07201516,0.070373066,0.08010681,0.074221194,0.07988962,0.09121688,0.15079254
0.12371309,0.09906207,0.10010242,0.076964654,0.08228989,0.11289372,0.090873115,0.096796855,0.09374413,0.12356006
0.15458478,0.122225285,0.08857047,0.074351065,0.07328454,0.08236856,0.07857743,0.080223136,0.087771885,0.15804282
0.15548664,0.122736916,0.088589616,0.07431915,0.073117755,0.08159641,0.07828664,0.07988997,0.08837458,0.15760234
0.16152406,0.12540433,0.08901473,0.07330905,0.06952977,0.08019293,0.07469248,0.078059144,0.0924479,0.15582559
0.11155445,0.1117803,0.10181386,0.07416831,0.07845767,0.10532385,0.08694304,0.11146638,0.08976169,0.12873052
0.1293034,0.10655644,0.096244626,0.07452746,0.08553484,0.10404035,0.088277236,0.09641965,0.082231455,0.13686457
0.18595608,0.13502748,0.09782828,0.07513648,0.06771224,0.07151395,0.07047604,0.074237175,0.091088116,0.13102415
0.13440679,0.11646221,0.099166945,0.0750493,0.072091185,0.095377564,0.08094774,0.09332499,0.094795495,0.13837788
0.17351954,0.13603958,0.098372266,0.075324975,0.06480718,0.06982566,0.070136875,0.08093708,0.09560535,0.13543154
0.13634656,0.10355363,0.09195003,0.07815436,0.083276376,0.10457482,0.08882705,0.086793095,0.082775906,0.1437482
0.12802358,0.11060347,0.10224989,0.07458197,0.07605606,0.1046039,0.08605084,0.09733636,0.09446481,0.12602901
0.1591785,0.12569357,0.09174059,0.07209154,0.07027425,0.08134803,0.07527619,0.08033349,0.09236789,0.15169598
0.15516342,0.12163464,0.0892588,0.07477552,0.07412418,0.082708985,0.07887086,0.07976796,0.08744495,0.15625075
0.15977703,0.12668012,0.09087788,0.072319865,0.06916643,0.079684414,0.07486633,0.07999925,0.09347566,0.15315308
0.14279556,0.11404637,0.10848791,0.074846335,0.07717774,0.097966954,0.082713105,0.090208516,0.09040898,0.12134857
0.11998955,0.11023653,0.10048376,0.07370102,0.08060511,0.10491407,0.08628258,0.1033739,0.08842557,0.13198796
0.18269894,0.12872702,0.09528184,0.07726761,0.06622848,0.07260632,0.070344746,0.07469375,0.09317272,0.13897857
0.18705815,0.12881176,0.099742845,0.07795921,0.0711362,0.07712242,0.072715096,0.07305962,0.088152215,0.12424245
0.19196112,0.13418417,0.09297687,0.07833358,0.071721755,0.07284662,0.07025427,0.07005859,0.08587665,0.1317864
0.15870401,0.122234546,0.09379193,0.0759504,0.07363448,0.08364477,0.07770798,0.07903325,0.091212004,0.14408666
0.13144037,0.10652441,0.101361625,0.07597744,0.07603458,0.105788276,0.085935995,0.091490194,0.09831778,0.12712938
0.18555635,0.13584873,0.09711168,0.07616095,0.065748125,0.07006911,0.06896931,0.07530557,0.091656506,0.13357364
0.1800186,0.133107,0.09564257,0.076707035,0.0659681,0.071504384,0.07002402,0.07589609,0.09234615,0.13878603
0.12846377,0.10522352,0.09383145,0.075370975,0.08536595,0.105862595,0.089447044,0.09393929,0.081076466,0.14141896
0.14372256,0.116021894,0.0960398,0.07577502,0.07655743,0.091061346,0.08333381,0.08742593,0.08620589,0.14385629
0.14974841,0.11524902,0.10431363,0.07362005,0.077880174,0.09152908,0.08287064,0.08600404,0.08691867,0.13186637
0.18226579,0.12966275,0.095711425,0.07742589,0.06565628,0.07204259,0.07060297,0.07508357,0.09414937,0.1373994
0.16182745,0.12097244,0.09428116,0.075577006,0.071017586,0.08343017,0.07662871,0.07828234,0.096157975,0.14182515
0.17143159,0.13437757,0.10004098,0.07531552,0.06548227,0.07302708,0.07067529,0.08187835,0.0946325,0.13313885
0.18650664,0.13005435,0.09789156,0.07810676,0.07218262,0.0766495,0.07290536,0.07194017,0.08658842,0.1271747
0.16367449,0.12232892,0.09342168,0.07548638,0.07017807,0.08173046,0.07588153,0.0774004,0.096400745,0.14349739
0.1708243,0.11800729,0.09336351,0.08052127,0.07459972,0.08469605,0.076286405,0.07444146,0.092291206,0.13496876
0.11336223,0.111021005,0.10181238,0.07415118,0.0781192,0.10566253,0.08665247,0.108973965,0.09061484,0.12963022
0.12873098,0.111315936,0.10001923,0.07356703,0.07606861,0.103191815,0.08433704,0.095719256,0.0944459,0.13260418
0.15578721,0.12595335,0.094291724,0.07183149,0.06935528,0.081612535,0.07533401,0.0821869,0.09523591,0.14841162
0.17389788,0.13364959,0.098466024,0.076905884,0.06558115,0.071565814,0.0705615,0.08062052,0.095597945,0.13315372
0.15098837,0.12054976,0.08921766,0.074794166,0.07294604,0.08599145,0.07937061,0.081227675,0.09012762,0.15478666
0.15024103,0.11582907,0.10406282,0.073807664,0.07779425,0.09006835,0.08294488,0.08610609,0.087278225,0.13186774
0.17157243,0.13031337,0.09734217,0.07777679,0.06560363,0.07395703,0.07168015,0.08040208,0.09623299,0.13511938
0.11947329,0.1149003,0.103725426,0.073343664,0.07553676,0.10160398,0.086082324,0.10794351,0.09304781,0.124342985
0.12558855,0.10228127,0.10197082,0.07533523,0.083404236,0.11097285,0.088731855,0.0967718,0.09156058,0.1233828
0.12035405,0.108899616,0.098911,0.07533333,0.08064295,0.10519026,0.087454885,0.10237163,0.08826712,0.1325752
0.112841696,0.11089798,0.1016728,0.074222706,0.07682808,0.10554127,0.08698949,0.10985187,0.09244664,0.12870751
0.14730102,0.11319787,0.10793875,0.07370648,0.07722216,0.09455571,0.08446317,0.08809016,0.08941342,0.124111325
0.19181584,0.13723882,0.09837923,0.075878546,0.068253115,0.073108435,0.06895172,0.072332084,0.08584611,0.12819605
0.15980086,0.12767307,0.09166343,0.07132113,0.070077606,0.08012341,0.074589305,0.08079068,0.09167156,0.15228893
0.15970773,0.12778048,0.09208801,0.07205096,0.07005605,0.07965342,0.074871406,0.080658436,0.09211195,0.15102163
0.12986927,0.1131325,0.100395605,0.07303711,0.07432581,0.10051317,0.084130436,0.09558079,0.09485918,0.1341562
0.18756983,0.13018464,0.09858733,0.07780577,0.072024584,0.07668593,0.07255859,0.072106525,0.0862021,0.12627473
0.15360765,0.121502765,0.08874945,0.07483842,0.07346808,0.084153384,0.078699835,0.080230035,0.08860067,0.15614972
0.12970781,0.11349375,0.10154658,0.07299711,0.07399579,0.10040299,0.08414481,0.096351475,0.09507738,0.13228236
0.12740904,0.11389411,0.103887096,0.073542945,0.06900405,0.09937615,0.08220668,0.09889779,0.10489549,0.1268867
0.16756523,0.11796335,0.09421353,0.079839654,0.0746138,0.08646044,0.076458834,0.07539015,0.09201022,0.13548474
0.1290148,0.10624275,0.09744445,0.074499846,0.085681744,0.10456327,0.08834858,0.09673508,0.08202945,0.13543996
0.11267999,0.11101231,0.1012644,0.074521616,0.07869114,0.10573951,0.08688626,0.109593935,0.08973465,0.12987618
0.15734884,0.124233246,0.09229091,0.072792254,0.069332294,0.081575915,0.07559418,0.08052684,0.09547521,0.15083036
0.111788295,0.11018743,0.10214128,0.0748064,0.07845724,0.10693084,0.08717426,0.11105885,0.09054468,0.12691076
0.12836845,0.10774662,0.10555742,0.07218644,0.07859094,0.107003085,0.085974455,0.09603001,0.0938556,0.124686986
0.11946333,0.1062021,0.0999816,0.075588666,0.08222746,0.10796649,0.08807703,0.1023415,0.088003516,0.13014835
0.14090945,0.12060792,0.10233888,0.07518432,0.07117163,0.08967417,0.08110026,0.09228598,0.09537638,0.13135104
0.18368673,0.1299799,0.094446495,0.07698781,0.06541356,0.07093629,0.069849096,0.07442147,0.09352681,0.14075187
0.13039315,0.11374157,0.10064291,0.0732137,0.07369751,0.09933285,0.08404585,0.09519565,0.09517751,0.13455923
0.19038175,0.13000692,0.097626425,0.078092046,0.07196294,0.07504755,0.07168785,0.07138521,0.08613298,0.12767632
0.1811541,0.12965119,0.0953956,0.077298306,0.066635355,0.07379806,0.070731334,0.0749635,0.092355125,0.13801745
0.16348787,0.1280701,0.091884725,0.07309884,0.070253186,0.078638926,0.07438103,0.07863661,0.09140341,0.15014528
0.11777272,0.105318606,0.10031425,0.07574594,0.08185043,0.10896632,0.0881823,0.1029143,0.09003766,0.12889755
0.124229185,0.11090606,0.10311051,0.07403957,0.06988502,0.10331836,0.084009595,0.100680195,0.10426891,0.12555258
0.11010287,0.1121239,0.1025484,0.07394908,0.07888892,0.10612984,0.08670004,0.11338668,0.08930308,0.12686722
0.12431417,0.11079585,0.102837935,0.07410212,0.0696982,0.102825634,0.08388814,0.100752726,0.104717284,0.12606801
0.13709688,0.1071003,0.102544405,0.07357551,0.08243203,0.105102226,0.08647642,0.088003054,0.09101474,0.12665445
0.13059984,0.10687172,0.0985421,0.07615189,0.07691831,0.107361495,0.08515629,0.09115504,0.09388986,0.13335347
0.12266691,0.09899048,0.10036047,0.076625735,0.08151053,0.11344111,0.09028454,0.098198526,0.09364536,0.124276385
0.1519457,0.113089785,0.09508676,0.078066334,0.07697623,0.09625425,0.0803992,0.07983043,0.09307592,0.13527544
0.17549624,0.13509761,0.10019908,0.07570882,0.06526468,0.07116162,0.069785774,0.080828056,0.09480377,0.13165435
0.11950107,0.10981789,0.10068831,0.07437765,0.08078745,0.10521522,0.086323775,0.10339799,0.08882855,0.13106212
0.11196301,0.11078547,0.10184168,0.07415863,0.07766383,0.10623981,0.08692968,0.11057665,0.09133449,0.12850681
