0.1163297,0.0805611,0.11072968,0.09724965,0.12055777,0.12399945,0.08138545,0.09275464,0.09563203,0.08080062
0.11662268,0.08003704,0.11158347,0.0967029,0.12108883,0.12301629,0.08134202,0.09307098,0.096076354,0.0804595
0.1371704,0.13253668,0.111371465,0.10139703,0.081661195,0.09449731,0.048631657,0.10139587,0.08497128,0.10636717
0.11018574,0.10360922,0.12057719,0.099857174,0.09029314,0.09509917,0.057659186,0.115962595,0.095697135,0.11105946
0.14604576,0.15637356,0.10484283,0.09945505,0.07389213,0.09420611,0.044645343,0.09598998,0.07946076,0.10508845
0.1452789,0.13346136,0.108641304,0.1120294,0.08273456,0.08411058,0.055727586,0.099142306,0.076789394,0.10208461
0.11044596,0.09436775,0.11811849,0.09869666,0.102214865,0.10231248,0.0815976,0.101069055,0.09343789,0.09773917
0.12008272,0.11445731,0.11940772,0.10575952,0.089543015,0.08905413,0.056703445,0.10734258,0.0862818,0.11136784
0.14216158,0.14831193,0.10933511,0.103217736,0.07437337,0.08715047,0.047051463,0.10141253,0.08165121,0.10533466
0.111244805,0.09332085,0.1184773,0.1000117,0.10348108,0.10246255,0.08100228,0.10134755,0.09177356,0.09687839
0.12684344,0.12316414,0.11556591,0.10004705,0.08873135,0.102169774,0.048460677,0.10325355,0.08450884,0.107255265
0.12706146,0.12204028,0.11552773,0.100355975,0.089340225,0.10200697,0.048417315,0.10369464,0.08489576,0.10665966
0.11686163,0.12006227,0.11781398,0.10491925,0.08097093,0.087228894,0.054109573,0.11516357,0.082922935,0.11994701
0.14637378,0.15735371,0.10514808,0.10144648,0.072898515,0.09085489,0.044556156,0.09767561,0.07799647,0.1056963
0.11041851,0.08994516,0.10181153,0.08825986,0.11391086,0.1321094,0.066922024,0.10297345,0.111125164,0.082524076
0.14598323,0.15566875,0.10592624,0.10062457,0.073772326,0.09250919,0.043920733,0.09714391,0.07948165,0.104969375
0.1404238,0.14194474,0.10996392,0.09974332,0.0780535,0.09541628,0.04530406,0.10012617,0.08336297,0.1056613
0.12643333,0.12156382,0.11532597,0.10044819,0.08875277,0.09962985,0.050095912,0.104404904,0.08662191,0.106723316
0.11077734,0.101308644,0.119611196,0.099285334,0.09722885,0.099317186,0.062440548,0.11062068,0.094218485,0.105191655
0.11678231,0.07990539,0.111206576,0.097408175,0.12095653,0.12466097,0.0796696,0.09326136,0.096089035,0.080060065
0.1105255,0.100249,0.11965165,0.099083185,0.098123185,0.099913575,0.063831136,0.11035641,0.09406839,0.10419798
0.12541834,0.122688144,0.115942135,0.10004099,0.08864115,0.10157789,0.049600873,0.1032836,0.08494081,0.10786609
0.14770935,0.13582256,0.10809886,0.11269364,0.08116173,0.08376972,0.055395175,0.09782108,0.075756885,0.10177098
0.11059204,0.09374978,0.11699689,0.09284805,0.1032998,0.11281192,0.061527885,0.10893922,0.10488571,0.09434872
0.108828045,0.09844906,0.120832175,0.09820985,0.09801595,0.10069738,0.06194649,0.11263329,0.09639466,0.10399312
0.110068046,0.09826463,0.11823454,0.096960105,0.10085624,0.10193501,0.067710444,0.10893536,0.09650632,0.100529365
0.114971526,0.08837026,0.1102182,0.09353104,0.113741145,0.114661716,0.087595925,0.09499986,0.09679844,0.08511185
0.14615819,0.15823776,0.105932415,0.09986059,0.07264251,0.091821834,0.04370051,0.09713751,0.07845631,0.10605241
0.13763887,0.117219836,0.10715785,0.10975692,0.095840365,0.09436469,0.06556023,0.09478174,0.08054427,0.09713526
0.11548891,0.10419198,0.11233992,0.09879669,0.096707605,0.10017537,0.085213475,0.09909642,0.08826693,0.09972273
0.14367296,0.15033337,0.107524395,0.10393729,0.07438763,0.087366626,0.046923365,0.10065092,0.08019438,0.10500911
0.1388745,0.11799619,0.10528716,0.109909415,0.095885485,0.09496225,0.06503822,0.094415635,0.080136545,0.09749458
0.11401478,0.110496394,0.120430864,0.106936224,0.08771702,0.089011624,0.05867108,0.11128146,0.085549936,0.11589061
0.11693174,0.08146539,0.109183215,0.09705849,0.12068872,0.12487311,0.081083775,0.092374384,0.09587578,0.08046542
0.14026296,0.14272657,0.11007099,0.09858314,0.07831746,0.09667801,0.045993317,0.09880523,0.08262299,0.10593935
0.11889092,0.112301275,0.12052368,0.10377596,0.08781344,0.09033073,0.05562313,0.10945414,0.0883429,0.112943836
0.11572163,0.08239227,0.108565286,0.09510875,0.119416036,0.12601809,0.080702126,0.09358129,0.098298445,0.08019597
0.11637588,0.08008806,0.110419855,0.09842892,0.120634265,0.12597446,0.079623476,0.09290311,0.095110394,0.080441676
0.12753093,0.12612644,0.11665533,0.10299044,0.085059315,0.09465124,0.047631975,0.105279535,0.08410957,0.109965265
0.114728644,0.12006999,0.118714355,0.103853166,0.07845393,0.08507209,0.05614157,0.11785593,0.08283282,0.12227754
0.11379874,0.111779146,0.11976063,0.10639493,0.08788148,0.08939208,0.059282016,0.11072035,0.08633656,0.11465408
0.14530894,0.15689093,0.10626271,0.09928725,0.07319847,0.09237482,0.04499152,0.09661753,0.07926256,0.1058053
0.11857091,0.11384977,0.12117487,0.104873955,0.08639547,0.08820573,0.054350834,0.11098927,0.08747426,0.114114955
0.14004669,0.14271258,0.109674804,0.09827452,0.078105114,0.09613045,0.047351968,0.098585926,0.083967455,0.1051505
0.12020841,0.08490326,0.108605765,0.099704035,0.11896029,0.1204381,0.07511923,0.09502344,0.09569162,0.08134583
0.11393117,0.08939504,0.117836535,0.097413406,0.109601386,0.11610572,0.068762414,0.10137101,0.095586315,0.08999702
0.11242955,0.10588624,0.12047867,0.10088359,0.09106221,0.093491234,0.055944756,0.11429322,0.094844915,0.11068568
0.11041901,0.09999927,0.120431274,0.09951856,0.097840145,0.09831118,0.06340144,0.11064594,0.09405166,0.10538158
0.1139754,0.1193476,0.11875813,0.10278255,0.078288145,0.08598593,0.05536025,0.118949346,0.084560126,0.12199262
0.124472074,0.1072734,0.10873866,0.098420694,0.1022451,0.10895264,0.06617659,0.09824465,0.09108028,0.094395936
0.12676573,0.12474989,0.1167407,0.101660244,0.085304156,0.095179625,0.04876411,0.10545966,0.085836895,0.10953899
0.13688195,0.13967964,0.11146831,0.10010409,0.07611039,0.09102507,0.04807579,0.10369095,0.08716826,0.10579555
0.12815979,0.119220965,0.1154479,0.100214176,0.090107635,0.10052511,0.04979203,0.10409802,0.08681563,0.105618685
0.11142817,0.09069048,0.1038415,0.08947716,0.11264627,0.12962969,0.06456608,0.10383963,0.10975088,0.084130146
0.12547353,0.11854104,0.11636572,0.09792158,0.08896894,0.10187468,0.049614906,0.10572227,0.089569286,0.10594803
0.11512904,0.08053714,0.11054239,0.0960873,0.12104801,0.12590653,0.08563462,0.09078341,0.09400089,0.08033068
0.12828438,0.12248238,0.115161665,0.0990389,0.089334205,0.10355563,0.048890714,0.102106065,0.08508042,0.10606562
0.11086956,0.08985079,0.10415952,0.08831572,0.11281526,0.12948279,0.065007366,0.103550844,0.11229755,0.08365062
0.14499289,0.13229613,0.106676325,0.11131109,0.08435356,0.087117426,0.05560608,0.09781095,0.078415886,0.1014197
0.11144787,0.10456725,0.121997416,0.101601794,0.090146996,0.09365274,0.054850638,0.11589681,0.09332754,0.11251091
0.11683863,0.08070221,0.11049627,0.09895116,0.12068143,0.12354939,0.08045427,0.09279498,0.09409124,0.08144047
0.1456885,0.15849352,0.10592993,0.100986555,0.07246006,0.09100371,0.042956438,0.09821639,0.07786921,0.10639572
0.14165407,0.14242591,0.109218754,0.104523174,0.0788928,0.09084642,0.044640522,0.10186496,0.0797174,0.10621604
0.12345906,0.10797841,0.10995636,0.09667711,0.09970852,0.111463815,0.054239042,0.10459605,0.096789464,0.09513207
0.1126158,0.087616116,0.10226085,0.09144971,0.11721652,0.13557547,0.068198755,0.098447666,0.106498376,0.080120765
0.11414149,0.08952103,0.11621753,0.09523586,0.109193526,0.11383044,0.07414839,0.09964315,0.098077245,0.089991376
0.11706376,0.08137462,0.1103033,0.097532704,0.120289676,0.12329778,0.080143094,0.09314239,0.09569528,0.081157446
0.14374742,0.14980243,0.10808756,0.105035074,0.075001724,0.086362734,0.046525322,0.100880995,0.07913406,0.10542267
0.11631314,0.115583465,0.11953657,0.1057965,0.08572181,0.08698548,0.056666754,0.11226706,0.086269565,0.11485962
0.14106636,0.1505558,0.109503,0.10540313,0.0739319,0.08449765,0.047375403,0.10202811,0.07802952,0.10760918
0.11299787,0.10636869,0.11159381,0.09617291,0.0940546,0.10174217,0.08663529,0.09940412,0.0909964,0.10003416
0.112446174,0.093248814,0.11752342,0.095740646,0.104635805,0.11300021,0.061581224,0.107796855,0.099720344,0.0943065
0.1167114,0.12237387,0.11792357,0.10463641,0.07825442,0.08560053,0.053955123,0.11677966,0.08138401,0.122381076
0.11649962,0.11414721,0.1188562,0.10803349,0.08781989,0.08583556,0.0603079,0.10999514,0.084017426,0.11448753
0.1428233,0.12968738,0.10969754,0.11329573,0.08489979,0.08299546,0.058637045,0.09977839,0.07660647,0.10157897
0.120595485,0.08639228,0.10809561,0.09974997,0.11804819,0.11944546,0.074413784,0.09555402,0.095668845,0.08203639
0.13946289,0.117923446,0.10593577,0.109557174,0.0953856,0.094708316,0.06643515,0.09425057,0.080082506,0.096258536
0.11584762,0.11616777,0.11818154,0.10583014,0.08314186,0.08708429,0.055683065,0.1153619,0.082784735,0.11991708
0.1457013,0.1539257,0.10496415,0.09895556,0.07470596,0.09546335,0.045548808,0.0954485,0.08083227,0.10445445
0.110750206,0.08863669,0.10347966,0.08946719,0.11417364,0.13098715,0.065139696,0.10369966,0.11049188,0.08317431
0.14000103,0.14378275,0.10962898,0.098585606,0.076558374,0.09484872,0.047386996,0.099130936,0.084765635,0.10531088
0.14792494,0.13467434,0.107073694,0.113720775,0.082040295,0.0834832,0.054613225,0.09900942,0.0748563,0.10260381
0.11406696,0.10949919,0.12113907,0.107377075,0.087989695,0.08865968,0.057888437,0.111685924,0.0856708,0.116023175
0.112427086,0.08739504,0.11825154,0.09645344,0.10953331,0.112490006,0.07596658,0.10014631,0.096741006,0.09059576
0.11120224,0.096929066,0.119395755,0.098233715,0.10139612,0.10130164,0.06498442,0.11018622,0.09501175,0.10135909
0.110344596,0.100278005,0.119995214,0.09877009,0.098052576,0.09940329,0.0638996,0.110024326,0.09496534,0.10426697
0.12674922,0.1104213,0.10788774,0.10083267,0.09945805,0.10340781,0.069608375,0.096696906,0.089039974,0.09589797
0.118033834,0.11225657,0.12128896,0.10519318,0.08714784,0.0884864,0.055247016,0.11087258,0.08710263,0.114371024
0.115486905,0.11398766,0.12038033,0.10583663,0.0865588,0.086060114,0.058853347,0.11182297,0.0861253,0.11488795
0.11270225,0.08598829,0.11166095,0.09471171,0.11441999,0.12568526,0.06615872,0.102094494,0.101771735,0.084806524
0.14333592,0.14922732,0.108568504,0.10497006,0.075067796,0.086557955,0.045633614,0.10157679,0.07927117,0.10579079
0.11123415,0.08992345,0.102272555,0.08889532,0.113892,0.1321832,0.06489117,0.10283506,0.11094055,0.08293256
0.14640306,0.1333648,0.10767984,0.11109836,0.083339,0.08550102,0.05569374,0.09817248,0.077740155,0.101007566
0.11054906,0.089762084,0.101877354,0.08835867,0.11400093,0.13212223,0.06686939,0.10293565,0.11107339,0.08245125
0.14918748,0.1336267,0.10550602,0.1140795,0.08330609,0.0850862,0.054632593,0.0979223,0.07462678,0.10202637
0.11220596,0.08864033,0.11623561,0.09503436,0.10909641,0.11375242,0.078116216,0.09950314,0.09774813,0.08966746
0.13980412,0.14186074,0.11020641,0.10208071,0.077525645,0.09004692,0.048134293,0.10169613,0.083685346,0.104959756
0.14465895,0.14944838,0.10676132,0.09830902,0.07553076,0.095494345,0.046509042,0.09611731,0.083058126,0.10411278
0.14650193,0.13621901,0.10854992,0.111854196,0.081354424,0.08453051,0.055167094,0.09770645,0.07652623,0.1015903
0.11463921,0.086673856,0.1114539,0.0964108,0.11527883,0.13036272,0.06363458,0.100183375,0.09801945,0.08334335
0.14300205,0.14871365,0.10845091,0.10431429,0.075117074,0.087461285,0.046135396,0.10126588,0.08012432,0.10541519
0.10998197,0.096208364,0.11746154,0.09788662,0.10139346,0.103585124,0.079634,0.10121355,0.09488635,0.097749114
0.11512682,0.10368394,0.11262022,0.09838538,0.09617308,0.09968984,0.08687315,0.099302806,0.08855958,0.099585176
0.11188558,0.10021655,0.118734546,0.098199055,0.09888474,0.10128391,0.06315498,0.10961018,0.09505779,0.10297273
0.124917485,0.10636808,0.10896209,0.09920066,0.10315927,0.1090823,0.06406674,0.09901729,0.09060744,0.09461856
0.14223152,0.15109462,0.10893799,0.10478568,0.073534705,0.08436125,0.04835502,0.10142887,0.07913866,0.10613173
0.11681286,0.08002078,0.111343555,0.09778729,0.12095905,0.12315186,0.07993441,0.09368833,0.096005954,0.08029588
0.11974427,0.1128659,0.11905606,0.10426164,0.09021279,0.09100798,0.056636043,0.107713826,0.087349795,0.11115173
0.13893817,0.14210097,0.11111651,0.1001128,0.07701288,0.0928502,0.046697438,0.101255864,0.0836271,0.10628808
0.1437479,0.13285786,0.10957438,0.111336246,0.08325553,0.08448402,0.056441564,0.0989612,0.078118235,0.10122314
0.14362139,0.1315207,0.10992437,0.113084935,0.08338279,0.08252295,0.057617143,0.09998148,0.07672948,0.101614825
0.11244898,0.08464975,0.1171529,0.09829479,0.11217502,0.11244505,0.07981474,0.09882754,0.094524466,0.08966677
0.13896303,0.14195444,0.11042633,0.09770247,0.078040875,0.0968993,0.047204185,0.098762296,0.084440865,0.105606265
0.11485793,0.11494939,0.1189419,0.10606356,0.08370946,0.087633565,0.05574206,0.1152749,0.08392148,0.11890578
0.10968137,0.11109429,0.11718504,0.100466534,0.08873596,0.09636517,0.062022038,0.11183538,0.092929,0.109685175
0.14906667,0.13491122,0.10707338,0.11390389,0.08123449,0.082894094,0.055278063,0.09873872,0.074870944,0.10202855
0.11154506,0.111729175,0.11944493,0.102211624,0.08250354,0.09002691,0.058131028,0.11697232,0.090741314,0.11669414
0.14450964,0.15694809,0.10772791,0.099634536,0.07184687,0.090685986,0.04430326,0.09836524,0.07941837,0.10656011
0.111152925,0.105674796,0.12017023,0.10017887,0.09029084,0.09731456,0.056812115,0.11393695,0.09363072,0.110837996
0.104840145,0.09363279,0.12115806,0.0966412,0.09666807,0.104459144,0.05771946,0.119575396,0.10179272,0.10351299
0.1059904,0.09449239,0.123145826,0.099656545,0.094884984,0.09949794,0.056246374,0.12081866,0.0967211,0.108545765
0.11535531,0.11590564,0.11828471,0.10535314,0.08365472,0.08777577,0.05598283,0.114907295,0.083556846,0.1192238
0.11188073,0.09245283,0.117077075,0.09579848,0.106350526,0.11334225,0.06891768,0.10375942,0.09766696,0.09275408
0.110970296,0.0914794,0.11839084,0.09482992,0.105128005,0.11517647,0.06246181,0.10698702,0.1004492,0.09412705
0.12580763,0.121030375,0.11614561,0.10018943,0.089228466,0.100886516,0.049564123,0.10408718,0.08594132,0.10711941
0.11750165,0.11051519,0.118163124,0.10264703,0.09493172,0.09048955,0.066577435,0.10608019,0.09083355,0.1022606
0.11453111,0.08709575,0.108930275,0.0935973,0.11597756,0.13023211,0.0705723,0.09765931,0.09989305,0.08151123
0.14393976,0.13143846,0.10829001,0.11163462,0.08508645,0.08609407,0.055423986,0.098483756,0.07791739,0.101691514
0.14240769,0.1570224,0.108059846,0.09821476,0.070705846,0.091344684,0.044061217,0.09964778,0.08086838,0.10766742
0.14548889,0.15488659,0.10542996,0.09958486,0.074349836,0.09357753,0.045396697,0.09642071,0.07971972,0.10514511
0.11107581,0.09988304,0.119226955,0.098121576,0.09934828,0.1000615,0.06511601,0.10900124,0.09576412,0.10240146
0.111643106,0.08937705,0.10349968,0.08929864,0.11389715,0.13038418,0.065346345,0.10322159,0.11017083,0.08316145
0.12645137,0.12133457,0.115984246,0.10095514,0.08945804,0.10055311,0.049651332,0.103438236,0.084681,0.10749303
0.11112096,0.10016607,0.11936047,0.098380335,0.09891928,0.09980412,0.06453177,0.10927024,0.09537885,0.1030679
0.115245275,0.08915223,0.119093254,0.098497115,0.10933421,0.11542394,0.06774186,0.10061979,0.09386283,0.091029435
0.14588463,0.13358818,0.1076702,0.11196913,0.08296187,0.08556777,0.055499837,0.097861074,0.07747822,0.101519026
0.12444794,0.10591083,0.10965665,0.099039,0.103148,0.10965334,0.064709574,0.09840365,0.09045703,0.09457405
0.14354745,0.15168034,0.10682625,0.09953575,0.075929575,0.09349064,0.04694959,0.09661343,0.0796332,0.105793715
0.11096052,0.0950707,0.11736108,0.10030618,0.099670686,0.09867503,0.086119376,0.10127705,0.08985647,0.10070293
0.11428669,0.08415759,0.10895995,0.09497509,0.11772305,0.13234006,0.070395805,0.09734708,0.099668436,0.080146246
0.13046503,0.11752588,0.110198826,0.09753632,0.0963271,0.10992255,0.054385714,0.09745382,0.08701676,0.09916798
0.14401796,0.15471578,0.10697883,0.09798457,0.072829336,0.09345056,0.046373904,0.09650106,0.08167471,0.10547335
0.122714095,0.10792061,0.11764006,0.09887101,0.09757865,0.104654625,0.052607346,0.10493748,0.09031305,0.10276299
0.13435037,0.13122712,0.11027228,0.09640395,0.08732362,0.10629032,0.05001863,0.09672143,0.08418489,0.103207424
0.14454192,0.15389866,0.10636196,0.098708466,0.0742786,0.093869016,0.046424598,0.096023835,0.08082345,0.10506942
0.11640072,0.12010492,0.1184387,0.105588555,0.07986164,0.08477852,0.05485747,0.11700006,0.08126144,0.121707946
0.13819768,0.14262168,0.11037412,0.099937335,0.076513976,0.09312398,0.047382254,0.10113781,0.08416995,0.10654127
0.12009621,0.083801694,0.11376373,0.10197338,0.1168104,0.120217636,0.071540706,0.09614429,0.092625976,0.083026044
0.112618715,0.111736104,0.119945936,0.10319271,0.08299848,0.08951528,0.05763753,0.1159381,0.08782784,0.11858935
0.13888983,0.14354174,0.10882668,0.097042285,0.07716785,0.097628586,0.048437644,0.09782885,0.08551283,0.10512371
0.116958685,0.1205534,0.11834857,0.1048991,0.07957058,0.08590858,0.054361742,0.116003476,0.08162838,0.12176751
0.10839748,0.09793667,0.12063984,0.09755505,0.09820515,0.100849986,0.06356246,0.11164274,0.09763689,0.10357367
0.13988355,0.14105174,0.109130144,0.09943276,0.07819447,0.095694445,0.04790015,0.09902665,0.08419878,0.10548727
0.10834928,0.11009089,0.11707742,0.10028385,0.0870293,0.094395034,0.06404563,0.11453183,0.09397594,0.11022085
0.12773189,0.121386826,0.11615163,0.10091778,0.08816532,0.0987453,0.04882315,0.10479741,0.086177185,0.107103504
0.14483991,0.1314837,0.10713028,0.11217414,0.08483109,0.08642895,0.054990597,0.09856148,0.07769708,0.10186271
0.11273908,0.093820006,0.11641973,0.09770099,0.1028261,0.10348116,0.08896354,0.097385705,0.09040229,0.096261404
0.111740395,0.09383977,0.115826815,0.09732654,0.10212134,0.103247605,0.09276447,0.0982076,0.09003956,0.09488592
0.14578478,0.16038792,0.10559082,0.10068544,0.071678214,0.0899152,0.044277057,0.09775741,0.077525176,0.10639796
0.112933286,0.088244766,0.104567565,0.08972536,0.11642872,0.13216388,0.06860091,0.0984914,0.10776076,0.08108344
0.11447024,0.08643568,0.107689574,0.09257906,0.11671856,0.13158329,0.07287973,0.096641235,0.10072159,0.080281034
0.11619851,0.12524228,0.11855994,0.10362996,0.076101676,0.082398206,0.055220604,0.117931716,0.082168184,0.12254892
0.14170048,0.14189091,0.10832175,0.104028925,0.07837173,0.09106974,0.04650454,0.10094049,0.0811393,0.10603214
0.11599189,0.0813534,0.10913703,0.09623841,0.12087344,0.1244759,0.08380123,0.09201339,0.095577486,0.08053782
0.14436726,0.15153216,0.105384775,0.097781606,0.074976005,0.09546271,0.04827235,0.095089465,0.083521895,0.10361175
0.111408554,0.10141403,0.119525194,0.09864489,0.09705778,0.099006265,0.06287873,0.10949907,0.09567396,0.10489149
0.11283546,0.100166276,0.113923855,0.100370064,0.09594241,0.096273914,0.09218461,0.10061655,0.08799224,0.099694595
0.11085331,0.09739224,0.11955674,0.09864104,0.10077422,0.100292705,0.06663404,0.10897049,0.09458306,0.10230221
0.11559317,0.10506811,0.11244142,0.09812389,0.09534279,0.099626616,0.08632551,0.098817885,0.088477924,0.10018271
0.14259465,0.1337499,0.10942357,0.10942419,0.083088726,0.086463116,0.05508718,0.098405086,0.07987153,0.10189207
0.10696353,0.0914081,0.12270516,0.097026035,0.0982441,0.10278591,0.05922565,0.11722714,0.10050029,0.10391408
0.14571568,0.13377747,0.10873963,0.113247275,0.08208194,0.08321049,0.056735475,0.09854469,0.07601063,0.10193677
0.11050623,0.09873667,0.119954295,0.09880396,0.09904407,0.099742115,0.065142006,0.10943336,0.0948933,0.10374405
0.120487794,0.08362262,0.113226295,0.10224941,0.117413834,0.11945633,0.071223885,0.09612144,0.09296677,0.08323154
0.14273886,0.15363312,0.107602134,0.097268485,0.072577745,0.094286196,0.045902822,0.09724877,0.08290857,0.10583325
0.13749869,0.11774167,0.10680703,0.109859474,0.09605555,0.094672,0.06432045,0.09465094,0.08064484,0.09774938
0.14596918,0.15754648,0.105652966,0.10038442,0.07279428,0.091389574,0.04508645,0.09684658,0.07912731,0.10520279
0.120138265,0.083257586,0.113497734,0.10188749,0.11781164,0.12049668,0.07315703,0.09475136,0.09214224,0.08286002
0.11275796,0.10108672,0.114477575,0.10178405,0.09547891,0.09601835,0.087759055,0.10079047,0.087620646,0.1022262
0.11657543,0.08177995,0.112646736,0.09859947,0.1178655,0.13468868,0.06483237,0.09805246,0.094466,0.08049342
0.1446002,0.13244256,0.10796783,0.111437805,0.083863705,0.08581038,0.055284694,0.09864453,0.077917665,0.10203065
0.110893,0.09785517,0.119440645,0.099103756,0.10026684,0.09974513,0.06660156,0.109161995,0.09370925,0.10322271
0.11141087,0.08974583,0.10419941,0.089684576,0.11354401,0.13024512,0.064433515,0.10305535,0.10990849,0.08377272
0.10689691,0.09511385,0.12327874,0.09978406,0.094121784,0.0989326,0.056163054,0.120052814,0.095928326,0.10972789
0.12907514,0.118764035,0.111019254,0.09531576,0.09337289,0.10989036,0.053942278,0.09874669,0.089910924,0.0999627
0.11462125,0.08702777,0.109719835,0.09502957,0.11498787,0.13178666,0.06517654,0.0998718,0.09929661,0.08248215
0.11503702,0.11487089,0.11811334,0.103972785,0.08432143,0.08811221,0.057215568,0.11465944,0.085516274,0.118181005
0.11504638,0.10453354,0.11273686,0.098274514,0.09566181,0.09974266,0.08576529,0.09887465,0.08882113,0.100543186
0.1352047,0.13236177,0.110322535,0.097118355,0.08682896,0.10532433,0.049445152,0.09655469,0.08315987,0.10367965
0.10675246,0.09296567,0.12193099,0.09748047,0.098829895,0.10310635,0.060047563,0.11689306,0.09907928,0.102914244
0.10656915,0.09490853,0.122625366,0.09850922,0.095023766,0.10062111,0.05716903,0.11900726,0.09787238,0.10769425
0.11648803,0.109767996,0.11907613,0.10218828,0.09434348,0.089644134,0.067538366,0.106644906,0.09170372,0.10260498
0.12224996,0.10645295,0.111416325,0.09727275,0.100512885,0.11014926,0.054498103,0.105403714,0.096101776,0.095942326
0.13876267,0.14150265,0.1112567,0.099120185,0.07768672,0.09499481,0.046654094,0.099930026,0.08351155,0.10658058
0.13041875,0.11893154,0.11058389,0.09725702,0.09508902,0.10929827,0.054555614,0.09720564,0.08695988,0.09970038
0.14235833,0.1518081,0.10752827,0.09801485,0.074042335,0.09377798,0.047493387,0.09698599,0.08220718,0.105783604
0.11045035,0.10411912,0.120548815,0.10022777,0.09173527,0.09688427,0.05937749,0.112472,0.09410068,0.110084124
0.14003114,0.14275244,0.11006062,0.099332556,0.07780301,0.095528275,0.04615857,0.09930069,0.082882464,0.10615021
0.11473359,0.11959045,0.11845822,0.1034689,0.079040684,0.0848151,0.056852553,0.117508836,0.08330891,0.12222281
0.110362306,0.093797885,0.117694646,0.09999083,0.100208335,0.0986986,0.08719258,0.10134865,0.090199076,0.10050714
0.14513169,0.15754552,0.10499353,0.09977585,0.072940335,0.093235254,0.044239122,0.09713424,0.07913837,0.10586602
0.13827828,0.14061952,0.11104243,0.10036715,0.077855594,0.09324328,0.047197808,0.10121848,0.08386858,0.106308885
0.109613426,0.096133545,0.11681343,0.09859319,0.098944165,0.099635996,0.086404875,0.10094229,0.09216389,0.10075526
0.1107289,0.09740163,0.11939673,0.098670796,0.10044727,0.1001477,0.06630013,0.109555066,0.09424008,0.103111714
0.113240644,0.11258267,0.120009534,0.1028583,0.08245852,0.09036262,0.056483217,0.11560635,0.08834815,0.11805002
0.107124425,0.09564644,0.12221395,0.09904063,0.0943338,0.099695325,0.05564914,0.120041244,0.0979016,0.1083535
0.1279837,0.121625915,0.11629735,0.10178651,0.08807607,0.097608216,0.04854408,0.104930885,0.085618295,0.10752908
0.12317511,0.10851554,0.11179849,0.09714841,0.09895484,0.10889392,0.05448309,0.104643576,0.09533584,0.097051226
0.118774004,0.11412394,0.11967651,0.10423931,0.08860022,0.088690184,0.05811068,0.108094364,0.0882,0.11149084
0.11125124,0.09611867,0.11941224,0.09820954,0.10218941,0.10162363,0.06661856,0.10870499,0.09502452,0.10084712
0.1264171,0.12113971,0.116510965,0.1011027,0.08861636,0.098904334,0.049427968,0.104456,0.08578053,0.107644305
0.12403688,0.10707886,0.1173713,0.098350674,0.09806711,0.107909486,0.051431537,0.10411055,0.090117946,0.10152571
0.11427293,0.08956685,0.118657075,0.095884174,0.10868835,0.11620818,0.06912963,0.10018749,0.09655697,0.090848364
0.13841873,0.14076215,0.11080309,0.098213345,0.07882821,0.09690098,0.047096744,0.09928429,0.08355967,0.10613278
0.12318125,0.10786331,0.111048065,0.09742907,0.09927486,0.10971245,0.054001402,0.10540292,0.095607646,0.09647906
0.11654598,0.124178514,0.1184973,0.10414366,0.077155344,0.08203639,0.054843668,0.11835816,0.08193012,0.12231091
0.10778749,0.09393873,0.12218353,0.097717844,0.094843075,0.09991902,0.056469254,0.1196158,0.10010799,0.10741729
0.14271025,0.13203852,0.10982351,0.112867154,0.08313694,0.0831101,0.058433373,0.09901869,0.07669848,0.10216305
0.14805582,0.13463148,0.10515779,0.11346048,0.08247359,0.086608164,0.056075163,0.096071124,0.07561775,0.10184864
0.11561541,0.09312875,0.11898733,0.103761904,0.10520706,0.099375896,0.07573637,0.10200469,0.08855844,0.097624205
0.11358174,0.08595984,0.11293278,0.09519152,0.114262626,0.12513202,0.06634394,0.10137716,0.100214906,0.08500349
0.11380224,0.0872979,0.103860475,0.09092909,0.11772307,0.13361984,0.069037296,0.09753911,0.10624915,0.079941824
0.11504271,0.116880536,0.11834102,0.103869446,0.08256957,0.087392,0.057179276,0.11480588,0.08516278,0.118756756
0.11803924,0.08913795,0.10899,0.09424441,0.11413319,0.11640991,0.08534206,0.093469195,0.095463775,0.0847702
0.1272841,0.122057125,0.11648077,0.10136828,0.087871246,0.09796947,0.048744094,0.104692854,0.0855452,0.10798688
0.11601863,0.11327372,0.120308235,0.106586285,0.087426715,0.085314706,0.060596526,0.11055964,0.08501375,0.11490178
0.11154586,0.09364579,0.116390295,0.092523314,0.10562257,0.11843728,0.06522462,0.10302448,0.10167962,0.09190622
0.14445865,0.15663725,0.10638517,0.09913047,0.07273914,0.09254945,0.044987593,0.097293444,0.08001165,0.1058072
0.13551682,0.13229507,0.11002207,0.097294636,0.08680419,0.10428537,0.04991992,0.096658826,0.083685175,0.10351795
0.1447957,0.15286648,0.10625149,0.09932485,0.075299345,0.09377162,0.046461307,0.09610568,0.079867214,0.10525629
0.124145225,0.106961414,0.109474584,0.09851493,0.10217434,0.109121785,0.06508953,0.09877398,0.09081401,0.09493023
0.12102882,0.08476934,0.11367089,0.103329144,0.116345085,0.11851035,0.07086058,0.096146435,0.09130303,0.084036276
0.115882255,0.08946025,0.10964866,0.0937115,0.113211505,0.114138186,0.08757164,0.094556235,0.096134886,0.08568488
0.10990311,0.09843021,0.11988938,0.09806507,0.099021874,0.10010284,0.06567672,0.1094306,0.096377134,0.10310303
0.13997741,0.14248578,0.109871216,0.10395729,0.078327745,0.09065402,0.04555841,0.10178533,0.08028834,0.10709448
0.12783556,0.12040139,0.11579325,0.10154471,0.089454114,0.0993543,0.04853199,0.10504678,0.08526688,0.10677101
0.116905354,0.112836346,0.120562255,0.10459466,0.08590305,0.086851895,0.056961153,0.11270111,0.08721839,0.11546579
0.11588101,0.11225911,0.12020364,0.106189236,0.08650235,0.089234255,0.05741897,0.110698536,0.085820585,0.11579231
0.11340397,0.08693735,0.103444114,0.09180803,0.11693901,0.13396369,0.06825346,0.09889653,0.10607657,0.080277205
0.117234014,0.12579447,0.11818608,0.105217524,0.07674106,0.08200187,0.0538897,0.11827714,0.08041528,0.12224286
0.112714015,0.08976969,0.11760041,0.095594786,0.10784024,0.11237037,0.075672925,0.09995544,0.09703899,0.09144311
0.13863136,0.14155091,0.11074915,0.099931546,0.076967485,0.09304444,0.047599446,0.100789785,0.0847078,0.10602805
0.1388074,0.14023313,0.10868379,0.09725539,0.079441085,0.09954667,0.047871698,0.09787751,0.0851249,0.10515842
0.11300214,0.08851336,0.11775206,0.09591059,0.10876388,0.11277777,0.07674382,0.099129595,0.09657257,0.090834185
0.11365416,0.09978085,0.11461846,0.10195593,0.095868856,0.09486535,0.08990126,0.10121995,0.086379506,0.10175556
0.119692616,0.081432275,0.11282703,0.10312414,0.11856202,0.122030415,0.07153268,0.09590031,0.092560746,0.082337685
0.11559089,0.105911456,0.111892305,0.09739627,0.09539307,0.1001487,0.08547952,0.098341264,0.08937689,0.100469545
0.11027561,0.10278507,0.12084391,0.09986912,0.09157447,0.09606321,0.058378145,0.11452614,0.09496893,0.11071542
0.116496935,0.08740646,0.11189809,0.09583114,0.11419809,0.12893414,0.061787102,0.100651056,0.098631956,0.08416502
0.13309142,0.13120604,0.111407734,0.09524918,0.08537908,0.106016606,0.04941892,0.09795146,0.08633526,0.10394437
0.12687981,0.12159916,0.115797006,0.09981091,0.08897127,0.10143655,0.049647167,0.10333118,0.08569752,0.10682944
0.12565988,0.12032989,0.1165921,0.10073211,0.089186974,0.09966325,0.049893435,0.104442194,0.0860407,0.10745949
0.11694436,0.12065488,0.11808677,0.10481504,0.07934203,0.085048094,0.054692265,0.11678447,0.08110673,0.122525334
0.12029654,0.083355,0.11357077,0.10298225,0.11719401,0.120052844,0.07125185,0.09614929,0.09200238,0.083145015
0.1160052,0.090267785,0.108569674,0.09236589,0.11174005,0.11337694,0.08818759,0.09505854,0.09849159,0.08593684
0.1155938,0.116062954,0.118801944,0.10560582,0.083476044,0.0870145,0.056124605,0.114757255,0.08378461,0.11877847
0.13816796,0.11678624,0.10634192,0.10951643,0.09683012,0.0942741,0.06431831,0.09575511,0.08077421,0.09723561
0.121544324,0.10814574,0.11250152,0.096135035,0.0984858,0.10888185,0.054160386,0.10616177,0.09738933,0.096594244
0.122672185,0.10877074,0.11789649,0.099426016,0.09596617,0.106554866,0.050480984,0.10612765,0.08873953,0.10336535
0.12124513,0.107755445,0.118123434,0.09891872,0.09650489,0.10542498,0.05205685,0.10627509,0.09014838,0.103547156
0.14659917,0.13348237,0.108375445,0.11343544,0.0824846,0.08270554,0.056082547,0.099455476,0.07482112,0.10255827
0.13953431,0.14312866,0.110855676,0.09786827,0.07713087,0.096320316,0.045820273,0.099458426,0.08356333,0.10631985
0.1375963,0.14131029,0.11150739,0.09702563,0.07670981,0.096495256,0.04748577,0.099843286,0.08582922,0.10619706
0.11287089,0.08784847,0.11285246,0.09494872,0.112705864,0.123547465,0.06583008,0.10244299,0.10071362,0.08623944
0.11033056,0.104024895,0.12153669,0.10127081,0.09072124,0.09554844,0.055882934,0.11560935,0.09315397,0.111921154
0.11188409,0.09207651,0.116712004,0.098253645,0.10402443,0.10397165,0.08901121,0.099162795,0.08995529,0.09494839
0.13861771,0.14100252,0.111244604,0.09837687,0.07891236,0.09635344,0.046490703,0.09986025,0.083055645,0.10608597
0.11380619,0.11990212,0.11823511,0.10317791,0.07869407,0.08544199,0.0564573,0.118635274,0.083535455,0.12211459
0.13911724,0.14168683,0.11100078,0.099621385,0.07762445,0.09412066,0.046111338,0.100988634,0.083442636,0.106286034
0.11292473,0.08796307,0.10442041,0.09201706,0.116086856,0.13213739,0.06675557,0.09977222,0.10626798,0.081654705
0.12455513,0.12121376,0.11682834,0.09960068,0.08773165,0.09952274,0.050305642,0.10492036,0.08731585,0.108005814
0.11546309,0.086782046,0.11122383,0.09515948,0.11492556,0.1295459,0.06375716,0.100220434,0.09959879,0.0833237
0.14594342,0.15572931,0.10611879,0.099153854,0.07363187,0.09189034,0.046552245,0.096120045,0.079846136,0.105014
0.14444044,0.1576966,0.1078195,0.09967781,0.07214683,0.090594895,0.04379611,0.09842864,0.077743076,0.10765614
0.109710075,0.0976168,0.12000171,0.098239705,0.10005282,0.099977694,0.06493827,0.11123328,0.0952444,0.10298525
0.11205068,0.09239272,0.11795064,0.09695929,0.10613018,0.11304542,0.06767284,0.10405228,0.09590479,0.093841165
0.1212155,0.10908364,0.11208211,0.09553221,0.09738577,0.10959846,0.053454507,0.10652213,0.098735385,0.09639026
0.116776876,0.10990051,0.11905049,0.10339496,0.09483923,0.08938594,0.06753179,0.107032865,0.088915534,0.10317182
0.11546349,0.11581516,0.11850749,0.10657021,0.08403475,0.08722966,0.0552239,0.115148745,0.08360604,0.118400626
0.11280298,0.08859195,0.1188128,0.09682218,0.109298356,0.116943225,0.06856954,0.10177112,0.096024655,0.09036321
0.12983151,0.121675335,0.10949672,0.09598183,0.09350323,0.108882725,0.055052422,0.09763739,0.08827812,0.09966068
0.11594715,0.12048054,0.11789532,0.10580532,0.08026344,0.084302664,0.05456798,0.11812031,0.08106903,0.12154823
0.11622468,0.08818167,0.11157111,0.09599054,0.11420769,0.114807196,0.08496976,0.094219014,0.093635984,0.086192414
0.1066013,0.09531096,0.12275316,0.10067531,0.09480829,0.09989108,0.05537505,0.1212018,0.09492102,0.10846208
0.11069757,0.09537177,0.11680837,0.1003724,0.10038342,0.09891505,0.08652375,0.10169133,0.09056842,0.09866802
0.14609711,0.15813945,0.10574911,0.10059507,0.07235427,0.09072841,0.044566296,0.09755375,0.07823308,0.10598345
0.115901075,0.11973724,0.11755403,0.10367355,0.08071991,0.08715569,0.055231534,0.11608832,0.083231896,0.12070673
0.14330485,0.15493089,0.108569264,0.09767185,0.0715406,0.092328094,0.04462093,0.09840021,0.08234473,0.10628865
0.10554108,0.09599889,0.1217636,0.09865565,0.093962505,0.09899206,0.056337215,0.121300906,0.09913403,0.108314075
0.14022717,0.15044798,0.10976361,0.10471987,0.073586054,0.084533855,0.047866,0.10251264,0.0787942,0.1075487
0.1121593,0.08509241,0.11715027,0.09667877,0.11173699,0.111550815,0.08146809,0.09837536,0.09574858,0.090039425
0.14471087,0.13215879,0.108658455,0.111435555,0.0841616,0.08484306,0.055653777,0.09903519,0.07699992,0.102342814
0.14019541,0.14838436,0.11010369,0.10544496,0.07528408,0.08487482,0.04777234,0.10239716,0.07843339,0.10710978
0.13809499,0.13312659,0.11042325,0.10188297,0.08218332,0.09457371,0.049071047,0.10063901,0.08395883,0.1060463
0.14245558,0.14383805,0.10942938,0.104452536,0.07802232,0.08990096,0.045050755,0.10115272,0.0798073,0.10589048
0.11585827,0.079841964,0.11025136,0.09818424,0.120926864,0.1252843,0.080273986,0.093163006,0.09550712,0.080708854
0.118509576,0.11592821,0.118517816,0.10557566,0.08842906,0.08899234,0.05735885,0.108419955,0.08662227,0.111646295
0.13698821,0.14086837,0.1119341,0.09877481,0.075125925,0.092442706,0.047182195,0.10301542,0.087070055,0.1065982
0.14587341,0.15979786,0.106305555,0.10120551,0.071873106,0.089327626,0.043883603,0.098007165,0.077015914,0.10671027
0.109545976,0.104316145,0.1200761,0.099432915,0.090300985,0.09668012,0.05846937,0.11546595,0.0953162,0.110396266
0.108888075,0.09769167,0.11901448,0.096408054,0.100016676,0.102427006,0.06522936,0.11100457,0.09855483,0.10076529
0.1196832,0.0854789,0.113295555,0.10124668,0.11607866,0.11879588,0.070753954,0.0969855,0.093891546,0.083790116
0.13797365,0.14143883,0.11171135,0.099152885,0.07575712,0.09222813,0.047614843,0.101889975,0.086111926,0.10612135
0.1445947,0.1316189,0.1082356,0.11179026,0.08491718,0.08525979,0.055250067,0.09918164,0.07705681,0.10209507
0.10923413,0.098842435,0.120634,0.09923349,0.09830974,0.09911281,0.06440997,0.11101097,0.09444554,0.10476699
0.11231862,0.0874061,0.1127849,0.09330687,0.112873085,0.12351478,0.06630113,0.10234549,0.103024244,0.08612479
0.1085615,0.09873134,0.12051445,0.098458044,0.098432586,0.09951208,0.06494902,0.11099266,0.095771156,0.10407722
0.111891605,0.08531934,0.116825715,0.09737135,0.11186924,0.11206472,0.08069855,0.09927617,0.095448494,0.08923485
0.119552955,0.08352445,0.11392529,0.101142496,0.117419265,0.11940346,0.07303318,0.095545046,0.09335803,0.08309587
0.14548536,0.13294123,0.10832285,0.11187492,0.083704,0.08469914,0.054801833,0.09915554,0.076557845,0.10245735
0.12522471,0.12060432,0.116623506,0.10076392,0.08853023,0.09887227,0.049469803,0.10551044,0.086750835,0.10764997
0.114697605,0.120122,0.11828544,0.104756705,0.07951945,0.08477133,0.05517896,0.118612796,0.08184457,0.12221116
0.114357315,0.11505149,0.118750565,0.10562186,0.08345016,0.087407,0.05581369,0.116223976,0.08389351,0.11943043
0.14564292,0.15563183,0.106630005,0.09894826,0.07336426,0.09273786,0.044726696,0.09671333,0.079902925,0.10570196
0.11731987,0.11492236,0.12009373,0.10476421,0.085997246,0.08823587,0.056394078,0.11065381,0.08769141,0.1139274
0.11413786,0.08217762,0.11272412,0.09939493,0.11801563,0.13488694,0.06483736,0.098941304,0.0933753,0.08150903
0.12053926,0.108574994,0.11757901,0.09694368,0.09432833,0.10668755,0.05128662,0.10768503,0.0930859,0.103289634
0.113181196,0.11625275,0.1182677,0.10268708,0.08239574,0.08915926,0.056125917,0.11679045,0.08749359,0.11764637
0.1104555,0.08897259,0.10379115,0.08919003,0.113774106,0.13051979,0.06532106,0.10383676,0.110754594,0.0833844
0.11573894,0.07928155,0.112950236,0.09699126,0.12027903,0.1234451,0.08041716,0.09397394,0.096182235,0.08074051
0.11767241,0.12822306,0.116804674,0.1045585,0.07546586,0.08294683,0.052701358,0.11843275,0.08019904,0.122995526
0.117751785,0.12736693,0.11707137,0.10489639,0.07607384,0.08303844,0.05254009,0.11840713,0.08014264,0.12271141
0.11417038,0.11861369,0.11847601,0.103687495,0.080089055,0.08506021,0.056203417,0.11853883,0.083213635,0.12194732
0.11971332,0.08374075,0.112410754,0.1015954,0.11722952,0.12161678,0.07117696,0.0963551,0.09361248,0.0825489
0.14613563,0.16084832,0.10632356,0.09994969,0.071638614,0.09078468,0.043048374,0.097235456,0.077108644,0.10692704
0.10620809,0.09398474,0.12255925,0.098493464,0.095036246,0.09997091,0.056193322,0.12078418,0.09907306,0.10769675
0.14452758,0.15909433,0.10683944,0.09992682,0.071703725,0.09059301,0.043645497,0.098511346,0.07778691,0.107371345
0.1393283,0.11786248,0.10706621,0.10992581,0.09453848,0.09374812,0.06631307,0.09458091,0.07980567,0.09683097
0.14487444,0.15091673,0.10679851,0.09845807,0.07528628,0.094476424,0.046961103,0.095909424,0.08189375,0.10442533
0.12707599,0.109949045,0.107732564,0.100791916,0.09993033,0.10423297,0.070027106,0.096331984,0.08887494,0.095053166
0.13980025,0.14281657,0.11118968,0.09927548,0.076909825,0.09440244,0.04546156,0.10036064,0.08340917,0.10637446
0.12654907,0.1221595,0.11620191,0.10198889,0.088048056,0.0981406,0.048561707,0.10518464,0.08506611,0.10809962
0.1478449,0.13451101,0.10771239,0.11359008,0.082370676,0.08399065,0.055850454,0.097521804,0.07472942,0.10187862
0.109693125,0.10408839,0.120749764,0.100529484,0.08904056,0.093376935,0.057284255,0.11762188,0.09576341,0.11185224
0.11577328,0.11850917,0.11785722,0.10499435,0.08217386,0.08801513,0.05495339,0.114865586,0.083809875,0.11904807
0.12599584,0.12415296,0.117137454,0.100286745,0.08445567,0.0965013,0.048049346,0.10664979,0.08722136,0.10954952
0.111071095,0.09345842,0.116575435,0.097848974,0.10188028,0.10289696,0.08962683,0.09968076,0.0906845,0.09627677
0.11763519,0.08954232,0.1119123,0.097582,0.11284998,0.11295821,0.08129131,0.09517835,0.09325776,0.0877926
0.14542499,0.15539178,0.10641347,0.09866598,0.07372258,0.092666775,0.04631443,0.09595726,0.0800375,0.10540529
0.10756924,0.110920765,0.11769532,0.100421354,0.08808702,0.09453906,0.0629449,0.11509927,0.09259655,0.11012657
0.1044782,0.09283645,0.122781806,0.09754439,0.09738063,0.102052346,0.05883168,0.11942794,0.09991014,0.10475648
0.11035822,0.09659251,0.11957974,0.098979965,0.1011024,0.10049878,0.06634333,0.110398516,0.09382392,0.102322586
0.14308348,0.13447583,0.1102308,0.10919688,0.08242728,0.08534982,0.054765478,0.09930054,0.07961618,0.101553686
0.114380114,0.12077073,0.117123134,0.10382893,0.079347044,0.085774,0.056844022,0.11757307,0.08262094,0.121737994
0.11669824,0.11209749,0.119621925,0.109091125,0.08805833,0.085719876,0.05846822,0.11133946,0.0831859,0.115719445
0.14727417,0.13298567,0.10749392,0.11367681,0.08291635,0.08327202,0.055163782,0.09969541,0.07528499,0.102236934
0.121642105,0.10727742,0.11175541,0.09669177,0.10002642,0.109934844,0.054438423,0.105629504,0.096699506,0.09590453
0.14408444,0.15550566,0.106273465,0.097725004,0.07342086,0.0925298,0.047849078,0.09611272,0.08096945,0.10552958
0.114805475,0.08625019,0.109935686,0.09521952,0.11642872,0.12934591,0.06962329,0.097890645,0.098647155,0.08185347
0.109365486,0.10459978,0.11912391,0.0987352,0.090078644,0.09783579,0.057729904,0.116578355,0.09641714,0.10953578
0.14392404,0.1319911,0.10984993,0.11213489,0.08296906,0.082708314,0.059122067,0.09937306,0.07718034,0.10074723
0.10507034,0.0951995,0.12296103,0.09925607,0.09487639,0.09981791,0.056933917,0.12077094,0.09675208,0.108361825
0.11395988,0.078800544,0.11151128,0.09735993,0.12105361,0.12862338,0.083123766,0.091699496,0.09408222,0.079785876
0.110990696,0.0926238,0.116438426,0.09341367,0.1064623,0.11771087,0.0656975,0.10392517,0.10076997,0.0919676
0.11143976,0.08528148,0.11590562,0.096215636,0.11185319,0.11367178,0.0824509,0.098712526,0.095929325,0.0885398
0.12666264,0.12069168,0.11581321,0.10023174,0.089381985,0.10149277,0.0485073,0.10485085,0.08605214,0.1063156
0.1247015,0.118766345,0.11590446,0.10012425,0.09109798,0.10039839,0.051136244,0.10437667,0.087473124,0.10602092
0.1263945,0.12144019,0.116148,0.10102899,0.08869626,0.09997756,0.04831091,0.105177574,0.085521184,0.107304886
0.11072115,0.10486129,0.119925044,0.09987764,0.09066108,0.0933795,0.057985466,0.11562021,0.097695306,0.10927336
0.14339145,0.15208817,0.1077573,0.09836965,0.07487827,0.09307066,0.047401022,0.09646196,0.08079768,0.10578388
0.11034904,0.105207115,0.12055887,0.10053418,0.0895792,0.09537165,0.056522727,0.11610294,0.09398372,0.1117906
0.11594277,0.10937959,0.11983096,0.1031262,0.09493376,0.08888125,0.067044,0.10778643,0.08962912,0.10344601
0.12675814,0.12568319,0.115429275,0.101733126,0.085949935,0.09647509,0.049019177,0.105005495,0.08505744,0.10888919
0.11099153,0.11162891,0.119617105,0.10284148,0.08319646,0.09030468,0.05794957,0.11684801,0.08921423,0.11740806
0.14445929,0.13428283,0.10858899,0.1112333,0.0822012,0.08443543,0.0555015,0.099523336,0.07728433,0.1024898
0.12714471,0.12107895,0.11530966,0.09914997,0.08973321,0.10339011,0.049366683,0.1030435,0.08596779,0.105815396
0.12294271,0.10714096,0.110783175,0.09879326,0.10136633,0.10808106,0.06528249,0.099246405,0.090412535,0.09595107
0.109746896,0.10393636,0.12144089,0.100808516,0.09062575,0.09518054,0.056466028,0.11612025,0.09398186,0.11169294
0.11374867,0.11115715,0.12068796,0.10661008,0.08741357,0.08879525,0.057799682,0.1121184,0.086068556,0.11560069
0.14066653,0.14946033,0.11023205,0.10473088,0.07411381,0.08452905,0.047545187,0.10258082,0.0794117,0.10672969
0.10567194,0.095871754,0.122561164,0.09994955,0.094125666,0.09909847,0.05531568,0.12176744,0.096691325,0.10894704
0.1116825,0.09214613,0.117816575,0.096056946,0.106084675,0.11345705,0.06723701,0.10454302,0.09734217,0.09363388
0.11064301,0.09962936,0.11910133,0.098059274,0.098637745,0.10104005,0.064093776,0.1098582,0.09567307,0.103264175
0.1084536,0.10085215,0.11938046,0.09720018,0.09681447,0.09984422,0.06348334,0.11170025,0.09812192,0.10414934
0.13962674,0.14195614,0.109816864,0.097996585,0.07801665,0.096710995,0.047921617,0.09835292,0.0839897,0.10561178
0.11557099,0.12037052,0.11825554,0.106047064,0.07949776,0.08466106,0.054399878,0.118104845,0.08078211,0.122310214
0.1127903,0.11161013,0.120620415,0.104201496,0.086265035,0.08962259,0.05823262,0.11309055,0.0887135,0.114853404
0.121689245,0.108527936,0.11007676,0.09622829,0.10013327,0.10904049,0.06448367,0.10095251,0.09309007,0.09577773
0.13504584,0.11443133,0.10692465,0.10766592,0.09865569,0.09596782,0.06612437,0.09616009,0.084214136,0.09481019
0.110012926,0.09306927,0.11882717,0.09943633,0.102650546,0.10269397,0.08099992,0.10202798,0.09257877,0.09770311
0.12236418,0.107469246,0.117579155,0.0999879,0.09706972,0.10622013,0.050791327,0.106441565,0.08920335,0.10287341
0.114605844,0.1202476,0.11768317,0.1040511,0.079475835,0.08575665,0.055518106,0.11814236,0.08250742,0.12201184
0.13864952,0.14275615,0.11067496,0.09799291,0.07759546,0.096143186,0.046731398,0.09948339,0.08353871,0.10643431
0.10963395,0.09033209,0.10270502,0.08729195,0.11200139,0.13021484,0.065009005,0.105028085,0.11455193,0.0832318
0.110797286,0.099552214,0.119873814,0.099053554,0.098781586,0.09899504,0.0633186,0.11108171,0.09448499,0.10406127
0.11623512,0.11410186,0.11998292,0.10607619,0.085978664,0.08676166,0.056239128,0.11321795,0.0853105,0.11609594
0.107363224,0.09587168,0.12254563,0.09976767,0.09405206,0.10003513,0.055014532,0.120203584,0.09623267,0.10891371
0.112823784,0.08653501,0.10424591,0.092745036,0.1170007,0.13368955,0.067946024,0.09898258,0.105469026,0.08056241
0.10995251,0.09739284,0.11947758,0.09795963,0.10083841,0.10060055,0.06692901,0.109611146,0.09553822,0.1017
0.13896194,0.14138018,0.11127487,0.099691495,0.07818139,0.09414949,0.046447862,0.100701086,0.08265042,0.10656132
0.12748191,0.12554444,0.11609495,0.1025006,0.08581356,0.0960168,0.047872886,0.10507205,0.084185526,0.10941731
0.12697224,0.12046329,0.11568558,0.100949235,0.08945078,0.100345455,0.04925083,0.10458319,0.08563005,0.10666936
0.14015843,0.14131513,0.109448686,0.100399494,0.077389956,0.09335936,0.04809835,0.10013586,0.08438075,0.10531399
0.1112607,0.09360712,0.11815255,0.094185606,0.10335346,0.11101883,0.06227467,0.10816469,0.1025361,0.095446326
0.11705702,0.12601411,0.117881246,0.10470999,0.07715079,0.08277403,0.054380253,0.11755045,0.08126202,0.1212201
0.11082959,0.09815876,0.1192577,0.09874863,0.10024679,0.10037697,0.06518577,0.11025701,0.09442806,0.1025107
0.116630584,0.0810926,0.11206245,0.09760763,0.119911924,0.122675054,0.08003108,0.09353263,0.09512023,0.08133587
0.11531476,0.11885201,0.11852096,0.10412876,0.080979906,0.08530579,0.0558667,0.11705429,0.08347562,0.12050115
0.112145394,0.10700825,0.11978343,0.10061369,0.09003536,0.093216,0.05633269,0.11482696,0.095589556,0.11044868
0.11689438,0.07961212,0.11210167,0.099010795,0.12123539,0.12232032,0.07992022,0.0933943,0.09424918,0.081261545
0.11118981,0.10018772,0.11929358,0.09789964,0.09834766,0.09977538,0.06350532,0.110056035,0.09603898,0.10370584
0.11139002,0.10532626,0.12165561,0.10141791,0.0895183,0.09356243,0.05547336,0.11557987,0.09349672,0.11257958
0.116613336,0.08835131,0.110217735,0.09479118,0.11475328,0.11567936,0.08515008,0.094118826,0.095044345,0.08528056
0.11204495,0.10056844,0.11882782,0.09778493,0.09851569,0.10062084,0.063226186,0.1094806,0.09591799,0.103012525
0.14459226,0.15164006,0.106444374,0.099551566,0.07559642,0.09354632,0.046460304,0.096730985,0.08019022,0.10524759
0.14588706,0.13183275,0.10710098,0.1120318,0.08457232,0.08582945,0.054829683,0.09891903,0.07736589,0.10163108
0.12562527,0.122168645,0.11611599,0.10000763,0.088521935,0.10098499,0.04975071,0.10359683,0.08545759,0.10777049
0.13869496,0.14031594,0.11109141,0.10009199,0.07909726,0.09452134,0.04647836,0.100832455,0.08274326,0.106132925
0.115186326,0.082089916,0.11089694,0.098954365,0.118608706,0.13803917,0.06325166,0.09837241,0.09439939,0.08020111
0.137995,0.11646931,0.10699011,0.110174194,0.09645578,0.09399467,0.06500815,0.09522023,0.07998663,0.09770587
0.11206118,0.091355056,0.115598254,0.09319919,0.10832704,0.11949536,0.065350145,0.1030453,0.10154463,0.09002382
0.145219,0.13215771,0.108252846,0.11158706,0.08404174,0.08497309,0.0559708,0.098643616,0.07703568,0.10211852
0.12717819,0.12455354,0.11631167,0.102355324,0.08633401,0.095972486,0.04825323,0.105107345,0.084856115,0.1090781
0.112897344,0.087004274,0.11739058,0.09673999,0.11058618,0.11296979,0.07514599,0.10027606,0.09681163,0.09017822
0.10875491,0.100277245,0.12003182,0.09845258,0.09665441,0.10020617,0.062081557,0.11235531,0.09600146,0.10518456
0.14492463,0.13299882,0.10694934,0.11145436,0.084100164,0.08628896,0.05467938,0.09866931,0.07707368,0.10286138
0.14630021,0.15441968,0.10501165,0.09923885,0.07431863,0.093866125,0.04639192,0.09550163,0.08037991,0.104571484
0.11138415,0.08991301,0.10404241,0.08998103,0.11358698,0.12985395,0.06430674,0.10343307,0.10957417,0.08392455
0.14596552,0.15721682,0.10613529,0.10003764,0.07291259,0.0916563,0.04465332,0.09689221,0.07899576,0.10553455
0.13783702,0.13329484,0.11099632,0.10196338,0.08224043,0.09451677,0.04849588,0.100746006,0.08371648,0.1061928
0.11457214,0.089327894,0.118169405,0.09785937,0.10983614,0.1160666,0.0682909,0.100632906,0.094641425,0.09060326
0.12846872,0.12686607,0.11604919,0.103290394,0.08538204,0.09559758,0.04649719,0.10525389,0.08296778,0.10962707
0.14577985,0.13165453,0.10696682,0.112045735,0.084869824,0.08602632,0.05473333,0.098897584,0.07736327,0.10166276
0.110814355,0.08867578,0.10392548,0.08997455,0.114310354,0.13089754,0.065172315,0.10328196,0.10967981,0.083267845
0.11180955,0.092725396,0.11577613,0.09267949,0.107019275,0.11830987,0.06466292,0.103375584,0.102357484,0.091284364
0.11664388,0.11593997,0.11778912,0.10478678,0.08466421,0.089879,0.055745795,0.11289776,0.084828906,0.11682459
0.12007904,0.08481753,0.10774943,0.099584505,0.119226195,0.12145924,0.07471096,0.09506377,0.09607422,0.08123514
0.12480493,0.10730634,0.109561324,0.09970262,0.10212308,0.1078028,0.064647645,0.098723315,0.08958062,0.09574735
0.14839776,0.13637438,0.10636404,0.113821566,0.08087802,0.08370647,0.055099797,0.098145925,0.0738311,0.10338097
0.11097661,0.08975661,0.10419967,0.08956313,0.113877304,0.13023022,0.06542638,0.10272316,0.10968281,0.08356415
0.14485435,0.1563399,0.10721454,0.098437004,0.072401196,0.09224936,0.045301665,0.0968859,0.08042813,0.10588801
0.14943734,0.134643,0.10607444,0.1140837,0.082125455,0.0838831,0.05462327,0.09839499,0.07415327,0.10258142
0.11881448,0.114640735,0.1203306,0.10557325,0.086214066,0.08829342,0.054362226,0.11111362,0.08631444,0.114343196
0.11055239,0.10504453,0.12065172,0.100395076,0.09110203,0.097270705,0.056952387,0.113881774,0.09340216,0.110747255
0.14572899,0.13203491,0.10743324,0.112175025,0.08457147,0.08554487,0.054944213,0.098584026,0.07655361,0.102429636
0.14594656,0.15511316,0.104832284,0.098932095,0.07426249,0.09486594,0.04583462,0.095202506,0.080441914,0.10456843
0.11092843,0.08854369,0.10393198,0.09000364,0.11439501,0.13084425,0.06513333,0.10331794,0.109680496,0.08322126
0.1500229,0.13624783,0.10662764,0.11413459,0.080799945,0.08301293,0.054965917,0.09797768,0.07327494,0.10293573
0.1123064,0.09315794,0.11741785,0.10024481,0.10457883,0.10321794,0.08044681,0.10145897,0.09112298,0.09604749
0.11129515,0.09298263,0.11739785,0.09497442,0.10494909,0.11288795,0.06375647,0.10724504,0.10034995,0.0941615
0.1147352,0.088775106,0.11863215,0.09823618,0.109831624,0.11693427,0.06674284,0.10140943,0.09463187,0.09007141
0.11152208,0.09501458,0.11604456,0.098328084,0.100738645,0.10272823,0.0897042,0.09912255,0.08987022,0.09692685
0.13897836,0.14241551,0.110947184,0.09755132,0.077829614,0.09667176,0.046788454,0.09909969,0.083534114,0.106184036
0.11490346,0.08985614,0.10986407,0.09344831,0.112217054,0.11414588,0.087683275,0.09507612,0.09667022,0.08613542
0.11698847,0.08891292,0.11013542,0.09524275,0.11444003,0.11502271,0.084927246,0.0944127,0.09485686,0.08506091
0.118935846,0.09007813,0.11006124,0.097054444,0.11354303,0.114330605,0.08190769,0.094396666,0.093344234,0.086348176
0.11457971,0.08053189,0.11138246,0.096864685,0.120751314,0.12661096,0.08489816,0.091083206,0.09269511,0.080602504
0.14612944,0.15988833,0.104980946,0.09858319,0.072012454,0.09190037,0.045487523,0.09609231,0.07948743,0.10543802
0.14594293,0.13392861,0.108516775,0.11095917,0.08226031,0.08438692,0.05688531,0.09854243,0.07782687,0.100750715
0.11167896,0.09149812,0.1173078,0.09550739,0.107006975,0.11465869,0.0686991,0.103508554,0.09781986,0.09231462
0.11643027,0.0787927,0.11195048,0.09848391,0.1212019,0.12468989,0.07893395,0.09365664,0.095516495,0.08034375
0.11028668,0.10473491,0.1197956,0.099896446,0.08880726,0.09433175,0.056513354,0.117814355,0.09670679,0.11111279
0.14458375,0.14873996,0.105700076,0.09821929,0.07653564,0.097189404,0.047140602,0.09502208,0.08321884,0.10365021
0.11535668,0.11662283,0.118084915,0.104969695,0.083881795,0.08804204,0.055966265,0.11458249,0.0843749,0.11811838
0.115100555,0.12113085,0.11721477,0.104247905,0.07960893,0.08574099,0.056801446,0.11657684,0.082390755,0.121186994
0.13293958,0.1140952,0.10776075,0.10598786,0.09851336,0.097075514,0.06666835,0.09639257,0.08615272,0.09441409
0.1157778,0.119863234,0.11796848,0.10533295,0.080115296,0.08519113,0.055287305,0.11714655,0.08118139,0.12213592
0.123477496,0.10854604,0.10854558,0.09766546,0.10154261,0.10954847,0.06645043,0.09849425,0.091497086,0.09423259
0.14032903,0.14333953,0.110156335,0.10046491,0.077070706,0.09323776,0.046247892,0.100405246,0.08272918,0.10601945
0.11332992,0.08945632,0.118737124,0.0958853,0.1088329,0.11600852,0.06818776,0.10145546,0.09709058,0.09101611
0.11621503,0.112915054,0.120599404,0.10628653,0.086447254,0.08685812,0.055731308,0.11349529,0.08549025,0.11596183
0.11044124,0.09960653,0.12034266,0.098888636,0.098379225,0.09890664,0.063681364,0.110423155,0.09487883,0.104451746
0.115745604,0.08950395,0.10942692,0.09367465,0.11378882,0.11406239,0.08628311,0.09524969,0.09685513,0.08540966
0.14541967,0.15725872,0.10674297,0.10101351,0.07316416,0.09078115,0.043627825,0.097974904,0.07715528,0.106861845
0.13312346,0.112983696,0.1073683,0.10672581,0.0993951,0.09744924,0.06721958,0.095929645,0.08545523,0.09434998
0.13700998,0.13980715,0.11214699,0.09864901,0.07654073,0.09420833,0.04698226,0.101779394,0.086212516,0.10666361
0.11184991,0.1039198,0.12027997,0.09975661,0.09179258,0.09380806,0.057806678,0.11415448,0.09740471,0.1092272
0.10991362,0.09983379,0.11982193,0.09887741,0.09817593,0.09957095,0.06429228,0.110558726,0.094543904,0.10441147
0.11164095,0.08948448,0.10370652,0.089057595,0.11441451,0.13098174,0.065510206,0.10183494,0.11052553,0.08284351
0.14885093,0.13348292,0.106165096,0.11418786,0.08357458,0.08465182,0.055431616,0.097497195,0.0739931,0.102164924
0.13737512,0.13330238,0.11153797,0.10233457,0.082497254,0.094456956,0.048005685,0.10094629,0.08272739,0.10681651
0.10610514,0.09492999,0.122829944,0.099378355,0.09492436,0.09960749,0.056349427,0.12037669,0.09706161,0.10843695
0.11547273,0.12052434,0.11831364,0.10515704,0.07987938,0.08473182,0.055076282,0.11754564,0.081741065,0.12155808
0.14565293,0.15351605,0.106321625,0.099544965,0.075069904,0.093324065,0.04549064,0.09637108,0.07935568,0.10535315
0.115325086,0.11685865,0.11842795,0.10450735,0.08330201,0.08643017,0.056119587,0.11583839,0.08451381,0.11867706
0.11291394,0.08812932,0.104197234,0.09212317,0.11653702,0.13343956,0.06840527,0.098370135,0.10515192,0.080732435
0.12576178,0.12094885,0.11678522,0.100453325,0.08775621,0.09783729,0.050054733,0.10522992,0.08744393,0.10772876
0.14469442,0.15779777,0.10755306,0.099026404,0.0714348,0.09084227,0.04451278,0.097971834,0.0797173,0.10644944
0.14357856,0.1343269,0.109638184,0.10934608,0.08241999,0.085597895,0.05502794,0.09897799,0.07960118,0.10148533
0.14570874,0.13305737,0.107267685,0.111798495,0.08392602,0.08579029,0.05457755,0.09860512,0.07692677,0.10234192
0.14401571,0.13167858,0.10871227,0.11035835,0.08451186,0.08625293,0.055580184,0.09840184,0.07930288,0.10118544
0.12741905,0.12631126,0.115979284,0.10361701,0.08578628,0.09379224,0.04880514,0.104701824,0.08414519,0.109442726
0.11693963,0.09051953,0.10811054,0.09354478,0.113314554,0.11436688,0.086389415,0.09472058,0.09699386,0.08510024
0.110678114,0.09313812,0.11370904,0.09110551,0.107071385,0.120260365,0.068155214,0.102493204,0.103523776,0.08986521
0.1494047,0.1349601,0.10628964,0.113314554,0.08224427,0.084516354,0.055224497,0.09745833,0.07474788,0.101839714
0.1265097,0.12177843,0.116089836,0.10108251,0.088196434,0.09897169,0.04896045,0.104979,0.08571676,0.10771519
0.14545952,0.15357536,0.10634795,0.09852485,0.074118026,0.093614936,0.046253677,0.09603806,0.08109019,0.10497746
0.11200894,0.088323414,0.11042256,0.09225687,0.11309576,0.12510584,0.065671295,0.10252533,0.10481952,0.08577046
0.1461373,0.13379385,0.108273245,0.11195583,0.08243474,0.0844176,0.05587781,0.09857615,0.07727759,0.10125589
0.11647166,0.11681743,0.11758007,0.10489428,0.08382369,0.08865509,0.054995414,0.114474244,0.08398513,0.118303046
0.14203624,0.14997448,0.10944466,0.10610744,0.07421586,0.08367913,0.0482302,0.10167315,0.07806269,0.106576204
0.11802984,0.11381893,0.12065885,0.10480743,0.086336225,0.088603996,0.055016026,0.11113055,0.087212384,0.11438573
0.11440256,0.09544932,0.11774173,0.102178544,0.10350964,0.10049086,0.07726583,0.10170551,0.08946175,0.09779423
0.12583962,0.11997601,0.115967624,0.10010106,0.089550525,0.101226605,0.04987488,0.10449466,0.08647816,0.10649079
0.11633161,0.11167573,0.119771495,0.10855055,0.088229634,0.08573156,0.059391808,0.11113743,0.08338449,0.11579567
0.10912237,0.1006976,0.11883785,0.09690222,0.09738106,0.1005075,0.06401417,0.11090004,0.09840546,0.103231795
0.13622828,0.11936017,0.1077418,0.10782778,0.094553985,0.094504714,0.06550448,0.09507184,0.08246066,0.09674633
0.12308521,0.108704425,0.11787087,0.09961011,0.09605815,0.104955845,0.050726954,0.10610588,0.08938655,0.10349609
0.11609952,0.11293417,0.11978956,0.10755161,0.08809643,0.085858144,0.059906803,0.110649504,0.084432036,0.1146822
0.116841,0.12224106,0.11761629,0.10450985,0.07898206,0.08590688,0.054090485,0.11634093,0.08179971,0.12167182
0.11167638,0.09455995,0.117249995,0.099845976,0.102725774,0.10251798,0.08238791,0.10067051,0.0907326,0.09763293
0.115685776,0.0824306,0.11185475,0.10015657,0.11778194,0.13462798,0.0624855,0.09942454,0.09404739,0.08150488
0.10674793,0.096484266,0.12173122,0.09905935,0.09536474,0.09964254,0.056893,0.11909701,0.097782925,0.107197076
0.13900489,0.13458277,0.110720776,0.10248839,0.08236855,0.09466695,0.047174186,0.10059361,0.08212802,0.10627176
0.14500445,0.15506877,0.10759995,0.09950932,0.073570706,0.09197998,0.04472456,0.097098164,0.07942367,0.106020465
0.11993625,0.11635236,0.11855316,0.10579533,0.087604746,0.08912474,0.05554929,0.108665116,0.08575487,0.1126642
0.10650203,0.095783785,0.122614846,0.09947671,0.0941193,0.09996534,0.055418067,0.120559365,0.096687816,0.10887277
0.12328258,0.10769322,0.10996712,0.09816841,0.10024658,0.11038713,0.05329289,0.10596416,0.09485909,0.096138865
0.113241285,0.08551086,0.115893856,0.09705765,0.11257919,0.1136628,0.079945855,0.097618185,0.09579189,0.08869845
0.11014667,0.09964992,0.1193783,0.09847121,0.09875058,0.10031823,0.06545574,0.10969381,0.094738126,0.10339735
0.11531529,0.12122466,0.117022395,0.104141764,0.08007466,0.08512728,0.056830022,0.11680151,0.08219663,0.12126574
0.11564166,0.081587635,0.11032077,0.095229276,0.119677134,0.12494571,0.08025811,0.09411323,0.09805955,0.080166906
0.14635514,0.1349135,0.10909479,0.11230302,0.08138973,0.08310935,0.056089293,0.09880628,0.07663304,0.10130583
0.14490105,0.15832987,0.10739306,0.10064958,0.07214262,0.089985125,0.043687567,0.0983822,0.0769739,0.10755502
0.1321927,0.12041276,0.1099179,0.097488955,0.09393506,0.10833981,0.052836962,0.0978726,0.08669025,0.10031303
0.11070491,0.10512797,0.1215454,0.10161336,0.09012441,0.0943652,0.05666097,0.114510834,0.09288147,0.112465486
0.118462786,0.12758498,0.11712094,0.10605491,0.07688121,0.08195659,0.052653983,0.118300416,0.079504065,0.12148013
0.11382609,0.09858154,0.11513763,0.10254963,0.097673476,0.09518211,0.08844421,0.10134896,0.086810425,0.10044591
0.12812306,0.1207993,0.11556142,0.10141281,0.089397125,0.09993575,0.048161935,0.10488025,0.08532482,0.10640357
0.11196754,0.09828363,0.11845353,0.09744481,0.10084269,0.10199362,0.06525449,0.108606935,0.0960052,0.10114752
0.11400363,0.101241685,0.11437406,0.10208334,0.09586859,0.094982564,0.08904908,0.10087401,0.08757591,0.09994709
0.11134237,0.09381934,0.11760717,0.10101249,0.101831295,0.099013455,0.08562375,0.1015663,0.08901877,0.09916507
0.11214363,0.1064012,0.120820545,0.10104728,0.0916396,0.09224197,0.057443086,0.113451816,0.095174514,0.10963635
0.1063942,0.095702566,0.12266118,0.09927122,0.09504353,0.10013033,0.056709856,0.11930694,0.096767016,0.108013146
0.11683064,0.12209697,0.11777212,0.10485124,0.078590944,0.085156634,0.05395542,0.117019184,0.080835454,0.12289141
0.12909552,0.12623462,0.11626916,0.103456855,0.08509904,0.0940239,0.047869008,0.10443108,0.08388143,0.10963939
0.14612362,0.15601982,0.10608775,0.099257395,0.073351905,0.09253184,0.04535687,0.096254185,0.0797471,0.10526962
0.106608644,0.096625425,0.12166809,0.09890178,0.093838446,0.09834917,0.056237508,0.12043155,0.09865089,0.10868852
0.14372803,0.15466295,0.106908344,0.09867296,0.07387619,0.092726566,0.046660107,0.09665075,0.08012746,0.10598666
0.14324369,0.15121225,0.108526096,0.10459549,0.07412398,0.086258896,0.0459678,0.101076074,0.07845616,0.10653959
0.14476338,0.13310537,0.10916337,0.111653455,0.083316185,0.08477273,0.05569429,0.098508775,0.07750779,0.1015147
0.11693537,0.123068064,0.11764809,0.104493305,0.07762867,0.08495056,0.054078087,0.11715542,0.08080626,0.12323624
0.11536093,0.117074646,0.117973626,0.10464431,0.08351066,0.087816596,0.056565758,0.11440174,0.08446441,0.1181874
0.11731714,0.12076467,0.117854476,0.10444171,0.08016916,0.08665438,0.054859214,0.11486922,0.08242137,0.12064872
0.14537409,0.1340609,0.109172754,0.11207586,0.082226634,0.08385095,0.055098582,0.09926121,0.07700448,0.10187453
0.107769586,0.09590056,0.122782275,0.10001964,0.094086505,0.0997781,0.054913875,0.11990442,0.095813654,0.10903137
0.1266858,0.121758856,0.11717287,0.09971418,0.08629377,0.09794585,0.048480723,0.10574434,0.08808685,0.10811683
0.12022129,0.08603009,0.10893372,0.09860509,0.11814581,0.12003358,0.07577833,0.09494378,0.09605753,0.08125085
0.1404661,0.14425303,0.10995469,0.099122085,0.07759467,0.09502634,0.04627847,0.0990538,0.0819154,0.10633548
0.11180434,0.10669333,0.12100084,0.1012202,0.0881603,0.09286744,0.055586793,0.11618769,0.09382519,0.11265392
0.115856774,0.09057323,0.11750882,0.09664923,0.10930298,0.117548935,0.06649502,0.10048294,0.0958054,0.08977665
0.11688779,0.11741734,0.11788341,0.106641635,0.08343336,0.08676055,0.054833647,0.11471511,0.08270998,0.118717246
0.116935894,0.11362756,0.11999051,0.10720066,0.08772851,0.08495931,0.05992065,0.11052703,0.08426503,0.11484484
0.1498272,0.1366069,0.10697982,0.113708414,0.0804482,0.082832485,0.054799825,0.098207034,0.074090526,0.1024996
0.117076404,0.08715485,0.11117342,0.09589662,0.11552383,0.1161248,0.08377258,0.09413059,0.09439425,0.08475269
0.1402777,0.14395395,0.109854415,0.09822074,0.07749792,0.096156016,0.046705186,0.098433085,0.082991675,0.10590938
0.14560243,0.15660502,0.1062622,0.098863944,0.07324783,0.09247446,0.045938216,0.09591134,0.07975262,0.105341904
0.13965623,0.14258002,0.11065402,0.098529376,0.07795998,0.09571484,0.046912666,0.09880424,0.083215706,0.105972916
0.11595653,0.084622316,0.1128637,0.0992317,0.11631754,0.13332425,0.062585264,0.0993867,0.093024276,0.082687706
0.14432709,0.15154266,0.10788236,0.10490212,0.074450634,0.086991854,0.045279972,0.100409165,0.07788519,0.10632904
0.1168375,0.08062356,0.112354465,0.09684128,0.12036031,0.12153916,0.080026925,0.09406306,0.09648766,0.08086611
0.1070098,0.09639195,0.12292841,0.100189336,0.09374314,0.098389395,0.055517495,0.120079935,0.095669754,0.11008086
0.14601178,0.15575242,0.10617997,0.098918855,0.07335626,0.09293931,0.045128673,0.096308984,0.0801454,0.10525839
0.1404985,0.14363931,0.109761745,0.09782478,0.077824585,0.09727243,0.046351846,0.097970665,0.083230935,0.105625205
0.12733707,0.12628542,0.11727958,0.10154748,0.08308738,0.09453822,0.047247484,0.10629906,0.08571842,0.11065981
0.106349945,0.095249355,0.12243645,0.09918481,0.09517437,0.0999451,0.056303434,0.1199491,0.09769432,0.107713096
0.14813046,0.13481724,0.10817592,0.113960974,0.081217796,0.08215001,0.05497287,0.099488124,0.07466548,0.102421194
0.11575385,0.08976209,0.11862418,0.099230245,0.10948205,0.11438204,0.06817096,0.10032942,0.09297616,0.091289036
0.117890835,0.08991816,0.11061563,0.09664645,0.113473475,0.113806285,0.083863445,0.09427611,0.09312022,0.08638944
0.11174174,0.10096345,0.11951944,0.09789441,0.09749037,0.09872831,0.063060135,0.1094583,0.097056404,0.10408747
0.1171479,0.11417885,0.11986482,0.10872043,0.08707112,0.084714375,0.058643926,0.11092021,0.08313656,0.11560175
0.11012468,0.102087304,0.11901973,0.09737859,0.09626302,0.09892144,0.062390175,0.110830486,0.09862432,0.10436025
0.11062535,0.09900853,0.1197761,0.098975144,0.0993337,0.099488735,0.06514874,0.10990714,0.09425187,0.10348471
0.11185032,0.094745606,0.11879689,0.10059041,0.10268325,0.10232947,0.07811569,0.10144658,0.09117959,0.098262176
0.13585272,0.1138031,0.1069707,0.10827376,0.09828447,0.096170306,0.06754485,0.09516933,0.08329676,0.09463398
0.1164201,0.083039574,0.11302237,0.10091749,0.11708943,0.1334661,0.06272966,0.099166155,0.09196365,0.082185484
0.14517742,0.13246548,0.10801257,0.11169777,0.083826095,0.08574879,0.056098543,0.097709894,0.077695385,0.10156809
0.14303368,0.14428574,0.10844007,0.10499444,0.07795985,0.09013811,0.04396815,0.10178457,0.07907956,0.10631584
0.115233056,0.08758728,0.10959316,0.09228533,0.11539417,0.12843671,0.07007173,0.097676754,0.10159625,0.08212557
0.11567128,0.0958478,0.11887717,0.10392283,0.10341294,0.09895896,0.07462076,0.10144048,0.08937351,0.097874366
0.14570361,0.15700841,0.106702216,0.09969642,0.07269954,0.09162789,0.044822767,0.09674214,0.079514295,0.10548272
0.12742598,0.12321541,0.115483224,0.10123313,0.08774396,0.097932786,0.049507856,0.10414764,0.085893825,0.107416235
0.14099741,0.14433846,0.110078745,0.10017086,0.07684775,0.09303419,0.046699233,0.09962381,0.082640395,0.10556915
0.13442414,0.114237264,0.10744662,0.10725917,0.09854057,0.096398376,0.06592843,0.09605974,0.08440212,0.095303595
0.11728997,0.12308578,0.11771174,0.104796275,0.0779974,0.08443431,0.05408358,0.11707676,0.0806497,0.122874536
0.14537248,0.15965672,0.10662275,0.100154996,0.07161332,0.09025462,0.043900292,0.09783857,0.077805206,0.10678101
0.11525583,0.1114994,0.12025757,0.108042285,0.08685532,0.087781824,0.058076132,0.111191794,0.084031366,0.11700853
0.11762624,0.11488347,0.120223664,0.107259974,0.08598713,0.08638098,0.054683264,0.11284402,0.08457312,0.11553807
0.11196194,0.10714313,0.11954231,0.10026951,0.09040504,0.09308315,0.057953898,0.11388781,0.09631459,0.10943866
0.11580167,0.12042076,0.11796953,0.105097726,0.07955351,0.084331416,0.055652894,0.117580265,0.08086196,0.12273027
0.1185576,0.11558509,0.1198977,0.103762925,0.08630049,0.08888956,0.055809125,0.10964419,0.08870129,0.11285206
0.11497937,0.1109709,0.12078913,0.10557888,0.088195115,0.088286154,0.058554504,0.111253835,0.08665543,0.11473665
0.11696519,0.11548121,0.12079324,0.10646092,0.08518547,0.08569063,0.05485558,0.11332965,0.08534409,0.11589405
0.11190055,0.09556759,0.11715768,0.10049907,0.10068016,0.09904277,0.0847412,0.10061983,0.08976039,0.10003067
0.11760731,0.090132035,0.11246661,0.0978948,0.112021975,0.11289334,0.08243302,0.09460976,0.092142835,0.08779837
0.11382897,0.093835115,0.11688025,0.09522789,0.106275246,0.114796296,0.066487595,0.10228006,0.09756013,0.09282843
0.126807,0.119842865,0.115969114,0.100042515,0.08974773,0.101002604,0.049502064,0.104404256,0.086686246,0.105995595
0.11595968,0.11877875,0.11855934,0.10586086,0.08188945,0.08558238,0.05504067,0.115923174,0.082558796,0.11984683
0.11448238,0.082940474,0.11084913,0.09894513,0.11807222,0.13620077,0.065158285,0.0984929,0.094179034,0.08067963
0.11620349,0.10677185,0.11190583,0.09884505,0.095044546,0.09931762,0.08585223,0.098659165,0.0880742,0.09932605
0.10857917,0.09934986,0.120687515,0.09745467,0.09731747,0.09965484,0.06275886,0.111789934,0.09847807,0.1039296
0.10548783,0.094325826,0.12189708,0.09706056,0.0977691,0.103157334,0.06018095,0.11728758,0.0991956,0.103638195
0.14494099,0.15511067,0.10717476,0.09823601,0.072701216,0.09288584,0.045845684,0.096439525,0.08132722,0.10533809
0.1188327,0.11156077,0.11923905,0.104505576,0.09400779,0.08832623,0.06640546,0.10587735,0.08875961,0.10248545
0.12779103,0.1223719,0.11590796,0.10049816,0.088668935,0.100044675,0.049769383,0.10257395,0.08508306,0.107290946
0.1454612,0.13330463,0.108316526,0.11148042,0.08302121,0.085111596,0.056320116,0.097912736,0.07768411,0.10138743
0.14241892,0.14470267,0.109135695,0.10422201,0.07732198,0.08998664,0.044381272,0.10166293,0.07976048,0.10640743
0.12025786,0.08483926,0.11370262,0.10293312,0.11624519,0.118082866,0.07116979,0.09661194,0.091966346,0.08419106
0.14033525,0.1447933,0.10981617,0.098533005,0.077198386,0.09548199,0.04641263,0.09874755,0.08246664,0.10621507
0.117494404,0.10990271,0.11953141,0.10435357,0.094959006,0.08840554,0.0668692,0.10670024,0.08882123,0.10296262
0.11097525,0.09889981,0.11996419,0.098787315,0.09955711,0.09931714,0.06469748,0.110009685,0.09457032,0.1032218
0.14697567,0.15902983,0.10591383,0.100090705,0.07254835,0.09176271,0.04373861,0.096169546,0.078260005,0.10551078
0.11061731,0.10039812,0.11935362,0.097546495,0.09742212,0.1019573,0.062029883,0.11030624,0.09684657,0.10352232
0.11551401,0.09531232,0.11864213,0.10360983,0.10298455,0.09887216,0.07619809,0.10176886,0.08810151,0.0989965
0.114128515,0.086950436,0.112051405,0.09583902,0.113943145,0.12512064,0.064241804,0.10210755,0.10041068,0.08520682
0.12519838,0.1080748,0.10869925,0.09831396,0.10190221,0.110012785,0.064860694,0.09781188,0.090759255,0.09436683
0.1461846,0.16229291,0.105336815,0.09962455,0.0705169,0.090027355,0.044159796,0.09731069,0.07821966,0.10632671
0.129058,0.12157927,0.11561511,0.10065519,0.08879142,0.10012542,0.04848612,0.10374918,0.08560541,0.106334895
0.106125616,0.09717722,0.12134569,0.09867904,0.09440828,0.099602334,0.057533067,0.119175725,0.09806421,0.1078888
0.11122382,0.09285087,0.117080174,0.09823164,0.10169397,0.10204037,0.09069337,0.09931113,0.090236746,0.09663792
0.12093048,0.08454638,0.11276312,0.10345169,0.11682631,0.1183791,0.07035858,0.09662488,0.09222058,0.08389881
0.13796727,0.14161338,0.11183886,0.09817622,0.075485036,0.09427295,0.04661393,0.10102091,0.08636224,0.10664914
0.114514366,0.094210654,0.11966334,0.1037535,0.103346445,0.09838571,0.07564658,0.10254261,0.08902422,0.09891255
0.14161575,0.15057305,0.109835126,0.10588998,0.07380775,0.083501525,0.047023136,0.10242708,0.07814303,0.107183546
0.11769339,0.11387632,0.119982086,0.10523668,0.086586654,0.08853052,0.055752475,0.111278966,0.08662665,0.11443625
0.12655419,0.12423757,0.11621433,0.10063073,0.08745422,0.099882714,0.048867483,0.103209406,0.08433286,0.108616486
0.120259814,0.08709365,0.11204261,0.10036099,0.115276694,0.120704785,0.06978762,0.097018786,0.09416317,0.08329193
0.11053424,0.094980806,0.11613152,0.0969315,0.10059167,0.10317316,0.08999855,0.09863758,0.09244161,0.09657931
0.14641887,0.15867,0.10626142,0.10032898,0.072091594,0.09106071,0.04357659,0.09721398,0.07868305,0.1056948
0.11382457,0.087338805,0.11280153,0.095450565,0.11329937,0.123408265,0.064354554,0.10245942,0.100923784,0.086139165
0.11516301,0.08956556,0.11802701,0.09680608,0.109774604,0.11558373,0.06798378,0.10055212,0.09600931,0.09053481
0.14031234,0.14338844,0.11032857,0.09810365,0.077253304,0.09647487,0.045978837,0.09874509,0.0834358,0.105979085
0.1497295,0.13651177,0.107285224,0.11440082,0.08038775,0.08241407,0.054288235,0.09849306,0.07352928,0.10296023
0.13535988,0.11396447,0.1074217,0.108377054,0.09852953,0.095993824,0.06581013,0.095729,0.083144404,0.09567003
0.13774903,0.14135075,0.11175729,0.09756381,0.07635771,0.09595873,0.04678545,0.100215696,0.08587347,0.106387995
0.10836065,0.09985097,0.11973869,0.09730493,0.0978797,0.10097384,0.06472843,0.111032285,0.097343065,0.10278748
0.11158954,0.09584088,0.11684364,0.09936293,0.10229591,0.10232421,0.082623675,0.10042531,0.0920954,0.09659851
0.12449533,0.108969994,0.10987687,0.09872694,0.1004635,0.107929684,0.06426236,0.098711096,0.0903534,0.09621087
0.12594125,0.12313861,0.11587612,0.10095419,0.0885724,0.0989614,0.05038428,0.10292692,0.08521137,0.10803344
0.14585353,0.15937491,0.10634069,0.10076699,0.071739264,0.09015381,0.04334724,0.09817182,0.07760496,0.106646776
0.11521571,0.08149925,0.11094771,0.101130135,0.11848822,0.13692865,0.062455863,0.09927243,0.09318878,0.080873266
0.1455299,0.13264956,0.107940495,0.11227678,0.08403543,0.08546912,0.05406839,0.09877351,0.076843694,0.102413155
0.11023142,0.09273625,0.11693042,0.093295105,0.10482393,0.11534137,0.064942755,0.10581629,0.10215094,0.093731426
0.12577146,0.120329626,0.11660323,0.10175815,0.08947648,0.098802984,0.04905601,0.10502821,0.08552744,0.107646406
0.11189913,0.095151156,0.1184112,0.09546964,0.10256852,0.11029096,0.061794784,0.10837843,0.09958088,0.0964553
0.112117216,0.093215115,0.117822036,0.09502893,0.10488452,0.11255642,0.06758292,0.103958905,0.09841647,0.09441751
0.14003788,0.14362597,0.11036811,0.10038981,0.07609047,0.09229604,0.046496574,0.101087674,0.08371508,0.10589237
0.11110112,0.09547194,0.11718692,0.10068707,0.09969278,0.09843959,0.085583374,0.101769775,0.089721195,0.10034621
0.115473635,0.09045486,0.10837891,0.09254274,0.112307735,0.11495151,0.086839534,0.09534825,0.098907456,0.08479538
0.12942667,0.124652,0.11577923,0.10183062,0.08683907,0.09760936,0.04766372,0.10386468,0.08437229,0.107962355
0.11551983,0.083703116,0.11324258,0.09790887,0.116465665,0.13275099,0.06344984,0.09964203,0.09524842,0.08206857
0.11124316,0.096353635,0.11890477,0.098619595,0.10217314,0.10151043,0.06581926,0.11016059,0.09426913,0.10094628
0.14675984,0.13392913,0.10773135,0.11204738,0.08285459,0.084972344,0.054712,0.09841711,0.07678908,0.10178712
0.11168183,0.090505034,0.10450071,0.09034926,0.113260396,0.12956527,0.0639936,0.103210546,0.108668454,0.08426494
0.11133644,0.10453377,0.120421946,0.099953994,0.09099905,0.09720842,0.05678376,0.11389229,0.09406306,0.11080727
0.10758213,0.09985053,0.1200659,0.09737275,0.097438164,0.10061598,0.064504996,0.111823104,0.09717866,0.10356785
0.13122159,0.1192039,0.109478295,0.09750187,0.095055506,0.109207354,0.05301718,0.0983717,0.08712118,0.09982145
0.14418869,0.15315199,0.105835,0.09886508,0.074964486,0.09430224,0.04687328,0.095929205,0.080603056,0.10528704
0.14441471,0.1548664,0.10668574,0.09900593,0.07413066,0.0921958,0.0466023,0.09657438,0.07938982,0.10613432
0.114238806,0.090072945,0.11764657,0.097705826,0.10926612,0.11513484,0.06961493,0.1008941,0.09487543,0.09055036
0.110047475,0.10090032,0.11973786,0.099026196,0.09728117,0.09925105,0.06369819,0.11022192,0.094728865,0.10510701
0.13999139,0.14442568,0.11033498,0.09951687,0.07673131,0.09380258,0.045953996,0.10011242,0.08249996,0.10663081
0.114989966,0.11895144,0.11729342,0.104512885,0.08201131,0.087110594,0.05685086,0.11536459,0.08361137,0.11930357
0.13946779,0.14344229,0.109835275,0.1004316,0.07599565,0.090973236,0.04842565,0.10157432,0.08474219,0.105112046
0.11037792,0.09596961,0.11611366,0.09963611,0.09935424,0.09896632,0.088103406,0.10170836,0.09032681,0.09944364
0.11100245,0.094158605,0.118484326,0.10077437,0.102188766,0.10043978,0.08078617,0.10214932,0.09051917,0.09949696
0.12565865,0.12231404,0.11558074,0.100875095,0.08900965,0.09946208,0.05057515,0.103429064,0.085643336,0.10745217
0.13776588,0.14146608,0.11123863,0.096968085,0.07676463,0.09684569,0.047560968,0.099413626,0.08595817,0.10601827
0.13950182,0.14378767,0.110178255,0.09915431,0.076652996,0.09368218,0.04725093,0.10008217,0.08366619,0.10604348
0.1147137,0.087785564,0.118563905,0.09899177,0.11062308,0.11649485,0.06793639,0.10102863,0.09385049,0.09001164
0.11529657,0.105299875,0.11233721,0.09863979,0.094580546,0.09897872,0.087447755,0.0995464,0.087381065,0.10049204
0.14847949,0.1352466,0.10765804,0.112962686,0.08098521,0.08283775,0.056235213,0.09867812,0.07520233,0.10171455
0.14642963,0.15701193,0.10581583,0.09879425,0.07350019,0.0931519,0.04485101,0.0957811,0.079290666,0.10537357
0.11529072,0.12082619,0.117719136,0.10437452,0.07952379,0.0849117,0.055370968,0.1179616,0.08180669,0.12221472
0.13995117,0.14334254,0.110682085,0.098678835,0.07731688,0.095559835,0.045580722,0.099718265,0.08262501,0.10654466
0.11270843,0.08743769,0.10428386,0.09153092,0.11656031,0.13307945,0.06802071,0.09917675,0.10627342,0.08092844
0.10971973,0.09975037,0.12026105,0.099598974,0.09790573,0.09862886,0.06456092,0.11053299,0.09362244,0.10541891
0.116305426,0.121538565,0.11780706,0.10524689,0.07841105,0.08522083,0.053995453,0.1175678,0.080580875,0.123326056
0.11349809,0.0872813,0.11328506,0.09563126,0.11320258,0.12301421,0.06490431,0.10244076,0.100435965,0.08630648
0.12253963,0.11015857,0.118402205,0.09940962,0.09436581,0.10458972,0.050848797,0.106108055,0.08856167,0.10501593
0.10951925,0.097156644,0.11979227,0.09786673,0.100506715,0.100401476,0.0662445,0.110291645,0.09598545,0.10223532
0.14667858,0.13549063,0.10762286,0.11340834,0.081087604,0.082858555,0.05543691,0.0994724,0.07470823,0.103235915
0.14776954,0.13455662,0.10775764,0.11326321,0.081379995,0.082854435,0.05659709,0.09867632,0.07518877,0.101956464
0.11300482,0.08885655,0.11747102,0.09511654,0.10858125,0.111474514,0.07577697,0.1001603,0.098107606,0.091450386
0.12563154,0.12311464,0.11572868,0.10079985,0.088382475,0.09929822,0.05024646,0.10339934,0.08541645,0.10798241
0.14587702,0.15487464,0.10519894,0.09895454,0.07400534,0.09342063,0.04682674,0.09555762,0.080390796,0.104893655
0.1474519,0.13445964,0.106769405,0.112993956,0.08191834,0.08439525,0.05582344,0.0982167,0.07587286,0.10209855
0.13936983,0.118034385,0.10690516,0.110602945,0.09509412,0.09316598,0.064449705,0.09512622,0.0789149,0.09833678
0.11520774,0.12018477,0.11764674,0.1048918,0.0788918,0.08480128,0.05527064,0.11860331,0.080708496,0.12379339
0.14530641,0.15873227,0.10678047,0.10058879,0.07238342,0.090464905,0.043372262,0.09813946,0.076990776,0.10724129
0.145596,0.16110232,0.10610178,0.10038894,0.07114736,0.089801714,0.04349277,0.09819767,0.076867536,0.10730392
0.11222783,0.08439906,0.11759065,0.09836907,0.112018,0.11162012,0.08043301,0.09900561,0.094400965,0.08993575
0.11119162,0.104828484,0.120771796,0.10080304,0.09128021,0.09339529,0.05681126,0.11496494,0.09527702,0.11067634
0.10856914,0.099253975,0.121009275,0.09911533,0.09712222,0.099528454,0.06237765,0.112333536,0.09519035,0.10550007
0.14003149,0.14279722,0.11010872,0.09889395,0.078036256,0.096289486,0.045335114,0.099819705,0.082599886,0.106088206
0.111346796,0.11133659,0.120081946,0.10313628,0.08303951,0.09004018,0.05720867,0.11698323,0.08887871,0.1179481
0.12618668,0.12240141,0.11687919,0.10078149,0.08665052,0.096856356,0.049390357,0.10551355,0.08693114,0.10840936
0.1427655,0.15780948,0.10855955,0.0983861,0.0705068,0.09049438,0.04357573,0.09983927,0.08018776,0.107875384
0.11258773,0.086196594,0.10317049,0.093617976,0.11698411,0.13488688,0.06704392,0.09952373,0.10548619,0.0805023
0.1467505,0.15635498,0.105351165,0.100263104,0.07309897,0.091964066,0.045214407,0.09665737,0.07950152,0.104843974
0.11490434,0.08597177,0.11057957,0.09758766,0.115517184,0.13091968,0.062007405,0.10098629,0.098135576,0.08339049
0.109963216,0.09968997,0.12006099,0.09914062,0.09808621,0.099250846,0.063515946,0.111027785,0.094505586,0.10475891
0.105595544,0.09523328,0.12257106,0.09932411,0.0947753,0.099482186,0.056343403,0.12088003,0.09743486,0.10836026
0.10586369,0.09736404,0.12063412,0.09815304,0.0927901,0.10027191,0.05508945,0.12191321,0.09999824,0.10792217
0.12338172,0.10839453,0.11134216,0.09783894,0.09988792,0.10805473,0.05437612,0.10561266,0.094746485,0.09636481
0.11477211,0.11918972,0.118694305,0.10416414,0.07939908,0.08454558,0.055975914,0.11837169,0.08229424,0.12259329
0.12608859,0.12375315,0.11587288,0.10103484,0.08792267,0.100128666,0.048997726,0.103586525,0.08410099,0.10851399
0.10921403,0.09277461,0.117760025,0.09239351,0.10330138,0.114284545,0.061732166,0.10860394,0.10470957,0.09522625
0.14678092,0.13389267,0.10769629,0.11206178,0.08296818,0.08505359,0.054573867,0.09840808,0.07676166,0.10180293
0.14628436,0.16146465,0.10594571,0.100291885,0.07144475,0.090528995,0.042837676,0.09747835,0.07663293,0.10709076
0.116733156,0.090368085,0.110331245,0.09537656,0.11262019,0.11526416,0.08224664,0.09504334,0.0954165,0.08660016
0.11470365,0.08919023,0.11870078,0.09841359,0.109627105,0.11634156,0.0675842,0.100920916,0.09412441,0.09039348
0.108202256,0.11179229,0.11781706,0.10114697,0.08761633,0.09327801,0.06352869,0.11427943,0.09170668,0.1106323
0.13964142,0.14480838,0.109506294,0.09774457,0.07673084,0.095761985,0.047422487,0.09865802,0.083905935,0.10582005
0.1274747,0.12818164,0.115363225,0.1027624,0.0841961,0.094610706,0.048219312,0.105266675,0.083790414,0.11013487
0.13853778,0.11853983,0.10749767,0.10986381,0.094772056,0.09330816,0.064007506,0.09536323,0.079931,0.09817907
0.14643621,0.16014723,0.10550847,0.0999832,0.072159395,0.090540715,0.044569265,0.09679644,0.07775642,0.10610268
0.14387798,0.15316445,0.1073964,0.09851812,0.07428543,0.092809275,0.046445616,0.09688493,0.08056083,0.10605706
0.14461134,0.1330233,0.10949298,0.1129448,0.082237676,0.08237785,0.057843868,0.099454254,0.07642245,0.10159147
0.11388419,0.088609874,0.11905836,0.09826022,0.10981061,0.115935706,0.06894627,0.10070035,0.094105974,0.0906885
0.11531298,0.080201395,0.11207139,0.09809074,0.12071524,0.12481738,0.08375495,0.09150975,0.092319846,0.08120637
0.114365466,0.115247875,0.11829068,0.104921326,0.083728686,0.08795313,0.056126177,0.11600348,0.08416119,0.11920203
0.145531,0.13186333,0.106894694,0.11215777,0.08505724,0.08613402,0.054052148,0.099134855,0.0770464,0.10212856
0.11367579,0.08913312,0.118582964,0.0972714,0.10950634,0.11642505,0.06919122,0.100666516,0.0951621,0.090385504
0.11369906,0.09450805,0.11967786,0.10295721,0.102977075,0.09858255,0.075619504,0.10287781,0.08956518,0.09953573
0.11829915,0.08942508,0.11202076,0.099025175,0.11289336,0.11240847,0.08163883,0.094943464,0.09137243,0.08797328
0.11479644,0.1197607,0.11766205,0.104535945,0.07930163,0.08521905,0.05566285,0.118459746,0.08137528,0.12322632
0.12075715,0.08582154,0.112898365,0.10318912,0.11584688,0.11804642,0.06974667,0.09707022,0.092111126,0.08451253
0.10999066,0.10021956,0.12047114,0.099180184,0.097541824,0.09875069,0.06291806,0.11107409,0.09444664,0.10540715
0.11408172,0.08434995,0.111162424,0.09708004,0.11667812,0.13505815,0.06299876,0.099778414,0.09687909,0.081933364
0.14049858,0.14384727,0.109990254,0.099142306,0.07760535,0.09455636,0.04674554,0.09927305,0.082466915,0.10587443
0.14568405,0.15693566,0.10672925,0.09950175,0.07259766,0.091800466,0.044214625,0.0971639,0.079816155,0.10555643
0.10702051,0.09725074,0.12198847,0.099789955,0.09294257,0.098709226,0.055213477,0.120698586,0.096484914,0.10990159
0.11765841,0.12778941,0.11746543,0.1054073,0.076469466,0.08210085,0.054039884,0.11740377,0.08000489,0.1216606
0.124408625,0.107722715,0.110134415,0.09899818,0.1012799,0.1077586,0.06362633,0.09955566,0.09034809,0.09616751
0.14232789,0.13206968,0.110829905,0.11233411,0.082985274,0.08252326,0.058672868,0.09966476,0.07724956,0.10134265
0.114256345,0.09399053,0.11971749,0.104174174,0.10256266,0.09725893,0.07528012,0.10373573,0.08810415,0.10091992
0.123456515,0.10922325,0.11160198,0.09800125,0.09856357,0.10821702,0.053520735,0.10569859,0.09394818,0.09776892
0.14841314,0.13620004,0.10618481,0.113594234,0.08146254,0.08428499,0.05500878,0.09774583,0.07394646,0.103159145
0.13090228,0.12102392,0.11017903,0.09691919,0.09371916,0.108874075,0.05367005,0.09750516,0.08664155,0.100565486
0.11184307,0.093012094,0.11509854,0.091835685,0.10693113,0.11975051,0.06528196,0.10252935,0.10311023,0.090607494
0.14466287,0.13246347,0.10886215,0.11199885,0.08355677,0.08417957,0.056051757,0.099348456,0.07693086,0.10194531
0.110451855,0.10081007,0.12038677,0.099446185,0.09726009,0.09849813,0.06214859,0.11131167,0.09405231,0.105634324
0.13941985,0.1420613,0.109306306,0.09776475,0.078182556,0.09807889,0.04704572,0.09834001,0.08416611,0.10563456
0.12488962,0.12194189,0.11607394,0.10033608,0.08867777,0.101174094,0.04973372,0.103989296,0.08529308,0.107890576
0.105601296,0.096628174,0.12159557,0.098598406,0.09466496,0.10029525,0.057488393,0.11954209,0.09802588,0.10755998
0.14351894,0.1532085,0.1079879,0.09854557,0.074478984,0.09248972,0.046493564,0.09692866,0.07970525,0.106642984
0.124890104,0.12206682,0.11628113,0.10061582,0.08873833,0.10108999,0.0492141,0.10410896,0.084767826,0.108226955
0.11107841,0.090325944,0.10478896,0.08836027,0.11246768,0.12861085,0.0647355,0.10333707,0.11228623,0.084009044
0.110840894,0.094289996,0.11857551,0.0989534,0.102473415,0.10141247,0.080198616,0.10146045,0.092830345,0.09896495
0.110547885,0.0971375,0.11931175,0.0986379,0.1009844,0.100407474,0.06562369,0.11081566,0.09434553,0.102188125
0.119269654,0.11512562,0.11966623,0.1058445,0.088061936,0.08838409,0.055458937,0.10936089,0.08613375,0.11269446
0.11982574,0.08296836,0.11332065,0.103391565,0.11712655,0.1207458,0.0702275,0.09694911,0.09203407,0.08341071
0.115277365,0.114866145,0.12054809,0.10411366,0.08367908,0.08720777,0.055705603,0.11443562,0.088285394,0.115881324
0.10725262,0.095083594,0.121987,0.0984621,0.095173046,0.101878405,0.05618612,0.1191139,0.09809556,0.10676768
0.12596825,0.12105871,0.1164121,0.10193642,0.08868764,0.09859231,0.048600383,0.1055287,0.085386895,0.10782865
0.11062719,0.09757074,0.11945903,0.09910266,0.100667424,0.09994062,0.06584293,0.11048478,0.093843296,0.10246139
0.10999951,0.10072748,0.120430715,0.098353095,0.09690246,0.09800881,0.06298029,0.11053469,0.09692669,0.105136275
0.13433257,0.11457503,0.10634651,0.10700035,0.09855842,0.09761367,0.06636787,0.095347546,0.0845446,0.09531342
0.112527505,0.08342296,0.11707139,0.09886709,0.11310913,0.113402456,0.07977146,0.09867148,0.09449897,0.08865755
0.14484462,0.13366613,0.10907675,0.11134161,0.082434595,0.08403363,0.05559744,0.09969898,0.077460885,0.101845406
0.11198657,0.09525907,0.11761047,0.09924513,0.10316434,0.10279565,0.08000847,0.10036841,0.09210866,0.097453244
0.14430362,0.15439211,0.10704731,0.09900234,0.07396307,0.092355706,0.045912646,0.097023666,0.07981036,0.10618921
0.1151131,0.11794962,0.11824224,0.10504286,0.08210584,0.086676545,0.056033194,0.115744606,0.08352507,0.11956697
0.14494565,0.15931362,0.106069446,0.09874244,0.07200471,0.09185949,0.044397905,0.097253144,0.07866775,0.10674588
0.1460203,0.15972,0.10576914,0.09944735,0.07212258,0.091263466,0.04432857,0.09690039,0.07780102,0.10662725
0.109187625,0.10076424,0.119017005,0.09786224,0.0981588,0.10016526,0.066311136,0.10940408,0.09594435,0.10318526
0.12634078,0.12547806,0.11629535,0.10244447,0.08584307,0.096282475,0.04815922,0.1052598,0.08406609,0.10983071
0.149822,0.13735262,0.10638589,0.11387451,0.08058944,0.08326541,0.053878337,0.09826877,0.073359534,0.10320353
0.11122883,0.10563665,0.120497614,0.10068628,0.09051006,0.09336722,0.05641855,0.11540936,0.09555775,0.11068769
0.12186946,0.10889454,0.118389145,0.098601654,0.09481204,0.10392757,0.051640138,0.106691286,0.09074004,0.104434155
0.11588646,0.08721872,0.11070826,0.09564293,0.11488919,0.13141693,0.062253907,0.100082435,0.0987048,0.083196364
0.11531175,0.117299244,0.11795641,0.104637325,0.08311976,0.087653436,0.0556305,0.115401,0.083919406,0.11907116
0.115659185,0.119124174,0.117978305,0.10603095,0.08219747,0.08601375,0.056331888,0.11481415,0.082855366,0.11899485
0.113767184,0.086915344,0.112811156,0.094511546,0.11395141,0.12403452,0.06680502,0.10097507,0.10092676,0.08530199
0.12815265,0.122516416,0.11552469,0.10221334,0.08809706,0.098258644,0.047617327,0.10555224,0.08465366,0.10741395
0.1123781,0.10550746,0.119345404,0.09966916,0.09157625,0.09486305,0.05701118,0.11380319,0.09669705,0.10914906
0.11743243,0.11379698,0.12067285,0.10515138,0.08584951,0.088065885,0.055786006,0.11145926,0.08669904,0.115086704
0.11089137,0.09442948,0.117450565,0.10137421,0.09974241,0.09768558,0.08577333,0.102610804,0.08805784,0.10198443
0.111834414,0.09146008,0.118112475,0.096529484,0.10673023,0.11381572,0.06833574,0.10365215,0.09641417,0.093115576
0.14207089,0.13136826,0.110550545,0.11118767,0.08351672,0.08344878,0.059371416,0.09929935,0.07854053,0.100645885
0.113110416,0.09736399,0.118473046,0.10099137,0.10210207,0.100277245,0.07481213,0.102500446,0.09123108,0.099138185
0.11523124,0.12014439,0.117907956,0.10482859,0.07935306,0.085117586,0.05634309,0.117208704,0.08160241,0.122262985
0.114997864,0.11925872,0.11808036,0.104113445,0.08054887,0.08438884,0.056253307,0.11787005,0.08250701,0.12198154
0.13702257,0.14136451,0.111273855,0.096748486,0.07627658,0.096989274,0.047319274,0.10022849,0.0865617,0.10621529
0.117917106,0.090129256,0.11145335,0.097898126,0.1124465,0.11286078,0.08280665,0.09449132,0.09206757,0.08792936
0.14514667,0.1508853,0.10657927,0.09876239,0.07520243,0.09459761,0.046275407,0.09615936,0.08182053,0.104571015
0.13786231,0.14081839,0.11144096,0.09791776,0.07735331,0.09584997,0.04757326,0.09988666,0.08495332,0.10634412
0.14293645,0.15378717,0.10754829,0.09716391,0.07264833,0.093715385,0.04655133,0.09707504,0.08267327,0.105900854
0.11742452,0.088252366,0.11210821,0.097986974,0.11391167,0.11347755,0.08273287,0.09460673,0.09234654,0.08715256
0.12339818,0.10702122,0.109888434,0.098554,0.101880275,0.10871712,0.06555852,0.09890952,0.090817556,0.09525511
0.1447217,0.15711144,0.10593522,0.09842262,0.072983555,0.092696324,0.045850523,0.09648006,0.079857536,0.105941035
0.13159339,0.118967004,0.10911818,0.0974115,0.0950918,0.10910488,0.055657614,0.09696549,0.08700472,0.09908539
0.119501,0.11472214,0.11875649,0.10632737,0.088115714,0.08887364,0.056596644,0.10872328,0.08498706,0.11339664
0.1284983,0.12413956,0.11579587,0.102559805,0.08673617,0.09589288,0.048648555,0.10439373,0.08476167,0.108573444
0.13139023,0.11986037,0.1093658,0.0978915,0.09485307,0.10790591,0.054219,0.097711116,0.08705255,0.09975055
0.12780908,0.12255417,0.11572241,0.101634845,0.088137716,0.099144846,0.047847487,0.10494205,0.08482454,0.10738289
0.114805005,0.07951614,0.111743756,0.09736744,0.12114116,0.12626606,0.08413267,0.09128749,0.09327862,0.080461666
0.115195796,0.11944447,0.11775486,0.10484092,0.08022348,0.08569235,0.055881873,0.11722384,0.08169624,0.12204626
0.11488147,0.119191274,0.11837174,0.10406439,0.080171905,0.08480542,0.056270514,0.117816344,0.08271567,0.12171123
0.12773389,0.122581124,0.11513496,0.09918147,0.08910549,0.10334373,0.04932149,0.10222039,0.08487792,0.10649953
0.11072218,0.09814296,0.119003356,0.09745415,0.100371584,0.100256026,0.066460006,0.109028086,0.09613123,0.102430485
0.11124347,0.094927914,0.1178268,0.098804474,0.102373846,0.10108636,0.08128961,0.10098525,0.09271224,0.09875007
0.14070317,0.1432861,0.11021534,0.10309193,0.07698113,0.089934096,0.045844983,0.10180737,0.08173678,0.106399
0.107916236,0.09857345,0.12065111,0.098140284,0.097806334,0.10094778,0.06362296,0.112201005,0.09607704,0.104063824
0.13929544,0.14199346,0.11080704,0.10017311,0.07780834,0.09380502,0.04593875,0.10103052,0.08265341,0.106494956
0.11217736,0.100354396,0.1145138,0.10060606,0.09526091,0.09480296,0.090610504,0.101636186,0.0882249,0.10181292
0.11125175,0.09195012,0.11634001,0.09288174,0.107069954,0.11845225,0.06601552,0.10324121,0.101507284,0.09129019
0.12515375,0.11915637,0.115836106,0.100021884,0.09019871,0.10189105,0.05057753,0.1042914,0.08651549,0.10635775
0.11507271,0.11953031,0.117694445,0.10508383,0.079360716,0.08513166,0.056066476,0.117881626,0.08093345,0.12324477
0.12771633,0.12126995,0.11511096,0.10038813,0.08946235,0.10084327,0.050359517,0.1029175,0.08548196,0.10645003
0.11737659,0.11048452,0.118886314,0.104100026,0.09468428,0.088943005,0.06580664,0.10698199,0.088648595,0.10408803
0.112000026,0.08781106,0.11808417,0.09563974,0.10897632,0.112342,0.07640035,0.10031599,0.097599745,0.090830654
0.1448048,0.15558116,0.10705841,0.098614596,0.073713675,0.092417516,0.045675933,0.096466474,0.07939052,0.106276944
0.14355183,0.13491635,0.10972973,0.10937108,0.08193936,0.08522845,0.05520317,0.0990964,0.079303496,0.10166011
0.1484034,0.13550144,0.107456304,0.11380778,0.081103116,0.08309089,0.055897534,0.097938456,0.07418048,0.10262057
0.11574397,0.12502643,0.11875884,0.10319897,0.075832635,0.08284433,0.054070722,0.11923912,0.08277354,0.12251147
0.11467082,0.08581219,0.10950393,0.09452898,0.11679372,0.13008098,0.070580095,0.097537994,0.09932448,0.08116669
0.14548005,0.1590387,0.106253766,0.10021378,0.07191155,0.090603136,0.043720324,0.09808061,0.07808547,0.106612615
0.14481315,0.15574016,0.10734492,0.0987403,0.07226347,0.09196657,0.045365393,0.09724731,0.080989644,0.10552912
0.11161856,0.09309949,0.11697694,0.098648496,0.10215191,0.10268999,0.088557,0.09929423,0.089776255,0.097187154
0.11377557,0.111664124,0.12038551,0.10556046,0.087169,0.08851112,0.05903629,0.11187395,0.08668747,0.11533654
0.11733917,0.11392121,0.11879746,0.1084552,0.086774565,0.08614719,0.058313683,0.11113772,0.08288253,0.11623129
0.14462143,0.15604946,0.106028736,0.09843792,0.07336369,0.09313518,0.045796,0.09652745,0.08023366,0.10580648
0.13426815,0.13211498,0.11106263,0.096604764,0.08673932,0.1055725,0.049202748,0.0970981,0.08358207,0.10375473
0.13993838,0.14271326,0.11032295,0.1001011,0.07815183,0.094488546,0.0458858,0.10016416,0.081767194,0.1064667
0.14532672,0.1327901,0.10690596,0.11197576,0.08444703,0.08625104,0.054349437,0.09855736,0.07659321,0.10280335
0.13580151,0.13264687,0.1105879,0.09705912,0.08594253,0.10486484,0.048564702,0.097148724,0.0836032,0.103780545
0.13365391,0.11235316,0.107217096,0.107566975,0.09950436,0.0966231,0.06688999,0.09647767,0.08444511,0.09526858
0.11057407,0.10031202,0.11990948,0.099624656,0.09768122,0.09907286,0.06254153,0.111335315,0.09365044,0.10529846
0.1140941,0.089468874,0.11878277,0.097848766,0.109157585,0.115720384,0.06737813,0.10148247,0.094866365,0.09120059
0.12585753,0.11978619,0.1164805,0.098358646,0.08750113,0.10061533,0.049285863,0.10611149,0.08919654,0.10680678
0.13906065,0.14130719,0.11096529,0.09942293,0.07831837,0.09487442,0.04651844,0.10032035,0.08306083,0.1061516
0.11409102,0.11776246,0.11849103,0.103076,0.08116394,0.08733439,0.05590237,0.117119685,0.0859161,0.119143024
0.11647472,0.11368311,0.11909099,0.10797642,0.0873505,0.08561011,0.059418447,0.111172944,0.08349338,0.1157294
0.13855761,0.1407229,0.11065089,0.09772424,0.078980625,0.09729607,0.04728334,0.09924165,0.08377357,0.10576917
0.105590776,0.09265869,0.12314768,0.09848464,0.097909555,0.1024398,0.059231646,0.11865784,0.097110845,0.104768515
0.11645105,0.07903191,0.112412795,0.098355636,0.12126068,0.122968905,0.079959415,0.09358017,0.09514473,0.08083478
0.112077385,0.0887892,0.118145175,0.09493039,0.10792167,0.1113112,0.075829506,0.10074321,0.09831284,0.09193943
0.10945061,0.101779476,0.11895439,0.09750381,0.09660141,0.09988062,0.06278226,0.11132617,0.09727716,0.10444411
0.118659385,0.11441887,0.12039268,0.105343066,0.08681084,0.08803108,0.056269262,0.1095052,0.08697849,0.113591164
0.14232063,0.15099585,0.108477704,0.10566251,0.074242204,0.084922425,0.047098402,0.10161638,0.077298984,0.10736488
0.1261958,0.11993854,0.11610469,0.10024054,0.08909212,0.100130014,0.049626295,0.10513275,0.0868568,0.106682494
0.12785596,0.12038402,0.11557028,0.101148196,0.08920721,0.098804094,0.049878348,0.10440692,0.08608492,0.10666007
0.11226941,0.09303386,0.11716723,0.09626622,0.10518611,0.112507224,0.062257282,0.1079252,0.09902098,0.09436652
0.14582482,0.13362506,0.10733195,0.1118933,0.083376594,0.08537383,0.054689977,0.09869556,0.07658355,0.10260532
0.11578715,0.12117615,0.117753394,0.10572224,0.08023202,0.08485571,0.056499414,0.1157767,0.08160737,0.12058987
0.11143828,0.093617916,0.11735969,0.09501529,0.10433081,0.11129324,0.06360339,0.10801173,0.10075214,0.09457743
0.11134657,0.08948853,0.10368106,0.090435825,0.114009,0.13123284,0.06426514,0.103127725,0.10886289,0.08355047
0.13382587,0.11344402,0.1067555,0.10708897,0.099315144,0.09727034,0.06605608,0.09616242,0.08489576,0.09518578
0.11191385,0.095182516,0.11744282,0.09990805,0.10314488,0.102658264,0.08024486,0.10098086,0.09187048,0.096653394
0.11020979,0.098825224,0.11964112,0.09927104,0.099190965,0.09960784,0.06479637,0.11074669,0.09399757,0.10371344
0.12502454,0.12230618,0.11667231,0.098165296,0.08645229,0.1012039,0.049442004,0.10476661,0.08779655,0.10817022
0.11107734,0.09899388,0.11887306,0.09826266,0.10048517,0.100297995,0.066261366,0.109278955,0.09485711,0.1016125
0.11478742,0.081663944,0.11263441,0.09984795,0.11796115,0.13480964,0.06413059,0.09919584,0.09357883,0.08139027
0.11305497,0.08517463,0.116437584,0.09814302,0.11211036,0.112304494,0.081356645,0.097812794,0.09385769,0.08974783
0.1115358,0.1046931,0.120649606,0.100354,0.09045892,0.09515217,0.056482565,0.11469953,0.09466709,0.11130724
0.14593412,0.1570391,0.10585329,0.09918124,0.073105514,0.092260525,0.045020342,0.096553825,0.079292856,0.105759144
0.111930035,0.094222456,0.11804526,0.096251465,0.10375948,0.11073704,0.062316023,0.10812058,0.09857209,0.09604546
0.14457664,0.13330533,0.107588105,0.1110668,0.0830283,0.08579016,0.05659122,0.09822778,0.07830438,0.10152131
0.14647453,0.15758048,0.10548359,0.09891763,0.07345577,0.092861295,0.04525245,0.09560067,0.078963056,0.105410494
0.12845853,0.12521383,0.1153806,0.103236236,0.086546145,0.09606638,0.047121197,0.105717674,0.083556704,0.10870273
0.11165978,0.08689721,0.11553094,0.095008224,0.11083584,0.11367914,0.080271885,0.099105045,0.097666115,0.089345805
0.113234386,0.08830583,0.10417283,0.09254225,0.11615086,0.13243489,0.06730428,0.09905808,0.10547998,0.08131666
0.11082541,0.09719203,0.11910258,0.09852722,0.10092039,0.10118861,0.06587751,0.11008933,0.09416613,0.10211086
0.113506034,0.08818645,0.10441746,0.09309291,0.11650286,0.13268596,0.06756275,0.098559625,0.10440431,0.08108157
0.12092925,0.08515399,0.1130656,0.103016175,0.11643694,0.117968835,0.07006276,0.09672535,0.09232396,0.08431716
0.115954064,0.08923525,0.1090571,0.09314896,0.11344785,0.11731795,0.085575715,0.09429987,0.097210914,0.08475236
0.11483503,0.080411956,0.11138027,0.09722116,0.12051448,0.12580062,0.084027894,0.091565974,0.093320966,0.08092168
0.12772906,0.10862022,0.10755685,0.10238161,0.10082463,0.103027724,0.069965065,0.09653261,0.08740376,0.095958486
0.1394521,0.14397253,0.110228084,0.10045589,0.07640686,0.09224006,0.04678039,0.10118328,0.082823105,0.10645774
0.11264749,0.088772714,0.11780374,0.0964239,0.10871339,0.11093438,0.07527526,0.100793205,0.0967415,0.09189446
0.10909879,0.09934594,0.118935585,0.0968069,0.0988881,0.10097584,0.0653177,0.11062266,0.09774992,0.10225863
