0.00011220239,0.047116056,0.9507776,0.0018587529,0.00013507539,2.6238276e-09,1.4987899e-08,2.721377e-07,1.5260177e-08,1.5370472e-09
0.00028656042,0.4462959,0.5505198,0.0028958002,1.57911e-06,5.683589e-10,3.3867276e-09,3.3054235e-07,3.1510443e-09,1.8601607e-09
6.147161e-05,0.0031271076,0.3225827,0.5126916,0.16105026,2.3061992e-05,0.0001830847,0.0002704096,2.486665e-06,7.8674575e-06
0.0063519753,0.6812141,0.310816,0.0016119523,5.2466703e-06,2.675424e-08,7.620595e-09,7.5035155e-07,5.4223673e-08,9.500424e-09
4.5543557e-06,0.00044603716,0.027243588,0.62125915,0.35085213,0.00011940187,2.8626268e-05,4.2036292e-05,3.196579e-06,1.2598308e-06
0.6973014,0.30267084,2.7791433e-05,5.565202e-10,3.0263292e-11,3.0764535e-13,5.4168584e-13,5.5313778e-11,4.5283277e-10,5.238706e-13
0.0631185,0.92058694,0.016291847,2.7372294e-06,2.172713e-08,6.286357e-11,1.462807e-10,1.7919902e-08,7.678905e-09,2.9824193e-10
0.6354524,0.3645263,2.1260194e-05,2.1217283e-10,4.5755695e-12,3.036888e-14,1.1717927e-13,1.917318e-11,6.639399e-11,2.0654443e-13
0.69311976,0.30683586,4.4409688e-05,1.8308866e-09,8.100151e-11,1.3960013e-12,3.2929232e-12,3.409712e-10,1.2201987e-09,6.865176e-12
7.090659e-06,0.0045240154,0.984107,0.011331302,3.0203133e-05,1.9996544e-09,7.785267e-09,3.3939935e-07,2.311672e-09,1.0700604e-09
0.021905929,0.9771614,0.00093242055,1.9741957e-07,4.1155285e-10,2.445209e-12,1.036701e-11,1.3551119e-09,5.491305e-10,1.962145e-11
8.048308e-06,0.000114963295,0.008219877,0.037911914,0.9381117,0.0148640955,3.6061585e-05,0.00039806732,7.338394e-05,0.0002618898
3.764851e-05,0.18770827,0.81145096,0.0007984916,4.5523325e-06,2.0119312e-10,3.1883596e-09,1.225997e-07,4.566973e-10,1.4038902e-10
0.9667122,0.033275522,1.234467e-05,7.866743e-11,3.3213373e-12,1.4636668e-14,9.961204e-14,1.4436893e-11,5.6932636e-11,3.0194133e-13
0.00063318637,0.9652389,0.03412153,6.177637e-06,1.4222468e-07,6.0315967e-12,9.377129e-11,2.2597177e-09,2.8380742e-10,1.7154193e-11
1.5307001e-05,0.0006141087,0.0072208927,0.046709917,0.9433272,0.00071442063,0.0011478905,0.00017110893,6.045094e-05,1.8657749e-05
2.2240527e-05,0.029654436,0.9696863,0.0006357999,1.1993293e-06,7.823969e-11,2.632541e-10,2.359581e-08,1.9579849e-10,3.8427626e-11
9.6117965e-06,0.00035166775,0.015128115,0.08496597,0.8978773,0.00036768874,0.00082871044,0.00039169108,6.668245e-05,1.2554164e-05
1.7842203e-05,3.1453696e-05,0.0010141016,0.0034859974,0.06687923,0.0026762376,0.9142578,0.010618272,0.00023537308,0.00078358763
0.00038590562,0.960821,0.038783688,8.8853985e-06,5.175341e-07,7.1762506e-11,5.2725585e-10,5.725637e-09,7.055355e-10,8.210744e-11
1.559087e-05,0.022421489,0.97461355,0.0028441895,0.00010449816,4.7545448e-09,4.5298343e-08,6.7101325e-07,4.32266e-09,1.3472238e-09
0.009242064,0.9486899,0.04205145,1.6361862e-05,1.8392487e-07,1.4533309e-10,3.5566072e-10,2.385406e-08,5.6688085e-09,3.7919368e-10
0.073736496,0.9241315,0.0021314975,4.3917908e-07,3.783554e-08,1.0072696e-10,4.0483863e-10,8.797509e-09,8.954271e-09,2.7388103e-10
0.0012242853,0.9740815,0.02464566,4.7486657e-05,8.720209e-07,2.185804e-09,5.1803766e-09,7.059755e-08,9.334331e-09,9.37422e-10
0.028624045,0.056785256,0.91136795,0.0031312353,8.412128e-05,4.5839826e-07,1.2544598e-07,2.8911795e-06,1.6529593e-06,2.265667e-06
0.0024803698,0.9927689,0.0047504823,2.6855096e-07,6.4178296e-10,6.896843e-13,2.225377e-12,1.0414961e-09,6.241205e-11,2.3824955e-12
7.1717426e-05,0.0065566795,0.72646254,0.21638809,0.0498933,1.2268457e-05,0.0001286461,0.000480324,1.2209647e-06,5.2317514e-06
6.13283e-05,0.05603832,0.9431214,0.00077195745,6.6790085e-06,1.1213242e-08,1.2878232e-08,3.8859255e-07,5.6589506e-09,2.5159432e-09
0.008655126,0.990719,0.00062591303,6.610406e-09,1.1798171e-09,4.4043003e-14,9.92932e-13,3.4223274e-11,1.9806571e-11,2.1062099e-13
5.33949e-06,0.006745795,0.99091446,0.0023229306,1.10304745e-05,2.9758656e-09,7.941971e-09,3.5682984e-07,1.1380877e-09,5.9943617e-10
0.00045671494,0.99924016,0.0003030973,9.057303e-09,1.5638612e-11,2.3203812e-14,8.1254475e-14,3.1112606e-11,8.5137426e-13,7.1974294e-14
6.150051e-05,0.0067446907,0.08835965,0.32572082,0.57793295,0.00028879318,0.0005390388,0.00028056616,5.67402e-05,1.5269467e-05
0.00096278946,0.9816342,0.017397067,5.808204e-06,1.2314557e-07,4.9728333e-11,1.3505913e-10,7.269009e-09,7.727329e-10,5.11363e-11
0.0024179597,0.9936608,0.0039191265,1.9988008e-06,4.853099e-09,7.741961e-12,1.7654996e-11,2.2809448e-09,2.5218527e-10,2.7200813e-11
0.00043977014,0.9852621,0.0142953545,2.8436834e-06,4.010825e-08,9.743688e-12,2.209863e-10,6.703273e-09,1.4021956e-10,3.363966e-11
0.005649657,0.9817571,0.012585505,7.691152e-06,5.818348e-09,2.8735006e-11,1.9819008e-10,5.1136542e-08,9.2286606e-10,1.3778802e-10
0.00062575965,0.81542367,0.18394291,7.492262e-06,1.454001e-07,1.6574754e-11,2.695203e-10,1.2350407e-08,6.8242734e-10,3.8948837e-11
2.385733e-06,0.00077002094,0.098928146,0.78242457,0.004730708,8.812712e-05,0.00012033953,0.1129319,5.213268e-07,3.2649866e-06
6.7649096e-05,0.050414104,0.94611454,0.0033956221,7.941166e-06,3.3377927e-09,2.8893958e-09,2.1975266e-07,3.0081546e-09,1.3681588e-09
4.467375e-05,0.00012588709,0.00533811,0.016339406,0.44621515,0.5269641,0.00042786816,0.0010341344,0.0031587465,0.00035190658
0.9602905,0.039707508,1.9086401e-06,5.3588706e-11,7.6270815e-13,1.2467758e-14,3.6801186e-14,1.2028328e-11,7.115985e-11,6.396798e-14
0.7104531,0.28934282,0.00020414066,1.8296166e-08,6.632713e-10,1.0531447e-11,1.40829865e-11,1.6084335e-09,4.0743906e-09,4.0297307e-11
0.0054760287,0.9939003,0.0006236058,5.913676e-08,2.4293376e-09,5.729443e-13,1.1186132e-11,3.8305015e-10,1.4913933e-10,4.4809794e-12
0.00015094687,0.10253693,0.89640826,0.0009015749,2.1657904e-06,4.977454e-10,2.9080525e-09,1.47334e-07,4.084727e-09,1.8026879e-09
0.24413398,0.7558538,1.2248999e-05,2.090897e-10,9.496404e-12,1.9821349e-13,4.0696838e-13,2.0541381e-11,1.5322532e-10,6.830847e-13
0.62327737,0.37671745,5.11869e-06,1.5738865e-11,3.0723557e-13,1.8353624e-15,9.5872364e-15,1.9711563e-12,7.996648e-12,1.5005936e-14
3.3698936e-05,0.0053827483,0.4552082,0.511847,0.02596792,0.0010193666,3.2636282e-05,0.0005023124,2.5403117e-06,3.5356127e-06
2.542947e-05,0.008124211,0.68891704,0.15005988,0.15284452,6.3524374e-07,1.1653446e-05,1.6054357e-05,2.906317e-07,2.4219864e-07
0.0065890537,0.93926483,0.053332567,0.0007790526,3.32329e-05,1.2647754e-07,1.0223103e-07,7.8343373e-07,2.002201e-07,4.3472347e-08
5.306689e-05,0.050564475,0.94307864,0.006293423,1.0093878e-05,5.94985e-09,2.4035807e-09,3.0395498e-07,2.8792344e-09,1.9871123e-09
7.717925e-08,0.00040249358,0.9907024,0.008893472,1.4760167e-06,4.2703088e-11,4.070945e-10,8.3304364e-08,1.6260285e-11,2.3418918e-11
0.003086622,0.34247035,0.5990722,0.050523166,0.0036712987,0.00080161885,2.6697104e-05,0.00029565673,3.6289053e-05,1.603704e-05
0.0052058096,0.8927388,0.102042146,1.25248525e-05,6.07205e-07,2.7817781e-10,5.376201e-10,1.3775438e-08,5.256615e-09,3.4745343e-10
0.0056648105,0.9941474,0.00018774031,6.4013115e-09,1.2752216e-10,1.7623374e-13,1.7611218e-12,1.8896623e-10,3.527485e-11,8.818396e-13
0.0028963338,0.80425143,0.1925451,0.00029901857,6.190281e-06,4.914611e-09,8.466009e-08,1.7395186e-06,6.5413886e-08,2.6248593e-08
2.9282877e-05,0.003181773,0.19035463,0.6576564,0.13972698,0.008151014,7.679525e-05,0.0008139041,4.0682567e-06,5.16938e-06
0.9836895,0.016304413,6.044078e-06,2.813106e-10,4.2081655e-12,3.1151503e-13,1.4015984e-13,5.5019222e-11,3.996263e-10,4.828144e-13
0.001325271,0.52089834,0.4763045,0.0011453895,0.00032497535,1.1219461e-08,4.7686075e-07,9.451455e-07,7.259239e-08,2.4601512e-08
0.5684885,0.4314694,4.2175863e-05,2.1742967e-09,7.102151e-10,2.0615099e-13,3.1872354e-12,1.4348348e-10,1.454046e-09,5.691167e-12
0.5712202,0.42875013,2.964497e-05,8.0006775e-09,5.4556387e-11,1.1955605e-12,1.5965994e-12,2.1203593e-10,7.618571e-10,4.552472e-12
0.021832572,0.97806454,0.000102961036,1.6012206e-09,3.592635e-11,4.470887e-14,3.9441535e-13,3.9603727e-11,2.114355e-11,3.570798e-13
0.043818753,0.9364857,0.019669168,2.489575e-05,8.197013e-07,2.2732877e-08,1.717346e-08,3.7094378e-07,2.662879e-07,1.2820518e-08
5.4207103e-06,0.0022921585,0.657499,0.3380228,0.0021698014,2.1140672e-06,2.744245e-07,8.270863e-06,7.7662975e-08,8.506498e-08
0.0033045593,0.9916823,0.0050010574,1.1786803e-05,7.978628e-08,2.2760944e-09,4.420424e-09,1.0550991e-07,9.646074e-09,2.5848854e-09
0.9682903,0.03164977,5.974014e-05,1.13132925e-08,1.6335251e-09,3.6140957e-10,1.421143e-10,8.850887e-09,5.77375e-08,4.936539e-10
1.1971772e-05,0.00023295442,0.018809833,0.19498082,0.78177,0.003318187,0.00033251673,0.0004196224,0.000106531705,1.7534847e-05
5.9912077e-06,0.00091813336,0.09697824,0.83301824,0.06899634,2.2826833e-05,1.1469396e-05,4.6591827e-05,1.6384315e-06,5.717e-07
0.005302449,0.9938547,0.00084271724,8.693211e-08,7.842188e-10,5.0120116e-12,1.7639926e-11,3.4387269e-09,1.4311216e-10,4.7091753e-12
0.29768008,0.7022176,0.00010237881,7.668535e-09,6.8316484e-11,1.6884005e-13,1.7658254e-12,1.9775646e-10,2.725567e-10,2.6418182e-12
2.3809444e-06,0.002608096,0.9529217,0.044463456,4.254924e-06,4.1134183e-11,2.2655031e-09,1.4440751e-07,5.946869e-11,1.9628887e-10
0.0005010839,0.0046987194,0.01400595,0.05026142,0.1503155,0.7786421,0.00011860402,0.0006457029,0.00048072299,0.00033012772
0.92317,0.07682793,2.137493e-06,3.6519138e-10,2.3415473e-11,6.128009e-13,8.715557e-13,9.703611e-11,1.0643281e-09,2.5437705e-12
2.4940941e-06,0.051257603,0.9051405,0.04357222,1.817735e-05,1.979354e-09,1.3597949e-07,8.833608e-06,2.5306945e-10,1.4040729e-09
0.02023765,0.85937864,0.12028722,8.295058e-05,1.2911279e-05,5.5419882e-08,2.4279268e-08,2.9131556e-07,1.8439094e-07,1.3869342e-08
4.2135907e-06,0.00038717187,0.14340308,0.81980747,0.035854,0.00015960533,3.2398077e-06,0.00037827122,1.8491055e-06,1.0927632e-06
0.0027071654,0.9965306,0.00075005775,7.488126e-06,4.697207e-06,1.2233236e-09,4.664305e-09,1.359277e-08,1.3098844e-08,8.9068736e-10
6.241167e-05,0.003088088,0.07618804,0.15138456,0.36221856,0.40406916,0.0001822713,0.002756482,2.7776667e-05,2.2707676e-05
0.0030736916,0.12072508,0.8689923,0.0063722515,0.00083444454,2.8067895e-08,2.1924741e-07,1.6240268e-06,3.363347e-07,2.1384228e-08
0.0012501332,0.991295,0.007453223,1.6267849e-06,9.42268e-09,2.9154949e-12,2.2663852e-11,6.3937616e-10,1.0564189e-10,5.7455538e-12
4.4662283e-05,0.030553836,0.9636562,0.0057322546,1.2640574e-05,3.8350967e-09,4.0436294e-09,4.2742326e-07,3.727298e-09,1.2603437e-09
0.0007937411,0.7488237,0.24996248,0.00041801395,1.838139e-06,5.686325e-10,9.221339e-09,2.073311e-07,2.8687537e-09,4.197556e-09
0.013132332,0.9130898,0.07376498,1.226012e-05,5.9495085e-07,8.065902e-10,6.0098135e-09,6.310739e-08,1.9296658e-08,1.683835e-09
0.0012041666,0.99868685,0.000108952525,1.6521611e-09,1.907454e-11,1.1907759e-14,9.0634084e-14,1.08797745e-11,2.6548512e-12,6.314692e-14
0.0016658584,0.9978332,0.0005002835,6.133048e-07,7.576392e-08,8.363266e-12,5.6618186e-11,5.1009025e-10,5.5132665e-10,2.3656911e-11
0.0033986378,0.16094883,0.8215035,0.014023702,0.000103364204,1.240225e-06,3.3652688e-07,1.9169698e-05,9.349003e-07,3.6608498e-07
1.2672034e-05,0.0010689553,0.027969975,0.8713347,0.09893049,0.00056509936,8.304122e-06,0.00010404221,3.287476e-06,2.4237645e-06
3.9706352e-05,0.0002714089,0.018927945,0.121699095,0.76059127,0.089896336,0.002900709,0.0016787503,0.0014226114,0.0025721819
9.534066e-05,0.29231378,0.70662093,0.0009235778,4.5585726e-05,8.088015e-09,5.1917468e-08,6.8501754e-07,9.52583e-09,5.6964278e-09
0.014960312,0.9845227,0.0005168674,1.01611036e-07,6.005251e-09,6.2047975e-12,6.046967e-11,1.0861598e-09,9.347937e-10,2.7275734e-11
0.0057232305,0.97205555,0.021944541,0.00027533888,1.0445702e-06,3.0508083e-08,4.990273e-09,1.8971042e-07,3.86276e-08,1.077676e-08
0.0003683321,0.9993185,0.00031321266,2.996267e-08,1.1303851e-10,7.8762504e-14,7.8798166e-13,6.97e-11,3.0403004e-12,5.338171e-13
0.022300338,0.97270995,0.00498953,1.3762698e-07,1.3944875e-09,1.8809617e-11,7.327645e-11,2.1930586e-09,2.0084173e-10,4.623868e-11
6.957217e-05,0.9995975,0.00033290437,4.9665886e-08,1.029073e-10,4.920372e-14,9.877066e-13,1.0904311e-10,5.80759e-13,2.0842086e-13
0.0027894706,0.9968951,0.00031549076,4.057825e-08,5.924603e-10,2.0262303e-13,1.4502077e-12,7.47119e-11,3.8150594e-11,9.0311536e-13
0.0001272653,0.14967322,0.84636426,0.0037950573,4.0131294e-05,6.7418554e-10,4.385957e-09,1.2679048e-07,2.107671e-09,2.9907446e-10
0.99384224,0.0061561055,1.6615003e-06,5.6480976e-11,9.42325e-12,7.496806e-13,5.170746e-13,6.544277e-11,1.2053636e-09,1.0594374e-12
0.00021811595,0.63379735,0.36378148,0.0021799563,2.2864819e-05,3.2046334e-09,3.217282e-08,2.5690179e-07,7.495983e-09,1.5034777e-09
0.00013564149,0.71264327,0.28652814,0.00067323644,1.9684432e-05,3.4317635e-10,5.645617e-09,4.204264e-08,1.730214e-09,8.051707e-10
0.34533888,0.6542914,0.00036962403,1.10655485e-07,9.750915e-10,1.4517558e-11,1.7126725e-11,3.5796992e-09,3.0392278e-09,4.1350364e-11
1.870287e-05,0.0013611892,0.07793198,0.83572143,0.08291434,0.00048599468,0.00060550077,0.000924496,1.569208e-05,2.0658073e-05
0.0030962173,0.6464001,0.34939978,0.00096445996,0.0001371524,1.621338e-07,1.4588485e-07,1.4693467e-06,4.309596e-07,7.940463e-08
0.9830792,0.016917475,3.2787495e-06,4.8056732e-11,1.6209806e-12,3.461761e-14,1.3115607e-13,2.2119034e-11,1.3972674e-10,2.6800936e-13
3.53942e-05,0.004496717,0.87979597,0.11384031,0.0018230072,4.824798e-07,3.946381e-07,7.385214e-06,1.4499798e-07,1.7642544e-07
5.624259e-06,0.0031142253,0.9830173,0.013793546,6.891213e-05,3.4016254e-09,1.3505573e-08,3.8300396e-07,3.5353165e-09,1.0376944e-09
0.008544383,0.88964486,0.101796,1.4395486e-05,3.1849055e-07,7.336149e-11,1.0397185e-09,2.2368479e-08,2.8953353e-09,3.5925682e-10
0.0031484524,0.8056434,0.19117941,2.7521328e-05,1.15955e-06,4.7358745e-11,1.5899982e-09,3.0257368e-08,3.8855874e-09,1.6742453e-10
1.9536743e-05,0.018497389,0.92573166,0.05502353,0.0005025611,3.9888678e-07,1.9040461e-06,0.00022271875,6.907961e-08,1.9826071e-07
8.708457e-05,0.025500802,0.94158816,0.030355627,0.002464802,1.235494e-07,6.3446913e-07,2.514647e-06,1.3069071e-07,3.17973e-08
0.00046255876,0.30855316,0.68988925,0.0010843796,1.0562685e-05,2.793832e-10,3.8558614e-09,1.1110709e-07,1.874704e-09,4.2660858e-10
1.00675925e-05,0.00012571937,0.0027481187,0.21724947,0.5607857,0.210538,0.0027716898,0.0055431393,0.00016490502,6.321784e-05
0.008674468,0.99073106,0.0005945344,9.615541e-09,1.1915431e-10,1.4520507e-13,4.8459565e-13,2.3588978e-10,3.0787296e-11,4.642e-13
0.00022747379,0.4775241,0.5205262,0.0015503485,0.00017173881,2.098031e-09,2.2319595e-08,1.6318585e-07,6.632913e-09,2.2895077e-09
9.650717e-06,0.0062600435,0.9737292,0.019413734,0.0005841319,4.3792095e-08,2.2496846e-07,2.8972618e-06,2.3640288e-08,9.414979e-09
0.022644876,0.9771444,0.00021068548,1.976598e-08,3.7447298e-10,2.2242696e-12,6.296177e-12,4.015869e-10,2.7997718e-10,5.705627e-12
5.758053e-05,0.0023612834,0.29859227,0.3849429,0.3098175,0.0038450004,1.6765347e-05,0.0002696287,7.638686e-05,2.0668585e-05
0.70896274,0.29103377,3.495855e-06,5.0449766e-11,9.665448e-13,2.0304464e-15,9.5665265e-15,1.8443359e-12,1.4959556e-11,1.791023e-14
0.058049083,0.9417315,0.00021940391,1.5355413e-08,8.239027e-10,1.611282e-12,1.1157155e-11,3.6604417e-10,4.43085e-10,5.0174075e-12
0.020507483,0.9786032,0.00088921294,1.3816297e-07,8.3157525e-10,1.3823676e-11,7.796468e-12,9.222976e-10,3.3426414e-10,1.7321916e-11
0.0013334102,0.9408983,0.05743182,0.0003328211,1.9260149e-06,5.147295e-09,3.43534e-08,1.6632367e-06,3.4747874e-08,1.8065304e-08
0.00033754398,0.0019803166,0.017814083,0.024624016,0.90968823,0.000640436,0.04020368,0.0008632988,0.0021872965,0.0016609888
0.002553402,0.997273,0.00017357421,1.158789e-08,1.6023986e-10,7.790159e-14,1.5709303e-12,4.9267597e-11,1.4555922e-11,3.2892837e-13
0.0006119587,0.004313875,0.25564504,0.41978723,0.30693263,0.011335091,9.861985e-05,0.0006220493,0.0005828721,7.064051e-05
0.0030992746,0.9735719,0.023319788,8.635784e-06,3.227863e-07,5.1659375e-09,1.7031879e-09,6.709097e-08,8.699269e-09,1.2346404e-09
0.0339297,0.93594986,0.030100781,1.9525844e-05,5.6418834e-08,3.2989533e-10,6.1247024e-10,1.1103791e-07,9.160174e-09,1.5158496e-09
0.013226984,0.97039527,0.01631778,5.9750568e-05,1.3742182e-07,2.32024e-09,9.758403e-10,9.616967e-08,1.5614248e-08,1.6673567e-09
0.0071509006,0.97987765,0.012638111,0.0003111346,1.996002e-05,3.909091e-08,4.4970992e-07,1.3067942e-06,4.880298e-07,5.5286336e-08
0.008265406,0.99056506,0.0011691832,2.9459517e-07,4.70891e-09,4.6147695e-12,8.2115446e-11,1.7717184e-09,9.724691e-10,2.5546123e-11
0.00056132814,0.24665238,0.6920163,0.060646337,8.656937e-05,7.8688316e-07,8.4843646e-07,3.4800512e-05,1.443083e-07,4.883521e-07
1.2322253e-05,0.029615775,0.9638209,0.006528706,2.225621e-05,1.2694285e-09,4.5834887e-09,8.53273e-08,7.657264e-10,6.9340367e-10
0.0018331879,0.99794966,0.0002171628,3.409748e-08,1.4509985e-10,1.6389716e-13,1.9995574e-12,1.189804e-10,2.464721e-11,1.8258027e-12
0.52052534,0.47728932,0.0021845791,6.576166e-07,2.1631827e-08,9.0997716e-11,6.0071786e-10,2.3721917e-08,8.267232e-08,4.2230167e-10
0.26649526,0.7326107,0.0008938065,1.6854158e-07,1.1443853e-08,2.8778704e-10,2.228691e-10,1.0262998e-08,2.3650449e-08,1.7870092e-10
0.00024839115,0.18243334,0.80847025,0.008794255,5.2630283e-05,8.541251e-08,1.6551908e-08,9.263685e-07,2.7355616e-08,1.4115857e-08
0.0039652805,0.90141416,0.09444203,0.00017769822,7.650143e-07,3.0651914e-10,6.706125e-10,4.8036114e-08,6.8494392e-09,4.0272358e-10
2.979201e-05,0.0011122905,0.02272722,0.43229654,0.5168184,0.02655611,8.720674e-05,0.0002893654,6.530698e-05,1.763745e-05
5.2408363e-06,0.00055717037,0.040286418,0.37684828,0.57866704,0.00067621324,0.0010021848,0.0019454241,6.027336e-06,6.057907e-06
1.8856905e-06,0.0012719379,0.8639211,0.13409656,0.0006923338,2.4623267e-07,4.1656816e-07,1.545605e-05,2.4908946e-08,2.179807e-08
0.0012987648,0.48907202,0.50953656,8.966649e-05,2.8934153e-06,2.113902e-10,3.0972276e-09,7.9313565e-08,4.397273e-09,2.830543e-10
0.21844187,0.7815397,1.8437697e-05,1.789284e-10,3.0480345e-12,5.464778e-15,4.22362e-14,7.8518555e-12,1.2297903e-11,5.997504e-14
0.500076,0.49991962,4.3593504e-06,4.3157405e-11,4.1869137e-13,2.2906778e-15,1.36743305e-14,4.719073e-12,1.4558688e-11,5.5385743e-14
0.99545056,0.0045493534,9.291196e-08,1.6558621e-13,5.7085057e-15,2.8240697e-17,3.9034783e-16,9.6992096e-14,1.9769384e-12,7.0419116e-16
0.027561653,0.76202244,0.20745835,0.0026790807,0.00015786999,1.7509557e-05,4.6522064e-06,7.212523e-05,2.2839291e-05,3.5077603e-06
6.7644846e-06,0.0002549925,0.0051340926,0.06489769,0.90687793,0.020526376,0.001161417,0.0011134318,2.0931859e-05,6.448053e-06
5.6149106e-06,0.007988123,0.9651481,0.026363246,0.0004933277,5.03193e-08,6.312224e-08,1.3993956e-06,3.5044996e-09,3.6443597e-09
0.06363065,0.9363198,4.950338e-05,2.1021622e-09,1.1752156e-10,3.4105775e-13,1.2182014e-12,8.521848e-11,2.385116e-10,8.805526e-13
0.013379418,0.9865854,3.5249544e-05,1.8403092e-09,2.4954224e-11,6.2859264e-14,1.8004062e-13,1.5808983e-11,1.836433e-11,2.2021793e-13
0.24112932,0.7585775,0.00029318832,2.7307626e-08,2.5451297e-10,1.8065561e-12,5.1746784e-12,5.3892213e-10,7.338901e-10,7.2305603e-12
0.00013895832,0.031665385,0.7573516,0.14658034,0.06417823,4.0815526e-06,3.9626466e-05,3.6906455e-05,2.4386572e-06,2.4124859e-06
0.013221195,0.9817393,0.0050381236,1.3639694e-06,1.7501492e-08,1.6036646e-11,2.2143598e-11,1.6821735e-09,8.083497e-10,6.1133786e-11
2.0041649e-05,0.0071889185,0.98926955,0.0034553849,6.406127e-05,1.8403794e-07,9.832989e-08,1.7182393e-06,3.691671e-08,1.4504959e-08
0.063244715,0.936676,7.933212e-05,1.0002044e-08,1.700806e-10,4.8677702e-12,4.2164015e-12,2.9636313e-10,3.3550143e-10,7.768517e-12
0.00013681094,0.03391939,0.257439,0.70360476,0.004788298,2.0183812e-05,1.2442882e-05,7.515405e-05,1.6724439e-06,2.4030999e-06
0.0018821586,0.99785966,0.00025812918,1.6395315e-08,5.0999777e-10,8.735232e-13,2.9922978e-12,1.8621163e-10,6.320854e-11,1.6388934e-12
1.8580764e-05,0.0023285984,0.92955506,0.06588506,0.0021569366,1.0512338e-05,1.4352962e-06,4.2745192e-05,6.7280405e-07,3.753539e-07
0.00044258582,0.43137315,0.56481594,0.0033240677,4.0233554e-05,7.799923e-09,3.3256288e-07,3.604396e-06,2.1195678e-08,4.376072e-08
0.00025060185,0.9451985,0.054388832,0.00016152611,1.6713282e-07,3.9770162e-10,4.735075e-09,3.8813542e-07,8.132432e-10,4.0021886e-10
0.0024324423,0.9972766,0.00029102154,7.015498e-09,5.401932e-11,2.5657596e-13,5.907562e-13,1.0853832e-10,2.230406e-11,3.7864254e-13
0.00029479136,0.08883813,0.90452236,0.0062503708,9.218689e-05,2.3596164e-07,1.08170696e-07,1.6289879e-06,1.2602094e-07,6.19323e-08
0.0036265533,0.9878614,0.008498251,1.3604969e-05,1.2024425e-07,2.3131335e-09,2.9957876e-09,1.0712099e-07,1.443657e-08,1.268189e-09
0.2900152,0.67384684,0.03333314,0.0026344443,0.0001238425,9.337916e-06,1.079502e-06,1.9868843e-05,1.2296661e-05,4.0157393e-06
0.9936719,0.0063272375,8.1594675e-07,1.722783e-11,5.560867e-13,1.8671381e-14,9.557767e-15,1.8101498e-12,4.381988e-11,3.7698597e-14
0.112790056,0.88704914,0.00016086911,5.3669305e-09,3.6648774e-11,1.547608e-13,2.3005662e-12,2.7051594e-10,2.4606572e-10,3.3532274e-12
0.0034004832,0.975683,0.020885753,3.0694606e-05,8.652058e-08,5.3800926e-11,1.06853575e-10,9.259381e-09,9.2377317e-10,6.556692e-11
0.00023265334,0.9895616,0.010205395,3.236113e-07,9.596203e-10,2.3692235e-13,7.0494136e-12,3.9059345e-10,5.191392e-12,9.026158e-13
0.061910287,0.9379658,0.00012387538,3.4225545e-09,3.787044e-12,3.6712678e-14,1.5830944e-13,1.2039661e-10,2.6583723e-11,8.151439e-13
0.0032606807,0.9749237,0.02180898,5.961688e-06,6.356302e-07,9.3110525e-10,2.5229379e-09,4.0864894e-08,6.5742034e-09,5.0676346e-10
3.5009107e-05,0.037202325,0.9519014,0.010800954,5.7724224e-05,2.789586e-07,5.0548653e-08,2.366325e-06,1.6026188e-08,1.5297779e-08
7.979413e-06,0.0099914465,0.045606535,0.94183046,0.0024334225,1.1000475e-05,4.9705172e-06,0.00011347649,7.007921e-08,5.484388e-07
6.338684e-06,0.023600772,0.5015037,0.4670518,0.0070388466,3.3545228e-07,0.00029012215,0.0005077986,1.2876295e-08,2.5618206e-07
0.00050442794,0.9968629,0.0026314445,1.1466763e-06,7.488337e-08,2.4422015e-11,3.7685946e-10,1.0810692e-08,5.0262855e-10,9.7535306e-11
0.00061605696,0.16502948,0.83112353,0.0031755473,5.299776e-05,1.6813893e-08,4.5972964e-08,2.2462407e-06,8.570928e-08,1.2755132e-08
3.9947695e-06,5.811851e-06,0.00033923239,0.00040460337,0.09829322,0.90006495,6.486981e-05,0.00028988274,0.00026082096,0.0002725717
0.020640163,0.9708082,0.008547048,4.6008126e-06,9.297589e-09,8.83862e-12,2.3779489e-11,4.3074e-09,7.532588e-10,3.0878775e-11
1.0999207e-05,0.00012747948,0.0019113093,0.019024035,0.95456797,0.005673874,0.016965186,0.00160827,7.552233e-05,3.5373654e-05
2.7014488e-07,0.00046140645,0.62653774,0.37295324,3.9141036e-05,1.4340603e-08,4.024554e-08,8.069041e-06,8.20288e-10,4.1674673e-09
1.0570765e-06,0.0007490147,0.4083973,0.5902857,0.0004678796,4.7378817e-06,2.06923e-07,9.407224e-05,2.0138085e-08,2.0507954e-08
0.00012517218,0.014476826,0.827202,0.13409097,0.02407375,1.8828761e-06,7.2836024e-06,2.0348662e-05,1.1674131e-06,5.4180407e-07
3.2721402e-06,0.0007750133,0.20480664,0.781163,0.013235587,3.6431306e-06,1.9579359e-06,1.0448744e-05,2.9686748e-07,1.2917077e-07
8.0246755e-06,0.0032386247,0.40966946,0.23644118,0.35059437,2.147626e-06,2.2415044e-05,2.3352792e-05,2.6214838e-07,2.341262e-07
0.05306881,0.9464243,0.0005067745,7.140241e-08,3.6132253e-10,1.2812395e-12,4.990827e-12,7.612273e-10,3.1597452e-10,6.0648617e-12
0.9848076,0.015189968,2.4590045e-06,2.688134e-11,2.0705707e-12,3.880902e-14,1.1435687e-13,1.9982118e-11,1.5388275e-10,2.0980998e-13
7.408566e-06,0.008914328,0.98775333,0.0033189943,5.9063873e-06,1.9727076e-10,8.6986834e-10,6.3460625e-08,4.318473e-10,1.4198856e-10
0.0007006355,0.8602982,0.1389059,9.438386e-05,7.591944e-07,4.4238037e-11,1.3849262e-09,5.69944e-08,6.3686284e-10,1.2844431e-10
1.4871034e-06,0.0002040118,0.021844983,0.950297,0.02734786,8.643067e-05,3.867592e-06,0.00021054003,6.5044287e-07,3.0676747e-06
5.048562e-06,0.00021387458,0.013132145,0.38779652,0.59853673,0.00023547765,3.4639324e-05,3.069003e-05,9.165798e-06,5.7369202e-06
6.932158e-05,0.041845758,0.94602853,0.012005498,4.948099e-05,6.7757185e-08,2.5346308e-08,1.268552e-06,1.9952536e-08,1.3123759e-08
0.00049019104,0.9943182,0.0051891645,2.5014203e-06,2.181763e-08,2.4879624e-11,1.09542514e-10,3.7257206e-09,1.2251226e-10,3.4457708e-11
0.23298739,0.76700366,8.946112e-06,5.9175505e-11,8.227478e-12,2.7621495e-15,2.3122829e-14,2.1634294e-12,2.0745513e-11,3.246054e-14
0.00070827635,0.9745541,0.024736637,9.866296e-07,3.2376093e-09,5.8912814e-13,1.7640603e-11,6.049547e-10,3.823034e-11,7.1530525e-12
9.742752e-06,0.00031122754,0.004765684,0.06462275,0.1621851,0.76191956,0.0007841172,0.005343554,2.7649608e-05,3.0670602e-05
2.080282e-06,0.0037083807,0.9773176,0.018941423,2.917738e-05,1.3670036e-09,4.5005418e-08,1.385591e-06,5.4331895e-10,7.728219e-10
0.87785244,0.12214461,2.9019911e-06,1.5544786e-11,6.6099654e-13,4.2129166e-15,1.7852234e-14,3.9535853e-12,2.4758999e-11,2.928619e-14
2.6614985e-05,0.013289663,0.9408768,0.045703374,0.0001020065,1.0840775e-07,1.5980355e-08,1.4554263e-06,1.0406809e-08,7.558223e-09
0.006874366,0.99093926,0.002186179,2.2769699e-07,2.3489763e-10,5.717105e-13,6.449334e-12,1.3067022e-09,6.0318875e-11,6.1080173e-12
0.0011511779,0.27293193,0.3612769,0.021184867,0.34337997,1.616731e-06,4.5576777e-05,2.3185994e-05,3.5714597e-06,1.2296322e-06
0.25522542,0.74446124,0.00031332436,7.738512e-09,1.2907753e-10,1.9764703e-13,1.0461263e-12,1.6557927e-10,2.9815325e-10,2.658933e-12
1.8351813e-05,0.00055989943,0.024989976,0.41643268,0.5097362,0.045573246,0.0002208006,0.0023009554,0.0001249538,4.2938376e-05
0.6752268,0.32471046,6.272187e-05,1.5768716e-09,2.708747e-11,2.8457109e-13,3.9863184e-13,6.4788626e-11,3.1706912e-10,1.1678e-12
0.0003216243,0.28051487,0.717708,0.001452965,2.4757271e-06,1.7966265e-10,9.6817905e-09,1.1949506e-07,1.3914356e-09,4.248857e-09
1.6978998e-05,0.0019628908,0.12900975,0.78860235,0.07966132,0.00061884563,1.2409159e-05,0.000108732915,3.2858397e-06,3.3640174e-06
0.43024382,0.56726474,0.002490666,7.1116733e-07,1.6108412e-08,6.179574e-10,3.1269526e-10,2.6790232e-08,5.065714e-08,6.381161e-10
0.9451844,0.054806598,9.025279e-06,5.056773e-10,6.0193486e-12,2.490061e-13,2.6555846e-13,6.4049634e-11,3.9840176e-10,1.1829491e-12
0.006996815,0.97501045,0.017955929,3.6313108e-05,1.6800291e-07,9.489915e-09,5.2338365e-09,2.4230658e-07,7.752655e-09,5.0303943e-09
0.0019035519,0.85403514,0.14396459,9.523407e-05,2.9329806e-07,7.2050915e-10,4.8683376e-08,1.2052682e-06,7.9305496e-09,2.0044048e-08
2.0048385e-05,0.17195949,0.8220159,0.005983247,1.9581274e-05,4.3634363e-09,8.012362e-08,1.711479e-06,8.365781e-10,2.041843e-09
0.10027461,0.89944786,0.00027756143,1.29330875e-08,4.5631604e-10,4.3701585e-13,3.2562056e-12,2.2982768e-10,2.56166e-10,2.9666471e-12
7.774955e-06,0.00077712926,0.06867711,0.8724864,0.057820015,0.00014446251,3.2982507e-06,8.073528e-05,1.7307204e-06,1.4255497e-06
0.00081762316,0.61070204,0.38624272,0.002227985,8.652712e-06,2.4781713e-08,1.9942197e-08,8.6646975e-07,1.597661e-08,1.3015551e-08
0.018397558,0.98120123,0.00040126205,3.257002e-08,5.3048027e-10,1.3766152e-12,3.7431204e-12,3.3968936e-10,2.8639704e-10,5.4542646e-12
0.00032439674,0.9991891,0.00048649864,1.4897159e-08,7.626719e-11,6.6183157e-14,6.7412124e-13,1.8566725e-10,1.8063901e-12,1.5022324e-13
0.00022652335,0.060317356,0.93206125,0.0073773814,2.5127397e-06,8.411946e-09,5.5261825e-07,1.4404092e-05,1.08022435e-08,7.911284e-08
1.39280655e-05,0.0013724423,0.16267256,0.6601733,0.1274961,0.00987987,0.0020324173,0.03630104,2.1564229e-05,3.6809266e-05
6.196052e-06,0.014104241,0.9802018,0.0056512677,3.5891044e-05,3.2616803e-09,1.8623075e-08,6.09383e-07,1.7395393e-09,9.0023305e-10
0.016935917,0.9829578,0.000106263105,7.695452e-09,4.7417494e-11,2.0552452e-13,4.0683028e-13,1.5550504e-10,3.642677e-11,9.103537e-13
0.00014993122,0.26596615,0.6959357,0.03792776,1.6703856e-05,1.6202728e-08,7.176481e-08,3.5705189e-06,1.2085505e-08,1.3832203e-08
5.6430188e-05,0.0021259447,0.2852042,0.61450994,0.09772661,0.00021709836,1.8257724e-05,0.000118656884,1.5864855e-05,6.9570387e-06
5.6803023e-05,0.00091555744,0.456595,0.39884976,0.044540774,0.00027286628,0.022128902,0.07635234,2.541959e-05,0.00026258078
1.9694475e-05,0.0016608081,0.19416863,0.5811955,0.2226856,0.00013802238,4.715128e-05,6.914396e-05,1.1436343e-05,4.068221e-06
0.17630768,0.82296157,0.0007305791,1.5184108e-07,3.3070136e-09,8.709966e-12,4.0348825e-11,2.8568385e-09,4.4976884e-09,6.8168596e-11
0.0076126596,0.992258,0.00012933265,9.399221e-09,2.4721528e-10,5.64138e-13,2.0861756e-12,1.2473303e-10,1.1519539e-10,1.1648627e-12
0.002019826,0.63812524,0.3567943,0.0030540286,5.9255567e-06,2.5027797e-08,1.6679358e-08,6.2552493e-07,3.0263426e-08,1.2724929e-08
0.067161895,0.9324795,0.00035854668,2.1962357e-08,1.6878795e-09,5.355012e-13,2.7475338e-12,1.371966e-10,3.1294775e-10,2.0503443e-12
3.5893197e-06,0.00072619715,0.5215316,0.4017779,0.07564093,3.1778088e-06,6.41173e-05,0.00025169255,4.0790698e-07,3.8021335e-07
0.0017067695,0.37785968,0.61860305,0.001754287,7.497678e-05,1.01209466e-07,4.430547e-08,8.9520813e-07,8.1968025e-08,2.2023597e-08
0.023775075,0.97603977,0.0001851578,3.5042834e-08,2.3912983e-10,1.7992732e-12,2.1985198e-12,2.8324124e-10,2.5356914e-10,5.2756645e-12
0.002530938,0.99681395,0.00065494614,9.543251e-08,1.096139e-09,3.1581359e-12,1.8468817e-11,8.196903e-10,1.0276099e-10,1.9790128e-11
0.897712,0.09520823,0.0070770727,2.584891e-06,3.0498818e-08,4.5422527e-10,3.481603e-10,5.140292e-08,5.566033e-08,2.2521591e-09
0.0021452548,0.96321005,0.034562238,8.1779544e-05,5.8976383e-07,3.892054e-09,2.4787763e-09,8.315215e-08,8.935769e-09,4.111447e-09
8.78862e-06,0.0035486424,0.6488477,0.34157684,0.0060131797,3.6016917e-07,4.626772e-07,3.8794874e-06,5.7456894e-08,4.0436465e-08
0.00031797957,0.6100145,0.3895427,0.0001236784,1.1448465e-06,8.760638e-11,3.2332534e-10,1.1904723e-08,4.1257198e-10,9.818208e-11
2.083038e-05,0.008909869,0.9849938,0.0060535152,2.162034e-05,1.4352436e-09,6.0623995e-09,2.605658e-07,3.060834e-09,1.3161395e-09
0.009951644,0.9898666,0.00018168759,2.4189628e-08,9.388786e-10,3.6253463e-13,5.898826e-12,1.1504957e-10,1.5874979e-10,2.0837932e-12
9.589288e-05,0.052388083,0.9428007,0.0043950006,0.00031774855,2.651179e-08,2.806688e-07,2.2266036e-06,3.1713153e-08,9.519909e-09
0.0027845267,0.87553084,0.12160661,7.7822915e-05,1.5526997e-07,2.3122859e-10,1.5548815e-10,2.8394854e-08,2.0615119e-09,1.484386e-10
5.030577e-05,0.003982356,0.58106935,0.41024172,0.0046370113,1.1577616e-06,8.9116446e-07,1.6646056e-05,3.87262e-07,1.6555465e-07
0.9576585,0.042340238,1.2097049e-06,5.4774193e-12,2.478849e-13,1.1044258e-15,8.455536e-15,2.0342415e-12,1.5073012e-11,1.4510518e-14
0.0002315405,0.024159295,0.8059303,0.1679707,0.0016433906,4.429595e-06,3.250557e-06,5.5811477e-05,5.0673145e-07,7.517355e-07
2.2351638e-05,0.00041011436,0.012377095,0.20829207,0.7383639,0.039039515,0.00029202455,0.00089507445,0.00027126606,3.6556125e-05
0.64651227,0.35316083,0.0003268291,8.931398e-08,9.91222e-10,1.3643323e-11,2.8853126e-11,1.9758692e-09,5.7376757e-09,9.4034204e-11
0.0029556658,0.8363504,0.15803877,0.0026483843,5.017226e-06,8.243475e-08,3.8502357e-08,1.5284757e-06,6.1154296e-08,3.9502712e-08
0.99996936,3.0603096e-05,1.7935461e-10,2.7129555e-16,1.6128445e-17,4.1936863e-19,4.0866304e-18,1.804243e-15,1.107897e-13,8.7564165e-18
9.048417e-05,0.09642763,0.88427913,0.018782446,0.00041126678,1.3247036e-07,9.726901e-07,7.4841264e-06,1.3263116e-07,3.871294e-07
0.0009441505,0.9899602,0.009090998,4.5769307e-06,1.3822173e-09,5.9913255e-12,1.5103214e-11,9.738186e-09,9.3479446e-11,1.292746e-11
1.1348927e-05,0.0027262415,0.7856463,0.17016543,0.041438572,1.159115e-06,2.842868e-06,7.864816e-06,1.1063733e-07,1.1551504e-07
7.464644e-05,0.25776097,0.72934455,0.012813597,5.878614e-06,4.2971733e-09,3.9116657e-09,3.7238655e-07,6.9550166e-10,1.6380938e-09
1.5518557e-05,0.015390504,0.8866033,0.0978971,9.18351e-05,9.275872e-08,1.5732683e-08,1.568428e-06,8.685182e-09,8.202305e-09
0.23465604,0.76476586,0.0005780184,1.2520715e-07,1.0281885e-08,1.2347612e-11,7.544321e-11,3.384267e-09,4.8074638e-09,3.235107e-11
0.0005057802,0.17548832,0.81621873,0.0074865725,0.00029577356,8.2265393e-07,1.4682723e-07,3.616024e-06,7.734707e-08,3.4195068e-08
0.0027426453,0.14970608,0.78939384,0.03189921,0.026043003,0.00010518652,2.704473e-05,4.7505695e-05,3.1243246e-05,4.3057225e-06
0.003909371,0.9946114,0.0014761051,3.0807785e-06,1.6883446e-08,8.6121006e-11,2.7265096e-10,1.3507181e-08,1.4136915e-09,3.5478956e-10
0.00011161122,0.01731709,0.6398276,0.29791945,0.044764344,4.549143e-06,1.4092432e-05,3.44302e-05,3.9921624e-06,2.76466e-06
0.016626697,0.7743134,0.20542754,0.0036239012,4.8511074e-06,6.264306e-08,1.1697434e-08,3.4251766e-06,8.4910596e-08,2.9447818e-08
0.716685,0.28330618,8.807841e-06,1.0760318e-11,1.837617e-13,1.732774e-16,2.551933e-15,9.217995e-13,2.291703e-12,3.5326299e-15
0.0045943037,0.9821139,0.013291282,4.869793e-07,2.6334497e-09,2.6198336e-12,2.1693567e-11,5.9226295e-09,1.528306e-10,7.926128e-12
0.000121220444,0.11591457,0.88294613,0.0010039106,1.3926841e-05,5.709781e-09,6.2263217e-09,3.072896e-07,6.3249996e-09,1.151725e-09
0.40734005,0.5923632,0.00029678526,7.1577024e-09,1.8154957e-10,5.000456e-13,1.0689545e-12,8.148799e-11,3.1784034e-10,1.850581e-12
3.9730453e-06,0.0023597025,0.2979857,0.6973761,6.810433e-05,8.582053e-07,0.00016600007,0.0020392125,4.828537e-09,3.5009361e-07
0.9999367,6.325241e-05,3.682158e-11,2.0613764e-17,2.9799759e-18,6.7311394e-21,7.1792996e-20,6.2852154e-17,1.3852759e-14,2.3172855e-19
6.647179e-07,0.0015493172,0.37161702,0.6210649,0.0057608816,3.5206171e-09,4.79022e-06,2.4733022e-06,1.9361686e-09,1.7162773e-08
0.0072839675,0.72236377,0.25663108,0.012417374,0.0012371222,4.9254036e-06,3.8478083e-06,5.5053042e-05,1.4994796e-06,1.3562621e-06
5.249222e-06,0.00022817537,0.02081068,0.6147393,0.3635935,0.00050813856,1.9239496e-05,7.090047e-05,2.2372633e-05,2.4346632e-06
0.0019786563,0.8282939,0.16706382,0.0026592677,3.1898098e-06,3.940813e-08,1.9260794e-08,1.1305326e-06,3.369907e-08,3.2308282e-08
0.0035281572,0.99616194,0.0003099242,2.682157e-08,3.0367802e-11,2.1151197e-14,1.9120556e-13,2.6661983e-11,5.1886342e-12,1.5419519e-13
0.0065383827,0.9933769,8.476325e-05,2.3834719e-09,1.8718202e-11,3.2280104e-14,2.0599471e-13,3.4186e-11,1.066344e-11,1.4665221e-13
0.0017957087,0.99566084,0.0025417234,1.5937857e-06,1.01956026e-07,5.100031e-10,1.0767932e-09,2.986804e-08,1.8513353e-09,3.3637917e-10
0.010028098,0.9810326,0.008933102,6.0862967e-06,3.311442e-08,1.4525553e-10,2.7890804e-10,1.6791276e-08,4.2285526e-09,2.0284278e-10
0.037960242,0.95574445,0.006289463,5.8264372e-06,2.4668754e-08,1.0744112e-10,1.9000554e-10,1.745394e-08,4.117015e-09,2.1694348e-10
3.321782e-05,0.018749116,0.9772884,0.003716962,0.00021144384,1.2830342e-08,7.213102e-08,6.648612e-07,1.28530475e-08,2.9153058e-09
8.423917e-05,0.0032424934,0.13058771,0.34965512,0.45624578,0.058123644,0.00024327224,0.0017206273,5.9385362e-05,3.774828e-05
0.0045050434,0.96486646,0.03062417,4.120673e-06,1.5612954e-07,2.3981106e-10,1.3685522e-09,2.7357709e-08,4.337759e-09,5.222961e-10
3.1421878e-05,0.0019269263,0.35887325,0.38390768,0.22667691,0.026974017,0.00012397881,0.0014128481,4.7854006e-05,2.5103864e-05
6.931678e-06,0.0034215918,0.8637822,0.12777086,0.0049920296,3.5852196e-07,3.2771325e-06,2.2496752e-05,1.5898091e-07,9.878545e-08
0.85252804,0.14746293,9.038003e-06,1.614488e-11,1.0763376e-13,9.23425e-16,1.534345e-14,6.88569e-12,1.0213785e-11,2.7481874e-14
0.00260395,0.9854064,0.011982158,7.499554e-06,6.1073906e-09,5.1691616e-11,1.6624566e-10,1.9592768e-08,6.6204725e-10,1.2933675e-10
0.02073526,0.97918415,8.0594655e-05,9.88638e-10,3.1635052e-11,4.441873e-15,4.1410882e-14,4.6532747e-12,3.6572485e-12,7.007671e-14
0.0001176535,0.0059893997,0.922072,0.056237582,0.015501038,1.2743335e-05,1.8560888e-05,4.369255e-05,3.9528286e-06,3.3340257e-06
0.0028526452,0.74926865,0.14642383,0.10105837,0.00034869657,1.7609985e-06,1.18821345e-05,2.486237e-05,9.389556e-07,8.421591e-06
4.0643977e-06,0.0031625787,0.92037654,0.07494124,0.0015093279,8.951533e-08,4.788553e-07,5.6290432e-06,2.5990143e-08,1.3394666e-08
4.204309e-06,0.0021150084,0.8671129,0.13031855,0.0004472665,2.8051026e-08,9.7686474e-08,1.9567653e-06,9.292015e-09,6.0044814e-09
0.010505777,0.98830914,0.0011840762,9.1364683e-07,3.2577356e-09,5.8040257e-11,3.25315e-11,3.3350227e-09,1.5196328e-09,6.7836396e-11
0.0006205574,0.9932688,0.0061042723,6.2349845e-06,5.0108348e-08,3.605931e-10,4.913678e-10,2.2145587e-08,5.40388e-10,1.874079e-10
9.079112e-06,0.0034794367,0.6809153,0.30280325,0.01273484,1.0185368e-05,6.606555e-06,4.0768562e-05,3.2481717e-07,2.4038476e-07
0.0066613876,0.6235277,0.36896476,0.00064090354,0.00019993531,9.657148e-08,9.306185e-07,3.67899e-06,4.648495e-07,1.6404898e-07
0.024933338,0.9736206,0.0014458775,2.452131e-07,1.9911799e-09,3.4894425e-12,2.06522e-11,1.0572253e-09,4.6822907e-10,1.3812177e-11
5.7807806e-06,9.1428694e-05,0.0019075333,0.068756185,0.8441109,0.08383389,0.0002743032,0.0008568703,0.00012707425,3.6041332e-05
0.045015074,0.95361686,0.0013678533,2.6674292e-07,3.4475771e-09,4.8853664e-11,5.036505e-11,4.14134e-09,1.3928222e-09,1.2069003e-10
0.00020169328,0.8348654,0.16490757,2.5021178e-05,3.405103e-07,4.256253e-11,1.1750008e-10,6.965176e-09,8.9923916e-11,2.153782e-11
0.9047355,0.09520004,6.4453634e-05,9.547274e-09,2.8664457e-10,1.5385932e-11,1.9544174e-11,1.8930888e-09,4.0128243e-09,7.1521795e-11
4.5445937e-05,0.033537086,0.9620374,0.0042674392,0.00011082067,1.734241e-07,9.08923e-08,1.5183691e-06,1.6281394e-08,1.5452242e-08
0.00032818853,0.18276,0.81120497,0.0056824177,2.3426262e-05,3.512373e-08,8.775499e-09,9.3897097e-07,1.5270816e-08,8.368435e-09
7.1141644e-06,0.00028001657,0.010104863,0.106398,0.80511606,0.07742035,2.0607164e-05,0.0005358704,9.470693e-05,2.2377528e-05
0.021583317,0.97731197,0.0011045669,5.7943165e-08,5.234317e-09,5.7656857e-12,3.629521e-11,1.3257087e-09,9.924649e-10,2.1721486e-11
0.13796331,0.86196077,7.590435e-05,1.1145979e-09,8.2591156e-11,1.5612187e-13,8.0354115e-13,8.1952174e-11,1.8492671e-10,8.7960504e-13
1.8415134e-05,0.0012388199,0.041083667,0.15105379,0.80461013,0.0005889966,0.0008014235,0.00058200775,1.3395469e-05,9.248202e-06
0.0016502786,0.69496626,0.30169812,0.0016839529,1.2032355e-06,1.6837588e-10,1.1672261e-08,1.5545584e-07,2.8530274e-09,1.2076797e-08
0.00053396827,0.14113599,0.7904058,0.054939594,0.012932815,1.4795556e-07,2.437382e-05,2.6059173e-05,4.6860856e-07,7.780388e-07
0.00011534506,0.036781847,0.939299,0.023675736,0.00012529297,1.3167121e-07,9.565582e-08,2.370386e-06,5.684167e-08,3.6869743e-08
4.2759148e-06,0.00035210626,0.027623922,0.14052448,0.8306912,0.00014522133,0.0005006678,0.00014272523,1.1527412e-05,3.7899056e-06
0.00019551009,0.12879865,0.8702242,0.0007744371,7.17774e-06,7.84043e-10,1.6537202e-09,4.819375e-08,3.7283088e-09,6.78543e-10
8.557067e-05,0.017239038,0.24816935,0.7326385,0.0016921402,7.214942e-06,1.3121861e-05,0.00015292288,3.2506446e-07,1.8514735e-06
0.0047720643,0.99482936,0.0003985618,2.8131463e-08,2.4490023e-09,1.1201838e-12,3.308102e-12,1.4489386e-10,2.2436121e-10,1.8589717e-12
0.006575849,0.8888397,0.10438883,0.00019090703,4.328135e-06,1.3979329e-08,5.176008e-09,1.9611338e-07,5.7454965e-08,4.660187e-09
1.8398908e-06,0.0012137921,0.5077189,0.49014357,0.00091705227,1.2251039e-07,1.5094422e-07,4.5739735e-06,9.569956e-09,1.6814708e-08
0.00011082289,0.011542281,0.96861243,0.01957276,0.00016018024,1.41818575e-08,6.8856366e-08,1.3655911e-06,4.325885e-08,6.2586154e-09
0.029895887,0.96988344,0.00022059825,9.154763e-08,4.9610227e-10,1.288462e-12,4.9627117e-12,3.6838302e-10,3.486397e-10,4.5304754e-12
2.0850026e-05,0.003235206,0.9786178,0.017831033,0.00029132824,4.3373285e-07,9.064438e-08,3.0883903e-06,6.882156e-08,2.595866e-08
0.0030145166,0.9755956,0.021386554,3.2602354e-06,2.9041745e-08,5.0521927e-11,3.540263e-11,3.6662646e-09,4.2157555e-10,4.7586317e-11
5.8718897e-06,0.00072299904,0.17004682,0.7012806,0.12760939,0.00023428019,2.2935058e-06,9.607581e-05,9.4366436e-07,7.796142e-07
0.0025298668,0.9912909,0.006177405,1.5741314e-06,2.3193938e-07,2.0218721e-10,3.204723e-10,6.4252914e-09,2.3634124e-09,1.9018999e-10
0.047643617,0.95211303,0.00024340153,3.2993754e-09,5.8052306e-11,6.045178e-13,1.3371712e-12,2.351211e-10,7.6244164e-11,1.3079807e-12
8.17856e-05,0.069710545,0.9161335,0.014038883,3.426721e-05,1.5550816e-08,2.8490383e-08,8.514435e-07,1.1269148e-08,1.1965508e-08
0.015616757,0.6916306,0.29249337,0.00025777626,1.0228862e-06,1.4062961e-09,6.6532357e-09,3.3699826e-07,2.511537e-08,1.6096724e-08
4.781142e-06,0.0024236997,0.63111657,0.36471438,0.0017374103,1.7297472e-07,1.4660614e-07,2.7790982e-06,1.8261016e-08,2.1689301e-08
0.0006814859,0.97746587,0.021839924,1.2399321e-05,3.5615918e-07,9.108835e-11,9.687547e-10,6.1546355e-09,1.0724915e-09,7.51809e-11
1.9134064e-05,0.0032778622,0.9626945,0.029896123,0.004110298,7.26999e-08,3.7358961e-07,1.4970087e-06,1.6382269e-07,2.8789847e-08
0.0034052439,0.9108248,0.0857614,8.224037e-06,2.6692143e-07,8.046934e-11,2.6771413e-10,1.9766357e-08,2.0764561e-09,9.3106904e-11
0.0006987293,0.41721824,0.5799721,0.002080656,2.5996818e-05,1.5374162e-07,1.7282866e-07,3.9717247e-06,7.596151e-08,6.510811e-08
0.0113682775,0.98823196,0.00039976585,9.999188e-09,6.7953048e-12,1.924864e-14,2.777654e-13,5.8060636e-11,1.4225901e-11,7.3925816e-13
0.49534094,0.5046455,1.3537812e-05,2.2820189e-10,3.371605e-12,4.7026256e-14,7.899742e-14,2.5098364e-11,6.210198e-11,1.3283714e-13
0.0006065476,0.6212273,0.37703928,0.0011188048,7.897423e-06,2.651143e-09,2.5671851e-09,1.6720723e-07,1.0478615e-08,2.2316518e-09
1.2632777e-05,0.0151208835,0.979221,0.0056206677,2.477854e-05,1.487351e-09,4.176761e-09,1.50286e-07,1.3382261e-09,7.246158e-10
0.0027737445,0.9963188,0.0009074056,2.6216275e-08,1.2703781e-10,8.9941346e-14,5.1225853e-13,7.228325e-11,1.2522361e-11,3.0100632e-13
0.010424146,0.9884548,0.0011208432,9.564114e-08,3.530625e-10,4.4120267e-12,7.392702e-12,3.374388e-09,1.4807375e-10,5.6122086e-12
0.001128096,0.9975147,0.0013569464,2.739513e-07,1.1561222e-08,3.984859e-12,3.024736e-11,8.402714e-10,2.2373231e-10,8.483595e-12
0.6560313,0.3439416,2.712123e-05,1.6274178e-10,3.584795e-11,1.3432414e-12,8.3025053e-13,2.8663731e-11,4.743897e-10,2.0332557e-12
0.013687109,0.9862686,4.4236174e-05,1.2809028e-09,2.7040611e-11,2.885605e-14,2.0421974e-13,1.2421557e-11,1.4415993e-11,1.3244851e-13
0.0003286346,0.15670283,0.83804506,0.004912251,1.0764133e-05,6.958643e-09,4.6203876e-09,5.292015e-07,1.0121002e-08,2.1542157e-09
1.3406091e-05,0.054825116,0.9424142,0.002738921,8.106854e-06,7.8039464e-10,4.6251345e-09,2.3599164e-07,9.893245e-10,3.1960387e-10
0.07930358,0.9206139,8.247883e-05,1.7713327e-09,1.0001814e-10,9.381678e-13,2.0791864e-12,9.443698e-11,2.1121524e-10,1.9231383e-12
0.0012666272,0.103945576,0.17295459,0.27365372,0.4361385,0.009729891,0.0005378372,0.0008762766,0.0007426423,0.00015432236
0.0012910625,0.9572615,0.041100863,0.0003443219,2.1922947e-06,2.1034054e-09,2.0043749e-09,7.2211485e-08,5.3649987e-09,2.371377e-09
0.06651275,0.9320277,0.0014431741,1.6230906e-05,6.2922865e-08,1.183219e-09,1.6121992e-09,1.292202e-07,3.5231288e-08,5.8441487e-09
0.0014243054,0.9972139,0.0013618232,3.170003e-08,5.3883027e-09,2.538321e-13,2.2051013e-12,6.7450205e-11,1.8713928e-11,6.518951e-13
0.00026137236,0.20742074,0.79143983,0.0008771797,8.035022e-07,2.2405128e-10,3.1101813e-10,6.7721416e-08,1.0489708e-09,1.7751894e-10
0.043458723,0.95108426,0.0054121725,3.865689e-05,1.8791978e-06,1.9381059e-07,9.48845e-08,1.0964139e-06,2.7670353e-06,1.0846365e-07
0.22874565,0.7712197,3.4681027e-05,5.2016818e-11,1.5060072e-13,7.182774e-16,6.0524057e-15,4.4609247e-12,3.81582e-12,1.6985404e-14
0.00043541324,0.9865537,0.013007403,3.4323743e-06,6.983806e-09,6.549904e-12,1.4258747e-10,9.804082e-09,1.4427237e-10,4.9660935e-11
8.888532e-06,0.00012287957,0.0013532818,0.016733995,0.97478867,0.0012999343,0.0049816845,0.0005874384,8.49843e-05,3.823185e-05
0.0015226735,0.9968188,0.0016583537,5.984415e-08,1.0906497e-08,4.2469996e-13,3.688944e-12,1.1539557e-10,3.3688007e-11,1.0622396e-12
0.0027497748,0.44632787,0.43840444,0.112316705,0.00019060961,2.4149855e-07,2.0860749e-07,9.344196e-06,4.5361202e-07,3.376956e-07
0.0003783065,0.0077306973,0.05340314,0.6133039,0.31405807,0.008939864,0.00028626993,0.00080615847,0.0008426802,0.00025097013
3.847107e-06,0.0051030675,0.9113871,0.083241045,0.00025904432,3.739543e-07,1.4666682e-07,5.358143e-06,9.4204795e-09,1.2958632e-08
7.4561044e-06,0.013916254,0.97563034,0.010267531,0.00017791819,1.176435e-08,2.2688232e-08,4.4124522e-07,1.9636293e-09,1.4947967e-09
1.5294743e-06,0.00011764851,0.0039100386,0.03663688,0.9585887,0.00016540985,0.00042522434,0.00014883572,3.6718538e-06,2.0232428e-06
0.0004023953,0.9965855,0.003012053,5.1665126e-08,1.2566201e-11,4.0421463e-15,2.9135833e-14,8.72878e-11,5.3914333e-13,5.15676e-14
0.9432497,0.056744467,5.864133e-06,8.1993065e-11,3.5716467e-12,2.9601451e-13,7.25859e-14,1.6230114e-11,1.5157713e-10,4.4696983e-13
0.98259777,0.017397959,4.378808e-06,1.9863312e-10,8.635267e-12,7.268278e-13,6.1003877e-13,6.90011e-11,6.066168e-10,1.3636525e-12
0.013482219,0.9857717,0.00074607733,2.9241475e-08,3.6691403e-10,1.0306529e-12,3.6258089e-12,2.6848357e-10,1.0703601e-10,2.9142862e-12
5.8691335e-06,0.00069841644,0.055810504,0.6545211,0.28878024,0.00012090673,1.7933398e-05,3.8247043e-05,5.6616714e-06,1.1496078e-06
2.626176e-06,6.855528e-05,0.0017461727,0.08616889,0.9018215,0.009630659,0.00026327136,0.00027021958,2.091929e-05,7.188517e-06
4.2722277e-06,0.00012217583,0.004789839,0.0336196,0.95929027,9.965731e-05,0.0018155724,0.00021525752,3.325427e-05,9.996176e-06
0.07159419,0.84874994,0.07963028,2.1483653e-05,3.7987827e-06,8.716758e-09,1.320636e-08,1.2578094e-07,1.5825559e-07,1.1116819e-08
0.0015788452,0.9979095,0.0005115841,1.713999e-08,2.5097127e-10,4.8061435e-14,1.6960991e-12,1.4245546e-10,5.6548243e-12,8.421674e-13
0.040216368,0.9593096,0.00047387314,1.0953458e-07,6.9470705e-09,1.4400422e-11,8.1202364e-11,1.6235873e-09,2.0798185e-09,2.6459973e-11
3.7690097e-05,0.02151852,0.9656462,0.011583787,0.0012114207,6.611692e-08,2.5742077e-07,2.1365338e-06,4.1410125e-08,7.965945e-09
0.51685077,0.48294005,0.00020917307,3.615558e-08,2.1892095e-09,8.886327e-11,8.0607326e-11,4.283992e-09,1.4812347e-08,1.1585977e-10
3.7753238e-05,0.0032919368,0.29916725,0.6810122,0.008682239,1.9902234e-06,0.002172412,0.0056217033,1.9080314e-07,1.2301591e-05
0.037396573,0.9624067,0.00019669562,2.249151e-08,5.572656e-10,3.0036976e-12,7.487759e-12,5.432477e-10,4.526832e-10,6.263325e-12
0.0005419123,0.6049203,0.3935526,0.00090915215,7.541044e-05,4.872449e-09,6.2351354e-08,5.0613835e-07,2.4693891e-08,7.2389383e-09
0.0017075834,0.9982589,3.3507036e-05,1.0544712e-09,5.0803316e-11,1.1902793e-14,1.7973736e-13,5.9372186e-12,2.0589674e-12,1.346584e-13
6.0493985e-06,0.0010684083,0.10758755,0.7189326,0.16379826,9.30928e-05,0.0013969906,0.0071134563,1.061862e-06,2.4776775e-06
0.033335406,0.9191933,0.047417793,3.158094e-05,1.2061078e-05,7.5389107e-06,2.083241e-08,1.0422251e-06,1.1137246e-06,6.714185e-08
0.23887536,0.72665834,0.034393936,5.726115e-05,9.385098e-06,1.2402544e-06,3.140677e-08,1.4794408e-06,2.9078583e-06,9.2649e-08
0.00016635128,0.14243722,0.82323796,0.033948887,8.037371e-06,2.4719226e-08,2.3338555e-07,0.00020127124,8.229504e-09,1.3502869e-08
2.0459778e-05,0.015622452,0.95795405,0.022704825,0.0036960444,9.4820884e-08,3.110329e-07,1.698635e-06,3.107745e-08,1.3472774e-08
5.6489584e-06,0.0006898912,0.10704603,0.8731704,0.018257122,0.0001571203,1.8083529e-05,0.00064976286,2.6144455e-06,3.429542e-06
3.3561835e-05,0.111077234,0.887508,0.0013650875,1.5977419e-05,2.378942e-09,5.1732525e-09,1.8159515e-07,7.4908574e-10,5.238206e-10
3.7097692e-05,0.0030332578,0.36607897,0.54788065,0.08024399,0.0019545068,6.241699e-05,0.0007017139,3.1365444e-06,4.2438087e-06
0.011623502,0.9825371,0.00582835,1.1008516e-05,2.0025753e-08,1.7069232e-10,6.7779266e-10,1.8057492e-08,4.495988e-09,9.807763e-10
1.7724084e-05,0.00014927743,0.008129433,0.031384893,0.63535494,0.32370296,5.6349792e-05,0.00032090585,0.0008120816,7.146362e-05
0.0071709747,0.99268734,0.00014173164,1.693681e-09,8.842712e-12,9.297591e-15,1.0751531e-13,2.8308713e-11,5.0098207e-12,1.1884982e-13
0.00031883147,0.08606949,0.91177213,0.0017346572,0.00010314306,5.3026113e-08,7.484658e-08,1.4838001e-06,2.4293566e-08,4.357624e-09
0.10743749,0.8914168,0.0011448228,7.88648e-07,8.663024e-09,3.167669e-10,1.4702034e-10,1.0646459e-08,9.022305e-09,3.2239908e-10
0.15978533,0.8386249,0.0015889439,8.1985604e-07,8.959609e-09,9.241188e-11,9.960462e-11,8.207525e-09,7.138115e-09,1.775685e-10
0.29785368,0.7020637,8.262712e-05,3.0541739e-10,4.09162e-12,4.9098053e-15,6.001125e-14,1.30717485e-11,1.3343938e-11,8.382697e-14
4.6524965e-06,0.000823479,0.1559839,0.8204983,0.01865733,0.00027121036,0.00013223499,0.0036242376,4.1445307e-07,4.2780603e-06
0.31614727,0.6816587,0.002193074,9.872005e-07,3.7000318e-09,1.00520814e-10,8.8654334e-11,2.2710317e-08,1.079006e-08,2.4628669e-10
0.0009930675,0.30063957,0.69691384,0.0014449997,7.948153e-06,1.4179936e-08,4.6615756e-09,5.601702e-07,2.4734799e-08,7.1580946e-09
5.7979487e-05,8.643697e-05,0.00436494,0.037275456,0.3856083,0.55223733,0.006606825,0.004385931,0.008157799,0.0012189887
0.00021182236,0.85908294,0.13707703,0.0034024175,0.0002252052,8.823872e-09,1.6053123e-07,3.7485725e-07,2.2219377e-08,3.6788286e-09
0.00017191163,0.22436316,0.774899,0.00056571193,2.2152348e-07,3.3049546e-11,1.2334653e-10,2.6921661e-08,3.1587405e-10,5.1709803e-11
5.3042862e-05,0.0010924843,0.0352814,0.3343911,0.60943305,0.01925706,3.6433543e-05,0.00031213427,0.000121536796,2.1844946e-05
0.010110576,0.9880095,0.0018796291,1.872515e-07,9.693431e-09,1.900544e-12,2.0382404e-11,5.5793276e-10,3.3349257e-10,1.44456825e-11
0.0002816183,0.33131602,0.6668894,0.0015109037,1.8872009e-06,1.5356001e-09,1.5763755e-09,1.8577839e-07,2.1982993e-09,1.3350995e-09
0.021729046,0.97603786,0.0022301462,2.886691e-06,1.0184095e-07,4.718727e-10,8.72977e-10,4.496972e-08,9.2075805e-09,6.316932e-10
0.0016333567,0.82680416,0.17136657,0.00019536485,4.7538938e-07,9.2007824e-10,6.1350314e-10,7.27726e-08,3.649149e-09,8.378942e-10
0.003846722,0.86532557,0.1297484,0.0010557246,2.3338322e-05,1.5445965e-08,9.3678265e-09,1.589736e-07,8.4024606e-08,7.746274e-09
0.014896354,0.97896934,0.006133482,8.534186e-07,2.8318858e-09,2.744403e-12,9.852653e-12,2.428615e-09,3.1816785e-10,4.0669284e-11
0.000554915,0.028582184,0.8132349,0.15325765,0.0042226235,5.403834e-05,6.5937547e-06,7.825063e-05,5.2914843e-06,3.5301503e-06
0.000113885,0.9749726,0.024901973,1.1217248e-05,1.7974084e-07,1.1608714e-11,2.568737e-10,4.5145057e-09,8.445306e-11,3.1470406e-11
0.06086213,0.9307111,0.00842595,7.9468356e-07,5.0079545e-09,6.123448e-12,8.262793e-11,1.573517e-08,1.1735697e-09,5.9608166e-11
2.2059583e-05,0.00032688654,0.011759818,0.033675566,0.94283813,0.000956525,0.00952234,0.00053509575,0.0003096661,5.398414e-05
0.001101996,0.023966817,0.51347256,0.32683778,0.1291562,0.0009392168,0.0009643281,0.0033211752,0.00014180837,9.811085e-05
0.005513375,0.9931906,0.0012946978,1.2835078e-06,6.619157e-08,4.664281e-11,2.5932836e-10,3.181258e-09,2.284841e-09,8.3527324e-11
0.00012742127,0.055715993,0.6150975,0.31853023,0.00951366,5.2470946e-06,0.000115157796,0.0008929581,5.746498e-07,1.2618898e-06
0.005439483,0.9936194,0.0009410562,8.115733e-09,1.6307454e-10,1.3924952e-14,6.217067e-13,2.7546661e-11,6.6491365e-12,1.4990849e-13
0.049728468,0.9484448,0.0018265081,2.7393492e-07,7.2750286e-09,9.494495e-12,1.2118053e-11,8.672986e-10,1.1177363e-09,3.5951235e-11
8.644941e-06,0.0001466654,0.0022642317,0.061923794,0.85211354,0.07338541,0.0036916845,0.0062401732,0.00017084343,5.497777e-05
0.104199775,0.7602484,0.12678458,0.008428254,0.0003042882,5.1905504e-06,1.8646712e-06,1.6332318e-05,9.204925e-06,2.0762905e-06
0.00018211346,0.97762644,0.02218771,3.66716e-06,7.329558e-09,9.756669e-12,8.765846e-12,4.3391166e-09,3.046194e-11,2.08804e-12
5.187285e-06,0.00042296326,0.03462835,0.8618335,0.10260531,0.000330885,2.3711746e-05,0.00014465528,3.2810594e-06,2.1179687e-06
0.87160873,0.12839124,9.0814e-08,1.0521643e-13,1.000231e-15,4.7402056e-18,8.149079e-18,3.3317756e-14,1.0640188e-13,1.2736264e-17
0.011106225,0.9730512,0.015833495,8.1141e-06,9.2589914e-07,3.181053e-10,1.5268312e-09,3.144482e-08,1.4562243e-08,6.0536887e-10
0.0019228247,0.9488108,0.049063582,0.00019886701,3.3278811e-06,3.1805566e-08,1.0996428e-08,4.955902e-07,9.965512e-09,2.9748456e-08
0.00099821,0.40571693,0.5903912,0.0028631825,3.0171088e-05,3.4597123e-09,7.657063e-09,2.473401e-07,1.006241e-08,1.1051874e-09
2.2361595e-05,0.008034367,0.9529476,0.03894871,4.5761e-05,5.9530394e-09,4.0716653e-08,1.1753468e-06,1.3568263e-08,8.435659e-09
0.0045394655,0.99481225,0.0006468121,1.446113e-06,5.697675e-09,1.6268684e-10,5.392377e-11,4.778097e-09,1.2218246e-09,1.5086705e-10
0.00060219556,0.29582128,0.70296925,0.0006020833,5.133269e-06,9.164349e-10,1.2349469e-09,6.828088e-08,5.066948e-09,8.5711954e-10
0.24190143,0.7578263,0.00027213886,5.0131334e-08,3.9667242e-10,2.5151194e-11,1.374507e-11,2.203819e-09,2.31833e-09,7.5838356e-11
0.0006622234,0.14163801,0.8529114,0.004589146,0.0001919931,2.7021426e-06,1.2139186e-07,4.159726e-06,1.3079456e-07,9.4781285e-08
3.393515e-05,0.01890904,0.97298145,0.0075194705,0.0005547122,1.7102877e-07,1.580372e-07,1.0883526e-06,2.662725e-08,1.2734148e-08
8.074185e-06,0.00016673657,0.0035797541,0.016864348,0.97607,0.0003435836,0.0026934699,0.00022930087,3.162682e-05,1.3137994e-05
6.502852e-05,0.008410347,0.21376671,0.7076703,0.0693228,0.0006466394,9.424154e-06,9.2986906e-05,1.1949043e-05,3.8770527e-06
1.9834184e-05,4.6195524e-05,0.012735386,0.023860779,0.67328554,0.27778858,0.0029227424,0.004026194,0.0046626227,0.00065207796
1.9994699e-05,0.001115801,0.03508855,0.5824495,0.18623663,0.09627247,0.0026341644,0.09613776,1.9854298e-05,2.5319192e-05
0.0010286863,0.9956512,0.0033195792,6.173871e-07,3.5507395e-09,1.471003e-11,2.721832e-10,1.1654112e-08,1.4938696e-10,4.298382e-11
4.669813e-05,0.071434796,0.91911256,0.009389988,1.5675632e-05,6.7827735e-09,2.1242348e-09,3.040598e-07,4.1650514e-09,1.921947e-09
0.31941643,0.6804009,0.0001826994,9.508431e-09,1.2249549e-10,1.0549855e-12,4.516681e-12,4.8566795e-10,4.0546425e-10,4.107099e-12
9.360525e-06,0.01562882,0.6711825,0.28997284,0.023103923,1.074591e-06,9.737602e-06,9.169349e-05,2.5364965e-08,4.230255e-08
0.00017035652,0.99762815,0.0022007385,8.279907e-07,9.656822e-10,2.4118025e-12,1.1911523e-11,1.6601083e-09,1.2451589e-11,2.8721062e-12
0.00014383503,0.011815091,0.9792341,0.008684751,0.0001212657,2.217412e-08,2.3308061e-08,8.342835e-07,6.823183e-08,9.183062e-09
1.5482936e-05,0.002674362,0.86604154,0.12964427,0.0016161194,4.5098773e-07,1.7467184e-07,7.397814e-06,9.8579626e-08,4.8236327e-08
0.012069035,0.9767784,0.011150532,1.9947456e-06,3.4018726e-08,2.8843256e-11,5.2499657e-11,3.2836691e-09,1.6100195e-09,8.2536554e-11
0.9754038,0.02458705,9.226339e-06,3.3220174e-10,6.6238993e-12,2.6120718e-13,3.1993275e-13,5.87021e-11,4.0604198e-10,1.1664412e-12
9.65355e-05,0.9893908,0.010490969,2.1662803e-05,2.4257496e-08,9.344613e-12,4.1483733e-11,3.1551246e-09,5.193172e-11,5.3951414e-12
0.0004132074,0.287913,0.69896936,0.012678753,2.5127883e-05,2.5601585e-08,1.3168314e-08,4.9642114e-07,1.0961943e-08,3.6185903e-09
0.0036984943,0.9935173,0.0027837518,4.4752503e-07,6.028273e-09,2.8959158e-11,1.781976e-11,2.0286608e-09,3.3155978e-10,1.3429424e-11
7.6026394e-05,0.0122748725,0.94555676,0.041934464,0.0001529407,1.2857625e-07,1.2197177e-07,4.562636e-06,7.290342e-08,9.697691e-08
0.00066228316,0.9991966,0.0001410923,4.77781e-09,5.96277e-11,7.735406e-15,1.3011453e-13,8.759244e-12,1.4940664e-12,7.276898e-14
0.75204045,0.24795924,2.6340751e-07,9.1847936e-14,1.4691919e-15,2.670506e-18,2.4260954e-17,1.4733516e-14,1.3866284e-13,9.032867e-17
4.026436e-05,0.024967795,0.9738593,0.0011298748,2.6317955e-06,8.6321883e-10,1.065502e-09,9.88362e-08,1.6998704e-09,4.0980785e-10
0.00047518656,0.99931633,0.00020843037,5.2959113e-09,1.1709435e-10,9.646483e-14,3.6486225e-13,1.9345282e-11,2.709845e-12,1.938482e-13
0.0016416939,0.93603235,0.06228571,3.7818078e-05,2.2325341e-06,7.6369877e-10,2.498795e-09,1.0588306e-07,1.3345609e-08,7.232664e-10
1.685525e-05,0.009003138,0.8566026,0.118644506,0.015722288,6.448442e-07,2.6449582e-06,7.2681605e-06,4.126033e-08,5.2276654e-08
0.21320833,0.7867833,8.345918e-06,5.0885425e-09,3.3805445e-09,1.5965977e-12,1.487921e-11,1.8435166e-10,2.8539182e-09,4.803909e-12
0.0023276454,0.9971131,0.0005592863,1.5291958e-08,9.5924796e-11,1.0934585e-13,6.0053216e-13,5.083006e-11,1.3905312e-11,5.6035997e-13
0.0016905926,0.94684505,0.05121799,0.0002456135,4.989803e-07,2.9364336e-10,6.1017573e-09,2.2643478e-07,1.8139846e-09,3.5063643e-09
3.0623914e-06,0.011571535,0.84529996,0.14288577,0.0002375201,2.6896523e-09,2.98909e-08,2.0900889e-06,2.0462145e-09,3.0698812e-09
0.0004731512,0.9987961,0.00073075393,1.5387903e-08,1.111019e-10,3.1097605e-14,2.7767686e-13,2.616553e-11,2.0712293e-12,8.807934e-14
0.103783816,0.8885236,0.007552061,0.00013156132,2.0907212e-06,1.0702471e-06,2.180995e-07,4.7944563e-06,3.784401e-07,4.4310931e-07
2.8923566e-06,0.00021881054,0.006539791,0.26523578,0.72445804,0.0013366306,0.00054531166,0.001639927,1.25971055e-05,1.0254148e-05
0.02930456,0.97049767,0.00019784935,1.4109536e-08,4.744262e-10,2.3899073e-12,7.211535e-12,3.967769e-10,4.036946e-10,6.113421e-12
0.91979915,0.0801842,1.6635828e-05,1.6650379e-09,4.4941665e-11,1.12786e-12,2.059734e-12,3.3506356e-10,1.0575836e-09,5.7175284e-12
0.02625563,0.97136575,0.0023763739,1.8502956e-06,1.3586852e-07,2.8784534e-08,1.8504498e-09,1.1118875e-07,5.4859107e-08,2.7019675e-09
0.010332461,0.98638606,0.0032546502,2.6564503e-05,8.7588234e-08,4.0580304e-09,7.2360795e-10,7.449143e-08,1.9474363e-08,1.589114e-09
0.0012620549,0.9979436,0.00079431495,1.471897e-08,1.2787326e-09,3.7998403e-14,5.135296e-13,2.007472e-11,5.0601593e-12,1.5995301e-13
0.0010753961,0.99885964,6.5005275e-05,2.814061e-09,1.6761672e-11,1.591948e-14,1.392243e-13,8.688926e-12,2.6251414e-12,7.5205494e-14
0.083769865,0.9135346,0.002693691,1.6825833e-06,1.0459644e-07,1.172918e-09,2.3205247e-09,1.1222994e-07,6.455828e-08,1.7310121e-09
3.422687e-05,0.001670361,0.019552456,0.89217407,0.08637402,3.1733883e-08,0.00018127385,1.1829764e-05,4.0333876e-07,1.3382328e-06
0.0021175477,0.97084975,0.02700609,2.5967796e-05,5.5326467e-07,5.0594724e-09,3.2576808e-09,5.7863623e-08,8.728172e-09,2.536596e-09
0.0041472516,0.8425995,0.1529898,0.00025582794,1.9425702e-06,9.308579e-09,2.6307208e-07,5.2160976e-06,4.1404714e-08,1.3931178e-07
0.0007191187,0.9983627,0.00091766054,4.9067114e-07,2.7570757e-09,8.236796e-12,3.005697e-11,2.4919555e-09,2.0002994e-10,9.359273e-12
0.0031464184,0.88391685,0.112887,4.6433623e-05,2.7153324e-06,2.431724e-09,5.756697e-08,5.088494e-07,2.2497417e-08,2.1759044e-08
0.011028348,0.108661175,0.85455346,0.025112173,5.1550636e-05,7.7755595e-07,4.6169742e-05,0.0005308748,2.1411736e-06,1.332508e-05
7.5307325e-06,0.0054575526,0.9302163,0.06353908,0.000755594,1.08314474e-07,5.4965363e-07,2.3193079e-05,4.745629e-08,6.369885e-08
0.00058368006,0.80728847,0.1914268,0.0006990508,1.4322654e-06,6.3701906e-09,8.581255e-09,6.2214684e-07,3.5798884e-09,3.0905274e-09
9.909102e-05,0.17015898,0.7764685,0.053204145,5.333526e-05,8.312882e-08,4.4244914e-07,1.5271195e-05,2.1906319e-08,7.519767e-08
0.9079306,0.09199055,7.8780504e-05,3.2356756e-10,1.38502335e-11,5.0046176e-13,4.59042e-13,1.3626439e-10,3.8908546e-10,1.6136627e-12
0.0002465563,0.034184877,0.9192469,0.045260016,0.0010533514,4.856028e-07,6.654675e-07,6.3836983e-06,4.6899737e-07,2.913482e-07
0.00030797813,0.2163748,0.60636604,0.1763888,0.00051271694,3.2933087e-06,1.048287e-06,4.5009496e-05,1.13369715e-07,1.5946883e-07
2.113646e-05,0.00589019,0.9573478,0.03646313,0.00027511976,1.1344918e-07,4.656327e-08,2.438849e-06,2.9882624e-08,1.4789671e-08
9.19527e-05,0.9663812,0.03351253,1.4234614e-05,6.11835e-08,8.2841425e-12,7.062666e-11,6.732107e-09,7.497319e-11,1.0430953e-11
0.03081592,0.9691621,2.1915983e-05,4.3163895e-10,8.411239e-12,2.8468926e-14,1.5484848e-13,8.418831e-12,9.976617e-12,1.12922184e-13
4.78448e-05,0.00028497394,0.004418827,0.14091757,0.6652179,3.916929e-05,0.18846084,0.00015020723,0.00017746449,0.00028523032
1.1805732e-05,0.01223212,0.94108564,0.046384692,0.0002847614,2.0595225e-08,2.4552877e-08,9.304223e-07,7.4972935e-09,5.3830895e-09
5.451708e-05,0.023872018,0.9739096,0.0021586942,4.8653465e-06,1.414016e-09,1.3978114e-09,1.8476663e-07,2.43047e-09,6.214735e-10
0.0010758728,0.28191432,0.715225,0.0017777949,6.583932e-06,5.9606045e-09,3.6125183e-09,4.4395898e-07,1.4882049e-08,2.200061e-09
0.99059194,0.0094075,5.506543e-07,2.442919e-13,1.4151769e-14,6.061928e-17,5.3976635e-16,1.0785856e-13,1.7407555e-12,9.261977e-16
0.0002224715,0.9512653,0.04844298,6.751098e-05,1.6013158e-06,4.926913e-10,6.3862844e-09,1.510995e-07,8.98299e-10,7.215613e-10
0.012106478,0.9611576,0.026579684,0.00015196565,2.9381447e-06,1.3942231e-07,2.5990383e-08,8.4560236e-07,2.4862706e-07,2.5149646e-08
0.008858567,0.9855274,0.0056100506,3.990662e-06,4.013304e-09,1.8303149e-11,1.9152216e-11,4.2880504e-09,7.6280326e-10,4.2832477e-11
0.00013100028,0.004005754,0.9189998,0.04138396,0.03396236,0.0013372756,5.1346533e-06,0.000163424,9.372626e-06,1.9524791e-06
0.00027212952,0.10470144,0.8825179,0.0124485465,5.881702e-05,7.020886e-08,1.3325504e-08,1.0677223e-06,2.1702531e-08,1.0380923e-08
0.99737513,0.0026249192,5.5143343e-09,4.188002e-16,7.131668e-17,2.5208403e-20,4.4775783e-19,2.2733493e-16,1.0279176e-14,8.847776e-19
7.3746537e-06,0.0005026282,0.035900652,0.65111613,0.30885497,0.003272494,1.1829422e-05,0.00031932272,9.541027e-06,5.036699e-06
0.01596098,0.9612506,0.022749381,3.778381e-05,8.476042e-07,5.3066054e-09,8.427801e-09,2.7189205e-07,1.3830216e-07,1.9322915e-08
0.09484066,0.9032192,0.0019394936,6.1165e-07,3.6535064e-09,5.5356233e-11,6.0903706e-11,6.422471e-09,3.5153394e-09,9.943172e-11
0.0016605787,0.34906805,0.64562446,0.0029043874,0.00073383027,7.59582e-08,6.4869846e-07,7.6262327e-06,2.2918168e-07,1.0848358e-07
1.0242253e-05,0.021397574,0.9730674,0.005505725,1.904393e-05,8.985365e-10,1.4036877e-09,7.200753e-08,5.3139143e-10,2.5791225e-10
1.6080678e-05,0.003630979,0.8875325,0.10566796,0.0031352215,1.4216404e-06,1.3864849e-06,1.4167282e-05,2.0154151e-07,8.2917815e-08
7.817192e-06,0.00043980102,0.027910087,0.32617912,0.6402397,0.004773515,1.8077588e-05,0.00038488637,3.0327752e-05,1.658287e-05
0.012279912,0.98758954,0.0001305869,7.370732e-09,2.3376537e-10,5.854856e-13,2.0077538e-12,1.1286531e-10,1.1046781e-10,1.102818e-12
0.0038972702,0.0122153675,0.8704151,0.10765156,0.004687685,9.787272e-05,3.579723e-05,0.0009200441,2.1099711e-05,5.8150923e-05
0.0019456769,0.9701202,0.027923305,1.0788367e-05,9.881148e-09,2.649992e-12,8.086341e-12,2.1275373e-09,1.4055238e-10,8.815962e-12
0.70053494,0.2987558,0.0007092682,2.0336866e-08,6.5568556e-10,3.92137e-13,4.0034608e-12,2.7699365e-10,9.2418695e-10,1.2744248e-11
0.34912786,0.648858,0.0020107047,1.7960309e-06,1.0972292e-06,1.084942e-09,4.6778283e-09,6.0839255e-08,4.126717e-07,1.3854193e-09
0.07461352,0.9247488,0.0006375891,1.4489994e-07,1.206398e-09,3.1113605e-11,2.3314971e-11,2.7823297e-09,1.7035376e-09,8.423007e-11
1.0877557e-05,0.0022661916,0.4107478,0.5859869,0.0009254067,3.6958255e-07,1.3139936e-05,4.7885223e-05,1.3925006e-07,1.3614975e-06
0.05429855,0.9421314,0.0035680071,2.062706e-06,9.166471e-09,4.4424377e-11,8.976556e-11,8.704569e-09,2.5699116e-09,1.14364074e-10
0.59379506,0.40611646,8.849393e-05,3.2680327e-09,4.063114e-10,4.4983275e-12,7.673339e-12,5.9439403e-10,3.2596599e-09,1.2173641e-11
0.0016623929,0.9744776,0.023854138,5.8080677e-06,2.3996442e-08,2.3819852e-10,6.6525835e-10,3.9366157e-08,1.4908307e-09,5.49666e-10
0.0020148845,0.99301976,0.004965054,2.28053e-07,1.8239906e-09,8.764189e-12,1.0248603e-11,8.8047947e-10,1.3606806e-10,6.526597e-12
0.9721085,0.027799644,9.1935784e-05,3.26002e-09,1.1665043e-10,7.4271474e-12,8.726283e-12,6.6803896e-10,3.2668608e-09,3.2961495e-11
9.8503966e-05,0.044162966,0.9475511,0.008157467,2.884853e-05,3.2618704e-08,1.20963355e-08,1.087801e-06,1.1683341e-08,8.062708e-09
6.09204e-06,0.00012324742,0.0048786993,0.109896645,0.8660845,0.018715799,2.937526e-05,0.0002107607,4.073768e-05,1.404654e-05
0.9811384,0.018861016,5.857722e-07,4.690176e-12,2.573746e-13,3.2519842e-15,1.5121639e-14,2.1179872e-12,2.4275677e-11,3.0750627e-14
8.763128e-06,0.0006961305,0.20723335,0.627191,0.16479588,3.359271e-06,1.4608787e-05,5.3853262e-05,2.1019757e-06,9.651854e-07
3.9287537e-05,0.020288391,0.97131294,0.008260101,9.8846125e-05,9.618274e-09,1.4609971e-08,4.1707847e-07,1.4896964e-08,4.2146193e-09
1.3101565e-05,0.0008948451,0.045282453,0.7237267,0.21483018,0.0016121934,0.003731456,0.009873585,1.204165e-05,2.3531573e-05
8.346321e-05,0.03151281,0.89508474,0.07251946,0.0007954115,1.4274147e-07,1.8850483e-07,3.4621899e-06,1.7027996e-07,1.1125626e-07
0.00081477215,0.42624432,0.57234937,0.0005899494,1.4650158e-06,1.48224e-09,8.5101654e-10,1.2793683e-07,4.176581e-09,1.2697486e-09
0.0013713355,0.99829453,0.00033404268,1.3729566e-07,1.5649447e-09,2.8484352e-12,7.343756e-12,3.7523876e-10,7.680387e-11,6.5679007e-12
0.041058052,0.95784247,0.0010995304,2.6976876e-08,3.3319858e-09,1.019569e-12,3.3074888e-12,1.3358711e-10,2.5552666e-10,1.877368e-12
2.7741794e-06,0.0022546812,0.46856096,0.52434766,0.00482137,1.2531759e-06,1.1418864e-06,1.0071756e-05,3.2893556e-08,6.031081e-08
0.005679237,0.6414519,0.35263458,0.00023107797,2.9322173e-06,7.834895e-09,3.9320955e-09,1.9656888e-07,4.0532264e-08,3.2385647e-09
5.625749e-06,0.00013407451,0.0055523207,0.03709554,0.7555471,0.20112024,1.8825103e-05,0.00047546095,3.8643626e-05,1.2099905e-05
6.730075e-06,0.00027321177,0.013451337,0.31000894,0.66974187,0.0061179255,0.00019869492,0.00015082647,3.6685804e-05,1.3720961e-05
0.17487219,0.8249659,0.00016195544,6.4865158e-09,1.2870692e-10,7.089069e-14,4.713e-13,2.9109066e-11,8.520178e-11,4.826349e-13
0.9388108,0.061185412,3.7530874e-06,7.092849e-11,3.0545367e-12,1.4808672e-14,1.01332164e-13,1.4024816e-11,8.477298e-11,2.060394e-13
0.94442004,0.055573493,6.3967977e-06,2.1702656e-10,5.7471857e-12,1.5610955e-13,2.8005362e-13,5.9551024e-11,2.5859348e-10,4.8835003e-13
0.0019178386,0.9767661,0.021293776,2.1857748e-05,3.713029e-07,1.4363745e-10,2.9696696e-09,8.2302186e-08,1.0325656e-09,5.383952e-10
0.015544929,0.28579578,0.65472347,0.043260507,0.00064320787,7.48743e-07,2.398936e-06,1.7855582e-05,4.066284e-06,7.014045e-06
0.0013143178,0.99690825,0.0017772851,1.4687969e-07,1.957995e-09,1.6362133e-12,2.322816e-11,9.1809643e-10,8.0188106e-11,7.236806e-12
0.0011906043,0.94257295,0.056215283,2.1129146e-05,2.374668e-08,2.2183965e-11,2.137109e-11,7.605995e-09,3.07474e-10,2.4230062e-11
0.00089711155,0.9973341,0.001760154,8.707179e-06,1.2833039e-08,8.5631415e-12,8.219091e-11,2.9840483e-09,2.205441e-10,9.7408845e-11
0.057611752,0.014389371,0.7808424,0.024741026,0.025484921,0.052205395,0.005619733,0.0012179585,0.0028271067,0.035060335
0.8938165,0.106181346,2.1724989e-06,1.948239e-11,2.3197715e-12,1.2214379e-13,1.1363619e-13,7.309673e-12,2.312401e-10,4.1378598e-13
0.0012498276,0.9889416,0.009677608,0.00013073487,2.576727e-07,3.1404503e-09,6.7314093e-10,3.712743e-08,2.7252305e-09,9.50988e-10
0.010304816,0.98845893,0.0012357568,4.594183e-07,3.096797e-09,1.8362147e-11,7.318435e-11,2.6614055e-09,6.333304e-10,3.6413296e-11
0.46006492,0.5398376,9.74211e-05,3.2076272e-08,2.8518912e-10,9.940674e-12,7.074949e-12,1.2590194e-09,1.6744545e-09,1.2212508e-11
0.00012770615,0.09618475,0.6918741,0.21150692,0.00030096117,2.6770473e-07,2.0485291e-07,5.005804e-06,8.682493e-08,1.16266065e-07
0.022428129,0.9773309,0.00024091556,1.4271078e-08,8.191029e-10,7.8990547e-13,6.55955e-12,3.594848e-10,3.161786e-10,4.6245785e-12
0.70784736,0.29214472,7.900897e-06,6.4075606e-10,4.884644e-12,6.642164e-14,1.7627406e-13,3.7861565e-11,1.3321678e-10,4.8763933e-13
4.3300856e-06,0.0030530074,0.98663074,0.010267038,4.453871e-05,1.5227805e-09,8.515773e-09,2.9235756e-07,1.258609e-09,5.995124e-10
0.050162524,0.9491342,0.0007031608,7.347994e-08,2.528961e-10,4.050802e-12,5.1244256e-12,6.203401e-10,4.1526146e-10,2.038213e-11
1.7851307e-05,0.00022289174,0.004599103,0.046764,0.8952653,0.017748188,0.032641616,0.0022115265,0.00040681436,0.00012278392
0.08524866,0.91272736,0.0020239148,8.115428e-08,2.3390828e-10,9.831038e-13,1.131326e-11,1.586566e-09,5.1787435e-10,2.774149e-11
0.11371316,0.8856273,0.0006594916,4.438943e-08,4.4145985e-09,8.3876395e-12,3.568344e-11,9.1353036e-10,3.0027527e-09,1.9730636e-11
3.3120195e-05,0.011846928,0.9714434,0.015723407,0.00095012295,5.4750902e-08,2.5540197e-07,2.6487753e-06,4.024608e-08,1.0874543e-08
0.96112627,0.038727995,0.00014573109,1.8101655e-08,4.230495e-10,4.575377e-12,5.225885e-11,2.326076e-09,1.0326887e-08,1.8281787e-10
0.0025867736,0.9963561,0.0010571341,4.017942e-08,3.5053568e-10,6.3718345e-14,2.0846716e-12,1.1999506e-10,1.0653661e-11,8.3147546e-13
0.50947237,0.49050838,1.9279165e-05,1.3615805e-09,1.5260513e-11,2.5260035e-13,1.07934034e-13,2.537789e-11,6.011511e-11,2.8718632e-13
0.08588503,0.91359,0.00052501314,1.6334377e-08,6.731993e-10,3.6974015e-13,2.4158004e-12,2.2588091e-10,3.9604037e-10,3.6793797e-12
0.008816949,0.98970664,0.0014762436,1.6570014e-07,6.500403e-09,2.0552201e-12,3.001821e-11,5.1673216e-10,4.566255e-10,1.0508582e-11
0.0010379541,0.99875784,0.00020424559,3.4915344e-09,3.53194e-11,1.1012063e-14,4.2158537e-13,3.737922e-11,1.5680596e-12,8.395871e-14
0.0002417169,0.99273115,0.0070268735,2.1117907e-07,4.2578088e-09,1.2273532e-13,1.7271725e-12,1.4114408e-10,6.8679676e-12,5.609576e-13
3.053461e-05,0.016924538,0.97811925,0.0049171387,8.292243e-06,3.3988046e-09,2.0266333e-09,2.760901e-07,3.8026204e-09,9.283736e-10
0.0522281,0.9475501,0.00022163137,5.7228558e-08,2.3751057e-10,1.6974938e-12,3.1223774e-12,3.2095604e-10,3.600514e-10,5.101316e-12
0.98968863,0.010311322,3.7475328e-08,3.2001794e-13,1.3356797e-14,5.3850507e-17,1.2986497e-16,4.1202617e-14,1.4450395e-12,2.5510168e-16
9.781243e-05,0.16901867,0.82783234,0.0030170372,3.354561e-05,2.8482972e-08,1.5366027e-08,5.4857594e-07,6.3907586e-09,3.1096625e-09
0.040501017,0.958873,0.0006259333,1.14576515e-07,6.9784027e-09,6.622009e-12,7.2596915e-11,1.5376399e-09,1.1237604e-09,2.8153568e-11
0.00515677,0.6452396,0.33895853,0.010357614,0.0002501838,5.2044884e-06,5.5894184e-06,2.0139254e-05,3.977206e-06,2.4182075e-06
7.288849e-05,0.0408647,0.89367735,0.050969783,0.0143116675,4.1943727e-07,4.5377732e-05,5.7097353e-05,2.5787332e-07,3.724811e-07
4.5413076e-06,0.0035660518,0.7817722,0.2133884,0.0012667439,7.162039e-08,8.2071836e-08,1.8728232e-06,1.3647758e-08,7.63958e-09
0.009821005,0.9896004,0.00057861075,4.0496403e-08,2.0766017e-10,2.2149421e-13,8.777727e-13,1.2447751e-10,3.1531965e-11,2.0115654e-12
0.004672181,0.97260463,0.022696419,2.6449063e-05,3.7132025e-07,9.705113e-11,5.0410504e-10,1.2337485e-08,4.7515276e-09,1.9728616e-10
0.7814616,0.21851215,2.6269585e-05,1.8243417e-08,1.5765516e-09,8.631056e-12,1.0573821e-11,7.291482e-10,9.271821e-09,2.2246703e-11
1.3662586e-06,0.006352569,0.9139202,0.0795536,0.00014864835,5.036378e-08,1.1646854e-06,2.2282384e-05,1.0488497e-09,8.107391e-09
8.821423e-05,0.06276818,0.70349574,0.23235516,0.0012506137,8.2068254e-07,2.3725686e-06,3.8538237e-05,1.1279011e-07,2.1753097e-07
3.9065075e-05,0.020379836,0.8221048,0.1286852,0.028709795,8.0256376e-07,2.9535206e-05,4.9986727e-05,3.0421793e-07,7.686975e-07
0.0011997872,0.197298,0.64944565,0.15105589,0.000952473,6.6964312e-06,1.1669214e-06,3.617192e-05,2.8927227e-06,1.2478187e-06
5.9075384e-05,0.046091426,0.95163584,0.00220237,1.1126433e-05,1.9182973e-09,1.4526598e-09,9.920168e-08,2.1590842e-09,5.0041205e-10
0.9365915,0.06339655,1.1966276e-05,1.5376193e-10,5.9840305e-12,1.640519e-14,1.5102111e-13,1.825344e-11,1.1443477e-10,3.5479627e-13
6.047058e-06,0.00022219105,0.008319898,0.10744058,0.86903304,0.01164214,0.0012528673,0.0020336935,3.7840207e-05,1.16843885e-05
0.008145827,0.9570463,0.034709968,9.714483e-05,5.685662e-07,1.1167377e-09,1.2047512e-08,2.0991797e-07,2.290013e-08,1.3967231e-08
0.00039942685,0.67908233,0.30266166,0.016388813,0.0014584241,2.1339517e-07,2.2898796e-06,6.5271743e-06,1.6539038e-07,1.2380613e-07
6.5978907e-06,0.005030843,0.972266,0.022481797,0.00021190193,5.8485124e-08,1.08164585e-07,2.714667e-06,1.8115289e-08,6.609796e-09
0.0012872899,0.99654984,0.0021626432,1.9366718e-07,1.2652779e-09,3.2255704e-12,8.374412e-12,1.145423e-09,1.1697951e-10,3.4148181e-12
0.0015231022,0.98783714,0.010632273,7.4713653e-06,6.144535e-08,6.1344776e-11,5.8182074e-11,3.600195e-09,5.937561e-10,6.397979e-11
0.00032963965,0.2462653,0.7518813,0.0015234477,9.8945286e-08,9.4471965e-12,3.3037886e-09,1.7344517e-07,2.5758692e-10,5.387899e-10
0.0003557155,0.7164067,0.28307572,0.00015558286,6.1637925e-06,8.3753815e-10,7.571467e-09,1.4267113e-07,4.8038764e-09,5.7993105e-10
0.0049324078,0.91891503,0.07606236,8.77827e-05,2.1251003e-06,2.0567263e-08,1.1367815e-08,2.6846584e-07,1.6771565e-08,1.3919188e-08
0.0040761163,0.9957001,0.00022376835,1.5801515e-08,1.7901619e-10,2.0910567e-13,9.88394e-13,6.368608e-11,3.0400887e-11,6.9962086e-13
4.7984722e-05,0.02314969,0.9752162,0.0015832045,2.773949e-06,5.141985e-10,7.8745976e-10,1.17108485e-07,1.2314436e-09,3.692503e-10
0.80444735,0.19554858,4.088941e-06,4.1766455e-11,9.797755e-13,1.1444591e-14,3.445131e-14,7.655096e-12,4.03808e-11,6.405674e-14
0.06203809,0.9377748,0.00018713319,1.3766066e-08,4.8728133e-11,1.4490464e-13,7.2803206e-13,9.5758e-11,8.036854e-11,2.2149001e-12
0.0007018171,0.996398,0.0028997138,4.7614265e-07,1.9214387e-08,1.32097016e-11,5.527303e-11,1.9986384e-09,2.908078e-10,1.4782712e-11
1.199394e-05,0.00013689643,0.002485764,0.00900185,0.22263744,0.7644953,0.00025917252,0.0008644182,7.473157e-05,3.242211e-05
0.001552353,0.99801624,0.0004314109,3.7509786e-09,1.572117e-11,4.890327e-15,5.059848e-14,9.203948e-12,1.2610569e-12,3.4967743e-14
3.7801944e-06,0.00029762386,0.017330049,0.7399805,0.208429,0.0033017956,0.006344518,0.024304086,2.7839162e-06,5.7881366e-06
0.00021845866,0.9989851,0.00079616904,2.0264567e-07,1.0222064e-09,3.421373e-13,4.2068215e-12,1.5705015e-10,1.8582125e-11,1.971314e-12
0.18155263,0.8183449,0.00010242322,1.90232e-08,5.610625e-10,2.19656e-11,1.2789375e-11,9.1629243e-10,1.7615571e-09,3.288446e-11
0.0038801867,0.995565,0.0005548348,1.787935e-08,2.3144638e-10,2.9602509e-13,1.4541492e-12,1.0236264e-10,1.5343338e-11,1.726318e-12
0.020767562,0.9791956,3.6871774e-05,1.9286686e-09,9.896867e-11,9.755241e-14,5.1163755e-13,2.7067418e-11,2.870418e-11,3.3574752e-13
0.0007703972,0.98082614,0.01815136,0.00021820633,3.3393306e-05,7.400726e-09,1.4694672e-07,3.495552e-07,2.1919787e-08,6.3258794e-09
2.8040035e-05,0.99699485,0.002976549,5.88228e-07,3.890147e-10,1.1427518e-13,2.3791897e-12,1.1746672e-10,1.0198767e-12,1.1799137e-12
0.74573386,0.25425413,1.2007467e-05,5.5537526e-11,1.561016e-12,1.5257118e-14,4.7723825e-14,6.1868106e-12,4.056073e-11,7.964632e-14
0.9043865,0.09561316,3.7350046e-07,4.522489e-13,6.733305e-15,3.3572406e-17,7.5306735e-17,1.9862295e-13,3.2554333e-13,1.0528306e-16
0.0055987956,0.9943851,1.6089138e-05,3.8079387e-10,2.7418686e-12,1.2937059e-15,3.4353925e-14,2.7176009e-12,1.4624722e-12,2.3646148e-14
0.0015553159,0.97440964,0.024025917,9.114466e-06,6.0529692e-09,1.3499387e-12,4.917644e-12,1.4936782e-09,7.191638e-11,4.9720445e-12
0.00712668,0.99216956,0.0007036223,6.5861585e-08,2.41053e-09,2.4690462e-12,2.3869424e-11,1.043961e-09,2.4512414e-10,1.2619829e-11
9.6447075e-05,0.008979626,0.9735865,0.0145626655,0.0027031987,5.0730865e-05,1.1173203e-06,1.8617193e-05,8.917786e-07,2.131715e-07
0.02740118,0.9714779,0.0011205719,1.8593124e-07,2.7102505e-08,4.1490583e-12,7.5245074e-11,6.8449285e-10,1.3866831e-09,1.8864391e-11
9.786078e-06,0.0003813755,0.013755182,0.3565533,0.62539554,0.003377445,0.00013417217,0.00031974213,6.336032e-05,1.0117996e-05
0.6057326,0.39424193,2.5455261e-05,3.3626346e-10,6.260659e-11,2.2311601e-12,9.957339e-13,3.6355054e-11,6.1588395e-10,3.3176285e-12
0.0030277902,0.994589,0.0023813834,1.9033076e-06,5.3787654e-09,5.2737592e-11,4.0484394e-11,3.8935952e-09,3.884477e-10,1.0552615e-10
1.6360795e-05,0.023837065,0.9686091,0.0065159947,0.0010208519,9.954102e-09,1.457897e-07,5.032453e-07,3.8857455e-09,2.746722e-09
1.0233947e-05,0.0023827273,0.13575596,0.47450227,0.38546497,0.00014340115,0.0007934577,0.000941266,2.7999918e-06,2.9924838e-06
7.3156293e-06,9.989153e-05,0.003945606,0.08258206,0.87762827,0.034662273,0.00023673169,0.00048275632,0.00032142742,3.3726177e-05
8.102159e-05,0.996618,0.0033008645,1.5471207e-07,1.4162914e-10,3.915775e-14,4.4437544e-13,3.5212971e-10,1.0658163e-12,8.9041025e-14
0.04702768,0.95279473,0.00017754601,4.0072162e-08,2.7988583e-09,3.3348402e-12,2.3551962e-11,6.9053385e-10,1.4095168e-09,1.3162734e-11
0.0003008317,0.055820458,0.73458785,0.15101115,0.058026515,2.7495742e-06,0.00016406609,8.2256585e-05,2.4201584e-06,1.7287088e-06
0.0008551546,0.9960802,0.0030643924,2.2352472e-07,4.4824793e-09,6.014923e-13,5.872398e-12,3.430711e-10,3.8715565e-11,1.2337467e-12
0.021311855,0.9583441,0.020339869,3.9131855e-06,3.0009255e-07,1.5306331e-10,6.1096367e-10,1.693835e-08,9.038526e-09,2.9889793e-10
3.2027147e-05,9.2076676e-05,0.0014609023,0.011011858,0.7312276,0.24770738,0.0020527802,0.0007254935,0.0048303725,0.00085950346
1.9701423e-05,0.004144689,0.7284292,0.261029,0.0063534537,7.5140106e-06,1.1765374e-06,1.4713121e-05,2.261385e-07,2.4578048e-07
0.02013912,0.97981524,4.5588455e-05,1.8544063e-09,2.267302e-11,1.7841203e-13,5.550529e-13,1.2600801e-10,3.156007e-11,4.044081e-13
0.91474664,0.08471483,0.00053821167,2.3155052e-07,1.5375959e-09,6.391754e-11,1.5220487e-10,3.4778e-08,9.735085e-09,7.679373e-10
0.004124952,0.7296756,0.25720307,0.008907203,8.553132e-05,5.863067e-07,1.324147e-07,2.5320617e-06,2.8591265e-07,1.5408966e-07
0.0009624501,0.77069074,0.225593,0.0027181476,3.541995e-05,6.1892007e-09,1.34740255e-08,1.8343516e-07,2.0996545e-08,3.2112764e-09
0.00014703897,0.997358,0.002494696,1.9228821e-07,4.0587353e-11,6.720595e-14,2.6844954e-13,2.6321947e-10,2.9232734e-12,9.528818e-14
0.00019329846,0.76215714,0.23417607,0.003459225,1.3592471e-05,6.165605e-09,3.2671124e-08,6.4260473e-07,7.260716e-09,1.398851e-08
4.2210322e-05,0.014956186,0.33249676,0.17491464,0.47748166,7.885704e-06,6.862254e-05,3.0329224e-05,1.1640236e-06,5.39939e-07
6.5654262e-06,0.0019167941,0.9761653,0.021577822,0.00033296374,9.481061e-09,3.3721097e-08,4.7623377e-07,1.1859817e-08,2.2545883e-09
9.880465e-07,6.606725e-05,0.014455739,0.9837546,0.001273391,2.3102705e-06,1.777764e-05,0.00042493793,2.219243e-08,4.0785208e-06
8.9351925e-05,0.15064126,0.84319955,0.0060438593,2.568204e-05,2.9351042e-09,4.974416e-09,2.6904792e-07,4.644029e-09,1.5542145e-09
8.549587e-07,0.00076562294,0.5191476,0.4790632,0.0010202354,4.3337632e-08,1.0199746e-07,2.3255395e-06,4.966123e-09,6.8272152e-09
0.99043286,0.009566986,1.6764685e-07,4.097568e-13,2.4548509e-14,5.835125e-17,3.3770748e-16,6.567429e-14,2.706965e-12,6.4632616e-16
0.012692008,0.9867339,0.00057403586,4.1498667e-09,5.79375e-10,1.8246774e-14,4.9443956e-13,2.3398455e-11,1.3529336e-11,1.299976e-13
9.4678195e-05,0.017392742,0.8174664,0.16348547,0.001544368,3.1737807e-06,3.714836e-07,1.2117965e-05,4.0574054e-07,1.82857e-07
5.389181e-05,0.13000567,0.868942,0.0009710647,2.7072854e-05,3.8204298e-09,9.5091535e-09,2.3673294e-07,1.2192837e-09,7.3032486e-10
0.015378379,0.9707088,0.013875465,3.389562e-05,3.3172105e-06,4.3895363e-09,7.60424e-09,8.598103e-08,6.07153e-08,3.5132064e-09
4.5905217e-06,0.0028939075,0.9066272,0.08941342,0.0010487583,9.538925e-08,1.3103478e-06,1.0666059e-05,4.105114e-08,2.389218e-08
0.2588561,0.7410784,6.552561e-05,1.615603e-09,3.0660304e-11,1.6095712e-13,8.21554e-14,1.7209276e-11,4.3898257e-11,3.6468292e-13
0.004995518,0.9931733,0.0018283504,2.8365732e-06,9.535415e-09,2.2716597e-10,5.6900082e-11,6.437566e-09,1.9452944e-09,6.822359e-11
0.0021910656,0.07828942,0.8692559,0.039519362,0.010685246,5.9697995e-06,7.2081943e-06,3.8094746e-05,6.6110606e-06,1.1124813e-06
0.0066610794,0.8921942,0.09993916,0.0011850788,1.5269727e-05,7.0543297e-07,1.6445624e-07,3.8065e-06,3.6875346e-07,1.0732769e-07
0.016711779,0.967928,0.015347799,1.2152274e-05,1.9149269e-07,3.0008231e-09,1.3295871e-09,9.8888634e-08,2.0723006e-08,3.8977794e-09
0.94457394,0.055425655,5.029479e-07,9.653794e-13,1.6703295e-14,3.5829404e-17,1.4970436e-16,1.05277305e-13,8.7351437e-13,6.941457e-16
0.00057260453,0.82085085,0.17426161,0.0041754995,0.00013723962,6.156186e-08,7.2409426e-07,1.3814383e-06,3.9856264e-08,2.75213e-08
0.0443225,0.95541,0.00026750198,5.323522e-09,3.8497766e-10,4.1714184e-12,5.511211e-12,7.133772e-10,3.5699269e-10,3.8497135e-12
0.00010285509,0.1385754,0.8570041,0.0043137483,3.6786641e-06,4.598319e-09,1.3750495e-09,2.5417322e-07,2.4618192e-09,1.3132582e-09
0.018729476,0.9807131,0.00055719295,2.892881e-07,1.7632086e-08,7.143548e-12,9.987643e-11,1.2891147e-09,1.2366546e-09,2.605606e-11
0.0044332203,0.99551046,5.629748e-05,1.2651399e-09,1.7060676e-11,1.4901126e-14,1.3278797e-13,1.6639452e-11,6.7810276e-12,8.667088e-14
3.2853783e-05,0.0016213033,0.057412613,0.9331224,0.0074075884,1.8462286e-05,0.0001373685,0.0002304712,1.3778006e-06,1.5581953e-05
0.0044802246,0.61870456,0.3694466,0.0070235156,0.0003355405,5.348597e-07,1.1515734e-06,5.56713e-06,1.1861018e-06,1.0784945e-06
9.471058e-06,0.0019927144,0.281572,0.6474801,0.068924874,2.949331e-06,3.5865007e-06,1.3929894e-05,2.540387e-07,1.7344169e-07
0.12990157,0.8698788,0.00021957104,6.5762404e-09,4.7567306e-10,2.4471037e-13,2.103566e-12,1.4781322e-10,3.0617126e-10,1.6032598e-12
0.014209135,0.9853849,0.00040599026,1.0087985e-08,2.1728166e-10,2.1561842e-13,2.6132774e-12,1.7407599e-10,5.3037956e-11,1.7962522e-12
0.003809791,0.067771584,0.81140906,0.11510917,0.0017540379,2.5913272e-05,4.07203e-06,9.917935e-05,1.0422368e-05,6.8912623e-06
1.6650749e-05,3.9884068e-05,0.0008497957,0.016284429,0.46613017,0.506021,0.0076109124,0.0015944471,0.0011744977,0.0002781306
1.644966e-05,0.0014346103,0.8276883,0.15261681,0.017971588,8.095479e-05,1.8527511e-05,0.0001699461,1.4199933e-06,1.4313734e-06
0.06507688,0.934032,0.000890931,8.261709e-08,4.978575e-10,1.8059821e-12,1.2203635e-11,9.371167e-10,6.306714e-10,2.890073e-11
0.00089157297,0.566557,0.43229818,0.00024879936,4.1622084e-06,2.033885e-08,5.293658e-09,3.5395067e-07,1.5435283e-08,3.3378784e-09
2.1578819e-05,0.06147805,0.9378491,0.00064854143,2.7055976e-06,1.0786084e-10,8.7993546e-10,6.034319e-08,2.895273e-10,9.608926e-11
0.0031224722,0.9863036,0.010570841,2.873532e-06,8.640188e-08,7.6356277e-10,7.2675077e-10,2.9297068e-08,1.9637134e-09,4.1282758e-10
2.5318589e-06,0.0009134285,0.18017831,0.8136006,0.00528673,3.3726822e-06,3.1942133e-07,1.4518729e-05,5.6798598e-08,7.6538385e-08
0.18440162,0.8150105,0.00058789755,3.846337e-08,1.6086589e-10,3.256146e-13,1.3040007e-12,2.308622e-10,1.4205195e-10,6.223769e-12
0.3550711,0.4820013,0.16290994,1.7444963e-05,4.5439464e-08,7.604342e-11,2.849558e-10,5.7028927e-08,1.5910583e-08,1.4418408e-09
0.9786683,0.021328408,3.347809e-06,2.9546324e-11,5.4926257e-13,2.0619074e-14,5.8161124e-14,1.6434938e-11,7.258977e-11,2.6106358e-13
0.96763813,0.032361764,1.4419338e-07,1.015262e-12,1.2152989e-13,2.986395e-16,1.9044562e-15,2.7058515e-13,8.492468e-12,4.8535433e-15
0.44450137,0.54797375,0.007508199,1.5950776e-05,1.6019085e-07,8.003807e-09,2.0681008e-09,3.3054116e-07,2.4403764e-07,6.7617196e-09
4.802865e-06,0.00048254308,0.030872922,0.1789616,0.7886591,0.00012042553,0.0005262317,0.0003616322,7.5612443e-06,3.1450052e-06
0.0067571662,0.9921713,0.0010714662,1.4778457e-08,2.8137261e-09,1.1910678e-13,2.1655676e-12,7.408339e-11,3.5543086e-11,4.5666487e-13
4.1687323e-05,0.004578136,0.15090643,0.5709656,0.27210048,9.708426e-06,0.0011782314,0.00021549492,1.5091563e-06,2.737077e-06
0.9991436,0.00085635256,1.6838401e-09,7.765385e-16,4.7740494e-17,1.6728198e-19,3.4521676e-18,1.3514726e-15,5.78072e-14,6.7440776e-18
0.46328947,0.536529,0.00018158226,1.4283113e-08,6.7556444e-10,8.9261324e-13,4.221084e-12,1.686611e-10,9.704831e-10,3.7597416e-12
0.14709069,0.85289365,1.5717113e-05,2.8744992e-10,7.469213e-12,5.065679e-15,7.86818e-14,8.076376e-12,3.5943044e-11,1.02360605e-13
0.00012185437,0.053895116,0.88929874,0.04361711,0.012833984,2.200057e-06,5.4130283e-05,0.00017499433,6.616872e-07,1.1536015e-06
0.024916278,0.9037152,0.070877254,0.00047514765,5.050897e-06,2.1800622e-07,3.260641e-08,1.05869585e-05,2.1502628e-07,4.654698e-08
0.007784579,0.9919287,0.00028661184,1.17573826e-07,3.4236352e-09,1.7817279e-11,2.9301415e-11,1.0559058e-09,5.937041e-10,2.3904814e-11
0.0018044398,0.85828435,0.12762564,0.012238515,4.201887e-05,2.364409e-07,1.352212e-07,4.3028754e-06,2.9780583e-07,3.12081e-08
0.00062530814,0.997163,0.0022117107,4.3625036e-08,2.64386e-10,4.457561e-14,1.2018307e-12,8.032081e-11,2.433226e-12,3.6587064e-13
0.03136711,0.9684096,0.00022306293,2.332356e-07,1.5488328e-09,2.238265e-11,2.1571174e-11,1.913411e-09,9.944022e-10,5.141932e-11
0.00070624385,0.9936993,0.0055911043,3.2598552e-06,2.2274802e-08,1.843648e-11,4.7877474e-10,2.0998446e-08,2.9057332e-10,9.367534e-11
0.3106014,0.68919003,0.00020858349,9.288065e-09,4.4272253e-09,1.0690278e-11,6.844835e-11,9.645389e-10,2.9740508e-09,3.5369936e-11
0.0011341661,0.9978725,0.0009931809,1.7148322e-07,5.6053016e-09,9.704101e-13,1.524258e-11,2.2181854e-10,7.3348334e-11,2.6586383e-12
0.039708067,0.52929854,0.42975357,0.0010562807,0.00018099176,1.6288969e-07,1.4063465e-07,1.1019383e-06,9.655199e-07,1.0849406e-07
4.1890467e-05,0.012575947,0.94119275,0.034748692,0.011436779,3.082403e-07,1.0272531e-06,2.3193988e-06,2.5679464e-07,6.311354e-08
1.0697589e-05,0.027840566,0.97024184,0.0019007737,5.9990466e-06,1.1692542e-09,3.0069756e-09,1.3515515e-07,4.0424536e-10,3.729371e-10
0.0024659948,0.9677825,0.029580861,0.00016932838,1.3371045e-06,9.3075453e-10,1.5544007e-09,5.4350167e-08,5.695563e-09,1.9754838e-09
4.3256325e-05,0.24134876,0.75817233,0.00043164368,3.8296366e-06,3.9861578e-10,2.5216371e-09,1.4878624e-07,2.0552315e-10,1.6169217e-10
8.4226966e-05,0.00022391335,0.010021292,0.13648872,0.8402696,0.0062862593,0.0043646395,0.0011142627,0.00093215995,0.00021490351
0.0051160106,0.9495939,0.04518389,0.00010555707,4.2408598e-07,2.414639e-09,1.8565979e-09,1.7978041e-07,9.3689945e-09,2.9896936e-09
0.11742108,0.8825053,7.3617324e-05,8.261623e-09,2.8429664e-10,2.7292634e-12,7.998208e-12,4.994199e-10,5.6755667e-10,9.598142e-12
1.6032074e-05,0.00980698,0.86712736,0.122724876,0.00032125472,2.4221333e-07,3.827623e-08,3.2878759e-06,2.733982e-08,2.4185448e-08
2.6320286e-05,0.012781995,0.8997208,0.076181374,0.011258142,1.5955558e-06,4.9979403e-06,2.415626e-05,3.65824e-07,1.8956305e-07
3.7237494e-06,0.00055874255,0.1194765,0.784245,0.09498772,1.5339716e-05,0.0003514546,0.00035765386,1.8636715e-06,1.9382296e-06
3.8084803e-05,0.033215005,0.9650856,0.0016565964,4.604429e-06,4.139117e-10,1.8283449e-09,1.0013203e-07,1.1073703e-09,2.9332548e-10
0.00019015896,0.2339947,0.57113564,0.19453049,0.00011522774,6.427741e-07,1.3465077e-06,3.148364e-05,6.801215e-08,3.1755422e-07
3.854109e-05,0.04072954,0.938474,0.017416935,0.0033304582,2.1119095e-07,4.772235e-06,5.361532e-06,8.401509e-08,5.999628e-08
1.8196115e-06,3.635886e-05,0.000884602,0.044794545,0.93498075,0.01876464,0.00020790231,0.00030000752,2.1193195e-05,8.25354e-06
0.06413049,0.93566173,0.00020776503,5.0445226e-09,1.2606838e-10,1.9444282e-13,1.5976602e-12,1.3583254e-10,8.44498e-11,4.593422e-13
8.191957e-06,0.0020683408,0.7831233,0.21063784,0.0040623695,1.2690444e-05,1.1404703e-06,8.579323e-05,1.457437e-07,2.433545e-07
2.6453139e-05,0.010730144,0.9845685,0.004607684,6.416626e-05,1.8954074e-07,4.9093952e-08,2.9041055e-06,2.848899e-08,1.563252e-08
0.0015520962,0.99258643,0.0058601587,1.2507646e-06,3.778515e-09,5.9327846e-12,3.4612247e-11,5.2169917e-09,2.0154642e-10,1.3552101e-11
0.054070525,0.9453411,0.0005880382,3.72186e-07,3.1852736e-09,8.061852e-11,2.3678415e-11,3.4209122e-09,2.2214368e-09,8.3687e-11
0.0016336071,0.977826,0.02051022,3.005209e-05,1.2164233e-07,2.4218896e-10,3.1015282e-10,1.7855495e-08,1.2227608e-09,4.909786e-10
0.7936061,0.2060853,0.00030848134,3.6085524e-08,3.7133094e-10,6.6406633e-12,1.5928966e-11,2.3714795e-09,2.7252072e-09,1.926692e-11
0.0021350214,0.21393862,0.7808639,0.0030112131,4.8623708e-05,1.924089e-07,4.712517e-08,2.2210716e-06,1.1399492e-07,4.074946e-08
6.57388e-06,0.0004366046,0.028961897,0.48264652,0.4815925,0.005988382,1.2489865e-05,0.0003244666,2.2162993e-05,8.388273e-06
0.8705261,0.12919068,0.0002832232,4.0303005e-09,8.061705e-11,4.4767857e-13,1.9042632e-12,2.5165753e-10,4.7113485e-10,8.676071e-12
0.0051643024,0.9939931,0.0008424561,6.3752836e-08,7.09283e-10,5.1937133e-13,5.2933053e-12,4.584466e-10,5.816378e-11,2.9831658e-12
0.78070164,0.21929038,7.960954e-06,1.4114006e-10,4.43761e-12,3.084852e-14,7.934446e-14,1.39550715e-11,8.5145904e-11,1.0914286e-13
0.0013994031,0.99293375,0.005665551,1.3041041e-06,6.416133e-09,7.9442815e-12,5.0668005e-11,2.631037e-09,1.859988e-10,2.8353032e-11
5.0267304e-06,0.0034453194,0.7750176,0.2120825,0.009433952,6.5859683e-07,1.429505e-06,1.3442224e-05,4.453177e-08,5.189378e-08
0.9973424,0.002657659,2.5098345e-08,3.6555695e-13,8.648158e-15,6.0256267e-16,2.0910228e-15,6.0043545e-13,1.6697312e-11,5.858583e-15
0.0015257681,0.9983809,9.334579e-05,9.398114e-09,7.3544185e-11,1.8923702e-14,9.0666006e-13,4.754024e-11,4.134425e-12,1.5647607e-13
0.00024407209,0.8650942,0.13429229,0.00034503682,2.4278239e-05,9.867945e-10,2.1869843e-08,1.7004277e-07,2.9711131e-09,1.7529719e-09
9.367904e-05,0.010926263,0.2114332,0.4572812,0.30851695,0.009292382,0.0006258094,0.0017961164,1.7147162e-05,1.7131828e-05
0.9934089,0.006590869,2.7400853e-07,7.5539515e-13,3.9352975e-13,1.4889194e-14,2.121609e-14,9.173886e-13,7.745259e-11,5.210119e-14
0.078659646,0.91940033,0.0019395819,3.4583678e-07,9.406544e-08,3.9614128e-11,1.241598e-10,2.308476e-09,6.753832e-09,5.454912e-11
1.2749185e-06,7.234443e-05,0.00089021213,0.029445931,0.96922016,9.116284e-05,0.00021784606,5.0735744e-05,5.790212e-06,4.5767497e-06
0.9369955,0.06300041,4.0628274e-06,2.76353e-10,4.322197e-12,1.264759e-13,5.418146e-13,9.241283e-11,3.8591735e-10,9.437013e-13
1.0,5.994639e-10,3.3743296e-25,1.25119e-40,3e-45,0.0,0.0,2.6109e-41,9.4600964e-36,1e-45
0.0005560284,0.29451403,0.7033401,0.0015855364,3.971524e-06,5.191933e-09,2.190187e-09,2.9952758e-07,8.729631e-09,2.6322275e-09
0.070087016,0.9297662,0.00014678684,2.6179823e-09,5.441539e-11,4.2098424e-13,7.7844e-13,1.3276952e-10,8.222521e-11,1.28698e-12
3.5251567e-05,0.0023731492,0.01949773,0.94066787,0.035757966,0.0005028515,0.00029331588,0.00083765126,9.000794e-06,2.524133e-05
0.0007236985,0.8056509,0.19089663,0.0027222764,6.0367825e-06,1.2836721e-08,1.3814622e-08,3.7936124e-07,1.025414e-08,6.933522e-09
3.59377e-05,0.0017248361,0.06570834,0.60859567,0.3159056,0.0072866706,0.00024642883,0.00041779625,3.8611714e-05,4.0105817e-05
9.164678e-05,0.08880399,0.83986896,0.07115751,7.3686424e-05,6.006111e-08,1.10313785e-07,3.92758e-06,1.654034e-08,7.620334e-08
0.010551875,0.66690886,0.3003992,0.008011031,0.014087456,1.7991586e-06,1.8970879e-05,1.2518065e-05,6.419679e-06,1.8300253e-06
1.08510285e-05,0.000314057,0.016843935,0.26550835,0.7152193,0.0017868847,9.1281596e-05,0.00014180898,7.466824e-05,8.8746565e-06
0.00062369625,0.6570978,0.34165588,0.0005387921,8.36928e-05,4.3248213e-10,1.16265095e-08,9.569093e-08,3.6935917e-09,3.5944753e-10
6.575191e-05,0.06937946,0.92947394,0.0010759518,4.4575313e-06,4.8681783e-09,4.461169e-09,4.5416806e-07,4.5508153e-09,1.3381657e-09
2.0637915e-05,0.0015206318,0.5928664,0.36283252,0.04193861,0.0005097395,1.4980291e-05,0.00029216296,2.7786489e-06,1.4643177e-06
8.811848e-05,0.002083966,0.031243913,0.050131243,0.9087138,0.00035416542,0.0066059283,0.0006523058,7.311545e-05,5.3475625e-05
0.00021907006,0.11477083,0.87629664,0.008484724,0.00022186365,8.4978933e-07,1.03753756e-07,5.735972e-06,1.03485554e-07,5.2192313e-08
0.00044935316,0.99874496,0.0008052491,3.7224922e-07,3.8452637e-09,2.7452949e-12,3.9880182e-11,8.09669e-10,6.213761e-11,3.984549e-12
6.1127407e-06,5.7982797e-05,0.007171055,0.22482866,0.7586857,0.002301907,0.006191689,0.0005257741,0.00017715462,5.3953314e-05
0.000722987,0.00016080495,0.10513608,0.0450614,0.03481841,0.0073100273,0.67891866,0.0052931067,0.01216264,0.110415965
4.999377e-06,0.00049821596,0.024142543,0.13964334,0.83493745,0.00014100758,0.00036140822,0.00025777254,9.452922e-06,3.8913954e-06
0.00035598734,0.8996188,0.09986751,0.00015210883,5.5685437e-06,2.58511e-10,2.984966e-09,4.292479e-08,1.8239806e-09,6.1239197e-10
0.9458425,0.05415526,2.2319048e-06,7.832898e-11,5.0943668e-12,1.707476e-13,2.1584848e-13,4.0810612e-11,2.991025e-10,4.3941974e-13
0.27706757,0.7225786,0.00035375284,5.5771633e-08,7.463649e-09,1.0722075e-09,6.817417e-11,3.125432e-09,7.260211e-09,2.5623564e-10
3.6677386e-06,0.000115641014,0.01824812,0.25095302,0.71011364,0.020120442,1.1292347e-05,0.00041587296,1.37914085e-05,4.5218026e-06
0.008070359,0.99052167,0.0014077325,2.3729297e-07,1.1508169e-08,3.8841163e-11,5.059758e-11,3.1253269e-09,1.9642694e-09,4.6133465e-11
0.0026864547,0.97933847,0.017970923,4.099076e-06,1.6583968e-08,9.525355e-12,9.695019e-11,5.0502478e-09,3.6349404e-10,2.4464361e-11
0.00012025697,0.03734947,0.7167469,0.23112406,0.014437031,3.089385e-05,4.398756e-05,0.00014209356,2.6075502e-06,2.7252042e-06
0.95628506,0.043613702,0.00010116886,9.342559e-08,2.6819555e-09,7.528587e-10,1.3302338e-10,1.1603159e-08,5.0665726e-08,7.394062e-10
2.9384924e-05,0.018950105,0.9364749,0.043775525,0.0007690295,4.5804892e-08,1.01544515e-07,8.3978125e-07,4.4647916e-08,1.1192198e-08
1.4283602e-05,0.0149288345,0.9770338,0.0072148247,0.00080716127,8.511571e-09,1.8954647e-07,8.6176385e-07,9.803358e-09,3.3829581e-09
4.929209e-06,0.0054335785,0.9885317,0.006008435,2.1239028e-05,3.100363e-10,2.5827256e-09,7.896793e-08,8.829787e-10,2.5022454e-10
0.001170064,0.98668295,0.012139869,6.805333e-06,2.622925e-07,1.4409793e-10,1.0679165e-09,2.6445269e-08,1.2893675e-09,1.6948408e-10
0.03577264,0.96339095,0.0008364567,4.5694463e-08,3.0911151e-09,2.895804e-12,2.5877996e-11,1.319345e-09,6.900079e-10,1.7729311e-11
0.0005854845,0.38311604,0.61437947,0.001908941,5.3279255e-06,1.24660335e-08,1.9509597e-08,4.738959e-06,2.3610982e-08,1.5607364e-08
2.2172351e-05,0.008232281,0.68006307,0.30820236,0.0034614862,3.990452e-07,7.1547294e-07,1.7074712e-05,2.3908476e-07,2.3033729e-07
0.6935485,0.30644062,1.0921944e-05,3.6916397e-11,1.5130093e-12,1.8069483e-14,1.3459921e-14,2.2627041e-12,2.930723e-11,3.0991895e-14
0.0038004278,0.9821232,0.014072827,3.519839e-06,5.759703e-08,7.175689e-11,3.2013794e-10,1.057312e-08,1.917076e-09,6.015779e-10
0.000831666,0.53315556,0.46337172,0.0026364936,4.271775e-06,1.3509939e-08,2.610961e-09,2.9614097e-07,6.367199e-09,2.3191957e-09
