5.8086698e-05,0.0030583132,0.326163,0.66033304,0.009982357,0.0003732476,3.0096267e-05,4.804785e-07,9.830866e-07,3.8209743e-07
4.6315257e-05,0.006689294,0.9474137,0.04563569,0.00021293176,1.5905853e-06,4.986195e-07,8.014808e-09,2.0874975e-08,3.1540492e-09
2.9384786e-05,0.001756567,0.02435099,0.43121845,0.277595,0.26345593,0.0012719991,0.00025783494,3.796224e-05,2.58742e-05
0.00022273115,0.0038185383,0.6696959,0.32416728,0.0020409906,4.1393472e-05,1.1358588e-05,9.835239e-07,6.868893e-07,1.7967055e-07
1.8997862e-07,3.650748e-05,0.000108234446,0.0059042457,0.1097675,0.8840092,1.2370188e-05,0.00014474794,3.3172619e-06,1.3668466e-05
0.99478155,0.0051057744,0.0001126486,4.2543733e-09,2.5236107e-09,7.034553e-11,1.4690023e-09,3.0847498e-11,4.5291343e-10,1.6042977e-12
0.010281087,0.31992126,0.6675099,0.0022224148,5.7298766e-05,4.065655e-06,3.6809734e-06,5.5859324e-08,2.721155e-07,2.3533662e-08
0.7917769,0.20531207,0.0029109404,5.632539e-08,9.714494e-09,3.3036443e-10,1.3412228e-08,8.258378e-11,1.5193488e-09,4.747897e-12
0.46774167,0.5191327,0.013122356,2.7044603e-06,3.273045e-07,2.426897e-08,2.2264526e-07,3.2241971e-09,3.3711743e-08,3.650337e-10
5.772855e-06,0.0005115954,0.01758912,0.9521448,0.029220957,0.0005244508,1.0789191e-06,1.0627929e-06,4.9978837e-07,6.871605e-07
0.08837604,0.31022477,0.6005244,0.00079808006,7.425931e-05,5.3013366e-07,1.581584e-06,4.4459235e-08,2.681056e-07,1.0720685e-08
1.1131876e-07,5.8244123e-06,0.00067572994,6.356004e-07,1.9902143e-05,0.9908846,2.1648582e-06,0.00022611661,2.1408778e-06,0.008182766
5.249637e-05,0.008874806,0.3942637,0.5881789,0.008460116,0.0001466318,2.1908363e-05,5.325471e-07,7.889075e-07,1.2450812e-07
0.8598535,0.13932098,0.0008254841,1.2752654e-08,3.819209e-09,7.5543394e-10,1.0846659e-08,8.875126e-11,9.532911e-10,6.482041e-12
0.0012916706,0.04591297,0.9505159,0.0018320143,0.00044234112,4.7909526e-07,4.54843e-06,3.6449275e-09,5.0699803e-08,1.3035142e-09
4.716391e-07,1.5402245e-05,3.309875e-05,0.00013488438,0.0007994201,0.9970919,0.00036418054,0.0013646975,0.00017280909,2.3072345e-05
8.891904e-06,0.00067115587,0.093954764,0.89930016,0.006022551,4.1675376e-05,4.813592e-07,8.1461174e-08,9.3669e-08,4.439785e-08
1.6997659e-07,2.9065553e-05,3.6239344e-05,0.0006018983,0.0026686708,0.9961312,0.00037721137,0.00013312379,1.8055443e-05,4.3234404e-06
1.5468414e-06,9.504219e-07,0.0005912498,2.1824737e-06,6.226855e-06,0.003806201,0.005500379,0.0075789997,0.9781325,0.0043797907
2.2891296e-05,0.019304525,0.90025765,0.07666919,0.0036881387,3.936086e-05,1.8005612e-05,5.28252e-08,1.2387096e-07,1.2401688e-08
1.600402e-05,0.0031182708,0.07363079,0.8989347,0.02234088,0.0019190544,3.54306e-05,1.8400366e-06,1.9729703e-06,1.0413265e-06
0.000105915926,0.0059155133,0.14706193,0.7664718,0.07991821,0.0005109775,8.171395e-06,3.3364288e-06,2.6814278e-06,1.4113567e-06
0.19534977,0.6442815,0.16031273,3.8949398e-05,1.25971965e-05,1.06166574e-07,4.237591e-06,7.0666863e-09,1.0712564e-07,1.6284144e-09
0.0017075486,0.5763266,0.41718096,0.0038448784,0.0008706364,2.1937438e-05,4.4732446e-05,3.4934072e-07,2.2035051e-06,1.451073e-07
0.00022962081,0.73561925,0.13613655,2.0835296e-06,2.093145e-06,0.12793988,2.2368235e-06,2.0002618e-07,5.235812e-07,6.7588204e-05
0.0052725766,0.12473293,0.8694083,0.0005808954,4.8514453e-06,8.192863e-08,3.2042325e-07,1.1119851e-09,1.2376783e-08,5.2204546e-10
2.8847351e-05,0.0007495586,0.005291959,0.046676327,0.68539226,0.26091915,0.00018042927,0.0005296359,4.1809373e-05,0.00019004641
0.00023694609,0.01730215,0.87764436,0.10393043,0.00086966367,8.200012e-06,7.834653e-06,1.3650553e-07,2.7121465e-07,1.505792e-08
0.05054709,0.31841296,0.6305328,0.00047911136,2.408334e-05,9.0197835e-07,2.9708724e-06,5.947079e-09,7.7522124e-08,1.235078e-09
2.5680132e-05,0.004865926,0.3185957,0.6725293,0.0038112826,0.00014633572,2.4614821e-05,3.4884664e-07,6.6999735e-07,1.761734e-07
0.03231891,0.8436288,0.12402793,2.3214554e-05,9.3385637e-07,2.0842846e-08,1.6234614e-07,5.2060944e-10,7.2059527e-09,7.965795e-11
2.1432663e-05,0.0024075948,0.0055055837,0.10088186,0.5014345,0.37650397,0.012395381,0.0007463792,5.580914e-05,4.7488764e-05
0.0005376692,0.039603647,0.95848686,0.0012665873,0.000101544836,5.887617e-07,2.9810808e-06,4.879595e-09,4.133109e-08,2.437122e-09
0.0011657244,0.03876519,0.95613605,0.0038864464,4.4485616e-05,9.888219e-07,9.709197e-07,1.1545371e-08,3.816189e-08,4.471244e-09
0.00018669799,0.009932903,0.98915046,0.00070603733,2.1460573e-05,3.2784516e-08,2.4869228e-06,9.160798e-10,9.045601e-09,1.437807e-10
0.0007571749,0.744336,0.2529239,0.0018926602,6.108346e-05,2.5063058e-05,3.7053992e-06,4.3826677e-08,2.5332508e-07,4.9865733e-08
7.902081e-05,0.00038326293,0.9907765,0.00867171,7.486001e-05,1.9111978e-06,1.273513e-05,5.7244365e-09,4.052033e-08,1.8416945e-09
3.2416196e-05,0.001238116,0.0036537047,0.031225266,0.36268398,0.5695257,0.0063985363,0.005309239,0.0002181785,0.019714808
2.1693335e-05,0.0008369295,0.16925009,0.8105748,0.01917331,0.00013545062,6.269131e-06,8.3146836e-07,4.411984e-07,2.1873548e-07
1.5229589e-06,1.4188154e-05,0.00025224048,0.00012446908,0.009007852,0.95651174,7.3983734e-05,0.02422297,0.00015132861,0.009639729
0.9988921,0.0010744857,3.350208e-05,2.2984646e-10,2.1751591e-10,3.797961e-12,4.155208e-10,4.4981627e-12,7.0828995e-11,9.795616e-14
0.33816022,0.5277378,0.13405263,4.700552e-05,1.4209173e-06,1.4141706e-07,7.120428e-07,1.2759621e-08,9.296239e-08,1.5914556e-09
0.005236726,0.563853,0.43076298,0.0001404921,5.0761473e-06,1.3915283e-07,1.5589042e-06,2.6204094e-09,3.1437615e-08,5.54605e-10
0.0002826898,0.010808371,0.9463679,0.042062096,0.00047749764,9.790335e-07,3.4397803e-07,9.648895e-09,3.8050555e-08,3.669678e-09
0.26958004,0.73015136,0.00026861022,1.8634255e-08,3.1999892e-09,1.4225239e-09,3.979611e-09,4.437041e-11,6.888237e-10,4.895903e-12
0.802797,0.19691445,0.00028856445,2.771789e-09,3.278653e-10,3.870482e-11,4.1937168e-10,4.2614935e-12,7.750867e-11,1.4775263e-13
1.39010735e-05,0.0023471937,0.010583456,0.6132962,0.3462963,0.026716532,0.00054329925,0.00017775565,1.6129003e-05,9.27441e-06
1.4243706e-05,0.0012853455,0.010356072,0.13210838,0.060947113,0.78938043,0.005669612,0.00015753669,6.623721e-05,1.4921627e-05
0.000168258,0.02588784,0.66466445,0.23145662,0.07712117,0.00059476326,9.459776e-05,6.221567e-06,4.61703e-06,1.4611707e-06
7.5760354e-06,0.0005892597,0.042535983,0.93208474,0.024486711,0.00029197216,2.1911835e-06,9.512744e-07,3.0944506e-07,2.5309794e-07
1.323863e-06,0.00020484632,0.006617308,0.8684384,0.12435554,0.00038124985,7.559339e-07,2.5676985e-07,1.418897e-07,1.7833979e-07
0.00020529325,0.099413656,0.09035973,0.7579426,0.0352425,0.015803246,0.0007986443,0.00011212074,4.8469847e-05,7.374491e-05
0.0005741925,0.08962643,0.9076299,0.002133676,3.2833763e-05,2.1138455e-06,7.3146373e-07,1.1818541e-09,1.9155934e-08,1.9934936e-09
0.026448235,0.62860286,0.34484658,9.5088864e-05,5.572818e-06,1.2188298e-07,1.5029348e-06,3.724916e-09,5.4551926e-08,1.006053e-09
8.902235e-05,0.02615591,0.72660637,0.2425855,0.0042792982,0.00023545748,4.5105982e-05,1.0128349e-06,1.8293273e-06,4.246984e-07
2.7045033e-05,0.004030206,0.0831333,0.8084049,0.09270123,0.007301038,0.0043650013,2.7605498e-05,7.5779644e-06,2.1100602e-06
0.99801874,0.0019725512,8.710565e-06,2.9732397e-10,9.6631224e-11,7.264284e-11,2.743788e-10,6.451036e-12,7.337084e-11,2.4573973e-13
0.008908665,0.094225556,0.39075348,0.09771672,0.40265974,0.0022672894,0.003355144,3.639646e-05,7.0059265e-05,6.9559123e-06
0.054359138,0.9179879,0.027646672,3.999451e-06,1.6029697e-06,1.184649e-07,5.1251044e-07,6.0990496e-10,9.164901e-09,1.826575e-10
0.98520166,0.014781155,1.7187242e-05,1.1797611e-09,3.0991795e-10,4.5714318e-10,8.606279e-10,2.5673736e-11,2.6387872e-10,1.2647123e-12
0.19161788,0.76412207,0.044258315,1.4445291e-06,1.6199874e-07,3.5812238e-09,9.1076416e-08,2.0834649e-10,3.2593546e-09,1.5521811e-11
0.0594233,0.7649272,0.17468138,0.0007720533,0.0001538838,5.069743e-06,3.1889216e-05,8.376784e-07,4.179717e-06,1.7431422e-07
2.5096758e-06,0.00017910052,0.0022701635,0.40972814,0.57775307,0.0100110015,1.1091653e-05,3.7877686e-05,2.4605592e-06,4.589146e-06
0.0003887953,0.96106523,0.038277544,0.00025122688,9.244743e-06,5.1979364e-06,2.6824007e-06,1.8596985e-08,1.2187638e-07,9.64867e-09
0.87255806,0.12491577,0.002525231,4.1877084e-07,1.6414198e-07,1.6602227e-08,2.7044223e-07,7.807845e-09,4.54952e-08,3.6451667e-10
2.0714967e-06,3.490278e-05,0.00017308285,0.0033776488,0.09191271,0.8883801,6.469861e-05,0.015659895,0.00012005403,0.00027482503
1.8543519e-06,0.00014987629,0.0017542719,0.55363613,0.42145616,0.02290268,1.8290526e-05,7.107526e-05,3.1544191e-06,6.5235104e-06
0.0021941217,0.13941555,0.8529815,0.0037965134,0.001562568,1.48973495e-05,3.22509e-05,3.6694422e-07,1.9979896e-06,2.1166214e-07
0.18870863,0.7331599,0.07812917,1.9171734e-06,2.1727271e-07,2.025462e-08,1.8978498e-07,8.6842916e-10,8.245637e-09,9.2562326e-11
5.4340313e-07,0.00077293394,0.010854468,0.93857545,0.016376898,0.03341574,2.1155256e-06,7.6306935e-07,3.109539e-07,7.168107e-07
0.000109775996,0.0014034861,0.0069418126,0.009594275,0.15446633,0.711924,0.00074630766,0.10713234,0.0007344395,0.0069471905
0.9488087,0.049465545,0.0017256513,4.9443656e-08,3.490127e-08,4.011541e-10,4.258815e-08,3.4785202e-10,3.536341e-09,1.3544505e-11
1.7368502e-05,0.010722087,0.058028236,0.6873532,0.23652306,0.006951461,0.00037917146,1.3906839e-05,5.6495037e-06,5.8680753e-06
0.010109112,0.41788608,0.47412118,0.08946624,0.007995573,0.00035134357,6.0886952e-05,3.5815222e-06,4.7947e-06,1.2023661e-06
2.8719658e-06,0.000114884715,0.00063191244,0.01296194,0.11828544,0.86459756,0.00017346677,0.0024355296,3.79838e-05,0.0007584909
0.001152575,0.16039298,0.8052846,0.023192683,0.0063225627,0.0010004529,0.0026423938,2.4933504e-06,7.712267e-06,1.5734769e-06
0.00012547284,0.0048877215,0.016611692,0.28260675,0.61684763,0.0739763,0.0023909854,0.0023472083,8.316438e-05,0.00012310795
1.8571613e-05,0.00051342294,0.09994014,0.88995695,0.008355796,0.0011903829,2.0100246e-05,2.033936e-06,1.6054337e-06,9.567594e-07
0.023955056,0.3317259,0.6420875,0.0019112678,0.0003140996,1.4894722e-06,4.00882e-06,5.2294244e-08,5.360883e-07,2.1891898e-08
1.9145973e-05,0.0011384336,0.13464795,0.84870714,0.0151989665,0.0002820664,4.8535817e-06,8.2916614e-07,3.7919295e-07,2.5722034e-07
0.00087720546,0.051904056,0.9424806,0.0043398985,0.00039528115,1.1933844e-06,1.6916923e-06,8.538995e-09,5.7572603e-08,4.2183785e-09
0.043943174,0.7456041,0.21004412,0.000387015,1.845091e-05,6.422888e-07,2.3712266e-06,1.5728475e-08,1.8669185e-07,3.8145984e-09
0.018388987,0.84538823,0.13618472,3.4398996e-05,3.350089e-06,7.1863184e-08,2.3298932e-07,1.0513296e-09,1.5412827e-08,2.5729904e-10
0.028451424,0.5309779,0.43858373,0.0004612127,0.0014748719,3.4319783e-06,4.6510206e-05,9.808258e-08,7.707248e-07,2.5848795e-08
3.4726884e-06,0.0012254613,0.00522131,0.5871815,0.3655004,0.040717836,6.570156e-06,0.00010936984,5.4327966e-06,2.8726477e-05
8.127879e-06,0.00033173067,0.0023807108,0.029505555,0.49562752,0.47011182,0.00037149774,0.0014962108,2.1200563e-05,0.00014559594
1.7090149e-06,1.5928897e-05,0.001186071,3.465792e-05,0.0008973012,0.860893,0.00010398145,0.08102488,0.00075881684,0.055083726
7.3525766e-06,0.0051022302,0.56930465,0.41539034,0.009910396,0.00023396141,5.056782e-05,1.6604767e-07,2.7836725e-07,1.1313666e-07
0.0030844102,0.94083965,0.05606355,9.823811e-06,1.4178721e-06,1.6104342e-07,9.723643e-07,8.1151186e-10,1.369096e-08,2.9884903e-10
0.0008732173,0.26443106,0.7046655,0.027230162,0.0022861392,0.00047179105,3.8120983e-05,1.2425106e-06,1.4256981e-06,1.3459085e-06
0.0053132875,0.886193,0.10845108,3.941705e-05,2.6250868e-06,1.1744755e-07,4.5608644e-07,2.1279136e-09,1.8156497e-08,3.8358974e-10
0.13736466,0.8296159,0.03300124,1.6824059e-05,1.0827805e-06,5.384522e-08,1.5208882e-07,3.5831842e-09,2.0710102e-08,2.3035343e-10
0.0005533871,0.029341288,0.9578535,0.0043702424,0.007796794,4.874499e-06,7.932073e-05,8.156193e-08,3.5679145e-07,2.8583402e-08
0.01784986,0.72090524,0.26099104,0.00020425246,4.4998626e-05,1.2121701e-06,3.117839e-06,1.4455585e-08,1.9684782e-07,8.580004e-09
4.1112493e-05,0.0029163775,0.3326656,0.65155685,0.012428564,0.00038473628,5.4657653e-06,3.512281e-07,5.297023e-07,3.4910389e-07
0.99972683,0.00027219093,9.332778e-07,7.1198724e-12,2.6000728e-11,2.7143422e-12,5.8062645e-11,1.2233075e-12,1.6433363e-11,1.687456e-14
0.001097689,0.6799544,0.31469047,0.0038786645,0.0003433145,1.2490368e-05,2.1989725e-05,9.647142e-08,9.1845016e-07,2.6897123e-08
6.548763e-05,0.07847608,0.9078299,0.011245811,0.0023136528,5.7537844e-05,1.1396943e-05,1.9034852e-08,1.0656573e-07,1.4237017e-08
0.9399974,0.057840217,0.002162105,2.8243218e-07,4.6690264e-08,2.775513e-08,5.8842733e-08,1.5989698e-09,1.2070194e-08,2.063804e-10
2.4968627e-05,0.0002989672,0.0021128359,0.01046004,0.7243865,0.25576362,0.00016287538,0.0031154184,6.322189e-05,0.0036116175
0.00023241046,0.0027870843,0.98642194,0.009351487,0.0011655072,9.512561e-07,4.0497147e-05,5.2010154e-08,1.7512394e-07,1.4628978e-08
0.9877906,0.012196422,1.2975057e-05,1.5240871e-10,1.8338088e-10,4.1549642e-11,4.9789467e-10,1.0153243e-11,1.14378125e-10,1.6577962e-13
2.39581e-06,0.0048870076,0.061611794,0.8532535,0.071766846,0.008466864,9.501401e-06,9.0827734e-07,5.248436e-07,6.7911384e-07
2.3374657e-06,0.00028207133,0.010271724,0.9602937,0.028744645,0.00040375753,5.0265396e-07,6.7147107e-07,3.0299879e-07,3.0573395e-07
8.433851e-05,0.010777234,0.97872,0.010312682,0.00010262444,2.196446e-06,8.188654e-07,3.2020044e-09,1.8886308e-08,2.84978e-09
0.0025961562,0.10263439,0.76004094,0.13422377,0.00046277183,3.504438e-05,5.5258374e-06,2.2161542e-07,1.0865765e-06,5.2132204e-08
0.00046852414,0.02193124,0.12546344,0.25813425,0.5853861,0.004463246,0.004060615,2.8337672e-05,3.5709272e-05,2.854789e-05
0.0003028342,0.043210745,0.17638601,0.6545097,0.12011945,0.005108103,0.00033062568,1.2261476e-05,1.4232665e-05,6.0339767e-06
0.0001601812,0.021457009,0.8336238,0.14148349,0.0029646596,0.00030460587,5.3377535e-06,1.1928752e-07,5.091632e-07,2.5779104e-07
1.4215747e-06,1.0916605e-05,0.00047870105,6.9761445e-05,0.0070128525,0.8895463,7.009896e-05,0.01998408,0.000204705,0.08262115
0.0114368955,0.07518762,0.9114415,0.0018532507,7.754898e-05,2.621631e-07,2.7840358e-06,1.3352459e-08,1.01617026e-07,3.6153536e-09
0.00032164165,0.02597067,0.958536,0.009665081,0.0050641284,5.6705754e-05,0.0003849411,1.0882542e-07,5.947991e-07,3.4392087e-08
4.1939675e-06,0.0005257382,0.015700294,0.9543206,0.028273035,0.0011248011,4.5866855e-05,3.2105825e-06,1.328132e-06,9.91223e-07
0.074463874,0.90547454,0.020056823,3.0430897e-06,1.2236881e-06,5.4028785e-08,3.9493582e-07,1.6809729e-09,2.0582956e-08,2.8121844e-10
1.0167593e-06,0.000111497735,0.00027052083,0.0014058368,0.011943152,0.9856631,2.0764815e-05,0.0004833311,9.852104e-06,9.101255e-05
0.8687941,0.11847162,0.012733827,5.177263e-07,3.9606718e-08,1.982651e-09,2.6965376e-08,1.8893336e-10,2.6643987e-09,2.268276e-11
0.019802086,0.9347841,0.045365654,4.3363303e-05,3.3812057e-06,4.6133144e-07,8.2058517e-07,6.754618e-09,9.483305e-08,2.8022584e-09
0.027510835,0.6685092,0.30385315,0.00011577975,8.502414e-06,7.58062e-07,1.6634262e-06,1.286127e-08,6.683563e-08,3.2558287e-09
0.0007857805,0.14496487,0.71970594,0.13217656,0.0021647091,0.00013085554,6.5146e-05,1.2500716e-06,3.887907e-06,1.024142e-06
2.3871742e-06,0.00033804213,0.00077177817,0.0011231598,0.0019529052,0.96336305,0.031910166,0.00019957822,0.00032127567,1.7568453e-05
0.015919823,0.95465904,0.029405342,1.3431985e-05,1.9416789e-06,1.15838e-07,3.1205144e-07,2.0712643e-09,2.6767584e-08,4.9598486e-10
2.0663718e-05,0.0015106677,0.0042462787,0.108970076,0.12601735,0.75645965,0.00026955642,0.0021138217,0.00010784237,0.00028399948
0.0017575102,0.12473984,0.87247074,0.000985802,4.077513e-05,5.5251826e-07,4.6356963e-06,1.2151976e-08,6.3678364e-08,2.116576e-09
0.0010657659,0.17791297,0.80808747,0.012433227,0.00046920558,2.5683448e-05,5.0189615e-06,1.5980115e-07,4.6732077e-07,7.199203e-08
0.020541657,0.20615213,0.77002203,0.0030233308,0.00021954323,1.5480662e-05,2.2162192e-05,7.4475304e-07,2.519996e-06,3.8465149e-07
0.00041982415,0.401214,0.20594047,0.35808957,0.021249844,0.012449647,0.00050949346,3.6264708e-05,6.4039006e-05,2.6859248e-05
0.031559728,0.8886367,0.07957545,0.00015241069,6.92983e-05,1.5434657e-06,4.035684e-06,5.4361088e-08,6.84995e-07,1.6191988e-08
0.000118129115,0.13793766,0.5314939,0.23112155,0.09142613,0.0073205135,0.00055051444,9.913919e-06,8.377642e-06,1.3312054e-05
3.8913836e-06,0.0016205149,0.04728699,0.88721097,0.06284686,0.0010262511,3.3308359e-06,4.6210812e-07,3.684507e-07,4.1821156e-07
0.008301382,0.8945384,0.097147584,1.1172523e-05,1.2604596e-06,3.0559683e-08,1.9938669e-07,5.4267424e-10,9.186784e-09,1.1668388e-10
0.7757369,0.20841485,0.015676549,9.796081e-05,4.5114106e-05,1.430273e-05,8.727614e-06,5.8038415e-07,4.601235e-06,3.4444585e-07
0.900632,0.08590535,0.013453706,7.0216474e-06,1.1797737e-06,9.0412264e-08,5.79759e-07,1.5150787e-08,1.3031081e-07,2.7229698e-09
3.335619e-05,0.0047320607,0.17162792,0.78430325,0.03780843,0.0014777173,1.3402255e-05,2.3520984e-06,6.631337e-07,8.128611e-07
0.00013280645,0.010069931,0.9442047,0.044971958,0.0005468732,5.947872e-05,1.3627447e-05,1.6884717e-07,4.2880768e-07,1.2881367e-07
1.2601668e-06,0.000104549945,0.00032571217,0.0043579997,0.11041454,0.8833273,0.00014992492,0.0012619565,1.5215112e-05,4.158547e-05
1.9169528e-07,3.2956494e-05,5.0380866e-05,0.0019603493,0.020503541,0.9771274,3.875425e-05,0.00026211498,1.04673445e-05,1.382735e-05
6.655751e-06,0.0005462326,0.009802471,0.90257424,0.0848805,0.002012005,0.00015064617,1.9141718e-05,3.9421425e-06,4.1648877e-06
0.0031764708,0.09060763,0.8408206,0.065209,0.0001613528,1.9088337e-05,5.3479575e-06,1.2240803e-07,4.836486e-07,1.894081e-08
0.98256034,0.017131662,0.00030792906,1.0266955e-09,3.1217984e-10,2.9943032e-12,5.857627e-10,1.6959507e-12,2.629383e-11,1.9049056e-14
0.8782621,0.12113816,0.00059974886,7.701724e-09,9.870604e-10,1.9395008e-10,1.8965691e-09,1.0404131e-11,1.510816e-10,5.755202e-13
0.99442226,0.005566077,1.1673685e-05,3.3702596e-11,8.178355e-11,2.044032e-12,8.329978e-11,7.5652776e-13,1.5406792e-11,1.13590904e-14
0.0004800898,0.161763,0.799054,0.036162853,0.0019366967,0.00027360642,0.0003112359,3.8327967e-06,1.1650056e-05,3.0891897e-06
1.6896718e-05,0.00010877774,0.0005009797,0.00402528,0.029046353,0.91795594,0.0027119382,0.04384954,0.0008470101,0.00093736686
1.7320264e-05,0.0036820725,0.0326205,0.7632955,0.17774124,0.021974131,0.00064125116,1.4909486e-05,8.059003e-06,5.0932795e-06
0.1545158,0.78413117,0.061338004,1.1121036e-05,3.1501547e-06,7.331163e-08,5.710068e-07,3.8641486e-09,4.2955218e-08,6.9162065e-10
0.54545426,0.45025113,0.004294417,9.8255036e-08,4.3325144e-08,1.4677226e-09,2.9551215e-08,1.6810674e-10,2.4266322e-09,9.893456e-12
0.23095244,0.5725905,0.19644918,6.8374825e-06,8.0112466e-07,2.681335e-08,2.5448583e-07,1.3150838e-09,1.3852677e-08,1.3836872e-10
0.0058676405,0.088098586,0.6868415,0.1432546,0.07512197,0.00011447745,0.00067585224,8.840105e-06,1.5698277e-05,8.89674e-07
0.005507172,0.019576976,0.96928453,0.0053825136,0.00024338962,8.0899355e-07,4.244717e-06,6.80767e-08,2.265634e-07,1.4361423e-08
5.1039457e-05,0.007804224,0.3709542,0.61641717,0.0046119806,0.00013000534,2.9410461e-05,8.003509e-07,1.124135e-06,1.6726233e-07
0.28122628,0.710727,0.008046168,3.289853e-07,1.6832644e-07,5.900252e-09,1.1268778e-07,7.955888e-10,7.891766e-09,5.4256277e-11
1.6930848e-05,0.029796502,0.015321036,0.038720407,0.16545027,0.7503034,0.00015983208,0.00010465353,1.124669e-05,0.000115832605
0.0011305321,0.17056246,0.82809687,0.00019665412,1.1961216e-05,7.8843996e-08,1.3547469e-06,1.2980359e-09,1.6356225e-08,2.6763503e-10
2.0175876e-05,0.0018417275,0.032339826,0.9199058,0.042544227,0.0030463585,0.00026834186,2.1458434e-05,7.439942e-06,4.705914e-06
0.00021807606,0.027364686,0.60847455,0.32397324,0.039471813,0.00035810476,0.00012924349,2.9944135e-06,4.932436e-06,2.3136322e-06
0.0013715985,0.118651316,0.8418791,0.03483618,0.0031797693,3.4227673e-05,4.480726e-05,6.55334e-07,1.829635e-06,5.3225614e-07
0.0125541985,0.9513261,0.036111936,6.806654e-06,8.1198584e-07,4.848337e-08,1.1213202e-07,4.2814868e-10,7.008833e-09,1.4664651e-10
3.6421054e-05,0.0026832393,0.1798046,0.76477534,0.052491006,0.00020143957,5.627417e-06,1.2067951e-06,7.161366e-07,3.9379304e-07
0.001695563,0.33064714,0.646175,0.018663585,0.0026991405,6.7410554e-05,4.5920056e-05,1.7029297e-06,4.2073816e-06,4.397458e-07
0.008010768,0.05732217,0.92508745,0.00710127,0.0022162877,8.609171e-05,0.00015416718,7.5956145e-06,1.18615635e-05,2.3303758e-06
0.99255204,0.007333319,0.000114610535,2.2553897e-08,4.065918e-09,9.146449e-09,6.2782046e-09,3.34149e-10,2.6255746e-09,6.190503e-11
0.574176,0.42317712,0.0026466218,1.4009568e-07,5.6346064e-08,2.4833344e-09,3.1698683e-08,3.6855052e-10,4.9261972e-09,3.295809e-11
0.0002941057,0.011583322,0.8771056,0.10983981,0.0011192217,4.9489117e-05,7.1606005e-06,4.025309e-07,7.5185744e-07,2.7118284e-07
7.6285454e-05,0.05960104,0.93970823,0.0006000597,1.3738922e-05,2.4391667e-07,3.3803107e-07,2.98365e-10,4.083601e-09,1.2197904e-10
0.41528624,0.5795519,0.005161764,9.709317e-08,1.1876556e-08,1.3299659e-09,4.085472e-09,2.2431309e-11,4.324394e-10,3.9203753e-12
0.0007746472,0.030596578,0.9571763,0.011311415,0.00013702405,6.4357505e-07,3.2203006e-06,5.6793102e-08,1.4860542e-07,3.0140204e-09
4.840109e-05,0.01165628,0.57808167,0.40446976,0.00552478,0.0001624999,5.4746444e-05,8.8091787e-07,8.466681e-07,1.4584042e-07
2.553125e-05,0.0061645703,0.024321008,0.09816023,0.6970188,0.17304553,0.00069601636,0.00034528415,3.069649e-05,0.00019234513
5.0838235e-06,0.0017538154,0.0055650678,0.2112008,0.6429747,0.13809696,0.00016189697,0.0001783666,1.0175674e-05,5.3198888e-05
0.00094048446,0.049651213,0.9453142,0.0015881502,0.0024354944,6.3720863e-06,6.341783e-05,1.08668765e-07,4.1737843e-07,4.6697316e-08
9.246841e-05,0.007213243,0.33169764,0.6393444,0.021157281,0.0004679296,2.431992e-05,6.6662795e-07,8.6200714e-07,1.2604721e-06
2.0097593e-06,1.619428e-05,0.001459954,3.2333457e-05,0.00020335159,0.7251437,0.0008359627,0.23199208,0.0047967914,0.03551761
0.0111511275,0.17463954,0.7973392,0.016642772,0.00015297066,6.327643e-05,8.4964295e-06,5.7802885e-07,1.7259354e-06,3.4199098e-07
4.2279427e-07,1.0028005e-05,3.775009e-05,0.00010724219,0.00028643387,0.99291843,0.0010630726,0.0048097507,0.0007035882,6.3209205e-05
2.896893e-07,8.723833e-05,0.0019621484,0.9076986,0.089456774,0.0007932709,4.7453003e-07,8.58927e-07,1.343639e-07,2.2723708e-07
3.0919452e-07,3.224111e-05,0.00033988964,0.056448877,0.5448079,0.3979151,5.4968204e-06,0.0004066486,2.3789353e-06,4.1186424e-05
9.8052915e-06,0.0012389763,0.003579219,0.07060342,0.6761892,0.24820077,5.3190524e-05,6.373058e-05,1.0754925e-05,5.0985775e-05
1.3532101e-06,4.9487346e-05,0.0002829419,0.03333373,0.8808959,0.0850353,6.8064605e-06,0.00035134898,6.23489e-06,3.698289e-05
1.13687776e-07,5.4469994e-05,0.00015980151,0.003197111,0.006498897,0.98993254,0.00014315255,1.0413591e-05,2.6423659e-06,8.776564e-07
0.70120966,0.2965642,0.0022257306,1.4266642e-07,5.1003937e-08,1.0130617e-08,1.1961404e-07,1.1486385e-09,1.2636236e-08,6.190519e-11
0.999589,0.00040784176,3.1283228e-06,9.18565e-12,2.0693192e-11,2.0893691e-13,4.2493373e-11,3.1220943e-13,4.6546074e-12,2.7154136e-15
1.5860733e-05,0.0006656087,0.20675431,0.7843442,0.008149105,6.767804e-05,2.7538933e-06,2.1607798e-07,1.8746307e-07,1.1412427e-07
7.753423e-05,0.021325627,0.7838492,0.18998662,0.0042850086,0.00041914204,5.443023e-05,5.964238e-07,1.6068866e-06,2.579164e-07
1.2794355e-07,6.6484354e-05,0.00017018453,2.3123439e-05,0.00021040613,0.9992705,3.3988329e-06,0.00014366827,3.968068e-06,0.000108103886
7.81279e-09,1.6683349e-06,5.28366e-06,4.3323424e-05,0.0014022214,0.9984674,3.2160085e-06,6.728365e-05,1.7714068e-06,7.831557e-06
2.804642e-05,0.0017837797,0.094132535,0.87247574,0.03125396,0.00031636242,6.6295715e-06,1.7315098e-06,7.677433e-07,4.7119653e-07
0.0027492351,0.6425538,0.35432237,0.00034516826,2.6037415e-05,4.8050066e-07,2.8383993e-06,1.073328e-08,6.5270385e-08,1.3888513e-09
0.8798255,0.0954401,0.024734026,2.4961236e-07,5.811091e-08,4.0756293e-10,5.2348945e-08,5.821898e-11,1.0411535e-09,2.8365966e-12
0.02892171,0.35108143,0.61979985,0.0001913151,5.675663e-06,9.063037e-09,6.998703e-08,3.8162087e-10,7.2055353e-09,3.509926e-11
7.398403e-05,0.00092109526,0.0053294646,0.01997792,0.110494494,0.24033025,0.6044278,0.016138365,0.0021031345,0.00020349132
4.616138e-06,0.001407765,0.0991918,0.89311373,0.005822158,0.00043999014,1.8754003e-05,5.4361504e-07,5.1948894e-07,2.4001312e-07
0.9360939,0.06235982,0.0015462505,2.9168815e-08,3.4715528e-09,9.4686876e-11,4.6732227e-09,3.95204e-11,7.845511e-10,1.9289225e-12
1.6409564e-05,0.0035149124,0.109764524,0.85649914,0.028468484,0.0017258349,7.843178e-06,1.3240589e-06,7.340976e-07,7.591924e-07
0.003290836,0.02611735,0.9684378,0.0021161048,3.5927937e-05,3.7765793e-07,1.4582516e-06,1.7762318e-08,7.388752e-08,7.674837e-09
0.002173359,0.007907395,0.39241064,0.03641615,0.33814535,0.003590433,0.21927837,2.005415e-05,5.098537e-05,7.21981e-06
0.052707482,0.446064,0.5011871,3.942538e-05,1.5826772e-06,6.088902e-08,3.2442338e-07,1.0174077e-09,1.088883e-08,2.0895043e-10
3.001456e-06,4.888247e-05,0.00036426712,0.0013228348,0.025180649,0.950671,7.672352e-05,0.018048426,0.0001456069,0.004138525
0.207259,0.7036017,0.08908353,5.2913972e-05,1.8649055e-06,3.871424e-07,4.538974e-07,9.649689e-09,8.1469786e-08,3.9851615e-09
0.0006628944,0.081032224,0.91706496,0.0012198286,1.9811274e-05,1.293976e-07,1.3319877e-07,7.7475504e-10,4.076652e-09,1.1024198e-10
2.5003096e-06,0.00025538632,0.0015165097,0.035209034,0.7106962,0.25204659,2.7263037e-05,0.00017191097,7.998878e-06,6.658294e-05
0.09276633,0.7371954,0.16992983,9.259419e-05,1.233797e-05,1.0864773e-06,2.2443585e-06,3.101057e-08,1.9555517e-07,8.42186e-09
0.92507726,0.0743264,0.0005962688,3.0303827e-08,2.2907263e-09,6.7719175e-10,4.762715e-09,7.560223e-11,8.249109e-10,4.9373327e-12
0.00028690105,0.33079144,0.624141,0.042157006,0.0020361857,0.00056153827,2.2024293e-05,1.4277642e-06,1.3299928e-06,1.2187404e-06
2.647638e-05,0.007763232,0.98550385,0.0064292834,0.00027281282,1.7728835e-06,2.511707e-06,8.42022e-09,4.2432358e-08,3.1705456e-09
8.516877e-05,0.12969336,0.4911463,0.22274408,0.14406636,0.009703658,0.0025443921,3.495841e-06,7.1249547e-06,6.1512396e-06
0.10436585,0.82997805,0.065652505,3.1958746e-06,2.5269145e-07,6.783326e-09,1.4912493e-07,3.227849e-10,4.46113e-09,2.0713185e-11
8.56675e-07,9.490807e-05,0.000399431,0.004774021,0.07889981,0.91549164,2.6806965e-05,0.0002456142,6.277184e-06,6.0555845e-05
5.2892272e-05,0.00542514,0.36854312,0.6061597,0.01969311,0.00011661101,7.908378e-06,8.292895e-07,4.52201e-07,3.2386924e-07
0.0020533244,0.04316128,0.9544763,0.00030268086,5.948433e-06,7.827968e-08,4.912805e-07,2.0204938e-09,1.47058765e-08,6.620393e-10
0.006470263,0.38158017,0.6116953,0.00024191308,1.0869401e-05,1.2751626e-07,1.3015069e-06,2.243769e-09,2.9607996e-08,5.749674e-10
0.0020863593,0.31103107,0.65423554,0.028877692,0.0036364896,0.000100139034,2.8234386e-05,6.5259087e-07,3.2772882e-06,5.888206e-07
4.564541e-05,0.0015927315,0.003147751,0.08180994,0.5851716,0.29974586,0.022052743,0.0046005207,0.00073173555,0.0011014101
7.6371125e-06,0.0004767236,0.053731523,0.93017083,0.015505256,8.565008e-05,2.0710862e-05,9.8995e-07,5.5461254e-07,1.9682803e-07
0.015369328,0.8225048,0.16209368,2.8625354e-05,2.8068118e-06,1.6726155e-07,5.557744e-07,2.3218576e-09,1.5913114e-08,5.0781473e-10
0.0001170983,0.04914705,0.69841754,0.21099123,0.03841434,0.0025332663,0.0003627244,5.0006906e-06,6.5357854e-06,5.1108545e-06
7.784928e-06,0.00068370404,0.0034495355,0.29553416,0.46176577,0.23741697,0.00021891072,0.00086211215,2.9077244e-05,3.1947653e-05
0.00015574052,0.0004369788,0.0055487743,0.012389204,0.0651727,0.5098912,0.0010054113,0.3684794,0.0046175495,0.032303073
1.1099328e-06,9.402869e-05,0.0006229363,0.014842334,0.16823308,0.81594664,1.290589e-05,0.00016747565,4.1637427e-06,7.527519e-05
0.009109236,0.9034224,0.08737422,7.0677306e-05,1.6558826e-05,4.610625e-06,2.0762916e-06,1.7379476e-08,1.4181855e-07,1.4087274e-08
0.00952748,0.95965576,0.030799229,1.4101874e-05,2.9700816e-06,1.2408407e-07,4.1939603e-07,1.916443e-09,2.7238421e-08,6.3724115e-10
0.0005702764,0.14620736,0.8461631,0.0063232845,0.0007111948,1.0604323e-05,1.3532656e-05,8.891257e-08,4.4720267e-07,3.1956887e-08
0.20303978,0.29455099,0.5018343,0.00051361416,5.598419e-05,1.2827808e-06,3.5824976e-06,3.465844e-08,4.0639736e-07,1.4710562e-08
4.6159225e-06,0.0008697436,0.0037879997,0.5499455,0.2272139,0.21785487,0.00016291658,0.00011143391,1.7560224e-05,3.1408814e-05
3.7517035e-05,0.0019893893,0.15513726,0.79243356,0.04995314,0.0004410199,4.647792e-06,1.6976655e-06,9.0672467e-07,8.469927e-07
0.091621086,0.8585513,0.049804017,2.013006e-05,2.200032e-06,2.44667e-07,9.293321e-07,7.947861e-09,6.987114e-08,2.2906612e-09
0.0032527393,0.47652987,0.5199529,0.00024866304,1.492719e-05,2.213695e-07,6.851991e-07,4.1412993e-09,4.335397e-08,9.271277e-10
0.14257798,0.8510704,0.006345894,4.1236157e-07,2.2829437e-07,4.646241e-06,3.3537648e-07,9.26595e-09,4.6149662e-08,3.6317e-09
7.310978e-05,0.26296267,0.73107976,0.005119173,0.00060893944,0.00013147129,2.4566461e-05,5.2402722e-08,1.614721e-07,6.132742e-08
1.7044281e-06,0.00027219948,0.0022676694,0.41362903,0.51442164,0.06934891,9.208648e-06,4.0563056e-05,2.0410075e-06,7.050624e-06
3.9945036e-05,0.0042898767,0.7888448,0.20493816,0.0018672951,1.7302676e-05,2.475122e-06,4.7259867e-08,8.1165645e-08,2.1966772e-08
4.4169524e-06,0.00025494533,0.015565959,0.9669116,0.017054126,0.0002071847,6.967617e-07,5.2315096e-07,2.3802197e-07,2.15397e-07
0.017587386,0.9335355,0.048854183,1.5792355e-05,5.807638e-06,1.4777169e-07,1.1732451e-06,4.537676e-09,6.543235e-08,1.1458695e-09
4.3907818e-05,0.0031404172,0.12860598,0.86350983,0.0044537894,0.00022680762,1.4351123e-05,1.5424158e-06,2.59826e-06,7.037229e-07
0.0003451271,0.005599402,0.84185266,0.15179244,0.0004036725,5.079214e-06,1.3278953e-06,9.656236e-08,1.3831682e-07,2.0459327e-08
6.1652713e-06,0.0005742401,0.0026515808,0.16972879,0.36709592,0.45942888,9.72551e-06,0.00036305602,1.4577876e-05,0.00012712994
0.9602147,0.03968419,0.00010117581,2.5204336e-10,1.9534067e-10,1.970229e-11,5.120467e-10,2.0263823e-12,4.786901e-11,5.76681e-14
2.660329e-05,0.007976388,0.02306944,0.5717444,0.22159804,0.17529261,6.120539e-05,0.000100760524,1.926578e-05,0.00011129723
1.1292284e-06,3.566471e-05,0.00016732325,0.0034550105,0.08892805,0.9021508,3.1925465e-05,0.004935175,3.9044226e-05,0.0002558285
0.004052036,0.82198673,0.17392126,3.271739e-05,3.997885e-06,1.5867067e-06,1.5994613e-06,5.779097e-09,6.01826e-08,3.6729695e-09
0.00040473492,0.23579226,0.7550491,0.008097903,0.00052776944,8.367927e-05,4.2498858e-05,4.4396566e-07,1.2395686e-06,3.3250603e-07
0.999998,2.0356324e-06,5.7641847e-10,4.1785283e-17,7.4229394e-16,4.2420158e-17,4.7134703e-15,2.8105476e-17,7.929095e-16,3.7908683e-20
7.21728e-05,0.06120421,0.7479021,0.15984675,0.030499289,0.00038247794,9.117531e-05,5.204578e-07,1.0476255e-06,2.1592822e-07
0.00025979278,0.42278484,0.5735809,0.0032399069,0.000120406985,1.1740601e-05,2.2496786e-06,1.8210532e-08,1.01108135e-07,1.7828052e-08
2.8709883e-07,0.00023855176,0.0010265576,0.010781446,0.0048129745,0.98235345,0.0007751204,6.9416064e-06,4.0860873e-06,5.915391e-07
1.3282856e-06,0.0006622881,0.003912017,0.013635043,0.61605954,0.36563468,2.0432026e-05,3.1660442e-05,1.7743993e-06,4.1222174e-05
2.8902507e-06,0.00060636795,0.025166342,0.928917,0.04472529,0.0005783157,2.344175e-06,9.641573e-07,2.1864173e-07,3.167816e-07
0.98348916,0.014434974,0.0020750144,1.2945156e-07,3.766891e-07,1.6362627e-08,3.7718985e-07,4.533168e-09,3.609756e-08,4.319995e-10
0.0001232849,0.007217535,0.30988726,0.6675435,0.014334927,0.0007156588,0.00016309574,7.6050924e-06,5.951718e-06,1.246613e-06
0.00079795887,0.0068680984,0.4946307,0.41936627,0.077452436,0.00017589382,0.0006698102,2.0481613e-05,1.5345433e-05,2.9975681e-06
0.0039535062,0.2942685,0.7008262,0.0006850856,0.00022469596,4.8332104e-06,3.6498142e-05,1.2325991e-07,5.795603e-07,3.8895198e-08
1.3699394e-05,0.013470414,0.031367328,0.14904927,0.33356443,0.47159833,0.0008321601,4.290488e-05,7.3450824e-06,5.4026175e-05
0.19083709,0.46784526,0.33949152,0.0015595369,0.0001665518,6.760501e-05,2.4256842e-05,2.5654133e-06,4.9323226e-06,7.174677e-07
0.99416333,0.005811481,2.526643e-05,6.2938856e-11,1.5133702e-11,3.037293e-13,2.8802157e-11,1.5896492e-13,3.4178153e-12,1.4020219e-15
0.0008169378,0.32177186,0.66163355,0.01567633,7.670012e-05,2.1059572e-05,3.14388e-06,2.8185454e-08,3.0259997e-07,2.2753467e-08
1.9145842e-05,0.0015525431,0.15796864,0.8349189,0.0053558266,0.00013447709,4.7788275e-05,1.1460138e-06,1.1034431e-06,3.7804136e-07
0.07220602,0.76851505,0.15896152,0.0003021771,1.0414356e-05,3.5262558e-06,1.0650823e-06,2.0550056e-08,2.1047893e-07,2.6430616e-08
4.1710527e-07,0.00048236822,0.0013258664,4.3977947e-05,0.0012704391,0.9959512,3.3259687e-06,1.6048438e-05,1.3098297e-06,0.00090508594
0.9999058,9.3960225e-05,2.5365475e-07,3.4655526e-14,1.7577689e-13,2.203645e-15,1.0025236e-12,3.2772895e-15,6.512726e-14,8.478349e-18
2.1569194e-06,0.006574595,0.18265177,0.66442144,0.07488973,0.06714691,0.0043111616,6.639595e-07,1.3854465e-06,2.7165606e-07
0.0002747294,0.11255883,0.8603138,0.018386811,0.007720184,0.000476682,0.00026403845,1.4879381e-06,2.6126456e-06,8.118166e-07
1.2316167e-07,1.1010585e-05,3.7571128e-05,0.0011289531,0.029326456,0.9689071,1.7911614e-05,0.0005361805,5.4760294e-06,2.9202942e-05
7.702211e-05,0.01694426,0.9740771,0.0077238814,0.0011489901,1.4854537e-05,1.3506545e-05,1.3726635e-07,2.5914701e-07,5.799809e-08
0.25946513,0.58740157,0.15308504,4.6525904e-05,1.3872553e-06,6.273586e-08,2.7311987e-07,4.537675e-09,5.143187e-08,6.6921524e-10
0.014564338,0.9093615,0.07604701,2.5982205e-05,9.261691e-07,5.0201148e-08,2.0130905e-07,1.1054131e-09,1.5113073e-08,3.6867576e-10
0.0023807583,0.24935743,0.74554217,0.0023677952,0.00030845488,4.08672e-06,3.867231e-05,1.0490386e-07,5.184238e-07,2.714904e-08
0.019517805,0.63222224,0.34780568,0.00041196254,3.06401e-05,4.3206724e-06,6.725296e-06,7.36335e-08,5.012806e-07,4.3841155e-08
0.0015390695,0.9069537,0.08777256,0.0028745995,0.00014204028,0.0007092651,6.2520025e-06,2.9426198e-07,1.1777968e-06,9.886162e-07
4.5811653e-06,0.0039092815,0.02904608,0.95436317,0.009596864,0.0030707049,6.6740095e-06,1.1326543e-06,1.0825896e-06,4.46627e-07
7.460078e-05,0.002709981,0.0287231,0.6666362,0.25221777,0.020952579,0.028171057,0.0004121169,8.2349674e-05,2.0266983e-05
0.009952199,0.5518493,0.4363681,0.0017888232,3.867946e-05,7.767684e-07,1.9472186e-06,3.0208415e-08,1.9403883e-07,4.757373e-09
2.1340153e-05,0.0011473831,0.019332554,0.87002707,0.105794825,0.0021711278,0.0014505803,3.9747356e-05,1.2308179e-05,3.0871884e-06
2.330821e-06,0.0004562932,0.002355991,0.7678211,0.19502294,0.034254942,2.7076407e-05,4.2978532e-05,6.1101564e-06,1.0214198e-05
0.963776,0.034684602,0.0015394716,4.408357e-09,3.3250769e-09,2.1798131e-11,2.0598006e-09,6.9686826e-12,1.3685257e-10,1.5743743e-13
0.00078965747,0.31338894,0.67906356,0.006327543,0.00038612654,3.520567e-05,8.184413e-06,1.079919e-07,5.000991e-07,1.8584826e-07
0.008767369,0.036017686,0.95516235,4.923886e-05,3.2776745e-06,1.2917354e-08,1.5020427e-07,1.9821715e-10,2.2933204e-09,3.51598e-11
2.1574426e-05,0.023365848,0.19625129,0.57393223,0.015896853,0.18428227,0.006190268,2.3778017e-05,3.3419492e-05,2.4957592e-06
0.00071953394,0.673799,0.2907151,0.012091748,0.019746367,0.0028095874,0.000107894884,1.808725e-06,5.193614e-06,3.8109756e-06
3.6140198e-06,0.00046318103,0.021558907,0.9570659,0.020201853,0.00064069836,6.287494e-05,1.7053815e-06,8.8855626e-07,4.5213196e-07
7.126544e-07,0.00016093109,0.0012515249,0.41955754,0.5403518,0.038633373,1.6155601e-06,3.1615346e-05,1.6292329e-06,9.270532e-06
0.029501792,0.47938433,0.49091503,0.00017314643,2.109992e-05,1.2426007e-06,3.1653276e-06,2.6484098e-08,2.0111038e-07,1.1706341e-08
0.00013213263,0.0629413,0.92545867,0.011246516,0.00020197956,6.652513e-06,1.2436404e-05,7.61452e-08,1.411995e-07,1.3831752e-08
1.3251713e-05,0.0035822412,0.06308357,0.8275928,0.10018415,0.004468089,0.0010632162,7.51701e-06,3.895566e-06,1.2457723e-06
7.427337e-05,0.09352586,0.87353325,0.03202552,0.0005080407,0.00022597951,0.00010630689,1.3925306e-07,5.2898093e-07,8.7412346e-08
0.13794507,0.83156776,0.030482648,3.3155977e-06,8.586103e-07,9.4678306e-08,2.5446778e-07,1.7731456e-09,2.5704624e-08,4.008943e-10
2.6383594e-07,7.1415798e-06,6.526019e-05,0.000100025594,0.006294764,0.9894582,0.00016333473,0.0032138953,3.20978e-05,0.00066512247
0.1889419,0.71954954,0.09150193,4.701413e-06,1.3648815e-06,2.086474e-08,5.3811385e-07,2.0792743e-09,1.5281051e-08,1.0592316e-10
0.00014050493,0.021351127,0.9474257,0.030054016,0.0009854699,1.9011393e-05,2.375366e-05,4.704389e-08,2.4587112e-07,2.0336046e-08
0.6831628,0.29801744,0.01881187,6.167139e-06,6.3455104e-07,1.9796218e-07,7.33558e-07,2.2965382e-08,1.5022572e-07,3.651848e-09
6.6522756e-05,0.021183953,0.24865483,0.6956496,0.02986583,0.004474758,9.248717e-05,5.0360877e-06,5.3854633e-06,1.4963251e-06
1.2812401e-05,0.000745778,0.06925207,0.9125102,0.017208224,0.00026599824,3.018323e-06,1.0441246e-06,4.0971304e-07,3.943931e-07
1.1145306e-07,7.90457e-06,7.3907024e-05,5.3279502e-05,0.0018220425,0.99719465,1.1647832e-05,0.00046416261,2.8754705e-06,0.00036941125
0.014929339,0.7743456,0.21065693,6.2790336e-05,4.0993355e-06,1.5584159e-07,1.063481e-06,1.8630144e-09,2.3554536e-08,4.510688e-10
0.5863733,0.40250337,0.011121839,1.2429109e-06,1.2912753e-07,4.990476e-09,4.8980255e-08,4.794241e-10,5.8508283e-09,3.9313466e-11
3.8465228e-06,0.00026170065,0.0008098029,0.013360513,0.1320632,0.85113347,0.0016750487,0.00056527293,3.2959673e-05,9.4136885e-05
0.00021141449,0.23391402,0.75885415,0.006560077,0.00043288144,2.4467192e-05,2.8424574e-06,2.1818476e-08,1.7580334e-07,2.1061291e-08
0.00013720394,0.026400153,0.20211835,0.52952605,0.19440405,0.045176808,0.0021800047,2.1630676e-05,2.2932862e-05,1.2790307e-05
2.2176771e-05,0.0030917157,0.1043188,0.8682599,0.023825139,0.00046991586,8.7424505e-06,1.7252347e-06,8.6766784e-07,9.749277e-07
8.858593e-07,0.0001670416,0.000347791,0.017883977,0.07212885,0.9078354,0.001473624,0.00012485369,2.7061256e-05,1.0411634e-05
7.827633e-05,0.004021989,0.37455276,0.6139874,0.0073258895,3.1959255e-05,1.45664e-06,1.0306409e-07,1.5247144e-07,4.8913837e-08
3.4423e-05,0.048562013,0.06618682,0.1095295,0.1893211,0.58533555,0.00064367626,0.00011918169,3.062915e-05,0.00023715338
0.0007851136,0.04371516,0.9548373,0.00064168294,1.8550763e-05,1.3415904e-07,1.9853562e-06,1.2102724e-09,1.3073399e-08,3.816974e-10
0.00011732064,0.007594848,0.9084315,0.083018236,0.00082309276,8.107918e-06,6.575398e-06,1.2816172e-07,1.4569888e-07,2.509398e-08
1.1193172e-06,0.00016662705,0.0019047827,0.6742713,0.313955,0.009678766,2.7294238e-06,1.4365075e-05,1.2051968e-06,4.0410773e-06
3.6211975e-06,0.00018920172,0.0045358012,0.96860105,0.02605068,0.0006136552,8.709169e-07,3.3444676e-06,9.1366843e-07,9.5310224e-07
0.003032383,0.1242404,0.87071216,0.0019615775,4.799435e-05,1.6237515e-06,3.618951e-06,4.9372115e-08,2.6428563e-07,2.1719554e-08
9.457702e-06,0.00055180525,0.04021715,0.9423477,0.016690327,0.00017864564,3.1138143e-06,8.862732e-07,4.7512498e-07,3.6028314e-07
0.00075770356,0.017243288,0.9216298,0.05953406,0.0008135727,1.7938879e-05,3.1933716e-06,1.7025882e-07,2.823498e-07,6.513794e-08
3.856751e-06,0.0002607516,0.0015842937,0.013390828,0.07078257,0.91346174,2.3008517e-05,0.0003757128,4.8101515e-06,0.00011245118
0.0009619995,0.6099934,0.3878486,0.0010820928,0.0001009729,5.3630674e-06,7.4837617e-06,1.2356162e-08,8.6968605e-08,4.135632e-09
0.026463091,0.5426496,0.4308149,7.101052e-05,1.2083387e-06,1.847506e-08,1.03301716e-07,7.5997364e-10,6.5920593e-09,9.0811796e-11
2.2225702e-05,0.009631366,0.616727,0.36614233,0.0071011246,0.0003289618,4.55393e-05,7.439607e-07,5.286178e-07,1.7528336e-07
0.035423405,0.28306827,0.65738183,0.02188106,0.0020625298,0.000121431025,4.4887463e-05,5.53803e-06,1.0314778e-05,7.264716e-07
7.129247e-07,0.00020218933,0.001552164,0.32645726,0.58811784,0.08362364,5.0263834e-06,2.496151e-05,1.7387042e-06,1.4427505e-05
0.00015714629,0.01641708,0.97952235,0.002834412,0.0010573883,1.0011895e-06,1.0561149e-05,9.207236e-09,6.809302e-08,3.3168026e-09
2.952213e-07,0.00023004726,0.0059026675,0.83793557,0.11074671,0.045179892,2.5064796e-06,1.540413e-06,3.566898e-07,5.2845553e-07
0.00025654072,0.0728508,0.8614117,0.06519149,0.0002409993,4.1433115e-05,6.811049e-06,3.2277143e-08,1.4102716e-07,2.2142137e-08
3.648526e-05,0.028654551,0.9661656,0.0049445406,0.00015524798,8.997861e-06,3.4510194e-05,2.535007e-08,8.592896e-08,8.272314e-09
0.2093104,0.71403027,0.07665026,8.873025e-06,2.0495737e-07,1.319552e-08,5.538371e-08,3.571189e-10,3.3986447e-09,3.2973256e-11
0.9952414,0.004587014,0.00017150222,2.1370241e-09,1.9321948e-09,9.281932e-11,2.5865785e-09,3.4599403e-11,4.2530188e-10,1.6411787e-12
2.7155731e-05,0.007852883,0.17745759,0.80046564,0.0137545075,0.0004395322,2.049004e-06,3.2423443e-07,2.5561562e-07,1.4843248e-07
4.5063703e-06,0.00030559028,0.031486437,0.9474603,0.020682212,5.9953407e-05,5.6110537e-07,2.5448165e-07,1.2261658e-07,7.464472e-08
0.106287874,0.61259544,0.28094447,0.00016435057,6.6822427e-06,1.08373854e-07,1.0047037e-06,8.435348e-09,9.476184e-08,1.0250194e-09
0.0002875668,0.017475633,0.9763239,0.005853777,5.701628e-05,1.1987886e-06,8.0640365e-07,1.5954173e-08,4.2818726e-08,5.427689e-09
0.0003026809,0.07277999,0.92417824,0.0027091354,2.5939555e-05,4.631512e-07,3.5125865e-06,7.484407e-09,5.3993908e-08,1.7171391e-09
0.9682999,0.031693153,6.901432e-06,1.6737119e-10,7.8288036e-11,1.1386124e-11,7.8341666e-11,1.2855979e-12,2.9916618e-11,5.0384677e-14
0.030261612,0.89432174,0.07536817,4.3209922e-05,4.5536835e-06,1.2064696e-07,5.8583845e-07,5.2022027e-09,6.8239814e-08,1.2794832e-09
2.6356625e-05,0.0015045305,0.16028564,0.8296333,0.008393306,0.00015133827,4.065889e-06,7.662534e-07,4.2526338e-07,2.5044855e-07
2.2997712e-05,0.0025444594,0.21365476,0.77595603,0.0077416985,6.26734e-05,1.615889e-05,5.604966e-07,5.724296e-07,1.1528661e-07
0.11222845,0.8851148,0.0026565904,5.6543076e-08,4.498113e-08,2.8477383e-09,2.7141827e-08,5.5350342e-11,1.1751874e-09,5.183392e-12
0.00032579002,0.056915358,0.24214599,0.097396985,0.4274092,0.059177756,0.1157266,0.0008302513,2.3386743e-05,4.8754806e-05
0.00012261808,0.033283517,0.9372674,0.02829478,0.0009738285,4.6798003e-05,1.0684739e-05,1.09463215e-07,2.0209525e-07,5.142174e-08
0.003687128,0.95571315,0.040241014,0.00019002582,2.9141098e-05,0.00012563786,1.1588742e-05,3.0207968e-07,1.4843637e-06,4.7806003e-07
0.008309701,0.40109465,0.5886619,0.0017244975,0.00018921927,1.0911145e-05,8.8302595e-06,3.1701106e-08,2.9468208e-07,9.281745e-09
1.9413363e-05,0.00067301624,0.21864787,0.7780001,0.0026412336,1.6958025e-05,1.1844498e-06,1.2858042e-07,9.552333e-08,3.2754517e-08
0.0015407186,0.9249458,0.057709742,0.014165178,0.0005601374,0.00095534837,0.00010376549,4.3689192e-06,9.880238e-06,5.0648414e-06
0.9653648,0.033487562,0.001147571,1.2242845e-08,9.469903e-10,1.4526519e-11,4.9142507e-10,6.4324344e-12,1.195152e-10,1.4986825e-13
0.002436403,0.8840914,0.11345425,1.6058788e-05,1.5831417e-06,6.082598e-08,2.4551568e-07,2.4290037e-10,5.409322e-09,7.587308e-11
5.522273e-07,9.8568e-06,4.186106e-05,3.2337914e-05,0.00024485163,0.9916101,0.0005282619,0.0062783137,0.0011328285,0.00012114136
0.012774881,0.26579714,0.7197181,0.0014694547,0.00022045456,5.8155474e-06,1.3858296e-05,2.8008156e-08,2.7140936e-07,7.4248065e-09
0.0051324842,0.4770814,0.5087672,0.008214688,0.00058995787,0.00014609176,6.296387e-05,1.3326259e-06,3.4356144e-06,4.9047014e-07
8.722529e-05,0.0014597435,0.0060398723,0.005662199,0.1119891,0.84602565,0.0009290085,0.021845618,0.00057415885,0.0053874087
5.439897e-06,0.0007702601,0.021219673,0.8996455,0.07709877,0.0010569994,0.00019186872,7.683733e-06,2.2448223e-06,1.4658203e-06
1.8478418e-05,0.0029361306,0.06319875,0.8385003,0.09186501,0.0031942644,0.00027681107,5.2569744e-06,3.316737e-06,1.5420923e-06
7.477148e-07,3.9363757e-05,0.00012615867,0.0002882614,0.008467938,0.9768396,0.013862878,0.0002827185,5.876672e-05,3.361859e-05
5.4144253e-05,0.003598323,0.98484254,0.011285527,0.0002180657,1.151584e-06,2.6929433e-07,1.3707275e-09,5.8019705e-09,1.1022828e-09
0.9697381,0.03007679,0.00018509528,9.770118e-09,1.5488381e-09,5.3182647e-10,8.341453e-10,2.9415307e-11,2.7535277e-10,2.6841025e-12
0.99962807,0.00037043018,1.3869395e-06,1.2135318e-11,3.572126e-11,1.9752824e-12,7.646401e-11,2.1976557e-12,1.4677632e-11,1.2198003e-14
0.20424014,0.5068991,0.2888577,2.2016488e-06,5.962708e-07,1.26155e-09,2.3681105e-07,8.7108404e-11,1.5917341e-09,3.5887539e-12
1.0668053e-06,0.00012953469,0.0006781465,0.099568024,0.7283868,0.17109747,4.005732e-05,8.332277e-05,3.278914e-06,1.2256433e-05
2.3025995e-08,1.689791e-06,1.1786471e-05,6.3347165e-05,0.0023231672,0.9972888,6.8615996e-06,0.00027502482,3.0927654e-06,2.6272915e-05
5.9489776e-07,1.9919853e-05,5.102109e-05,0.00018566274,0.00175763,0.99237,0.0043686125,0.0009826167,0.00024201874,2.1872149e-05
0.00043340967,0.020549856,0.9553924,0.022896267,0.00069386925,2.5684207e-05,8.240353e-06,6.538716e-08,2.3674625e-07,3.3978683e-08
0.016370432,0.3334163,0.64994305,0.00023768983,2.8144263e-05,3.102247e-07,3.933164e-06,6.873229e-09,7.0905195e-08,1.1947504e-09
0.0084282,0.93224436,0.059205055,0.00010669392,8.724659e-06,2.7596154e-06,3.7685168e-06,4.1480774e-08,3.629254e-07,1.7241208e-08
1.0115585e-05,0.0010782062,0.024139164,0.9514888,0.021599434,0.0016178972,5.6845252e-05,4.901463e-06,3.1092043e-06,1.5280553e-06
0.7513409,0.23684801,0.01180685,2.753141e-06,7.043219e-07,2.365932e-08,6.4557673e-07,1.2142057e-08,9.869903e-08,7.0116557e-10
4.3561897e-05,0.00055016717,0.02204774,0.014789909,0.94955766,0.009383961,0.0035128642,1.901703e-05,6.9960283e-06,8.806965e-05
0.08143789,0.8777738,0.040764313,1.709037e-05,4.427165e-06,2.4919183e-07,2.0626512e-06,1.7834457e-08,1.6977046e-07,3.176879e-09
0.00010977559,0.089326546,0.45266464,0.4263017,0.029051257,0.0024185816,0.000119621174,2.4551578e-06,4.444089e-06,1.0272473e-06
0.00772092,0.9811271,0.01114545,4.302992e-06,1.7594018e-06,2.0851184e-07,2.4679682e-07,5.46867e-10,1.009025e-08,2.3090797e-10
1.0556936e-06,5.9055947e-05,0.00014747627,0.0007566085,0.024687123,0.97237724,0.0009165472,0.0008347919,4.0430277e-05,0.0001795768
0.019395148,0.96689934,0.013340927,0.00012337508,2.263219e-05,0.0002084473,8.135576e-06,3.607137e-07,8.8571846e-07,7.4550127e-07
0.6039507,0.38100103,0.01490932,4.3090426e-05,1.498078e-05,6.796949e-05,8.303588e-06,1.0495222e-06,2.9325024e-06,6.0515265e-07
0.00049587846,0.07176594,0.58234453,0.3406852,0.0035241067,0.0009529173,0.00020158372,1.0651866e-05,1.4252087e-05,4.9224777e-06
1.4547794e-05,0.001695513,0.013720594,0.6482113,0.2752978,0.060633242,0.000347169,5.5083947e-05,1.5151351e-05,9.60056e-06
7.0050637e-06,0.0011898546,0.0032394056,0.1726321,0.33789086,0.48403078,2.4415498e-05,0.000566194,1.7452863e-05,0.00040194415
4.2895917e-05,0.010227075,0.26524243,0.69309753,0.029990237,0.0012995424,9.508575e-05,1.6575738e-06,2.5968543e-06,9.3008066e-07
2.5717638e-05,0.0019723005,0.028206507,0.91445684,0.047957525,0.006727514,0.000553268,8.303639e-05,1.2736934e-05,4.5820484e-06
0.0005946099,0.9365806,0.062053774,0.00067720714,3.0206686e-05,5.9909657e-05,3.2991443e-06,4.4250235e-08,1.7993305e-07,5.8357074e-08
5.5264195e-07,1.5288144e-05,0.00010676923,0.00014172413,0.0031713808,0.9903654,6.397927e-05,0.0057044746,2.9599787e-05,0.00040070835
0.101835586,0.85384536,0.044316243,2.6361881e-06,8.454511e-08,2.5471703e-09,4.1374495e-08,1.3614107e-10,2.434619e-09,1.5007022e-11
0.00017456795,0.002107205,0.05046977,0.88077736,0.0656473,0.0007438072,5.052734e-05,1.9168196e-05,7.574112e-06,2.656624e-06
0.0074662166,0.7101501,0.2822886,8.227027e-05,1.0117664e-05,7.2902355e-07,1.7923062e-06,1.07989795e-08,7.396518e-08,4.0721644e-09
0.30390993,0.62186104,0.07416298,5.9764443e-05,4.492484e-06,4.3002356e-07,1.0837362e-06,2.8768763e-08,2.0034871e-07,4.3335944e-09
0.31273884,0.6641442,0.023116555,4.012403e-07,2.4298846e-08,1.048602e-09,1.840081e-08,4.1433124e-11,1.1241535e-09,3.9864978e-12
2.736909e-07,0.00011036027,0.00020775638,0.0035869607,0.008166408,0.98755324,0.00017393098,0.00017743591,1.3815577e-05,9.883214e-06
0.9618128,0.032008156,0.0061747245,3.0491137e-06,5.0832034e-07,1.1653676e-07,5.843204e-07,1.7925036e-08,1.2484138e-07,2.7194653e-09
9.462232e-05,0.0012666028,0.5113818,0.48239905,0.004836245,1.5813504e-05,4.9468267e-06,4.489888e-07,2.90056e-07,1.183916e-07
7.6540726e-07,6.2185677e-06,0.00078823266,9.092806e-06,0.00039350436,0.84684676,1.5654812e-05,0.02715685,0.0008784776,0.12390439
0.00039706094,0.049411315,0.7463832,0.12967332,0.07056464,0.00048706023,0.0030544878,6.750637e-06,1.9553485e-05,2.7160852e-06
5.5380202e-05,0.0027301838,0.34124652,0.65348434,0.0024631235,1.9240493e-05,9.1658734e-07,1.0912353e-07,1.5121317e-07,5.6589766e-08
8.669879e-06,0.0005803969,0.0029370268,0.084613144,0.23478666,0.67396384,0.000596737,0.0023689286,4.934512e-05,9.538809e-05
0.0026255695,0.3656103,0.63136137,0.00038808837,9.806615e-06,6.078445e-07,4.1510834e-06,4.2735357e-09,4.383435e-08,1.1125539e-09
3.7160087e-05,0.0018671113,0.4140549,0.57911175,0.0048926696,3.250648e-05,3.1380162e-06,3.9603546e-07,2.244508e-07,8.2750965e-08
0.00037251555,0.29540712,0.70076734,0.0027072513,0.00047930598,0.00015294636,0.00011211415,2.4944742e-07,1.0344685e-06,2.208233e-07
9.622838e-05,0.00446084,0.7658779,0.22795253,0.0015961421,1.3610756e-05,2.3344403e-06,1.7437799e-07,1.6924245e-07,4.7929806e-08
0.0012693747,0.027316367,0.7324978,0.16916355,0.06928882,0.00033817903,0.00010430072,6.3555076e-06,1.2490562e-05,2.8018917e-06
0.005078012,0.03177454,0.96255034,0.00058658887,1.0231963e-05,4.5650413e-08,2.0920595e-07,1.2231828e-09,8.464845e-09,2.7628363e-10
2.232327e-05,0.0010514386,0.35064986,0.63969177,0.008541351,2.5789031e-05,1.5625632e-05,1.3009884e-06,5.1247514e-07,8.249691e-08
0.0012501031,0.019615792,0.9673582,0.0052684788,0.0064886883,2.262595e-06,1.6316184e-05,4.1458147e-08,2.5307656e-07,1.3110214e-08
0.08792887,0.86711943,0.044942103,5.5314895e-06,1.5181945e-06,5.40601e-07,1.8627776e-06,1.2616727e-08,9.4846534e-08,3.2236671e-09
1.0833159e-05,0.0001848398,0.00045702897,0.0015628379,0.016551247,0.9181686,0.05874019,0.0022183803,0.0019595386,0.00014649837
7.696233e-05,0.0015255883,0.08218248,0.82517606,0.088794686,0.00050298846,0.001657848,5.8894828e-05,2.0815822e-05,3.6395975e-06
0.0020047522,0.42990747,0.56289047,0.00356417,0.0015208835,6.843692e-05,4.172245e-05,2.4635762e-07,1.5507361e-06,3.0905653e-07
0.00042226273,0.011214899,0.05226268,0.41297954,0.517452,0.0032484096,0.0021115423,0.00018687602,6.4530854e-05,5.7176563e-05
0.040484097,0.5212625,0.43818372,6.5108055e-05,4.0793366e-06,3.9995268e-08,3.6809774e-07,5.9777594e-10,9.71066e-09,9.332641e-11
0.023679987,0.022431428,0.95231384,0.0014964977,7.4804295e-05,2.1002793e-07,3.04777e-06,3.3112077e-08,1.2043178e-07,4.165702e-09
4.6505e-06,1.8475012e-05,0.00033897883,0.00017101613,0.0011917106,0.83769673,0.009282278,0.13921592,0.009967267,0.0021129237
0.00037050332,0.051884677,0.106352985,0.5666188,0.26588595,0.008480576,0.00013613026,0.00016626573,8.023869e-05,2.3835379e-05
0.00016043374,0.023853058,0.9649008,0.010944163,0.00013744131,2.673048e-06,1.3371913e-06,8.005518e-09,2.4036892e-08,2.9172686e-09
9.066644e-07,8.144116e-05,0.00035063137,0.008073032,0.13982813,0.85087603,1.3028274e-05,0.0006242379,1.0048851e-05,0.00014249544
0.999637,0.00034757482,1.5421734e-05,5.003384e-11,8.8492075e-11,1.4775223e-12,8.3086066e-11,4.013532e-13,9.607184e-12,1.5222141e-14
0.00014838151,0.025970526,0.97124815,0.0025481463,6.711899e-05,4.856374e-06,1.2682759e-05,8.940919e-09,7.8705405e-08,6.4110153e-09
0.00025224962,0.006720581,0.9896796,0.0032484413,9.428361e-05,5.280263e-07,4.295246e-06,1.6000751e-08,5.079842e-08,9.063478e-10
0.0007243486,0.021774251,0.8550947,0.1207261,0.0015420354,0.0001254953,1.0176899e-05,4.5831015e-07,1.6307079e-06,7.6158847e-07
1.136051e-05,0.0036949476,0.0256063,0.7833993,0.1800383,0.0072155595,1.4656377e-05,7.705623e-06,3.3398753e-06,8.4651665e-06
0.0017571641,0.5645827,0.4329912,0.00056346814,8.57092e-05,8.538168e-06,1.0886077e-05,6.2097484e-08,2.4261283e-07,2.9589234e-08
6.61491e-05,0.0034659156,0.32854134,0.6625941,0.005272501,5.797929e-05,1.529536e-06,1.5978736e-07,2.160884e-07,1.0200675e-07
0.22366115,0.7268514,0.049480833,5.2914443e-06,8.166778e-07,6.330674e-08,3.841669e-07,3.5981953e-09,2.401689e-08,5.2518223e-10
0.0022670387,0.17018504,0.7356489,0.087120645,0.0045561227,0.00014300147,7.170871e-05,3.9594297e-06,3.063067e-06,5.605243e-07
8.827725e-05,0.0074824397,0.15206617,0.7601518,0.07754405,0.002293232,0.0003571017,6.162754e-06,8.349393e-06,2.3829743e-06
1.817998e-06,5.8330403e-05,0.0001075411,0.00088669773,0.0065892334,0.9876238,0.0014043605,0.0030140188,0.00024182354,7.23238e-05
7.941801e-06,0.0011042065,0.003637042,0.07541963,0.28679383,0.6318104,0.00014732766,0.0009653087,1.5413714e-05,9.89196e-05
5.551515e-07,2.8663724e-06,0.00029514806,1.2083863e-05,0.00023487268,0.96998525,1.9380728e-05,0.010062249,0.0003150329,0.019072456
0.00011562871,0.00040740956,0.006552259,0.0023379805,0.15061393,0.38391343,0.10818843,0.19113638,0.0051617147,0.15157282
0.004235858,0.066245936,0.928846,0.0006375258,2.6576146e-05,1.8400507e-07,7.805998e-06,9.470103e-09,7.618551e-08,1.9530066e-09
1.6616237e-05,0.0009474358,0.23819123,0.74816906,0.012581098,8.816519e-05,5.725728e-06,4.3139244e-07,1.6076174e-07,8.955234e-08
0.14411288,0.8472973,0.008589372,3.1352153e-07,5.6484616e-08,1.2544951e-08,9.265523e-08,4.171461e-10,4.8820534e-09,4.5160785e-11
0.00025428375,0.0003691197,0.0046322206,0.015642606,0.931873,0.03657317,0.0075386963,0.0025271575,0.00016424638,0.0004254366
0.00031191364,0.28897727,0.70456094,0.0060466263,8.767456e-05,1.1379312e-05,3.934273e-06,5.1114053e-08,1.7478747e-07,3.3874272e-08
3.7865516e-06,0.0001466562,0.0070100105,0.905303,0.08705055,0.00048202282,1.0050966e-06,1.7281889e-06,3.5335717e-07,9.205955e-07
4.748406e-06,0.0022236821,0.01428245,0.8513871,0.08204014,0.05001835,1.7769296e-05,1.36229055e-05,2.732924e-06,9.4071265e-06
0.0033355653,0.11360159,0.88142574,0.0016248474,1.1416589e-05,3.2390633e-07,5.1860485e-07,3.9643724e-09,2.4481077e-08,1.0882859e-09
0.9963452,0.0035721604,8.271808e-05,1.8273634e-10,1.9551087e-10,5.030612e-12,2.1560656e-10,1.4373961e-12,2.004356e-11,3.3686145e-14
0.00032194692,0.06846803,0.6585608,0.26492637,0.007522464,0.00015938334,3.6412246e-05,1.64293e-06,2.3837467e-06,5.6254737e-07
0.0010657123,0.05101289,0.740155,0.18176167,0.024833761,0.0010594998,9.9137505e-05,4.928471e-06,4.8815064e-06,2.4868866e-06
0.015995415,0.06322904,0.9142336,0.0064299,0.000101980775,9.3212907e-07,8.705016e-06,1.4670177e-07,2.9553934e-07,8.175151e-09
9.874394e-06,0.0024621685,0.1615418,0.82921773,0.006665579,9.8631426e-05,3.2603034e-06,4.8485003e-07,3.0107577e-07,1.4967631e-07
0.0007004017,0.75066906,0.24852392,0.00010092996,5.1224847e-06,2.5018417e-07,3.110153e-07,4.4366086e-10,5.5465725e-09,1.3398196e-10
0.9912487,0.008537604,0.00021360225,1.5172343e-10,7.435522e-11,3.2250006e-13,4.8981846e-11,2.218991e-13,4.694633e-12,2.3727083e-15
3.1271735e-05,0.0010834127,0.13211659,0.86007744,0.0066443887,4.511314e-05,1.1258087e-06,3.0372104e-07,2.478159e-07,7.573038e-08
0.0063624317,0.77914417,0.21440119,6.0321727e-05,3.0530377e-05,4.1666604e-07,1.009229e-06,1.9031425e-09,2.7785223e-08,6.340146e-10
3.1531326e-05,0.0026634366,0.9938589,0.0032784583,0.0001560404,1.7497177e-06,9.964643e-06,3.3737804e-09,2.3501814e-08,3.044151e-09
3.8919297e-05,0.0016241842,0.0064111473,0.29109025,0.6189707,0.08115552,0.00032701791,0.00032897698,2.6364116e-05,2.6911677e-05
0.11340704,0.78682107,0.09965753,6.254792e-05,2.403319e-05,6.864342e-06,1.977948e-05,1.2916234e-07,9.803908e-07,5.975121e-08
0.09391645,0.8460884,0.05999038,4.2537927e-06,3.729567e-07,4.6882813e-09,7.1323676e-08,2.0063638e-10,3.6474856e-09,1.6102618e-11
0.0011595448,0.024976043,0.97028774,0.0030995165,0.00046405243,2.0732161e-06,1.087599e-05,4.8743196e-08,1.655478e-07,1.4558075e-08
1.9084337e-05,0.0021188175,0.1271262,0.8299352,0.04026807,0.0004863191,4.2461157e-05,1.954003e-06,1.1937384e-06,6.282262e-07
0.0051417393,0.6251403,0.36967617,4.0300274e-05,1.2185529e-06,2.6526822e-08,2.0929852e-07,1.088265e-10,3.5060164e-09,4.2550227e-11
0.0008853782,0.898145,0.04328486,0.011093879,0.0010839726,0.045336593,8.22441e-05,3.1478943e-05,2.01417e-05,3.6482095e-05
2.2579097e-06,4.0759034e-05,0.00013809619,0.0008460608,0.020390267,0.96893644,0.0033970755,0.0058591645,0.0002883722,0.000101472215
0.015174632,0.95974565,0.025072195,6.3210505e-06,7.437609e-07,5.882462e-08,3.0470716e-07,9.459907e-10,1.5969182e-08,3.3952768e-10
0.94234043,0.05578043,0.001879022,1.0990508e-07,2.6972879e-08,2.412976e-09,2.9225612e-08,6.4922945e-10,5.1919615e-09,4.4297316e-11
0.11213134,0.8748598,0.01295457,3.592842e-05,5.2253886e-06,6.6753155e-06,5.562853e-06,1.1755476e-07,6.6390226e-07,9.02483e-08
0.010926136,0.9006221,0.08607326,0.0015461694,0.00011717617,0.0006866528,1.9041845e-05,1.7186254e-06,3.4290445e-06,4.277285e-06
0.011379968,0.30608857,0.6807588,0.0016214467,0.00014090106,3.4550978e-06,6.6261277e-06,2.4757764e-08,2.3807027e-07,5.0944085e-09
0.0053852065,0.9065996,0.08800387,9.916058e-06,1.101284e-06,2.264786e-08,2.6719584e-07,3.4887496e-10,7.2492887e-09,8.5523214e-11
0.001335383,0.26562586,0.7294509,0.0031489714,0.0004070087,1.573362e-05,1.5052637e-05,1.6855435e-07,8.051316e-07,1.0765907e-07
1.6998918e-05,0.00040154246,0.0021428745,0.00048071612,0.7396807,0.16687612,0.090156764,1.8873345e-05,1.829981e-05,0.00020718362
0.007058242,0.60468143,0.38736352,0.000799015,9.668026e-05,2.7851345e-07,6.690398e-07,6.3076304e-09,5.2669694e-08,9.908235e-10
0.0008102467,0.08555528,0.9061634,0.007024239,0.0004375716,3.09793e-06,5.6496024e-06,1.2308836e-07,3.6389866e-07,2.252945e-08
0.00081466616,0.52004033,0.4783121,0.00076600024,5.5469613e-05,1.7226369e-06,9.519507e-06,2.2867308e-08,1.6296296e-07,9.580578e-09
0.0004147602,0.13582179,0.86238176,0.0013292611,4.6738434e-05,1.3289613e-06,4.285629e-06,1.03480255e-08,7.468834e-08,1.92347e-09
0.00039923884,0.048006594,0.31911102,0.44220597,0.17042528,0.01967917,8.751779e-05,4.9492014e-06,9.015732e-06,7.131286e-05
2.4377898e-06,0.00971989,0.040748864,0.87569994,0.030139672,0.043634824,4.565891e-05,3.2330256e-06,2.818016e-06,2.6684713e-06
0.000115070194,0.0062730643,0.7508685,0.22808327,0.014493858,0.00015305726,1.1713889e-05,5.795519e-07,5.15274e-07,3.445534e-07
3.0842835e-05,0.0020166554,0.5787755,0.38348252,0.035509724,0.00015584433,2.6624115e-05,1.3498153e-06,4.6516067e-07,4.640326e-07
0.9899333,0.009889783,0.00017686978,1.4443469e-08,1.7355345e-09,8.535344e-11,1.1752781e-09,3.329159e-11,3.6565562e-10,1.0279017e-12
1.4444876e-05,0.004761587,0.77503943,0.21802673,0.002088588,5.1018254e-05,1.7804565e-05,1.7891234e-07,1.5358596e-07,4.8846278e-08
0.00010147927,0.006679736,0.03784718,0.031644024,0.2820021,0.6401243,0.00024758987,0.0002836475,1.3046093e-05,0.0010569296
3.526997e-06,0.0009380772,0.023098098,0.9087705,0.06116959,0.006006706,8.15846e-06,2.941741e-06,5.7567746e-07,1.7881332e-06
4.9732393e-05,0.014022865,0.93133605,0.05403425,0.0005471221,3.6246338e-06,6.236397e-06,2.7023628e-08,8.7829356e-08,8.696948e-09
0.69228387,0.30638924,0.001326843,1.7722682e-08,7.54067e-09,4.3857573e-10,7.949708e-09,4.8497945e-11,5.742275e-10,1.8733095e-12
4.1136125e-05,0.00017241681,0.0011429013,0.00031152097,0.109305285,0.012401191,0.8756337,5.0841118e-05,0.00074976636,0.00019122497
2.776477e-06,0.0002599167,0.005258337,0.6993687,0.28687477,0.008216063,5.816419e-06,9.325004e-06,1.0505887e-06,3.2096057e-06
1.3937365e-05,0.0008083085,0.14075296,0.85513127,0.003228195,6.367978e-05,1.1575773e-06,1.9580654e-07,1.4770754e-07,8.218952e-08
6.2889216e-05,0.0032619839,0.17151736,0.8133062,0.011477339,0.0003656851,5.4933435e-06,1.43643e-06,9.560039e-07,6.4130506e-07
0.99974054,0.00025933425,9.537338e-08,4.9651628e-14,1.4622959e-13,5.4480363e-15,2.5051323e-13,2.0786527e-15,4.2833165e-14,8.073408e-18
6.502721e-05,0.008094324,0.9384151,0.05074865,0.0025915448,1.1431188e-05,7.33391e-05,2.386876e-07,2.9496226e-07,4.2802654e-08
0.03955467,0.66138655,0.2914346,0.0057638264,0.0009130402,0.0008309652,9.2382616e-05,4.714594e-06,9.190971e-06,1.005616e-05
0.26743877,0.70301855,0.02952404,1.624248e-05,1.1319765e-06,4.652703e-07,6.467899e-07,1.177195e-08,1.10794204e-07,3.5043992e-09
0.0001702725,0.0072738547,0.046315677,0.89104986,0.041964654,0.012716024,0.0003333246,0.00011794488,2.08609e-05,3.7492795e-05
2.480017e-05,0.00076375774,0.17552364,0.809905,0.0136177195,0.0001480535,1.4493484e-05,1.5994099e-06,5.536255e-07,4.0921805e-07
0.99995303,4.6450805e-05,4.8407435e-07,9.312143e-13,6.3693625e-13,4.9028274e-15,3.8797324e-13,4.168681e-15,1.1521723e-13,3.8601048e-17
2.1386454e-07,3.2620126e-05,0.00014347135,0.0012164278,0.015555106,0.9826885,1.2823976e-05,0.00029676684,3.6793028e-06,5.0433453e-05
0.001876805,0.33406428,0.59176123,0.07100792,0.0009773067,0.00027802167,2.9896017e-05,7.139363e-07,2.9209702e-06,9.0685967e-07
0.08839248,0.48703343,0.42441502,0.00013910537,1.7214143e-05,4.1539826e-07,2.1222347e-06,3.9975117e-08,1.929973e-07,4.25527e-09
9.6103155e-05,0.054675043,0.8377113,0.09861087,0.0070999824,0.0016990756,0.000104962965,6.953372e-07,1.4544241e-06,6.0487116e-07
4.924725e-06,0.00046777658,0.05642407,0.9141279,0.028805364,0.00016735445,2.030814e-06,3.0378405e-07,1.2881293e-07,7.7099855e-08
5.3220233e-06,0.0004402895,0.0057181204,0.93163395,0.058677673,0.0032779176,0.00020671367,2.7659804e-05,6.6438433e-06,5.7130637e-06
1.4644692e-07,1.2669683e-05,8.472744e-05,0.00019784727,0.0057157828,0.9933683,7.883466e-06,0.00045864726,3.5909932e-06,0.0001503384
0.027722968,0.9614393,0.010833273,3.4829404e-06,7.175215e-07,1.00828174e-07,1.588822e-07,1.0359407e-09,1.5636237e-08,3.708734e-10
5.8428628e-05,0.026321322,0.4108479,1.0427393e-05,2.7029299e-05,0.55842495,3.0778094e-05,1.6205913e-05,4.2538773e-06,0.004258775
0.0058097085,0.08104991,0.90731615,0.0057651764,5.380327e-05,3.3179476e-06,1.6458115e-06,4.4990184e-08,1.8048993e-07,2.2869207e-08
0.16019374,0.773881,0.06591546,6.685349e-06,9.4320484e-07,3.975286e-07,1.641421e-06,1.4780209e-08,9.6119486e-08,4.983815e-09
0.35790536,0.49409148,0.14567089,0.00048765447,0.0011549602,0.00042581404,0.00021160935,1.1324807e-05,3.5174096e-05,5.6585523e-06
0.009730623,0.8092892,0.18095316,2.4101799e-05,2.287906e-06,9.633288e-08,4.560229e-07,1.8306849e-09,1.0203713e-08,2.0030992e-10
1.6044971e-06,0.00046716313,0.029020075,0.91451764,0.055819545,0.00017173389,1.1536168e-06,6.819678e-07,2.3069036e-07,1.9650396e-07
0.002330477,0.93755317,0.058567856,0.0012301083,5.683001e-05,0.00025709847,3.0751767e-06,1.5770051e-07,7.3291363e-07,4.5652394e-07
0.21899368,0.33185747,0.44909352,5.140624e-05,2.3870139e-06,3.183992e-08,1.3962954e-06,6.032364e-09,6.369463e-08,4.2929998e-10
0.0043849577,0.1815875,0.81385666,0.00011129756,5.2464613e-05,7.272831e-08,7.020443e-06,2.9083222e-09,3.5503273e-08,3.4065592e-10
0.12709725,0.41575694,0.45693812,0.00019625672,1.0311394e-05,7.05776e-08,9.4277993e-07,1.1342203e-08,8.182687e-08,7.7989987e-10
0.9903858,0.0095604295,5.3827185e-05,2.1481963e-09,8.341596e-10,1.8675417e-10,1.5697875e-09,4.5194765e-11,3.7750716e-10,1.6894937e-12
4.7124417e-05,0.0023265514,0.4265656,0.56470734,0.00623904,0.0001050411,8.283819e-06,5.1069276e-07,3.5700822e-07,1.7910939e-07
7.759139e-08,4.501644e-06,3.0286272e-05,3.6029454e-05,0.00044075178,0.9976031,9.102603e-06,0.0017215227,1.4652861e-05,0.00013994271
0.97008216,0.029834246,8.3646555e-05,3.711331e-10,1.7714949e-10,9.547894e-12,5.3964644e-10,3.278735e-12,6.720592e-11,6.46666e-14
1.1181936e-06,0.00032294614,0.0026450674,0.19287178,0.33706653,0.46698192,4.067584e-05,3.7344656e-05,3.9733977e-06,2.870962e-05
1.1575403e-05,0.00034328544,0.04301488,0.9111059,0.04544183,7.89147e-05,2.3817565e-06,6.274419e-07,3.1451074e-07,2.5793054e-07
1.200706e-05,0.0009646298,0.0016120482,0.19322583,0.6085611,0.19243817,0.00032104767,0.00262342,5.8557853e-05,0.000183201
6.580243e-05,0.06561274,0.23942323,0.44631675,0.13395856,0.11401478,0.00056966516,1.044813e-05,1.044835e-05,1.7555676e-05
4.2221e-05,0.0024469574,0.16599156,0.8199631,0.011420864,0.00013190384,1.9572044e-06,7.540905e-07,4.3267153e-07,2.3374558e-07
0.0021957923,0.87627715,0.121330135,0.00014441884,4.0692994e-05,2.8556283e-06,8.692111e-06,2.53848e-08,2.0190383e-07,8.7964125e-09
0.029145489,0.110412896,0.85685915,0.0035206983,5.925883e-05,7.0822824e-07,1.7387598e-06,1.3122755e-08,8.444732e-08,2.2451203e-09
1.4696591e-06,0.00016811443,0.0032143886,0.28625607,0.6989925,0.011343371,8.739726e-06,1.1932262e-05,9.438859e-07,2.4443598e-06
0.00013672454,0.0039861468,0.3227574,0.6672338,0.0057679107,0.0001083673,6.76243e-06,1.3852908e-06,1.0477607e-06,4.3532202e-07
5.2845076e-06,4.2142605e-05,0.001316783,0.00034883257,0.005107836,0.9524874,4.7974663e-05,0.027740628,8.960923e-05,0.0128135625
4.3471616e-07,3.5045876e-05,0.000114494236,0.004004606,0.16403641,0.8309069,4.444878e-05,0.00076537905,1.2888047e-05,7.9353915e-05
0.10683734,0.6062551,0.28683603,6.6443776e-05,3.452985e-06,4.209522e-07,1.1411609e-06,4.3155293e-09,6.568537e-08,1.9458666e-09
0.59835106,0.39604113,0.0056073456,3.1145646e-07,6.891002e-08,1.2235658e-08,1.3936676e-07,1.6361936e-09,2.2722464e-08,1.5282325e-10
0.98007524,0.019613743,0.000311022,4.8467186e-09,4.3280046e-09,5.5439675e-10,8.747279e-09,1.1256296e-10,1.2967494e-09,5.5767114e-12
0.00010600077,0.30954313,0.6878218,0.0024287803,6.07476e-05,2.7669865e-05,1.1740329e-05,1.7203865e-08,1.013743e-07,8.126035e-09
6.063756e-06,0.0009614292,0.49188456,0.5018775,0.0052485648,1.786469e-05,3.768542e-06,1.3152636e-07,9.0229314e-08,3.3367535e-08
0.010612371,0.72745097,0.26187262,5.7867608e-05,4.8474644e-06,8.088678e-08,1.2156396e-06,1.367935e-09,2.7139967e-08,3.460014e-10
0.00017897786,0.0050605196,0.8261837,0.16806291,0.00049738336,1.4340715e-05,1.9808945e-06,8.3337234e-08,1.02459346e-07,2.8171323e-08
0.00010919596,0.8184455,0.17909487,0.0014351888,0.00023592019,0.00066638493,1.2608902e-05,3.9771777e-08,2.4381018e-07,8.84993e-08
9.656629e-05,0.0020206436,0.30647802,0.0005468117,0.0014259152,0.6688914,0.0002034471,0.018173633,7.7532975e-05,0.0020861162
0.9043156,0.09564944,3.49306e-05,6.138961e-10,1.4752571e-10,4.2230643e-11,4.1304749e-10,4.369558e-12,1.0039869e-10,2.264614e-13
0.00060981076,0.056962226,0.93461615,0.0073421425,0.00043703156,1.50329415e-05,1.6892822e-05,2.3804868e-07,3.7345922e-07,6.485838e-08
0.0007672781,0.6348002,0.363538,0.00085085543,3.1117805e-05,1.071357e-05,1.6948178e-06,8.497998e-09,6.2125544e-08,1.5707167e-08
0.99051696,0.0093430765,0.00013985763,7.019824e-09,4.6463033e-09,8.1141566e-10,8.992289e-09,2.1011336e-10,1.7181897e-09,1.2128039e-11
9.0007314e-05,0.07636932,0.8540158,0.06250425,0.006115517,0.0006505147,0.000252019,1.3325937e-06,1.0239952e-06,2.8551403e-07
0.10155945,0.7741707,0.124257274,1.1003157e-05,1.0110559e-06,1.8375303e-08,5.260784e-07,1.3872199e-09,1.4573623e-08,1.1740661e-10
0.47520903,0.4929145,0.031875145,1.0526544e-06,7.636406e-08,1.4147691e-08,1.4695726e-07,9.1104196e-10,8.734446e-09,8.748142e-11
4.51568e-06,0.00041237078,0.013711338,0.9298012,0.055172574,0.00089418737,1.1316838e-06,1.5099243e-06,5.064723e-07,5.460491e-07
0.06529723,0.7537425,0.18091787,4.0818435e-05,1.2533719e-06,6.812499e-08,1.8707067e-07,2.1223006e-09,2.2171303e-08,5.245073e-10
5.4389793e-06,6.578533e-05,0.00040260528,0.00043835564,0.010585676,0.9126929,0.06179105,0.0082338005,0.0048081754,0.000976197
0.5882563,0.4060864,0.005655587,1.3010572e-06,3.3844367e-07,1.6172933e-08,2.8326895e-08,9.662656e-10,9.6890895e-09,9.9284456e-11
0.01779917,0.8771221,0.1049597,9.6145035e-05,1.7685861e-05,2.2450015e-06,2.791337e-06,1.5422799e-08,2.0806786e-07,7.8389e-09
0.00013309132,0.0025023222,0.02044154,0.7094739,0.25121486,0.0157828,0.0002500502,0.00013915273,3.0920513e-05,3.1428204e-05
0.99899465,0.0009093941,9.598399e-05,2.6669006e-10,1.4463812e-09,9.962319e-12,2.5876554e-10,5.150768e-12,5.4061318e-11,1.00172413e-13
0.10842335,0.8311019,0.06046617,7.214876e-06,1.1030803e-06,3.1609822e-08,2.0817845e-07,6.162088e-10,1.0137389e-08,8.412457e-11
0.9925087,0.007209266,0.00028210078,2.2394994e-08,6.2513443e-09,1.5083738e-09,5.1094533e-09,1.2879792e-10,9.786387e-10,1.3430232e-11
0.33813596,0.52575344,0.13607328,3.4745935e-05,2.1915876e-06,4.550383e-08,3.1306655e-07,3.4718832e-09,3.0973318e-08,4.3999085e-10
0.002497341,0.23845156,0.7584655,0.00056741736,1.6448204e-05,3.2359858e-07,1.3935314e-06,2.7102574e-09,4.7085855e-08,5.8495936e-10
0.0007360637,0.27310115,0.72584707,0.00030222838,1.2724144e-05,2.9814817e-07,4.043624e-07,9.964175e-10,8.498125e-09,3.075926e-10
0.00945906,0.20440516,0.78453183,0.001282539,0.00031011555,2.8286606e-06,8.323447e-06,1.1730003e-08,1.3283882e-07,3.6040904e-09
1.2371333e-05,0.00084704446,0.13604276,0.8587506,0.004255088,8.964815e-05,1.882319e-06,2.6098726e-07,1.8755948e-07,1.2315029e-07
0.04007706,0.7958568,0.16403444,2.6782518e-05,3.7110494e-06,4.0967777e-07,8.83264e-07,3.7932635e-09,4.416055e-08,1.8203608e-09
0.999634,0.0003559941,1.0066006e-05,3.8436815e-10,7.585657e-10,8.078876e-11,6.987302e-10,1.9306529e-11,3.0749248e-10,8.5301053e-13
3.8122926e-05,0.0025434487,0.22322087,0.75837684,0.01563643,0.00010535819,7.3976764e-05,2.6916166e-06,1.7568549e-06,5.456421e-07
0.119386695,0.8384173,0.04217313,9.297613e-06,9.601125e-06,2.1855466e-07,3.6049507e-06,1.3667537e-08,1.5136673e-07,1.6029207e-09
0.00014520477,0.9185381,0.05735681,0.01439818,0.0013840672,0.008136908,3.150322e-05,1.077802e-06,3.2316443e-06,4.881555e-06
5.8662954e-06,0.0024963233,0.030527154,0.9066167,0.054462846,0.0057852725,9.5147894e-05,5.370345e-06,2.9572113e-06,2.2585782e-06
1.4635948e-06,9.4808565e-05,0.0038205634,0.8415651,0.15373945,0.0007720713,2.5552044e-06,3.0415424e-06,4.1770525e-07,5.578283e-07
0.14919168,0.50018036,0.350599,2.4908199e-05,3.572185e-06,5.2559322e-08,4.4024844e-07,2.0307365e-09,1.2358275e-08,1.2986102e-10
0.00019403824,0.009936283,0.9716242,0.01806019,0.00017717885,5.369342e-06,2.5040895e-06,3.3823927e-08,1.3556861e-07,3.241883e-08
0.9500599,0.047611207,0.0023271076,4.6401408e-07,7.2138863e-07,2.3358811e-07,3.35363e-07,1.2172093e-08,9.522117e-08,2.9544356e-09
3.244283e-06,0.0033112962,0.01657809,0.8685188,0.08826117,0.023208346,8.309892e-05,2.6031172e-05,2.3809591e-06,7.5552075e-06
1.813566e-05,0.001670831,0.048499957,0.7701613,0.17684178,0.0027435499,4.4245324e-05,1.2018234e-05,2.260553e-06,5.918598e-06
6.266533e-06,0.0075856424,0.050757907,0.8175724,0.098285876,0.025581362,0.00019734832,6.3985694e-06,4.074966e-06,2.6299172e-06
0.0003100867,0.01366454,0.13085815,0.5354368,0.30629617,0.012079388,0.0007892008,0.0003664239,8.5157066e-05,0.000114120994
1.4208921e-05,0.0009790527,0.093748435,0.88765377,0.017476339,0.00012558016,2.0040263e-06,3.1141306e-07,2.0799135e-07,1.391533e-07
0.9606938,0.034174174,0.0051314407,5.9204064e-07,1.952014e-08,8.586715e-10,8.276263e-09,1.7391848e-10,1.5287022e-09,9.495178e-12
4.7476715e-07,1.5359054e-05,4.2326334e-05,0.00011405486,0.0029926265,0.9945709,0.00066240825,0.0014697136,4.7168887e-05,8.499019e-05
0.057438582,0.8064628,0.12950227,0.004967938,0.001337022,0.00023969197,3.7699905e-05,2.1795186e-06,9.732804e-06,2.0471969e-06
0.00039700558,0.09088186,0.83616173,0.012776187,0.056537725,0.0017692025,0.0014678992,2.1e-06,4.004125e-06,2.302869e-06
3.3187532e-06,0.00043785112,0.0063655796,0.9528622,0.038350753,0.0019391985,2.9799696e-05,6.4658016e-06,2.4962308e-06,2.3140565e-06
0.012370841,0.8240501,0.16349426,6.984184e-05,1.3502412e-05,2.691318e-07,1.0802522e-06,3.0911487e-09,4.3993296e-08,1.3739668e-09
0.00036766342,0.039231874,0.9481356,0.012073853,0.000184347,3.977234e-06,2.5277461e-06,2.1473232e-08,8.7716835e-08,1.3052102e-08
7.783371e-05,0.0372912,0.96080106,0.0018249308,4.4592825e-06,1.8493314e-07,1.8299279e-07,4.627307e-10,6.3671823e-09,1.201835e-10
5.9049784e-05,0.0154742785,0.56944036,0.40397587,0.010899274,0.00013677747,1.3369245e-05,2.8800065e-07,6.404276e-07,1.1759225e-07
0.0032946225,0.21715382,0.767412,0.011883371,0.0002514064,2.5457325e-06,2.0442e-06,9.696301e-08,1.4597589e-07,8.480811e-09
0.035335235,0.8846641,0.07996014,3.631949e-05,3.4761308e-06,8.4907775e-08,5.8091587e-07,3.15557e-09,4.7595705e-08,9.2938907e-10
7.2403186e-06,0.0004991437,0.04952319,0.94442517,0.0054447674,9.9386816e-05,7.18445e-07,2.4968463e-07,1.4266519e-07,9.343399e-08
0.9944411,0.0055219387,3.699117e-05,8.3230406e-10,6.672818e-10,3.0360305e-11,1.053416e-09,2.1745092e-11,3.3742228e-10,6.5880764e-13
0.07941146,0.5794277,0.3411013,5.7733985e-05,1.5348816e-06,6.685291e-08,1.914286e-07,1.4592663e-09,2.0407175e-08,4.900803e-10
0.00011498802,0.13364345,0.8643424,0.0018360855,5.860548e-05,1.3350465e-06,3.1031286e-06,2.9584022e-09,3.129343e-08,1.1671012e-09
4.2352563e-05,0.0015420927,0.0074943383,0.09821428,0.05870573,0.51579875,0.31307444,0.003912171,0.0011268862,8.891013e-05
0.16024823,0.5922062,0.2474828,6.19375e-05,7.234883e-07,1.1681426e-08,8.557719e-08,6.742941e-10,1.0168045e-08,6.766076e-11
1.8325134e-05,8.840477e-05,0.0012507782,0.0006786259,0.061339166,0.79764754,0.002694723,0.0823751,0.001381414,0.052525938
0.0003450631,0.51871,0.4808024,0.000110351975,3.0752923e-05,4.4348317e-07,9.715743e-07,7.377555e-10,1.4030138e-08,4.2009274e-10
0.2177416,0.752285,0.029969165,2.2620143e-06,8.6238776e-07,3.7275637e-08,1.108709e-06,6.7759793e-09,5.010363e-08,4.9231863e-10
0.20382404,0.64895535,0.14720444,1.223633e-05,2.773647e-06,3.793115e-08,1.1513471e-06,5.061062e-09,4.6202615e-08,4.3919357e-10
0.245098,0.7385905,0.016308008,1.0630002e-06,1.6903101e-06,4.664999e-08,5.961606e-07,2.2019837e-09,2.5763407e-08,3.0155856e-10
0.0005135526,0.3041113,0.66327167,0.024368912,0.0068604657,0.00035108722,0.0005127891,2.5841591e-06,6.2292993e-06,1.5038175e-06
0.00083389523,0.23633063,0.76277256,5.2563e-05,9.816592e-06,1.8473013e-08,4.989472e-07,2.50715e-10,2.863344e-09,2.3217917e-11
0.99873215,0.0012648457,2.9258836e-06,5.30533e-12,4.9499714e-12,1.12437606e-13,1.08909175e-11,8.601509e-14,1.8363499e-12,7.9900316e-16
0.9997228,0.00027445392,2.7573153e-06,1.8664535e-11,2.196499e-11,2.0470917e-12,2.820398e-11,3.1790857e-13,5.806704e-12,1.2312251e-14
0.004147264,0.97508085,0.020770838,8.150127e-07,1.5414619e-07,6.4900383e-09,7.3549096e-08,6.5961465e-11,1.2157263e-09,1.12224926e-11
0.0043282853,0.072668314,0.9139827,0.008931614,8.0907055e-05,5.639877e-06,2.2221777e-06,6.3099016e-08,2.1950333e-07,3.4360564e-08
0.009580593,0.6177419,0.37254158,0.00012964543,4.2096112e-06,2.6545518e-07,1.675974e-06,5.1995457e-09,5.8970098e-08,1.1328959e-09
0.0004541643,0.012989481,0.23175098,0.7405384,0.013559074,0.00056051655,0.00012990012,1.0635725e-05,5.62768e-06,1.2853129e-06
0.1218586,0.8088087,0.06929183,1.8275336e-05,1.9056899e-05,5.847097e-07,2.74892e-06,1.0781003e-08,1.4620782e-07,2.7970821e-09
1.2963815e-06,3.982531e-05,0.00019250358,0.0043216078,0.122979194,0.8669654,2.8183307e-05,0.0052476926,4.181039e-05,0.00018247472
0.8981199,0.101852894,2.7174476e-05,1.0138508e-09,3.60614e-10,1.00237124e-10,5.3497057e-10,6.7260308e-12,1.3251203e-10,4.589203e-13
0.0030471864,0.82157534,0.17524123,0.00010872194,2.03567e-05,3.3182755e-06,3.7151333e-06,1.1953916e-08,9.32074e-08,7.0984876e-09
1.3054945e-05,0.0027591102,0.028845515,0.8261302,0.12616807,0.015964786,0.00010523053,8.124706e-06,4.387165e-06,1.568696e-06
1.1840583e-06,0.0003241124,0.0004863671,0.030770201,0.16319396,0.8047272,0.00021758112,0.00024846106,1.8004122e-05,1.2886529e-05
9.055297e-08,2.3659354e-06,2.8576858e-05,3.394052e-05,0.002269734,0.99356645,4.679088e-06,0.0037226847,1.5099758e-05,0.0003564335
0.00013165292,0.058177143,0.9401358,0.0015203548,3.1975127e-05,1.0320723e-06,2.0558884e-06,2.9247957e-09,2.7494957e-08,1.4339286e-09
0.011608531,0.9389201,0.049453672,1.3711162e-05,2.613292e-06,1.2758032e-07,1.1181063e-06,2.8888942e-09,3.4377226e-08,7.4431766e-10
8.4177145e-06,0.0030330303,0.046978608,0.49684682,0.38189217,0.069735065,0.0014660672,2.4091836e-05,1.4143181e-05,1.5224157e-06
0.0034742116,0.045228858,0.9380212,0.013196925,7.676698e-05,4.6740772e-07,1.4460718e-06,2.583525e-08,1.0501695e-07,2.5247744e-09
0.0032820022,0.041439123,0.945008,0.009912183,0.0003452567,2.3124703e-06,1.0539203e-05,9.3996405e-08,4.3651835e-07,2.4349012e-08
8.068562e-08,8.8547785e-07,4.3968354e-05,3.6498682e-06,7.230494e-05,0.9865276,2.8328903e-05,0.011299161,0.00027682522,0.0017471265
6.067692e-06,0.00080598326,0.008441846,0.5953832,0.37383202,0.021471603,2.4327146e-05,2.3477261e-05,4.1158532e-06,7.322957e-06
0.035305865,0.76229084,0.2023946,7.416673e-06,1.0377005e-06,5.5851808e-09,2.2716412e-07,4.0961684e-10,5.5520957e-09,5.3304076e-11
0.038176097,0.5967385,0.36493763,0.0001437641,2.7979227e-06,4.4974936e-07,6.720837e-07,1.328399e-08,1.0429912e-07,1.9038229e-09
0.00042669213,0.48265097,0.42495185,0.07146113,0.0102163125,0.010189061,9.2329035e-05,3.2985183e-06,3.1751988e-06,5.19521e-06
0.00015778517,0.024891589,0.8198545,0.14787275,0.0067843148,0.00041738868,1.8845541e-05,7.7046917e-07,1.4067415e-06,5.82731e-07
0.0026601476,0.46087316,0.5355249,0.00092893525,1.1720684e-05,4.544216e-07,6.3665414e-07,4.715005e-09,3.7225576e-08,2.0692918e-09
1.1528116e-05,0.0015252581,0.83857685,0.1479093,0.011947462,1.560111e-05,1.3675243e-05,1.7360169e-07,1.0202841e-07,4.347196e-08
0.00018415293,0.0003204207,0.0022492807,0.014563514,0.9392543,0.038607575,0.0019320901,0.0026060655,0.00020882291,7.383324e-05
1.8033144e-06,0.00022919367,0.006914588,0.9664809,0.026000155,0.0003722903,3.543322e-07,3.343373e-07,2.0741406e-07,1.5579967e-07
2.813749e-07,6.8509566e-05,0.15980092,2.047691e-06,5.806795e-05,0.79325676,9.806597e-06,0.00019894261,3.5536243e-06,0.04660115
2.6908106e-06,0.00023743015,0.007225607,0.9052939,0.08673847,0.0004989695,6.008552e-07,1.5703339e-06,3.5834765e-07,4.0454202e-07
4.501302e-07,5.945182e-05,0.00069699885,0.7463027,0.2511139,0.0018194383,5.221059e-07,5.566108e-06,3.9213683e-07,5.784942e-07
0.98360056,0.015369404,0.0010299511,1.57003e-08,1.143835e-09,6.100787e-11,1.474906e-09,1.1064047e-11,1.7510557e-10,6.3525633e-13
0.07328915,0.33131102,0.59458977,0.0007784488,2.7925404e-05,1.0202907e-06,2.4902224e-06,9.137988e-09,1.2353497e-07,2.2118236e-09
3.5068377e-05,0.00083470833,0.046305757,0.8418197,0.10952866,0.0013786072,7.2993826e-05,1.6848839e-05,3.2323683e-06,4.4192866e-06
9.831699e-05,0.011114501,0.35600695,0.59446603,0.036158115,0.0018953944,0.0002498586,3.1939608e-06,5.8583346e-06,1.8017898e-06
0.00027523568,0.09238018,0.9016437,0.004584847,0.0008188888,0.00012443512,0.00017147613,2.0302124e-07,8.971473e-07,1.5151971e-07
2.0860455e-06,0.00067783217,0.0018722516,0.9190835,0.07273947,0.0055914754,6.3149755e-06,1.974613e-05,4.8781544e-06,2.5538884e-06
0.87065357,0.105658025,0.02368592,2.3264258e-06,1.0405644e-07,7.0101756e-09,2.755376e-08,2.761513e-10,2.4018096e-09,2.5655665e-11
0.06603506,0.5989423,0.33287233,0.002035483,7.1099355e-05,3.243267e-05,9.429592e-06,4.7037247e-07,1.1119905e-06,3.5859105e-07
0.00010076689,0.00692537,0.028886754,0.6502682,0.24877657,0.06439611,0.0003978045,0.00015339012,4.5215987e-05,4.982694e-05
0.0021854877,0.16490386,0.7647434,0.059687633,0.0073623597,0.0009371382,0.00016308285,4.8510174e-06,8.31263e-06,3.8413955e-06
0.0006824824,0.17314494,0.74880934,0.06274456,0.009554811,0.0049615554,8.659459e-05,3.286595e-06,3.982393e-06,8.430494e-06
0.99408984,0.0053498084,0.0005604122,7.69321e-09,3.9223189e-10,1.123002e-11,3.558339e-10,4.0801026e-12,4.8700377e-11,1.10290906e-13
0.0005000142,0.3393354,0.46898186,0.1436896,0.044654477,0.0023619498,0.000450844,8.54098e-06,1.2905083e-05,4.441177e-06
0.029975722,0.5871534,0.38278645,8.145677e-05,2.4459448e-06,7.6570636e-08,4.6549283e-07,1.8764004e-09,2.2047336e-08,4.037718e-10
4.9554495e-05,0.0021444221,0.4008234,0.58987844,0.007036512,6.208548e-05,4.744932e-06,5.169636e-07,2.8987972e-07,1.281409e-07
0.013729812,0.8986533,0.08757995,2.4177745e-05,9.69883e-06,2.0922914e-07,2.6706755e-06,6.4604713e-09,8.0843236e-08,1.436366e-09
0.008093258,0.5600709,0.43182737,7.871746e-06,4.6393873e-07,5.5717475e-09,1.6164316e-07,5.362238e-11,1.3547224e-09,1.0625542e-11
5.253002e-06,0.005569429,0.0054677497,0.0070099644,0.08690201,0.89361244,0.000733285,0.00015247564,1.4133163e-05,0.00053325255
0.0012546348,0.20180437,0.7961525,0.0005194121,0.0002471438,2.0393943e-06,1.9783169e-05,1.9856817e-08,1.4957004e-07,5.4313687e-09
2.048024e-06,0.00021913186,0.0031980628,0.6564928,0.32716385,0.012898576,7.0041046e-06,1.5106016e-05,1.32127e-06,2.155044e-06
0.030308267,0.71780586,0.25180683,7.3376636e-05,2.684075e-06,2.7932902e-07,2.5652614e-06,5.510666e-09,6.8258004e-08,8.2814844e-10
0.17191479,0.7354254,0.09264013,1.7904698e-05,1.4623336e-06,2.8518876e-08,2.8056058e-07,1.5353787e-09,2.2776948e-08,2.495142e-10
0.00017101318,0.032548897,0.24831937,0.61808246,0.096208185,0.0043621636,0.0001894923,5.982393e-05,2.3582057e-05,3.5050878e-05
1.4847637e-06,2.7565518e-06,0.00075357314,2.11236e-05,0.00060811435,0.61966944,0.00041104696,0.23354442,0.0069331117,0.13805494
1.32787945e-05,0.0011131121,0.028970106,0.9278784,0.039733298,0.0020681296,0.00020578498,9.79767e-06,5.436064e-06,2.597526e-06
0.10413924,0.85928065,0.03657915,8.5071736e-07,6.863327e-08,3.1631184e-09,2.6608213e-08,5.029486e-11,9.2647007e-10,5.3112003e-12
0.00027928132,0.064808965,0.9055264,0.02899084,0.0003677805,1.6067668e-05,1.0311137e-05,7.6547636e-08,2.3259318e-07,2.3294648e-08
4.7092217e-05,0.0031444104,0.39167547,0.60266,0.0023798947,7.732022e-05,1.451887e-05,4.7499822e-07,6.8794293e-07,1.2462436e-07
0.012569328,0.7102328,0.2769697,0.00021714454,8.6637e-06,4.359285e-07,1.8828673e-06,9.373157e-09,6.482824e-08,1.7072231e-09
2.5717916e-06,0.0006376434,0.007828513,0.6492681,0.3100557,0.03215956,2.1394808e-05,2.0283358e-05,1.4347619e-06,4.7767003e-06
0.072308175,0.6138316,0.31385073,5.1387833e-06,1.8254647e-06,9.532723e-08,2.4564804e-06,4.099674e-09,3.797407e-08,6.153785e-10
0.0006616456,0.9628545,0.036388554,2.2801394e-05,3.3625415e-06,6.8249516e-05,7.299466e-07,1.9320007e-08,7.269104e-08,5.556846e-08
0.96882635,0.03077174,0.0004019359,1.6557133e-08,3.700284e-09,2.2777262e-10,2.50137e-09,4.9840316e-11,5.9008437e-10,1.965218e-12
0.9786067,0.021238148,0.00015511404,2.367075e-10,5.0793136e-10,2.5741726e-11,6.9175643e-10,1.9935184e-12,4.2873125e-11,1.0752004e-13
0.83542526,0.094117865,0.07005819,0.0003319666,2.2696773e-05,1.5540196e-05,2.125404e-05,1.5462914e-06,5.137864e-06,5.2593765e-07
3.4210443e-06,0.00040422822,0.0011680307,0.024079537,0.09467216,0.8652356,0.014140851,0.00022357565,5.5131364e-05,1.745386e-05
0.024001267,0.22704612,0.7478527,0.0010554608,3.9120132e-05,1.4293851e-06,3.8406074e-06,7.975119e-09,1.0125553e-07,2.063984e-09
0.00010734041,0.0002795349,0.0034298182,0.032425556,0.62499976,0.32193208,0.0023869958,0.012533176,0.00090064394,0.0010051132
0.99966526,0.00033461556,7.02855e-08,1.2205717e-14,5.5190915e-14,1.4954691e-15,1.6367211e-13,7.441787e-16,2.5078204e-14,3.5856464e-18
0.072545104,0.5992591,0.32768425,0.0004797038,2.4681885e-05,3.4746693e-06,3.2035255e-06,3.9109622e-08,4.2803626e-07,2.6759105e-08
0.2659272,0.7284394,0.005632954,2.821952e-07,1.9302529e-07,9.269728e-09,6.653678e-08,2.2204394e-10,4.4561137e-09,4.4786723e-11
9.471638e-06,0.025330184,0.07913728,0.4965407,0.10281593,0.29522422,0.0008960942,1.8965917e-05,1.3179772e-05,1.4001913e-05
0.0006139772,0.039770003,0.48192066,0.4705209,0.006807425,0.000313173,4.1956686e-05,5.7762973e-06,4.8253014e-06,1.2942884e-06
0.004711642,0.89925534,0.09596988,5.181254e-05,6.723664e-06,4.6000912e-07,4.1465464e-06,1.0109266e-08,8.875355e-08,2.5638986e-09
0.002423821,0.09708523,0.41084456,0.29483336,0.1509823,0.042743873,0.00046248542,0.00023969708,0.00012434836,0.00026035082
0.10797813,0.67732835,0.21464373,3.762375e-05,1.15041685e-05,3.104344e-08,6.2378234e-07,2.0150892e-09,2.2738307e-08,1.5700888e-10
0.01915436,0.8108681,0.16995259,2.0281292e-05,2.8937477e-06,1.826583e-07,1.5662521e-06,5.161686e-09,3.353417e-08,6.113795e-10
0.001723021,0.08415645,0.91222644,0.0018171311,5.8665002e-05,9.934112e-07,1.7045695e-05,3.4081047e-08,2.2740828e-07,1.12270175e-08
0.16828848,0.7026205,0.1290656,1.7526037e-05,4.3673836e-06,2.1516232e-07,3.1364311e-06,1.6141868e-08,1.1036173e-07,8.7085283e-10
0.01048138,0.8136191,0.17580988,6.255379e-05,2.5197121e-05,6.298706e-07,1.2838374e-06,3.806742e-09,5.9995735e-08,1.85712e-09
3.695709e-05,0.015388844,0.057467397,0.08458023,0.14412162,0.6983312,3.007136e-05,1.1336756e-05,3.2556982e-06,2.9130988e-05
1.9134643e-05,0.0038128344,0.06771788,0.8074146,0.116007745,0.0049788454,4.415103e-05,2.2971176e-06,1.7606917e-06,7.404385e-07
4.5891197e-06,0.0027931596,0.054453824,0.9153067,0.02628845,0.001128692,2.262589e-05,9.567672e-07,7.2340237e-07,3.211086e-07
0.00038046367,0.052962787,0.9424864,0.004008175,0.00015406846,2.9365933e-06,5.0799626e-06,3.555271e-08,9.007382e-08,7.716757e-09
6.633303e-05,0.012434198,0.5105057,0.45010376,0.025611052,0.0011412216,0.00013444028,7.760613e-07,1.707186e-06,8.367769e-07
9.9284165e-08,1.3693102e-05,5.1020743e-05,0.0005742574,0.0049855965,0.9937773,4.936887e-05,0.00052511087,9.961279e-06,1.3653317e-05
0.0032049166,0.15662386,0.8382796,0.0015879452,0.00028966504,2.5951717e-06,1.1119414e-05,5.0766815e-08,1.9557731e-07,1.00857696e-08
0.34334275,0.538693,0.11795724,2.8084362e-06,2.184011e-06,1.02342215e-08,1.9401518e-06,2.8156861e-09,2.8539796e-08,1.395698e-10
3.8589824e-06,0.00038196577,0.010657728,0.79047084,0.19510941,0.003355033,9.13108e-06,7.976553e-06,9.245559e-07,3.023424e-06
1.3639217e-05,0.0018260693,0.026947511,0.8698282,0.098411076,0.002847085,0.00011346061,7.113491e-06,3.2923406e-06,2.4723956e-06
3.662823e-06,5.6885558e-05,0.0005012799,0.0011805997,0.17821562,0.8142235,0.00025143553,0.0015597238,5.0871135e-05,0.0039565
4.245584e-05,0.0016995671,0.48206872,0.5144433,0.001730863,1.3909036e-05,9.677202e-07,6.6023475e-08,1.063548e-07,3.6960444e-08
0.0003400653,0.038188446,0.62004906,0.23120815,0.107733004,0.0018450676,0.0005769989,2.715394e-05,1.2764938e-05,1.9361125e-05
6.1539235e-05,0.009794428,0.08531856,0.79444873,0.10962618,0.0006700505,6.7508e-05,5.4736606e-06,6.1354376e-06,1.3921269e-06
7.216878e-08,1.9293786e-06,2.6090422e-05,1.9014176e-05,0.0012613775,0.9974107,2.0217336e-05,0.0010190902,9.890424e-06,0.00023160674
0.7970802,0.17506723,0.027847243,2.7513283e-06,2.021323e-06,7.6834084e-08,3.7560662e-07,5.662006e-09,5.3328414e-08,9.781199e-10
1.5442292e-05,0.002320087,0.06364645,0.9106772,0.021191636,0.0019256221,0.00021035082,8.857511e-06,2.861431e-06,1.392214e-06
1.8075196e-05,0.0031431038,0.10598591,0.8856831,0.0045830905,0.0005640748,1.9330259e-05,2.0478865e-06,8.861214e-07,3.2917302e-07
0.0010331898,0.37441382,0.62304395,0.0014480341,4.926841e-05,3.6236809e-06,7.9083275e-06,2.1415469e-08,2.3017078e-07,1.1528875e-08
0.051657975,0.5013732,0.4467572,0.00014176522,5.686603e-05,3.188379e-06,9.577182e-06,4.9174716e-08,2.5566027e-07,1.7185275e-08
0.00037982262,0.030315941,0.9664229,0.002743351,0.0001342741,9.1835636e-07,2.6706014e-06,1.4657193e-08,3.871642e-08,3.768086e-09
0.9994018,0.0005935079,4.594648e-06,8.097499e-11,8.525498e-11,1.5258314e-11,2.0980213e-10,4.7537933e-12,4.8723987e-11,7.3612394e-14
0.00017592948,0.010591698,0.5338129,0.4461937,0.008691841,0.0005093201,2.191806e-05,1.1622141e-06,1.0570702e-06,5.5586673e-07
6.0002367e-07,4.195709e-05,0.0002076287,0.00178723,0.043912746,0.9532053,4.5552806e-05,0.00071547827,7.72442e-06,7.5768265e-05
0.029434556,0.96886194,0.0017034382,3.8164806e-08,1.2122338e-08,4.6764605e-08,4.1492825e-08,2.5555746e-10,2.6447728e-09,9.823365e-11
0.008133859,0.5770535,0.4140891,0.0006785246,4.132834e-05,1.1851516e-06,2.4004596e-06,1.3847754e-08,1.276358e-07,6.0713328e-09
0.9987619,0.0012106353,2.7517757e-05,6.427559e-11,8.4647386e-11,1.0902606e-12,1.9161021e-10,6.600453e-13,1.7671926e-11,1.564211e-14
0.005619687,0.72683597,0.26748186,3.845719e-05,1.8963594e-05,4.1892358e-07,4.516469e-06,4.826667e-09,6.003554e-08,9.227031e-10
2.2779464e-05,0.0017236266,0.024484415,0.6228965,0.3319847,0.014435475,0.004377912,4.51255e-05,1.725151e-05,1.2222844e-05
0.9996978,0.00030198853,2.921826e-07,1.4670586e-12,1.7333321e-12,5.415981e-13,1.8903929e-11,1.7799611e-13,2.9629973e-12,1.8098528e-15
0.0025722932,0.919969,0.07741196,3.775887e-05,7.366235e-06,3.9640452e-07,1.1888683e-06,2.2587805e-09,3.5304975e-08,1.3649802e-09
0.00017132904,0.05651565,0.93146706,0.011054896,0.0006953221,2.3076014e-05,7.222518e-05,1.0577076e-07,2.9692728e-07,2.2846057e-08
0.000115797935,0.002164156,0.004656537,0.054136522,0.5159707,0.40256503,0.0014310426,0.017871603,0.00034248419,0.00074615725
0.999668,0.0003320207,4.762876e-08,1.3471017e-13,5.027833e-13,2.6414025e-14,7.3561713e-13,1.25831174e-14,2.0754812e-13,7.86326e-17
0.022392983,0.2023716,0.7652162,0.009287885,0.0006586794,3.753403e-05,3.114204e-05,5.003485e-07,3.172098e-06,3.9715434e-07
5.1818665e-06,0.00014882999,0.001149077,0.0010455229,0.06691439,0.8875002,0.042285595,0.0006667427,0.0001000205,0.00018443578
0.9819879,0.017933223,7.885611e-05,6.5035505e-10,5.3365995e-10,1.885266e-10,3.3245742e-09,2.1038993e-11,2.329254e-10,7.265943e-13
0.99999976,1.9839865e-07,1.7780737e-08,2.233221e-20,9.38704e-15,6.0262216e-21,7.7713824e-17,4.7929902e-21,2.9598609e-18,7.8089175e-24
3.6161127e-05,0.0013232724,0.30672616,0.68604755,0.0058277007,3.5058998e-05,3.2073283e-06,4.938672e-07,2.8601195e-07,1.2203023e-07
0.59561884,0.38967434,0.014703924,2.4230535e-06,2.6976684e-07,1.43695935e-08,1.230386e-07,1.0988206e-09,1.1719132e-08,1.0027873e-10
1.7895558e-06,0.00023848128,0.0010020866,0.000979158,0.0070648924,0.9875707,2.734972e-05,0.0007919737,1.01168125e-05,0.0023135538
6.643412e-05,0.038977638,0.9381239,0.019760858,0.0029453617,8.057494e-05,4.4431727e-05,2.1133594e-07,4.2952357e-07,1.690349e-07
4.5096367e-06,0.0015408131,0.0063718464,0.086430125,0.2785356,0.62435144,0.002357064,0.00033733534,2.3163058e-05,4.81105e-05
0.00011583615,0.030350838,0.9583997,0.010637932,0.00049047335,3.3502447e-06,1.8260291e-06,1.4204916e-08,3.3050355e-08,4.814927e-09
0.0007433367,0.0711395,0.17021464,0.14293101,0.58168936,0.02295943,0.010206114,3.229312e-05,5.2803844e-05,3.15188e-05
7.851166e-07,2.6694705e-05,0.00012093407,0.0042529292,0.073467456,0.9182001,4.1851254e-05,0.0037250782,3.8796363e-05,0.00012548295
0.00023405513,0.0012803925,0.39064276,0.603895,0.003874719,2.9187111e-05,4.0300998e-05,1.7401821e-06,1.6995369e-06,1.10230395e-07
0.0001901522,0.013439822,0.656462,0.3275234,0.0022992145,6.0428087e-05,2.3210216e-05,6.5245064e-07,9.109492e-07,1.2434913e-07
5.819162e-06,0.0013360054,0.0113715315,0.9389405,0.028428527,0.019141331,0.00072846474,3.9005594e-05,6.3413086e-06,2.576833e-06
0.0001335279,0.018672537,0.08101837,0.11622236,0.25038928,0.16356638,0.3694601,0.00013334022,0.00030602777,9.8040546e-05
0.0002503945,0.015716165,0.5764148,0.38825977,0.018006738,0.0010132398,0.00032549864,4.8611646e-06,6.3575494e-06,2.11935e-06
0.005352046,0.7666054,0.22702342,0.0006406263,0.00035649235,4.884767e-06,1.6263188e-05,5.784116e-08,8.399631e-07,4.233655e-08
1.8613118e-08,1.5260632e-06,5.357959e-06,4.3818287e-05,0.0013162534,0.99774534,2.0468588e-05,0.0007879905,1.8283694e-05,6.0884246e-05
5.5983367e-08,8.579439e-08,0.003871985,3.0364697e-07,4.611874e-06,0.7199313,7.10974e-05,0.03710141,0.0012577935,0.23776126
1.3239599e-06,0.00014719248,0.00030679067,0.008596648,0.052835967,0.9370268,0.00076583395,0.0002665497,2.9954655e-05,2.278061e-05
6.3411375e-05,0.019371847,0.76884085,0.20480642,0.0067220554,0.0001080074,8.585386e-05,6.50514e-07,7.7487226e-07,1.091477e-07
0.990868,0.008702259,0.00042969646,8.005579e-09,1.8183561e-08,7.979325e-10,2.3275103e-08,4.02198e-10,2.7673615e-09,1.4578673e-11
0.19985688,0.7877177,0.012422012,1.8140955e-06,1.0118083e-06,1.2291096e-07,4.907655e-07,4.7953312e-09,3.151937e-08,7.1839373e-10
8.94249e-07,1.8540859e-05,0.0004264999,6.226306e-05,0.0010657588,0.9899031,7.118389e-06,0.00082569325,1.0263704e-05,0.007679847
0.00031131817,0.044065483,0.95498365,0.00060854835,2.6271367e-05,2.927922e-07,4.3572877e-06,3.2181195e-09,2.4724457e-08,7.769867e-10
0.00315439,0.76056874,0.23514405,0.0011048252,2.400779e-05,1.6288409e-06,2.0513921e-06,3.4541046e-08,2.0187514e-07,5.6232694e-09
9.175927e-05,0.010673029,0.108529374,0.38923308,0.48728758,0.0019494774,0.002154862,5.1406212e-05,2.0756897e-05,8.6696955e-06
0.9442191,0.051538337,0.004230744,6.6122775e-06,1.7896625e-06,7.312959e-07,1.7045434e-06,2.0624316e-07,6.239954e-07,2.4338481e-08
8.136366e-06,0.0014047604,0.06227526,0.889766,0.0463737,0.00016674188,4.308155e-06,5.096205e-07,3.6186958e-07,1.8899834e-07
2.5200081e-06,0.001193838,0.023332143,0.9553342,0.016621131,0.0034992541,1.4928027e-05,9.943068e-07,6.8365335e-07,3.0081884e-07
9.43152e-07,8.86491e-05,0.025241068,0.9690966,0.0055521424,2.0286032e-05,2.011782e-07,3.9196077e-08,2.3352115e-08,1.1645027e-08
0.0019640294,0.12168542,0.85839504,0.016990615,0.0009098814,1.787012e-05,3.4950106e-05,5.2385377e-07,1.4972957e-06,6.321049e-08
0.1214556,0.6788367,0.19965625,3.667704e-05,1.0719378e-05,1.4580563e-07,3.784344e-06,9.010911e-09,8.925595e-08,1.1004548e-09
3.4380166e-05,0.036029834,0.94952863,0.014198623,0.00018149664,2.2808621e-05,4.1032285e-06,7.672829e-09,4.5802334e-08,1.443749e-08
5.5815735e-06,0.0026805713,0.11973278,0.822078,0.05261785,0.002812437,6.925126e-05,1.2792095e-06,7.4933394e-07,1.535555e-06
0.9936015,0.0063798474,1.8559705e-05,9.9890186e-11,1.7023513e-11,9.296353e-13,3.365295e-11,2.291264e-13,6.0193417e-12,5.4863544e-15
0.0012775668,0.028758168,0.9678551,0.001934479,0.00017369397,2.8938973e-07,6.866962e-07,8.706562e-09,4.362632e-08,1.7758157e-09
7.810034e-05,0.0022547513,0.632961,0.36238104,0.0023050203,1.6434024e-05,3.1891977e-06,2.9125212e-07,1.8978362e-07,5.6611036e-08
