0.999894,0.00010595435,6.1042793e-10,1.0620405e-13,1.6542746e-13,1.3094636e-12,1.6680509e-13,8.653786e-17,1.2829292e-16
1.0,1.9266658e-10,1.5083155e-19,1.0083235e-23,1.1525624e-21,2.220616e-19,8.4151986e-22,4.116844e-26,2.834466e-25
1.0,1.3360276e-09,6.5184564e-15,2.480514e-16,4.3991106e-17,2.2290057e-15,5.228601e-16,6.277556e-19,4.883765e-19
0.0042596227,0.13780431,0.0073987874,0.0006350879,0.21232206,0.62146723,0.015939226,5.355344e-05,0.0001201739
0.9999888,1.1185119e-05,4.853357e-14,1.5051792e-17,7.494719e-15,2.2688138e-13,3.6445737e-16,1.047485e-20,4.3406946e-20
0.9999765,2.3499962e-05,5.0581037e-12,2.1894226e-14,7.0025225e-13,1.8371621e-12,4.8696358e-14,4.1278526e-17,6.14884e-17
1.0,5.96327e-09,5.1557344e-16,2.749373e-20,5.1171044e-20,8.894447e-18,4.2428133e-19,1.4622244e-23,3.2196515e-23
0.99999976,2.5245038e-07,3.5272022e-16,6.33497e-21,6.492533e-19,1.2244164e-16,7.475712e-19,1.0416692e-23,4.2932095e-23
0.0025166175,0.005320538,0.12886088,0.7651604,0.061751913,0.0019250563,0.019940337,0.01268444,0.0018397863
1.0,9.380605e-10,2.7035015e-17,7.9475925e-21,1.7600652e-20,9.513556e-19,4.1474526e-20,3.2238408e-24,6.97737e-24
1.0,3.101889e-08,4.388756e-15,2.5906343e-18,1.1065855e-17,7.954707e-17,3.940974e-18,4.6746423e-22,9.432921e-22
1.0,6.5927104e-09,8.864913e-17,7.7329254e-21,9.496116e-19,5.7128484e-15,2.536113e-17,5.3993553e-22,3.572708e-21
0.5202717,0.47161534,0.008084134,1.5944599e-05,2.9099176e-06,3.2087366e-06,6.789353e-06,3.4395413e-08,1.16834915e-08
0.9983247,0.001675337,1.6144343e-08,4.4540253e-12,1.7161189e-12,1.010694e-11,4.044228e-12,4.706712e-16,2.0569319e-16
1.0,2.073695e-11,7.924559e-20,6.304998e-23,3.3069762e-21,2.0525593e-19,1.1503047e-21,1.1112045e-25,8.327846e-25
0.9999945,5.4510565e-06,7.2783945e-13,7.7583475e-15,4.6983614e-13,1.4146595e-13,1.6893369e-15,7.044853e-19,1.5286394e-18
1.0,1.6569649e-08,1.0905974e-18,2.603765e-23,1.284379e-21,7.327873e-20,2.7415052e-22,4.10964e-27,1.6803323e-26
1.0,1.3071069e-12,8.875177e-22,7.0781346e-26,2.040578e-24,2.0922329e-22,1.9140448e-24,4.9079066e-29,3.2015297e-28
1.0,1.3576798e-10,1.8348078e-18,1.1752088e-22,1.9912355e-22,4.2626843e-20,1.7120213e-21,5.208071e-26,1.5869192e-25
1.0,3.0608452e-10,1.5021076e-20,7.192589e-26,1.4675836e-23,2.1314742e-21,5.416865e-24,9.200009e-29,7.066527e-28
0.19041225,0.5897475,0.21712923,0.0023884282,0.00024460012,1.7107004e-05,5.9393256e-05,1.2499344e-06,2.711197e-07
1.0,2.5900854e-11,8.439926e-21,6.970927e-25,3.3883412e-23,5.7095847e-21,2.7875243e-23,9.497305e-28,6.985455e-27
0.9999999,1.0010039e-07,1.9025854e-14,9.250449e-19,9.882387e-19,8.155626e-17,1.0076651e-17,1.6075834e-21,1.620334e-21
0.99989283,0.000107198386,5.055964e-12,3.9255035e-18,4.8873834e-17,4.786646e-15,2.0706575e-16,3.099584e-21,6.559918e-21
0.010859812,0.023369465,0.2264363,0.37053347,0.023321124,0.0060073957,0.20560606,0.09936606,0.034500282
0.9999945,5.52159e-06,1.3921949e-11,1.3903635e-15,1.9030869e-14,6.540515e-11,2.3959348e-12,1.2280023e-16,4.292793e-16
0.9998939,0.00010613658,1.0424761e-10,2.2652926e-15,5.586673e-14,1.935256e-10,4.958197e-12,1.6801433e-16,5.6773294e-16
0.99999714,2.8547884e-06,1.0850923e-13,4.381494e-18,2.5631928e-17,1.4532178e-15,5.2546572e-17,1.281977e-21,2.5914236e-21
1.0,4.558518e-09,1.8227973e-15,3.3553577e-18,1.7793337e-18,2.1620814e-17,1.9546706e-18,4.0517592e-22,5.5494964e-22
1.0,9.155691e-09,3.9877157e-19,1.086164e-24,3.1123087e-22,8.449014e-20,1.7995766e-22,8.311646e-28,5.6784415e-27
0.9999931,6.8802838e-06,3.3953734e-13,1.5521184e-17,1.5195293e-15,1.2489775e-11,8.281171e-14,8.633038e-19,3.5343e-18
1.0,5.573586e-11,2.8982506e-20,1.6333143e-24,1.1331357e-22,1.3406685e-20,5.703462e-23,1.891447e-27,1.3599028e-26
1.0,3.6740476e-12,2.527483e-21,4.6694464e-26,1.7915335e-24,1.5015341e-21,8.763843e-24,1.212885e-28,8.890297e-28
0.99999726,2.7292851e-06,2.0603508e-12,8.6621814e-16,2.3133586e-15,1.0010306e-13,9.085238e-15,4.37413e-18,3.953808e-18
0.999998,2.0739178e-06,1.6665132e-13,9.686869e-18,7.4054846e-17,5.3108707e-15,2.1112848e-16,9.1978865e-21,1.6785723e-20
0.999846,0.00015401846,1.05934e-08,7.2355602e-12,5.7376564e-13,4.5689234e-12,3.6815342e-12,1.0903647e-15,4.8892457e-16
0.9999956,4.3947375e-06,4.5729334e-14,9.216173e-19,7.2543376e-18,2.2703493e-16,6.272265e-18,1.2800684e-22,2.0892409e-22
0.17994846,0.5820144,0.23246211,0.0053567975,0.00012028799,1.4413905e-05,8.219467e-05,1.1785628e-06,1.1443406e-07
1.0,1.3613575e-09,1.6284815e-15,2.56146e-17,2.1469576e-18,2.4798317e-17,4.0702485e-18,1.1957672e-21,9.328075e-22
0.99999833,1.6241188e-06,5.3030107e-14,3.553688e-20,1.8862861e-18,5.8843405e-16,1.4026414e-17,2.8645428e-22,1.394295e-21
1.0,3.5218187e-12,9.28441e-22,2.9076766e-26,3.2374217e-24,1.8003053e-21,7.3409234e-24,1.3069566e-28,1.2334623e-27
1.0,1.9440394e-08,7.7523835e-15,3.054297e-17,1.1109124e-17,7.8301254e-17,7.412448e-18,2.8652373e-21,3.0126562e-21
1.0,1.0644595e-12,1.9934699e-22,8.625391e-27,4.795798e-25,2.3988485e-22,1.0530635e-24,1.730029e-29,1.1756672e-28
0.9999633,3.668541e-05,3.8207417e-14,3.6238843e-21,8.727812e-19,1.1636645e-16,7.888592e-19,8.827605e-24,5.477613e-23
1.0,1.0440165e-08,2.1412275e-15,1.3913347e-18,2.3737114e-18,2.1634757e-17,1.0234082e-18,1.6869639e-22,3.4958872e-22
1.0,1.3801955e-12,1.9869874e-21,4.659947e-25,4.616318e-24,1.6951962e-21,1.8418086e-23,5.2460305e-28,2.8018254e-27
0.9999995,4.6888428e-07,8.836221e-15,4.9920117e-19,1.3385491e-17,1.3440971e-15,1.9613481e-17,9.164345e-22,3.058965e-21
0.99999905,9.053574e-07,8.762036e-15,5.7123546e-18,6.8440813e-16,4.624108e-15,3.1727786e-17,2.7254872e-21,1.1961271e-20
0.9187174,0.08038879,0.0008186072,7.212119e-05,1.3967451e-06,4.892293e-07,1.2937481e-06,6.2321646e-09,8.7023827e-10
1.0,2.8696316e-08,5.040989e-17,2.3664565e-21,4.987786e-20,5.149714e-18,5.760518e-20,1.6282257e-24,4.7137283e-24
0.9933664,0.0066335923,2.8094835e-10,3.3243956e-14,2.4598147e-12,1.489893e-10,8.2430417e-13,1.5392119e-17,3.2133942e-17
1.0,1.7350903e-08,3.023852e-18,2.2431721e-24,1.2546498e-22,4.1501587e-20,2.918818e-22,1.4602259e-27,7.685027e-27
0.9999962,3.8164803e-06,1.9976137e-12,3.354931e-13,2.1010815e-12,8.309586e-13,2.7967237e-14,2.1764136e-17,2.2533434e-17
1.0,9.8047e-11,1.7182001e-18,2.368641e-22,3.0180393e-21,9.173212e-19,2.503027e-20,3.434288e-24,1.1049329e-23
0.99999714,2.8258455e-06,8.751773e-13,4.0926144e-16,1.1630787e-15,1.28759825e-14,6.594895e-16,1.436624e-19,2.1387354e-19
0.0034080627,0.033183713,0.6881506,0.26761138,0.0036642766,0.00019347461,0.0028472238,0.0008285309,0.00011268572
1.0,2.2827862e-09,3.5806697e-17,6.522793e-20,3.448253e-18,7.2601596e-17,4.9055734e-19,1.03486156e-22,4.8257734e-22
0.9999981,1.9106976e-06,5.4130193e-14,4.385478e-18,1.6157061e-16,5.399364e-15,7.1838333e-17,3.801467e-21,1.0045223e-20
1.0,1.2299011e-08,1.4807179e-18,7.3230794e-24,1.3008382e-21,3.047869e-19,1.041591e-21,7.5580925e-27,4.7905113e-26
1.0,5.052649e-12,2.2977304e-20,1.7451536e-23,9.878411e-23,1.943464e-20,2.4470294e-22,1.6514817e-26,6.1679617e-26
1.0,1.6240469e-10,4.617158e-19,7.459457e-24,1.4294211e-22,6.8239215e-20,1.3144761e-21,6.3002284e-26,2.05801e-25
0.99998593,1.4052648e-05,3.6355565e-13,1.1122446e-18,7.3635075e-17,5.9043274e-15,8.5615873e-17,3.399937e-21,1.3815508e-20
0.9997732,0.00022677986,4.5556908e-14,4.057622e-18,2.6928067e-14,1.790734e-13,1.1463281e-16,3.280209e-21,2.5866178e-20
1.0,4.053722e-11,3.8087648e-19,2.964679e-23,8.619789e-22,5.643764e-18,5.2802638e-20,9.002727e-25,6.2999943e-24
1.0,8.6331525e-10,4.289323e-19,5.5089518e-24,4.110244e-23,2.0533404e-21,2.8995176e-23,5.1572566e-28,1.4594796e-27
1.0,1.9189734e-08,7.72171e-17,2.02457e-21,1.252762e-20,2.5263783e-18,5.0122e-20,6.9859416e-25,1.7174019e-24
0.99997723,2.2799411e-05,8.906688e-14,9.500476e-17,1.2543781e-13,1.121714e-13,3.48752e-16,2.8266128e-20,1.3043777e-19
0.084241316,0.9157018,3.661733e-05,2.3883612e-07,1.58302e-05,4.1795397e-06,8.653519e-08,3.2798302e-11,2.3484686e-11
1.0,1.0550002e-08,3.777718e-16,1.8247407e-20,6.1008215e-20,1.8787714e-17,1.2063341e-18,8.879778e-23,1.3389038e-22
0.0038383172,0.80002517,0.19497521,0.0004510378,0.00069142703,7.205556e-06,1.0911873e-05,4.5259821e-07,2.2438853e-07
1.0,1.599634e-10,1.2928853e-18,1.3677823e-22,3.0486335e-21,7.4314713e-19,1.26125406e-20,1.3832389e-24,5.834371e-24
1.0,4.361841e-12,1.3533185e-21,1.6202004e-26,1.9217123e-24,2.464502e-21,1.03169596e-23,1.2132829e-28,1.3951444e-27
0.9999988,1.1531085e-06,3.0663444e-15,9.944163e-20,4.0690325e-18,1.2706917e-16,9.877779e-19,4.1546934e-23,1.6139898e-22
0.9999982,1.8036756e-06,5.5863745e-13,9.763299e-17,5.4850982e-17,1.4496868e-15,2.0463902e-16,1.387536e-20,1.0713214e-20
0.0878669,0.90812683,0.0039979685,2.694979e-06,2.2819765e-06,1.9061064e-06,1.424306e-06,6.0472125e-09,3.4820065e-09
0.36626443,0.6325821,0.001153318,3.26432e-08,2.5940038e-08,4.5580833e-08,3.8977166e-08,4.627543e-11,2.8665847e-11
1.0,1.3153401e-08,9.797198e-16,2.8737674e-19,7.530697e-19,4.0001525e-17,1.8557985e-18,1.5118733e-22,2.8810733e-22
0.99969447,0.0003056172,1.5098883e-09,1.630285e-13,1.4277186e-13,7.4370675e-12,2.1933124e-12,6.976916e-16,3.6180854e-16
0.99814856,0.0018514919,1.3961385e-08,8.214463e-12,8.563566e-12,4.353112e-11,6.7580126e-12,2.1003266e-15,1.5024508e-15
0.35949782,0.6403146,0.00018688398,1.5994935e-07,2.578766e-07,2.6081636e-07,8.805176e-08,2.0263417e-10,1.411243e-10
1.0,9.021881e-09,1.6301518e-17,3.4344358e-22,2.3198368e-20,5.9671908e-18,4.423116e-20,7.797128e-25,4.1494857e-24
1.0,4.2954714e-08,4.36776e-16,1.6833722e-20,2.9144055e-19,1.3204896e-17,1.99891e-19,1.0086198e-23,4.0799694e-23
1.0,2.7074666e-08,7.782811e-16,3.0730496e-20,9.046614e-19,8.070064e-15,1.12217e-16,1.037554e-21,4.6374173e-21
1.0,1.8811634e-09,1.392981e-18,3.531903e-23,6.780503e-22,5.2619857e-20,4.419772e-22,9.357526e-27,4.287312e-26
1.0,6.624234e-13,1.3319801e-23,1.5780308e-28,5.2407327e-27,2.0569826e-24,7.726149e-27,4.6707507e-32,2.9814978e-31
0.9999999,1.12663166e-07,2.7286486e-16,6.4886156e-21,1.1591021e-19,1.1667023e-17,1.926216e-19,1.0723438e-23,2.2910311e-23
0.17467462,0.8146701,0.01060474,3.6891062e-05,5.372772e-06,2.9134137e-06,5.3383733e-06,4.3631783e-08,1.13327046e-08
1.0,2.8156524e-12,7.16338e-24,1.01549644e-29,4.603597e-27,8.470554e-24,9.666579e-27,1.8874419e-32,2.4866154e-31
0.017413117,0.010455015,0.023628622,0.02130905,0.015176921,0.025878519,0.3998012,0.058470555,0.427867
1.0,3.0441274e-08,1.2585316e-16,8.581898e-21,1.155879e-19,1.13871114e-17,1.9980714e-19,7.887026e-24,2.1532432e-23
1.0,2.702493e-08,1.05917546e-16,2.861045e-20,8.478986e-18,2.1096558e-15,6.892078e-18,7.2938685e-22,3.0350109e-21
0.0015089045,0.0167193,0.8897661,0.0712474,0.016736088,0.00035238665,0.0027938664,0.00070105155,0.0001749089
0.08839677,0.91160226,4.6781824e-07,4.4607246e-10,1.2877497e-07,3.7337225e-07,1.346872e-09,1.9070384e-13,3.3393175e-13
1.0,4.1212142e-10,9.447005e-21,2.3795037e-26,4.558709e-24,2.1275425e-21,6.4445246e-24,1.7325386e-29,1.153702e-28
1.0,7.8953605e-10,1.3865028e-18,4.0960943e-23,6.615453e-22,1.6803127e-19,2.7826188e-21,4.433745e-26,1.4364265e-25
0.9995283,0.0004717771,2.562684e-10,1.0390626e-13,9.311681e-14,5.6650957e-13,5.5054987e-14,9.4204366e-18,7.702769e-18
1.0,6.534357e-10,1.8997198e-19,6.155537e-23,4.166847e-20,1.2563383e-18,2.4857365e-21,1.0687246e-25,8.449573e-25
1.0,4.971356e-12,2.2822412e-21,3.548253e-25,8.74244e-24,1.8145081e-21,1.2373009e-23,3.4508673e-28,1.8266494e-27
1.0,2.7663563e-10,3.4003772e-19,5.4593707e-24,4.866314e-22,2.725191e-19,1.3517086e-21,2.4557117e-26,1.6226628e-25
0.9999982,1.7561713e-06,6.831057e-13,3.7999814e-17,3.158311e-16,2.1961706e-14,1.1122811e-15,1.0463373e-19,2.780558e-19
0.9999958,4.2019597e-06,1.1680404e-13,4.1816468e-16,4.8952372e-14,6.676908e-14,5.4453726e-16,1.2041768e-19,3.6587044e-19
1.0,1.9869319e-12,5.7961135e-21,9.389605e-26,1.2808006e-24,1.243515e-21,1.6400268e-23,2.5463355e-28,1.616631e-27
0.9999999,1.2653152e-07,1.0386138e-16,4.3596038e-23,6.890568e-21,3.2174615e-18,2.1573323e-20,1.2589291e-25,9.757579e-25
1.0,5.481028e-10,8.270947e-19,5.459499e-23,5.6233176e-21,1.1042447e-18,6.0184123e-21,2.3761218e-25,1.3336979e-24
1.0,4.2597193e-08,1.6373267e-15,4.2335977e-19,9.360205e-19,1.0201585e-16,4.351889e-18,1.2878864e-22,1.891661e-22
0.99999857,1.4526987e-06,4.1625506e-13,6.4079424e-16,1.7287252e-16,3.690739e-15,4.0807255e-16,2.1938788e-20,1.3166831e-20
0.008415746,0.90853274,0.0024011228,0.0014177599,0.07876072,0.00042832326,4.3107888e-05,2.9135842e-07,1.4313227e-07
0.99996316,3.6825335e-05,6.5294223e-09,8.514347e-13,2.437569e-13,3.2678527e-11,4.2087424e-11,1.4800395e-14,7.325414e-15
0.9965469,0.0034531232,1.7123264e-10,1.9995357e-13,1.4943267e-10,3.1746117e-10,1.3943049e-12,2.6118248e-16,1.056957e-15
0.94303185,0.05696818,9.737e-09,8.157387e-12,6.852648e-10,5.1595674e-09,3.1449843e-11,1.7201432e-15,2.338964e-15
0.99999523,4.784871e-06,7.17763e-15,2.9066874e-18,2.2783403e-15,1.7583443e-14,4.4945378e-17,1.9531528e-21,9.492549e-21
0.9444949,0.055505116,8.512268e-09,8.418589e-12,6.6297995e-10,5.701127e-09,3.6543376e-11,2.087069e-15,2.8937204e-15
1.0,1.0779782e-10,7.112592e-18,2.5120653e-21,3.3404626e-20,8.853558e-17,1.284925e-18,5.3630185e-23,3.1487553e-22
0.9999993,6.975435e-07,5.0646624e-14,3.802913e-18,5.1157812e-17,3.390266e-15,1.03681604e-16,7.698248e-21,2.164998e-20
1.0,1.763393e-11,1.383416e-20,6.4246637e-25,6.81777e-23,2.5388094e-20,1.2497203e-22,3.4457914e-27,3.103174e-26
0.9999999,1.1660131e-07,8.758868e-15,7.779948e-19,3.3937047e-18,2.0603119e-17,1.0299565e-18,9.501278e-23,2.1550107e-22
1.0,5.6977214e-08,1.0575773e-15,2.8162265e-20,7.401676e-20,3.3163296e-18,1.7927617e-19,2.0848623e-23,2.7895668e-23
0.04083782,0.13210398,0.7936119,0.031685635,0.00014964241,4.793901e-05,0.0013908576,0.00016817755,3.973023e-06
0.99990296,8.34719e-05,6.495645e-06,6.802517e-06,8.4860435e-10,3.1861005e-09,3.0095055e-07,6.877308e-10,6.9453085e-12
0.9999999,6.8707706e-08,6.1523688e-15,3.6504938e-19,5.51938e-18,3.6077054e-14,7.256673e-16,1.1208927e-20,4.550517e-20
1.0,1.6894351e-09,6.226833e-17,5.753839e-21,1.5559563e-20,1.9647928e-18,8.732025e-20,4.594849e-24,1.2758907e-23
1.0,1.4122685e-12,1.3094064e-21,2.183898e-25,1.3781299e-24,5.700224e-22,6.920246e-24,1.0768873e-28,4.0506033e-28
0.8884842,0.11151588,1.2758948e-09,1.8845468e-16,2.9479064e-14,1.369959e-12,1.550374e-14,2.823753e-19,9.457922e-19
1.0,1.0063249e-09,7.332046e-18,1.3408162e-21,8.322495e-21,4.889879e-19,9.2007485e-21,4.2455685e-25,1.2349897e-24
0.0005215156,0.001360412,0.08874318,0.8969567,0.0029108508,0.00015273584,0.006458349,0.002833612,6.265613e-05
1.0,2.3746606e-08,5.092159e-13,1.6003144e-14,6.07624e-15,2.4863157e-13,5.7265214e-14,1.1300743e-16,1.0854974e-16
0.99994195,5.8014924e-05,2.1501406e-10,6.348875e-14,2.918933e-14,2.933004e-13,7.457426e-14,1.3166457e-17,8.444569e-18
0.0067288526,0.17280556,0.7855165,0.03057575,0.0028507179,0.0002232327,0.0011056149,0.00014409138,4.9691902e-05
0.9999999,1.1034548e-07,6.8512734e-15,3.1535816e-18,7.4904745e-18,2.138565e-16,8.56595e-18,1.0281845e-21,1.7541589e-21
1.0,9.362909e-10,4.706643e-19,1.656272e-24,1.5358041e-23,2.080471e-21,2.911066e-23,2.9978226e-28,1.1553982e-27
0.5400162,0.45971313,0.00026910435,8.8031334e-07,2.9674965e-07,2.0044685e-07,1.577734e-07,5.441183e-10,2.0584838e-10
1.0,1.4610353e-10,2.0341337e-18,2.060912e-22,1.5365498e-21,5.343059e-19,1.800677e-20,1.5220447e-24,3.3804512e-24
1.0,4.422713e-08,2.0026188e-12,5.033368e-14,1.1947859e-15,9.3317965e-14,1.3962803e-13,6.2148726e-17,1.3450298e-17
1.0,2.2388125e-09,1.7955336e-19,6.9612814e-25,4.162281e-23,1.25371815e-20,5.423029e-23,2.89919e-28,1.7435862e-27
1.0,9.295372e-12,3.3749305e-20,4.3735632e-23,9.871748e-22,4.9124247e-20,3.1687576e-22,3.1608076e-26,1.6774706e-25
0.99999976,2.3095602e-07,1.6203944e-15,1.8637706e-20,5.8082027e-19,1.5195204e-17,2.8802088e-19,7.1404344e-24,2.4666527e-23
1.0,1.5500717e-11,9.06474e-21,5.18237e-25,9.460375e-23,9.860386e-21,4.4888397e-23,1.2867487e-27,1.2950173e-26
1.0,1.02090905e-10,4.6100076e-21,5.6179863e-26,2.4848522e-23,5.3024442e-21,8.102323e-24,1.0309969e-28,1.339161e-27
0.99999976,2.6201363e-07,4.9645115e-09,3.3228353e-08,1.2262332e-11,1.7728525e-11,2.2980484e-10,2.2472196e-12,8.283975e-14
0.99999547,4.5776023e-06,2.1643938e-14,1.3130984e-19,6.4535192e-18,6.128751e-16,6.1925255e-18,1.8764302e-22,6.9492683e-22
0.9998,0.0001999614,5.0298333e-12,1.7095185e-14,5.9348954e-12,4.844511e-12,2.1372425e-14,7.6075784e-18,2.7407756e-17
1.0,2.8352245e-09,1.615747e-15,4.4155675e-18,1.448753e-18,1.9601598e-17,2.1365653e-18,5.797194e-22,6.5363364e-22
0.9994758,0.00052421395,7.586877e-09,2.7735671e-11,5.7044955e-12,2.4594903e-11,7.0476064e-12,1.904059e-15,1.0302589e-15
0.99999964,3.8423843e-07,1.3994654e-10,9.90166e-13,1.5100028e-14,2.1277743e-12,5.5750808e-12,2.2343852e-15,4.644686e-16
0.0011083116,0.030124048,0.9470301,0.010233847,0.0031765702,0.0009403894,0.005894878,0.0009977684,0.0004940927
1.0,4.617615e-08,9.819759e-16,4.8056628e-20,4.9625843e-19,1.3653208e-16,4.6955445e-18,3.372919e-22,5.857078e-22
0.9998827,0.00011728818,1.3906147e-10,4.904711e-14,5.977396e-13,3.5556913e-12,1.5570498e-13,8.8613047e-17,2.2815267e-16
0.99999535,4.63786e-06,3.2114377e-11,1.7079206e-13,5.3715284e-13,2.1720297e-12,1.8007404e-13,1.4399375e-16,2.526967e-16
1.0,7.199228e-12,2.2312363e-21,1.4263088e-25,1.3725006e-24,2.019039e-22,1.7887064e-24,4.2846082e-29,1.7213075e-28
1.0,7.077348e-12,7.0735867e-22,5.6622182e-27,3.1478977e-25,3.2307985e-23,1.4820067e-25,1.899767e-30,1.1702568e-29
1.0,1.6329974e-08,2.50805e-16,9.905444e-20,3.5132987e-19,7.8176765e-18,1.9616239e-19,2.1335138e-23,5.287653e-23
1.0,9.580717e-11,4.522621e-20,8.867545e-26,1.4499822e-23,9.833229e-21,6.161364e-23,7.0643163e-28,6.9548774e-27
1.0,2.1063181e-08,1.0422738e-15,2.6654254e-19,8.5447e-19,2.844638e-17,9.379006e-19,1.2983242e-22,3.260042e-22
1.0,3.914612e-10,3.60256e-19,2.6497861e-24,4.084252e-23,9.488973e-21,1.0753882e-22,1.002947e-27,4.3854157e-27
0.99999833,1.6461197e-06,4.5302852e-14,3.299027e-17,2.3878606e-15,1.1820954e-14,9.05479e-17,9.024702e-21,3.21343e-20
0.99999976,2.2061045e-07,4.30295e-15,2.7411098e-20,2.049609e-19,6.657976e-17,3.322635e-18,1.4544643e-22,2.1418482e-22
0.9999993,6.5606e-07,5.292601e-09,3.8778204e-08,1.3244253e-11,1.433199e-10,2.7762987e-09,1.031304e-11,3.38656e-13
0.9999856,1.43818315e-05,2.1949117e-14,2.9207962e-19,8.293674e-18,3.3170064e-16,2.7558043e-18,3.4094912e-23,8.8963656e-23
1.0,6.4817045e-09,2.9844793e-16,1.3611222e-19,7.3889004e-19,4.581579e-18,1.6473034e-19,1.8286889e-23,3.9877383e-23
1.0,1.4701154e-09,9.362241e-19,8.875511e-23,9.256688e-21,1.2411379e-18,5.21548e-21,2.5938193e-25,1.3386982e-24
0.99934274,0.0006572937,2.222458e-10,6.859267e-15,2.6574588e-14,1.6048376e-12,1.0744854e-13,4.070507e-18,4.4556125e-18
0.99999845,1.5730487e-06,4.5179504e-16,3.1038295e-20,3.321808e-17,6.3977593e-15,5.327199e-18,4.3842636e-23,2.7232602e-22
0.9999738,1.8714216e-05,1.4986821e-06,5.8612864e-06,3.0526102e-09,7.745611e-09,1.7669934e-07,2.7463711e-09,9.726733e-11
0.99997604,2.400455e-05,9.983072e-15,1.7918786e-18,1.2656998e-15,9.553703e-14,9.231942e-17,1.9246843e-21,8.4828454e-21
0.9999999,1.0916273e-07,3.873122e-15,1.9474277e-19,1.8080712e-18,3.235706e-16,1.291816e-17,1.0676754e-21,2.1615904e-21
1.0,1.2746252e-09,2.2828827e-16,1.1588497e-20,1.0736923e-20,1.631613e-18,1.1993912e-19,5.566283e-24,1.2744509e-23
1.0,8.778748e-09,2.1193067e-19,4.447044e-25,3.1417124e-22,1.5336292e-19,1.9299938e-22,7.252175e-28,7.571771e-27
0.9999999,1.0681739e-07,6.785646e-16,1.2245396e-21,8.056325e-20,1.6795131e-17,2.0595709e-19,4.1636923e-24,2.8595454e-23
1.0,4.9797263e-12,1.0804876e-21,2.6534147e-26,4.047862e-24,2.2542586e-21,7.885763e-24,1.1497917e-28,1.2380774e-27
0.99999976,1.8617968e-07,1.7486824e-11,1.07672064e-13,3.7533e-15,6.479329e-13,1.053108e-12,3.5889302e-16,1.1207239e-16
0.99975985,0.00024010405,3.1349998e-09,2.5604657e-12,1.1278696e-12,1.8968338e-12,4.662029e-13,1.2820427e-16,7.832487e-17
1.0,4.1685734e-08,5.5785317e-11,5.3504333e-11,6.8995096e-14,7.109857e-13,4.4723626e-12,1.39039315e-14,1.0197505e-15
1.0,2.6156104e-09,1.2954623e-18,1.3783568e-23,1.4034223e-21,5.8305594e-19,3.1574532e-21,2.8030992e-26,1.8944672e-25
0.035943113,0.96374846,7.734806e-05,3.4967336e-06,0.00013112578,9.455838e-05,1.9914537e-06,9.378578e-10,6.3924516e-10
0.17190996,0.8280278,6.206244e-05,6.8355974e-09,4.2451713e-08,8.242463e-08,1.1084483e-08,1.12830335e-11,1.4597015e-11
0.99999976,2.3329369e-07,1.4422362e-16,3.2571183e-23,1.7110938e-21,1.6235715e-19,1.5801263e-21,1.5656085e-26,8.4210883e-26
0.51069725,0.0055940556,0.039626677,0.439316,1.738352e-05,8.851157e-06,0.0046499087,8.956521e-05,3.0851115e-07
1.0,3.4719104e-08,1.6385181e-10,2.0787028e-09,4.0616664e-13,2.5246712e-12,3.4188735e-11,1.4582769e-13,5.3100305e-15
0.9999995,4.1995176e-07,1.6751234e-13,1.0962581e-16,3.329108e-16,5.4418856e-15,2.6153405e-16,6.81718e-20,1.3366956e-19
1.0,4.3779153e-10,6.528734e-15,4.4804708e-17,5.6442806e-18,1.2623018e-15,3.8658735e-16,1.7951158e-19,1.7954993e-19
1.0,9.336694e-10,6.119841e-20,2.7291257e-25,3.7332372e-23,1.15589605e-20,4.4638407e-23,2.1071888e-28,1.1483108e-27
1.0,2.3958702e-12,1.8478043e-23,2.1604945e-28,4.8797438e-26,1.9080753e-23,3.5801888e-26,2.7163006e-31,2.404097e-30
0.030595995,0.95590156,0.013492166,4.5683296e-06,2.0380855e-06,1.4456328e-06,2.2229888e-06,1.1791521e-08,4.6728412e-09
0.24113148,0.7587941,7.321517e-05,9.850039e-08,8.8752705e-07,1.3856844e-07,2.240187e-08,2.0657503e-11,1.388094e-11
1.0,2.906878e-11,2.6750488e-21,3.058702e-26,1.4070599e-24,4.2509394e-22,2.1763394e-24,3.0312266e-29,1.7768556e-28
1.0,6.4542554e-09,1.0047284e-18,4.1066038e-25,1.5608168e-23,6.375458e-21,4.2770763e-23,1.4722675e-28,6.860592e-28
0.99999845,1.551838e-06,1.872e-14,3.814839e-18,3.02053e-16,2.221724e-14,7.603231e-17,2.408189e-21,9.000843e-21
0.9997495,0.00025054676,1.232361e-12,4.4338022e-18,7.996432e-16,4.2611988e-14,2.5333133e-16,9.857955e-21,4.9710198e-20
0.9826832,0.017316869,2.1175173e-09,8.932589e-14,2.1051789e-12,1.5621173e-11,3.7887315e-13,5.0889974e-17,9.312871e-17
0.0026200544,0.04184501,0.5086379,0.35742688,0.084521584,0.0006060035,0.0030149738,0.0010313196,0.0002962373
1.0,5.2215167e-08,5.035833e-19,1.7740149e-24,4.829236e-22,1.0263751e-19,1.6275257e-22,7.256713e-28,3.98244e-27
0.9999999,6.114149e-08,3.4909116e-17,1.5296879e-23,2.5550916e-21,1.6328207e-18,9.922986e-21,5.17792e-26,3.3741617e-25
1.0,5.440452e-09,4.168618e-17,3.1502826e-21,4.5606664e-20,2.8497741e-18,4.2202125e-20,1.3081263e-24,3.7902463e-24
1.0,3.800789e-08,1.3572169e-13,2.3035548e-15,1.1777391e-16,9.558899e-16,3.1576539e-16,1.05065076e-19,4.3607256e-20
0.029525058,0.002446999,0.07787507,0.8786757,3.7030102e-05,1.3661748e-05,0.011061617,0.00036389887,9.287259e-07
1.0,5.6079036e-10,4.2409546e-18,6.024427e-22,2.468455e-20,3.438231e-18,3.201347e-20,2.60025e-24,1.5014637e-23
1.0,4.078458e-09,1.3221423e-18,3.68568e-22,6.1452737e-19,2.0980167e-17,2.0051868e-20,6.184009e-25,5.5868537e-24
1.0,3.326706e-11,2.9832992e-21,3.9746868e-26,6.1048597e-24,1.874508e-21,5.1220743e-24,7.871346e-29,7.224756e-28
0.9999999,1.0955278e-07,1.3359814e-13,2.5103563e-16,3.9343215e-17,5.0588873e-16,8.611035e-17,2.2480423e-20,1.8461938e-20
0.03460885,0.8459808,0.005133443,0.019484716,0.09439903,0.00029850943,9.3353345e-05,1.0378297e-06,1.9055753e-07
1.0,1.4470086e-09,8.460605e-17,4.1358084e-20,9.448921e-20,8.4916046e-19,4.3796638e-20,4.7247096e-24,1.06888065e-23
0.9999976,2.337008e-06,3.67614e-13,9.469693e-18,1.1648986e-17,9.651982e-16,9.388264e-17,2.4995655e-21,2.82682e-21
0.999998,1.96794e-06,4.8799288e-15,1.9462274e-20,7.934923e-19,4.1240066e-17,4.5949743e-19,1.1092891e-23,3.9195614e-23
1.0,9.294065e-11,1.113578e-15,1.5362488e-16,6.5674915e-18,5.9087335e-16,2.3348897e-16,1.807112e-19,1.0980692e-19
1.0,2.3146076e-09,3.573315e-17,1.9633074e-20,4.4926328e-20,5.7216724e-18,1.47405e-19,6.645343e-24,1.22089565e-23
0.99898845,0.0010115321,1.0432822e-09,1.4893858e-15,5.80883e-15,2.6550794e-13,3.4437276e-14,1.8061253e-18,3.033924e-18
1.0,1.3774375e-11,2.89278e-22,2.6847523e-27,7.155402e-25,1.3600664e-22,2.2138851e-25,1.7658667e-30,1.5858569e-29
0.3453838,0.65457994,3.603987e-05,1.0868032e-07,1.0981993e-07,7.689044e-08,1.5749043e-08,1.8402007e-11,9.5930885e-12
1.0,2.223398e-10,9.397558e-19,1.2164845e-22,3.2284838e-22,8.966455e-20,2.1745005e-21,3.7521775e-26,9.661091e-26
0.99999917,7.869236e-07,3.837895e-15,2.1746751e-19,2.6070607e-17,5.9463095e-16,4.9890807e-18,1.5879982e-22,6.017348e-22
0.99999905,9.1989807e-07,4.777649e-15,3.958946e-18,4.4639033e-16,1.32267845e-14,4.1964077e-17,2.3214531e-21,7.878491e-21
1.0,2.7760002e-08,6.749219e-13,2.752027e-13,1.8359387e-14,8.233754e-15,2.14417e-15,4.9944934e-18,2.575293e-18
1.0,1.1990369e-11,2.2697996e-21,2.8627267e-27,2.7504042e-25,2.957429e-22,1.7243474e-24,1.16271e-29,1.1487395e-28
0.009832082,0.9898629,0.00024071691,7.3782854e-07,1.3072054e-05,4.67451e-05,3.7638392e-06,5.969325e-09,1.7115946e-09
1.0,6.77985e-09,1.5835756e-17,5.559564e-21,2.1229303e-20,7.6648267e-19,1.08986846e-20,4.3822766e-25,9.293927e-25
0.9999999,1.11908655e-07,1.2668108e-13,5.974231e-17,2.0449023e-17,1.0954606e-15,2.7248002e-16,8.3351436e-20,4.5775028e-20
0.99999905,9.3406e-07,1.886823e-15,2.970582e-18,6.477275e-16,6.4465395e-15,2.167232e-17,8.175035e-22,3.1198793e-21
1.0,1.8449096e-08,1.9954781e-15,4.5084125e-19,1.2359408e-18,1.4522846e-16,7.043256e-18,3.8856734e-22,8.770206e-22
0.671528,0.3284717,3.3951923e-07,3.5575227e-13,1.0936441e-11,3.261758e-10,1.7079229e-11,9.827043e-16,1.5033976e-15
1.0,6.345604e-09,5.8046665e-17,2.6626091e-20,1.0876429e-19,3.511746e-18,7.134433e-20,6.793649e-24,1.4546747e-23
0.99999905,9.077003e-07,6.29217e-13,1.5235125e-17,4.079089e-18,3.7849265e-16,7.040057e-17,2.1066396e-21,1.9702669e-21
0.99995947,4.0564162e-05,1.03025925e-13,1.0589053e-18,8.105614e-16,7.213471e-14,1.2102873e-16,2.403864e-21,1.5773475e-20
0.9999999,1.0006087e-07,1.2221813e-16,2.5431601e-21,1.9024389e-19,4.2301467e-17,2.8976768e-19,4.068823e-24,1.3889764e-23
1.0,8.865558e-09,2.6971575e-16,2.7690453e-20,2.013489e-19,9.361425e-18,2.8691121e-19,1.4338877e-23,3.5776688e-23
1.0,3.9203676e-09,1.7634676e-18,3.5613985e-22,2.964934e-19,5.2990983e-17,5.1977264e-20,1.5729135e-24,1.2772932e-23
0.9999684,3.158638e-05,4.0609492e-13,3.2406456e-15,1.44838e-12,9.178101e-12,1.5508751e-14,1.2218806e-18,4.2818004e-18
0.056515206,0.07152427,0.18130526,0.021998346,0.027479047,0.20943801,0.35901028,0.015950426,0.0567792
1.0,6.9352e-10,3.938915e-18,6.4386827e-22,2.6105606e-21,5.629612e-19,1.3578231e-20,2.926551e-25,7.3862284e-25
0.010281253,0.018332046,0.1128647,0.42263606,0.048886806,0.010583525,0.23016647,0.11210454,0.03414463
0.9999999,1.6152805e-07,5.4724662e-12,1.2092467e-13,8.273614e-15,5.9250354e-14,2.5679013e-14,2.8742852e-17,1.8809943e-17
0.9999993,7.6089844e-07,1.1416959e-14,1.1363708e-18,7.303373e-18,4.2079363e-16,1.214655e-17,5.328371e-22,8.710385e-22
1.0,5.5199747e-09,3.6051618e-17,2.682836e-21,6.040957e-20,1.9828485e-18,4.0691732e-20,1.2767128e-24,4.4245583e-24
0.99999654,2.2405222e-07,1.5599037e-08,3.2465764e-06,6.4583144e-11,1.3377512e-10,7.1605277e-09,1.10961865e-10,1.525839e-12
1.0,6.712377e-12,4.2207697e-23,5.5565944e-29,1.7427361e-26,2.5101469e-23,3.0583284e-26,7.2469615e-32,8.317534e-31
1.0,6.2848122e-09,6.8017374e-17,1.8393672e-21,5.114802e-20,6.3734734e-18,9.4730656e-20,5.597413e-24,2.839729e-23
1.0,5.903302e-13,5.0025626e-24,2.8784158e-29,8.968064e-27,5.9355027e-24,1.0971986e-26,4.7132054e-32,5.329347e-31
0.99999833,1.6827889e-06,1.3740343e-15,4.0769062e-19,2.7508218e-16,3.1361143e-15,8.12056e-18,2.649178e-22,1.2883714e-21
0.99984574,0.00015418377,3.6909903e-08,3.4005426e-10,1.3209281e-10,1.0000435e-09,3.8434253e-10,8.2007724e-13,8.1968004e-13
0.9981781,0.0018218992,1.6305158e-09,3.648584e-13,6.4673067e-12,8.887694e-11,3.3991436e-12,1.0459021e-15,2.0681567e-15
1.0,7.097676e-13,2.789547e-22,4.362409e-26,8.674963e-25,4.4149523e-22,2.3993585e-24,4.4482566e-29,2.6752229e-28
0.9797885,0.02021155,8.7878125e-12,2.0544837e-17,6.6490854e-15,1.360264e-13,3.5921005e-16,5.3036054e-21,2.1029847e-20
0.9999994,5.932709e-07,2.4475409e-15,9.9568425e-21,1.8254299e-19,2.2841084e-17,5.8696984e-19,2.758928e-23,5.1515053e-23
1.0,1.0702352e-12,1.1518019e-21,1.6951789e-26,4.1335742e-25,4.79085e-22,4.9367046e-24,6.237779e-29,4.834087e-28
0.99999046,9.477253e-06,1.7163786e-11,1.35074e-13,3.808486e-13,9.874448e-13,6.979388e-14,2.5979144e-17,2.9194767e-17
0.01841925,0.012516741,0.036100984,0.036054682,0.018164909,0.040979415,0.5723583,0.07222167,0.19318403
1.0,1.0208472e-09,3.464178e-19,4.5032122e-23,3.179101e-20,2.3188747e-18,4.693263e-21,1.374774e-25,1.3329503e-24
0.9991641,0.00083585206,1.9295743e-09,4.5062212e-13,4.639839e-13,3.4536514e-12,4.4512598e-13,1.1152473e-16,1.1621315e-16
1.0,2.5609246e-08,1.6511822e-15,1.3951881e-18,2.7237167e-18,1.5887678e-16,5.8336545e-18,4.6646847e-22,9.415914e-22
1.0,1.5213255e-12,3.4446025e-23,4.905214e-28,1.7245636e-25,2.0434457e-23,4.953715e-26,4.0791746e-31,4.227377e-30
1.0,9.020801e-12,1.2773348e-19,1.3264387e-22,4.180615e-22,6.629279e-20,1.491043e-21,1.422554e-25,4.89707e-25
1.0,1.1705506e-08,8.1269615e-17,3.557856e-21,1.3398255e-19,1.12624354e-17,1.2364731e-19,3.70817e-24,1.6389636e-23
0.9999981,1.8700692e-06,2.22232e-11,2.3725754e-14,5.819175e-14,3.7500524e-11,3.3803687e-12,6.774022e-16,1.800424e-15
0.9993674,0.00063264195,7.093166e-11,1.2036384e-15,2.8007644e-15,1.8950461e-14,1.3323265e-15,1.1220748e-19,1.1871244e-19
1.0,1.2344817e-08,5.488648e-16,2.5267144e-19,1.6950307e-18,9.0197064e-18,2.7628003e-19,3.1176427e-23,9.354618e-23
0.99999964,3.42332e-07,1.8584902e-14,5.0200107e-18,4.4440593e-17,7.3976237e-16,1.5860234e-17,2.7707121e-21,9.013498e-21
0.99999404,5.9799586e-06,6.815697e-13,3.8688872e-17,1.7699152e-16,1.4168554e-15,5.685785e-17,1.0679263e-20,2.2525529e-20
1.0,5.3435574e-08,2.7867276e-15,6.947819e-21,7.058096e-20,1.0794969e-17,4.53508e-19,1.3400222e-23,5.29183e-23
1.0,6.842741e-09,9.944065e-19,2.2086154e-23,2.0056218e-21,3.2707203e-20,1.4849289e-22,2.1083234e-27,1.0866022e-26
1.0,3.9336627e-09,4.9943646e-16,4.6273647e-20,6.5408325e-20,6.258072e-18,3.6785645e-19,2.402098e-23,5.3735034e-23
0.9999994,6.182588e-07,4.718136e-15,1.7408192e-21,4.3059914e-20,6.608577e-18,1.4595628e-19,2.1919267e-24,9.3181015e-24
0.9999989,1.0871895e-06,1.36191615e-14,2.4448005e-19,3.838901e-17,2.137294e-13,1.0832879e-15,1.0967488e-20,6.5431214e-20
1.0,1.1446245e-11,2.4868274e-21,2.0996894e-25,1.1056328e-23,2.7136011e-21,1.1148742e-23,3.4098048e-28,2.0761201e-27
1.0,9.151012e-09,1.2318986e-16,1.4629846e-21,1.5035982e-20,5.5102504e-18,1.3256819e-19,2.3083384e-24,7.775301e-24
1.0,1.5335997e-08,1.2444482e-16,2.9071973e-20,3.122648e-19,1.4248355e-17,2.3917343e-19,2.0712752e-23,6.6878416e-23
1.0,3.128743e-10,7.5025395e-19,6.753575e-23,4.336223e-21,6.3020053e-19,4.6945703e-21,3.2477485e-25,2.0892163e-24
0.99973744,0.0002625686,7.537636e-09,1.4381147e-12,6.3203414e-12,3.5832144e-09,3.4913797e-10,7.6902873e-14,1.796376e-13
1.0,2.7748197e-08,3.9914032e-17,3.4827893e-22,1.6093393e-20,5.2416967e-18,8.222434e-20,2.120935e-24,5.4067075e-24
0.9999999,1.4517178e-07,7.4106965e-10,1.0970861e-10,1.2968846e-13,2.9587357e-12,2.4281249e-11,4.6753027e-14,4.0362077e-15
1.0,2.4959057e-08,2.4693806e-18,1.1116721e-23,4.3063882e-20,2.4744833e-17,1.32537784e-20,1.1028516e-25,1.5176153e-24
1.0,2.1281224e-10,1.5971878e-19,8.434859e-24,9.482021e-22,2.3879507e-19,1.1475566e-21,3.5696064e-26,2.0466422e-25
0.0065380037,0.0064554857,0.008118856,0.01880844,0.017818475,0.0074906726,0.36847505,0.046167385,0.52012765
0.9629082,0.037089534,2.239721e-06,3.1218619e-09,6.9138e-09,1.5536176e-09,4.1296683e-10,3.39862e-13,2.7981575e-13
0.9944794,0.0019437647,0.0023150106,0.0011104539,1.180125e-07,6.440189e-07,0.00014991178,6.4054285e-07,5.7235496e-09
0.9999361,6.385982e-05,2.507029e-12,1.2841534e-16,8.4598474e-15,5.3673385e-13,6.5937403e-15,3.8669918e-19,1.150448e-18
0.9808822,0.019111395,6.331689e-06,2.380068e-09,9.981483e-10,3.8537085e-09,2.7250737e-09,1.917988e-12,1.1605814e-12
1.0,1.3802879e-08,4.6541216e-13,9.9450016e-14,1.1771603e-15,3.2297762e-15,1.8507608e-15,2.9368502e-18,9.838116e-19
1.0,2.8500494e-08,3.0012161e-16,1.383305e-20,1.2422883e-19,1.502408e-17,3.4783733e-19,1.3336478e-23,3.6412245e-23
0.07214459,0.9278549,5.016961e-07,1.065576e-11,7.794238e-09,6.6451067e-09,6.5651644e-11,7.982032e-15,2.431358e-14
0.9998604,0.00013962836,7.1728065e-14,1.3570129e-19,5.1393042e-17,1.4564487e-15,4.450427e-18,1.1751614e-22,7.3039866e-22
0.035034247,0.06996384,0.21172029,0.6538582,0.02723657,0.0002635003,0.0016912699,0.00020734295,2.480464e-05
1.0,5.1276964e-12,1.1380048e-22,6.740252e-28,1.0438562e-25,7.109912e-24,2.3350383e-26,1.9311484e-31,1.5835893e-30
1.0,5.931335e-10,4.886989e-19,1.4270339e-23,2.1786271e-21,3.360787e-19,1.7506294e-21,5.8169864e-26,4.448792e-25
0.9999999,8.484837e-08,7.478409e-15,1.00440315e-17,2.4784316e-17,8.11349e-16,2.5599847e-17,2.8348825e-21,4.4431017e-21
0.99990785,9.211661e-05,3.5140768e-10,2.3563128e-13,4.2704134e-12,4.2275246e-09,1.1824328e-10,1.2582873e-14,3.388568e-14
1.0,5.573379e-09,7.414121e-17,9.5727816e-20,1.0718355e-18,2.3447965e-17,2.743591e-19,2.0463945e-23,5.6219397e-23
1.0,2.9641238e-09,2.5106813e-17,2.5792118e-21,3.9181255e-20,3.0742252e-18,5.034428e-20,2.3187703e-24,1.01775655e-23
1.0,1.1441312e-11,1.9996411e-20,2.5141226e-24,1.1222053e-22,7.0319965e-21,7.054478e-23,2.9602658e-27,2.0331403e-26
1.0,3.352169e-12,1.5249238e-21,2.4954116e-26,1.2307992e-24,9.855117e-22,6.295598e-24,8.396667e-29,6.674622e-28
0.9999927,7.2779285e-06,8.790869e-12,2.3792908e-15,8.33081e-16,1.4810461e-14,3.0046666e-15,3.4625806e-19,2.7354927e-19
1.0,3.6264957e-08,1.6990794e-15,2.2009003e-18,4.4000988e-18,8.069959e-18,2.7646664e-19,6.169054e-23,9.378629e-23
1.0,1.7866673e-09,2.5548828e-17,4.724086e-21,2.2912884e-20,9.814501e-19,2.5730808e-20,1.4504849e-24,3.694347e-24
0.9999893,1.0758085e-05,6.055001e-12,2.0633269e-16,1.7761834e-16,1.20012736e-14,1.1817594e-15,4.1238385e-20,4.0698747e-20
1.0,1.5858798e-12,1.3466127e-22,2.4791287e-27,3.210254e-25,5.9471776e-23,1.9530687e-25,2.3582092e-30,1.925413e-29
1.0,1.3891918e-11,9.904456e-21,9.278482e-25,7.6089074e-23,4.1879116e-21,2.3806151e-23,7.743436e-28,6.979409e-27
0.9999949,5.1061993e-06,2.9584993e-13,7.3958385e-16,4.6373658e-14,2.3077672e-13,1.1081609e-15,1.4837402e-19,3.6868058e-19
1.0,1.7216967e-11,1.8444551e-20,1.3816885e-24,6.6561035e-23,1.3573312e-20,8.539632e-23,2.7745122e-27,2.1787297e-26
1.0,9.79499e-09,5.1727184e-15,5.3529968e-18,5.3607826e-18,4.9926286e-17,3.908277e-18,9.673059e-22,1.4999539e-21
0.99965215,0.00034783472,3.8122336e-09,7.652764e-13,1.9652537e-13,4.851358e-12,2.4952037e-12,1.0587268e-15,3.6081057e-16
1.0,7.35651e-09,3.3649968e-18,7.148588e-23,5.468777e-22,1.4614627e-20,1.8118445e-22,5.4233282e-27,1.375954e-26
1.0,1.4321437e-12,3.446048e-23,3.5247737e-28,7.673401e-26,3.7860433e-23,9.7402443e-26,7.601043e-31,7.109239e-30
0.99999976,2.9503465e-07,1.1039591e-16,4.488071e-22,4.2879295e-20,1.5377898e-17,1.166047e-19,2.109694e-24,6.039768e-24
0.9999974,2.605962e-06,1.4740133e-14,2.0057715e-19,3.5857155e-18,2.549299e-16,4.21128e-18,1.5523225e-22,4.1176583e-22
0.9999777,2.2329332e-05,4.67097e-12,7.618233e-16,5.101489e-15,2.337634e-14,1.3031774e-15,9.5798016e-20,1.6587178e-19
1.0,1.7963451e-08,9.4502416e-15,4.3901395e-18,5.1374707e-18,1.6439725e-16,1.5162146e-17,3.0103356e-21,5.3124863e-21
1.0,6.790345e-09,2.9691574e-18,3.982066e-24,2.1495359e-21,1.1995473e-18,3.8936583e-21,4.6700522e-26,4.478846e-25
1.0,1.0255277e-08,1.1299155e-15,4.1095155e-19,2.2988288e-18,4.174729e-17,1.2835631e-18,1.749287e-22,4.9424753e-22
0.9999684,3.1610518e-05,2.9221716e-12,9.402222e-16,2.2404918e-14,2.9338535e-13,4.5518958e-15,1.102135e-18,2.775517e-18
0.9999993,7.327238e-07,2.7564274e-13,2.13365e-16,9.754044e-16,6.6701058e-15,2.4306704e-16,6.0628145e-20,9.8500086e-20
1.0,1.1024288e-10,2.743286e-20,3.543395e-26,8.346041e-24,5.731604e-21,2.5135579e-23,2.1898596e-28,2.175498e-27
1.0,1.5629542e-10,6.16415e-19,5.2732886e-24,2.113023e-22,5.62933e-20,6.7621116e-22,1.8763634e-26,1.3255413e-25
1.0,1.2566897e-08,4.6046585e-16,2.5754685e-19,5.5789026e-19,1.3297705e-17,5.563537e-19,8.4995604e-23,1.585421e-22
0.9999974,2.652377e-06,8.69711e-17,5.3199884e-24,6.759209e-21,4.0547095e-18,6.4910502e-21,1.5713126e-26,1.4988488e-25
0.99965906,0.0003409461,4.237626e-10,7.742224e-14,1.1996196e-13,1.053826e-12,1.09757675e-13,1.3399885e-17,1.5675617e-17
0.99999917,8.7326663e-07,4.2985685e-14,5.7116143e-18,7.749379e-18,3.1341063e-16,1.712892e-17,5.702525e-22,5.7887477e-22
0.99998,2.0085783e-05,3.785447e-12,4.056438e-16,1.4345324e-15,5.0575182e-14,2.784419e-15,1.8054358e-19,2.7043522e-19
1.0,7.773403e-09,7.15593e-15,3.3361762e-17,1.9743359e-17,3.6245777e-17,4.39101e-18,1.5679737e-21,1.8552861e-21
0.9999962,3.862009e-06,1.7287585e-11,2.9128804e-13,1.4328754e-13,8.407007e-13,1.0036755e-13,7.7697836e-17,5.882866e-17
0.9999999,9.823207e-08,4.6100412e-14,2.0382514e-17,2.5655865e-17,1.0965603e-15,1.1569041e-16,4.4067957e-20,5.644963e-20
1.0,2.8151803e-08,2.1554297e-15,1.3164403e-18,5.421323e-19,5.6429455e-18,3.8942857e-19,5.809123e-23,6.369471e-23
1.0,5.988662e-10,1.0138111e-17,5.5651447e-21,1.7872845e-20,1.6733668e-18,3.9511914e-20,2.1582173e-24,6.141391e-24
1.0,1.9020208e-09,4.9910696e-16,4.3959185e-19,2.1331205e-18,9.062892e-17,3.1865346e-18,9.874045e-22,3.3816042e-21
1.0,6.1460077e-09,1.7828611e-17,8.2403855e-22,3.268463e-20,1.0456653e-18,1.34746195e-20,3.26143e-25,1.2050427e-24
0.9999987,1.2988395e-06,1.4557072e-13,1.6909736e-17,1.5577086e-17,4.862573e-16,4.206182e-17,1.7456124e-21,1.428346e-21
1.0,1.784331e-09,5.0956486e-16,4.0307705e-18,9.861337e-19,2.061106e-17,1.7500513e-18,3.8289354e-22,3.811826e-22
0.07874091,0.858461,0.0537389,0.00824584,0.0004981497,8.762311e-05,0.00022536302,2.0237796e-06,1.686257e-07
1.0,2.548757e-08,3.278683e-17,1.510656e-23,8.620808e-22,5.2349e-19,6.252312e-21,3.8754065e-26,2.2926028e-25
0.999995,5.0265667e-06,1.2846744e-13,8.08879e-16,1.7710746e-13,3.6570224e-14,2.9628434e-16,7.8355427e-20,2.3192069e-19
1.1269266e-05,3.6336774e-06,4.27052e-06,1.2170151e-05,4.049582e-05,1.37071065e-05,0.028974365,0.00023843336,0.9707016
1.0,9.747609e-10,9.969329e-18,6.763892e-22,3.568785e-21,5.8672396e-19,1.3898746e-20,4.575833e-25,1.5368053e-24
1.0,2.2576547e-09,6.94354e-17,1.7625781e-20,5.719201e-20,2.4371597e-18,9.3583085e-20,7.027133e-24,1.7879637e-23
0.037997413,0.9571416,0.0011359082,0.00046254334,0.0026854542,0.0005290237,4.7991696e-05,7.650281e-08,1.9004556e-08
0.9999969,3.0664899e-06,7.712937e-11,5.6504247e-14,1.4613992e-13,1.1773797e-10,1.34742556e-11,2.500554e-15,6.110017e-15
0.0018258058,0.07668379,0.8927852,0.024166692,0.0027203867,0.00017751934,0.001526284,0.00010530119,9.074547e-06
0.99998856,1.14216355e-05,2.0759338e-12,1.723322e-16,5.6848235e-16,1.947901e-14,1.093536e-15,5.812989e-20,8.458527e-20
0.99999976,2.4200682e-07,2.9393675e-13,1.1400109e-16,1.0810879e-16,7.476382e-15,1.1972449e-15,4.263726e-19,3.8608554e-19
1.0,1.8210167e-09,2.4289285e-17,3.600413e-21,1.367122e-19,1.1991499e-17,1.3150592e-19,1.2501058e-23,8.632552e-23
0.0020299782,0.07482917,0.9148342,0.0054249708,0.00032372994,0.00012198526,0.0016504448,0.00070833915,7.718648e-05
1.0,2.462047e-08,1.6007035e-16,1.0690296e-19,2.6533966e-17,7.583897e-16,5.2763626e-18,1.2765881e-21,5.3315296e-21
0.9999999,1.1246843e-07,8.66517e-18,9.652954e-25,6.401554e-22,4.1938623e-19,1.25488e-21,3.4228386e-27,3.0946385e-26
0.9999925,7.5146554e-06,7.022001e-13,1.6605562e-15,5.05599e-14,3.5342733e-13,4.4133017e-15,8.43382e-19,1.9120222e-18
1.0,5.1461807e-10,5.812657e-20,6.353912e-24,5.666125e-21,1.7287391e-18,1.411185e-21,2.2138503e-26,1.9616854e-25
1.0,4.439504e-09,1.3523258e-16,4.52538e-21,3.2292507e-20,6.1882316e-18,1.4689922e-19,5.2084742e-24,2.1199168e-23
1.0,7.224497e-12,6.653337e-23,4.767027e-28,2.5538588e-25,1.2916453e-22,1.3296435e-25,8.343082e-31,9.759305e-30
1.0,5.332699e-10,1.2224833e-18,5.329003e-23,7.9812827e-22,4.2819315e-20,7.69185e-22,1.4088578e-26,5.2880687e-26
0.067816995,0.9316833,0.00049972214,7.3805175e-09,1.0407264e-08,1.5228096e-08,6.6437105e-09,8.144768e-12,6.1728686e-12
1.0,9.339673e-09,4.3487285e-14,1.4418013e-17,1.8196622e-17,3.8558015e-15,7.882727e-16,2.2525245e-19,3.5984807e-19
1.0,4.4074175e-09,7.444037e-20,3.5132863e-26,6.790591e-24,8.043363e-21,1.5540793e-23,2.145644e-29,1.4610665e-28
0.9999995,5.0690556e-07,6.095181e-15,3.0962187e-19,1.1558354e-17,8.752514e-16,1.1959333e-17,7.3389116e-22,2.6197672e-21
1.0,4.282082e-11,3.0221667e-19,1.611703e-22,1.1500019e-21,8.048432e-20,1.2100472e-21,1.4388724e-25,5.358188e-25
0.9999893,1.0770579e-05,4.4701994e-12,1.8043574e-12,6.7156634e-11,3.5068196e-12,6.098226e-14,7.4539985e-17,1.008801e-16
0.9999999,1.05687974e-07,1.2324838e-12,5.3112252e-15,6.714834e-16,1.0429385e-14,3.8005284e-15,5.4057543e-18,3.0899326e-18
0.99872917,0.001270764,2.76365e-08,9.35043e-12,2.5943176e-12,5.802418e-11,3.1266316e-11,2.042759e-14,5.658704e-15
1.0,9.229911e-13,3.3125646e-24,3.9329476e-29,6.471515e-27,5.4869725e-24,6.812427e-27,2.1949399e-32,2.1429424e-31
0.0032289703,0.9890695,0.00769832,1.4602562e-06,1.3802886e-06,2.2901926e-07,2.0127513e-07,1.4219517e-09,6.191111e-10
0.9999987,1.1719756e-06,7.803772e-09,1.8564029e-09,2.3352624e-11,1.7421879e-08,1.667195e-07,5.1108586e-11,1.1499954e-11
0.9999999,1.5467006e-07,8.617743e-16,1.2159618e-19,2.5299369e-18,4.0156111e-16,4.366922e-18,9.588883e-23,2.498407e-22
0.99999416,5.8774594e-06,6.059693e-14,1.6720761e-16,1.2393732e-14,7.529512e-13,2.5411848e-15,1.0621375e-19,2.6304007e-19
0.99990976,9.0279274e-05,4.512678e-11,7.776796e-16,5.512303e-16,1.2575075e-14,1.9144577e-15,9.2310694e-20,6.6315386e-20
1.0,1.7524007e-09,5.206679e-19,2.560954e-23,6.180222e-22,3.1300644e-20,2.6110571e-22,6.3081127e-27,2.1883002e-26
1.0,1.3363251e-10,6.4741936e-16,1.3275658e-17,2.1180954e-18,2.5664302e-16,6.5861106e-17,4.1338687e-20,3.5909232e-20
1.0,9.130064e-11,4.9450075e-20,9.012864e-25,2.5334956e-22,2.1032564e-18,5.2010564e-21,3.6873038e-26,3.7813917e-25
1.0,2.581718e-09,3.3904057e-18,1.5468232e-22,1.3256197e-21,2.1078095e-19,3.160225e-21,7.131527e-26,2.0403124e-25
0.023607789,0.92162937,0.05462705,0.00010001072,1.5983078e-05,5.2501505e-06,1.4425521e-05,5.8083014e-08,7.3368747e-09
0.9999993,6.997709e-07,9.995638e-10,2.2500556e-10,1.4513395e-12,1.1942271e-11,5.301405e-11,1.0530286e-13,9.728594e-15
0.99999416,5.8528817e-06,1.2590695e-12,1.5910382e-17,3.876496e-17,5.17707e-15,3.276215e-16,7.098689e-21,1.186125e-20
0.009290357,0.006912351,0.010819947,0.0311833,0.015115175,0.0077490476,0.42637515,0.08063403,0.41192064
0.9999999,8.584181e-08,4.270802e-14,1.0788711e-17,3.4502147e-17,8.245371e-14,4.5243752e-15,1.02356376e-19,2.1897774e-19
1.0,3.5390963e-09,2.992616e-18,5.293849e-23,2.1185527e-21,4.355757e-19,3.524813e-21,3.8768853e-26,2.097096e-25
1.0,4.715218e-10,9.095408e-18,3.5339414e-21,5.688022e-20,3.590612e-18,4.757491e-20,8.130716e-24,3.57524e-23
0.99997437,2.5586098e-05,1.14595666e-10,4.2899807e-12,1.3581357e-12,8.558779e-13,1.3697794e-13,5.201906e-17,2.2848528e-17
0.998187,0.0018129287,7.949698e-09,2.6000855e-12,2.541856e-12,2.1509315e-11,3.1759844e-12,5.927727e-16,4.2388287e-16
1.0,4.241605e-09,2.5595737e-18,1.7251e-21,2.4366206e-18,1.00020885e-17,2.0333479e-20,1.4957862e-24,1.2241601e-23
0.99996006,3.9974697e-05,6.2165666e-14,5.15322e-19,1.1156881e-17,3.8547776e-16,4.283529e-18,5.476133e-23,1.0844244e-22
1.0,5.937405e-09,1.2122488e-17,4.992183e-20,2.2988739e-17,4.944584e-16,6.1101635e-19,5.975171e-23,3.8824727e-22
1.0,4.6621538e-09,4.1100508e-18,2.0025483e-21,1.4878692e-18,2.8778404e-17,6.408794e-20,4.587248e-24,3.459879e-23
1.0,1.2093215e-08,2.3472664e-17,2.0589072e-23,2.7786077e-22,2.2156408e-19,3.58639e-21,1.7371276e-26,6.1061575e-26
1.0,3.9447974e-09,1.01609986e-16,4.77469e-20,3.3687323e-19,2.8460042e-18,7.3774055e-20,6.953058e-24,1.7850605e-23
0.46739978,0.5325969,3.280397e-06,1.4273398e-09,8.049744e-09,1.0301299e-08,9.1963015e-10,8.7110885e-13,8.4314576e-13
1.0,8.4323895e-11,4.7831283e-21,4.8043102e-26,8.647478e-24,2.3707758e-21,6.305259e-24,5.346987e-29,3.9967592e-28
0.9999392,6.082291e-05,6.503525e-13,9.481455e-20,1.0010565e-17,2.5258336e-15,3.833667e-17,5.6104383e-22,2.7454734e-21
1.0,5.3151945e-09,7.1028387e-16,5.1887153e-19,1.0405838e-18,1.2549545e-17,4.9613544e-19,7.440419e-23,1.337546e-22
1.0,3.538362e-08,8.115414e-15,2.3279772e-18,1.1671483e-16,1.8006286e-13,1.8945707e-15,1.8313944e-19,1.4051119e-18
0.9999989,1.0535422e-06,2.6796412e-14,1.3547142e-17,1.1219207e-16,1.934244e-15,3.733558e-17,5.6891637e-21,1.0462137e-20
0.99999654,3.4752047e-06,5.7051033e-13,5.8797983e-16,2.7515003e-15,1.2159592e-13,3.885792e-15,4.7810734e-19,7.021097e-19
1.0,1.4193601e-08,2.9756236e-16,1.4996808e-19,4.431309e-19,9.250736e-18,2.7456955e-19,3.5418734e-23,6.3301336e-23
1.0,1.1232517e-12,8.208291e-22,1.3973882e-25,2.0916722e-24,7.7654084e-22,5.865837e-24,1.3448273e-28,6.887207e-28
0.14253497,0.8565509,0.00090953603,7.589668e-07,3.2137307e-06,5.235266e-07,1.5949246e-07,4.8728677e-10,3.4444442e-10
0.998058,0.001941748,2.8601815e-07,2.2732833e-09,2.0016197e-10,4.9153726e-10,4.2018317e-10,2.8626865e-13,9.3206055e-14
1.0,3.492639e-12,1.846707e-21,8.820448e-26,1.6526681e-24,6.2734283e-22,6.2607516e-24,9.7805897e-29,4.2388144e-28
0.9945714,0.0054286476,2.1968981e-08,3.1459624e-12,9.805164e-12,1.3436888e-10,1.3322043e-11,2.504562e-15,3.0059274e-15
0.9999999,7.704826e-08,1.7557576e-15,6.993688e-21,1.1954034e-19,1.3549069e-17,3.9562904e-19,1.2607854e-23,5.26282e-23
0.9998745,0.00012554086,1.4290472e-12,6.6431894e-17,1.1773185e-14,5.9796043e-13,3.4632878e-15,2.3511092e-19,8.5278025e-19
0.99999714,2.8426282e-06,6.5315054e-15,3.4148352e-19,2.0463404e-17,1.7601519e-15,1.2351319e-17,4.0887322e-22,1.1558392e-21
1.0,1.3026686e-09,4.637942e-16,6.431255e-19,2.2961458e-19,1.0931846e-17,1.0903395e-18,1.3593765e-22,1.9032566e-22
0.003506665,0.8281106,0.16679746,0.00038581702,0.0009542772,0.0001325555,0.00010773356,3.1445934e-06,1.7160123e-06
1.0,9.416642e-09,1.2534092e-17,4.669777e-22,1.3705727e-20,7.1158993e-19,6.2636515e-21,1.8457596e-25,8.326067e-25
1.0,1.7736172e-11,9.3713476e-20,1.17645974e-23,1.1223807e-22,1.0597027e-20,1.737933e-22,6.6237954e-27,2.3168228e-26
1.0,2.6374376e-09,3.59327e-18,1.9128935e-22,8.94172e-21,4.04207e-19,3.7858013e-21,6.9538465e-26,2.8759408e-25
0.99996066,3.9278253e-05,1.1858425e-10,9.238314e-14,4.804975e-14,1.5491078e-13,2.3653522e-14,3.8975824e-18,2.2883532e-18
1.0,2.848297e-10,2.9361094e-19,3.132783e-23,2.8877855e-22,9.988504e-20,9.91288e-22,1.1640299e-26,3.619283e-26
0.9999999,7.612506e-08,1.7596877e-14,2.2124914e-18,2.9671754e-18,3.1070376e-17,2.033288e-18,2.424118e-22,3.985915e-22
0.19366695,0.8052214,4.4027238e-05,2.056894e-05,0.0010019005,4.4154982e-05,1.0228217e-06,8.269143e-10,4.2609766e-10
0.24312367,0.48914176,0.17404978,0.0009678353,0.00055634376,0.037052967,0.054762956,0.00017896378,0.0001657686
1.0,4.179008e-09,1.4918996e-13,1.9851977e-15,8.4986177e-16,2.286234e-12,6.7632266e-13,1.1673174e-16,1.5150937e-16
1.0,1.9856583e-09,4.0934807e-18,3.081321e-23,6.0478444e-22,4.2779824e-19,4.5509147e-21,3.7145657e-26,1.5122805e-25
1.0,9.817093e-10,1.2593954e-17,5.209495e-21,6.925644e-21,2.7408818e-19,1.0066148e-20,8.914592e-25,1.7285096e-24
0.00033790112,0.00017270516,0.008983612,0.9702186,0.00016783483,2.2809314e-05,0.012547996,0.0075297337,1.8842942e-05
1.0,2.1637332e-08,1.9549169e-18,1.03893115e-23,1.7183942e-21,1.6551076e-19,4.6424063e-22,3.044696e-27,1.5536918e-26
1.0,5.3581086e-09,7.6958695e-15,4.7025532e-18,1.0987864e-18,3.6148292e-17,4.4881836e-18,7.3042825e-22,9.912274e-22
0.0019647004,0.99737144,0.0006612847,2.5583242e-07,1.6687717e-06,5.477589e-07,1.2435892e-07,2.1763513e-10,1.5066837e-10
0.9997428,0.00025717387,2.3897266e-13,6.43797e-19,2.0554828e-15,6.266188e-13,4.662734e-16,3.903035e-21,3.4472836e-20
1.0,2.3034126e-09,6.0891557e-18,1.7279049e-22,2.4345368e-20,3.1895385e-18,1.778884e-20,9.341414e-25,7.6455926e-24
0.9999299,7.0062386e-05,5.4924346e-11,1.5519309e-14,2.798866e-13,5.372399e-12,1.8620979e-13,6.461771e-17,2.1587993e-16
1.0,2.6750908e-09,1.628087e-19,1.7191129e-24,1.2068796e-22,1.2376569e-20,4.4124414e-23,3.5336727e-28,1.9829e-27
1.0,1.2173199e-11,3.934807e-22,3.7681855e-26,7.671594e-24,6.2660385e-22,8.695837e-25,1.50958e-29,1.3792001e-28
1.0,2.7146738e-09,3.5620888e-16,5.573138e-19,1.5669706e-19,5.4501483e-18,5.255629e-19,3.422859e-23,3.1226056e-23
0.99996066,3.9282597e-05,6.919102e-13,1.1051383e-15,5.316049e-13,6.792163e-13,2.8211872e-15,3.5618208e-19,1.2635027e-18
1.0,5.2737835e-08,1.7666397e-17,7.548168e-23,6.3859733e-21,1.1834027e-19,9.129665e-22,1.1726718e-26,5.317968e-26
1.0,3.896499e-12,1.1024296e-20,6.3151017e-25,1.3015368e-23,4.8878603e-21,5.981853e-23,1.801021e-27,1.02661426e-26
1.0,7.781622e-09,1.8162373e-16,4.3366055e-20,7.703873e-19,9.326386e-18,2.0412373e-19,1.7311567e-23,6.776699e-23
0.014833338,0.021799468,0.31354985,0.4127689,0.025735443,0.0074044955,0.13419329,0.05353398,0.016181266
1.0,7.0305073e-10,9.953435e-20,5.939806e-24,8.723654e-23,9.623047e-21,5.448306e-23,5.4165234e-28,1.9150571e-27
0.9999902,9.78017e-06,4.1031106e-14,6.285096e-17,6.6190725e-15,8.9631454e-14,2.568785e-16,2.36243e-20,6.6422e-20
0.065429546,0.2734042,0.56230545,0.09332136,0.005300353,3.0805506e-05,0.00019706812,1.02159065e-05,9.589331e-07
1.0,1.5561653e-11,1.831562e-19,3.536812e-22,4.3914223e-21,1.6208923e-19,1.9567717e-21,2.883279e-25,1.4267667e-24
0.9894337,0.0105616255,4.1429216e-06,4.4813376e-07,9.9674736e-08,8.768353e-09,4.3675565e-09,1.0905696e-11,3.6044748e-12
0.9721024,0.0278976,2.4160596e-09,2.1087548e-14,4.590457e-13,1.3049272e-11,3.4049808e-13,1.9094417e-17,4.0662138e-17
1.0,4.1384944e-11,2.741351e-20,2.6079984e-24,4.5182684e-23,7.6753814e-21,7.5861276e-23,2.2869578e-27,8.881284e-27
1.0,1.3083965e-08,1.1237208e-16,2.7700475e-21,1.2424116e-19,1.4559132e-15,1.2066571e-17,6.434481e-23,2.942036e-22
1.0,2.294649e-11,1.4888797e-18,1.218166e-21,4.4696046e-21,1.6976829e-19,4.2829914e-21,7.2631217e-25,2.3783811e-24
0.9733561,0.026643481,4.03395e-07,5.172499e-10,3.125126e-10,6.0526645e-10,1.4118835e-10,1.1028487e-13,5.1972217e-14
0.99999976,2.2045798e-07,2.7463251e-14,3.6581488e-18,1.4105526e-17,3.8869887e-16,1.9186054e-17,1.0243086e-21,1.5026108e-21
0.9094926,0.09039347,0.00011381979,1.8838454e-08,6.364946e-09,3.224037e-08,2.997382e-08,2.5882959e-11,1.3876815e-11
1.0,1.9248523e-09,5.620584e-17,3.5440125e-21,4.7955517e-21,6.9886546e-19,4.0783733e-20,1.0568666e-24,1.912381e-24
1.0,7.850465e-09,3.745018e-16,8.67621e-20,6.505746e-20,2.9982381e-18,1.6561941e-19,9.1287505e-24,1.396617e-23
1.0,3.274523e-08,2.1893156e-14,1.672538e-17,1.9095082e-17,2.3438852e-16,1.8458726e-17,3.2008449e-21,4.410662e-21
1.0,9.174711e-09,9.3562876e-17,4.567524e-21,5.9726046e-20,8.1406715e-18,1.8422059e-19,5.941823e-24,1.7820123e-23
1.0,1.5065558e-08,7.03407e-19,3.803151e-24,1.091041e-21,7.4211556e-20,1.6471187e-22,1.5584992e-27,1.1920614e-26
1.0,9.640209e-09,6.3668123e-19,5.4154394e-24,6.431834e-22,1.0936006e-19,4.2116844e-22,3.576242e-27,1.6687385e-26
1.0,5.645135e-09,1.03754025e-17,1.8083573e-22,2.3219335e-21,5.4625514e-19,9.9003e-21,8.193227e-26,2.1773266e-25
1.0,1.2816124e-12,3.2448664e-23,3.3524747e-28,7.201484e-26,3.444169e-23,8.5428447e-26,6.268018e-31,5.89759e-30
0.008754344,0.009790366,0.07991384,0.6258268,0.046971753,0.0059361635,0.12803271,0.07462929,0.020144815
0.99999964,3.3440665e-07,1.655944e-15,1.04430446e-20,5.0935006e-19,2.1818256e-16,1.9750046e-18,2.1590162e-23,7.98563e-23
1.0,1.8983966e-09,6.056795e-17,4.046602e-21,1.1446672e-20,1.495266e-18,4.4724383e-20,1.7319615e-24,4.6296503e-24
1.0,4.1556177e-08,3.2527404e-13,9.64325e-15,3.2572442e-15,6.363353e-15,1.0444908e-15,1.0954883e-18,1.1158257e-18
0.9999988,1.1798696e-06,1.0682025e-12,4.343248e-16,9.320268e-16,2.2034685e-14,1.6087952e-15,3.128415e-19,5.614229e-19
0.9999925,7.5041994e-06,3.3629523e-13,9.340348e-17,1.713974e-15,5.3302445e-15,9.067562e-17,1.8097397e-20,4.7065872e-20
1.0,6.2324665e-09,2.908666e-17,4.1595597e-19,1.6043713e-16,3.1426211e-16,8.864195e-19,2.2710975e-22,1.2883391e-21
0.9999974,2.6629004e-06,1.6837582e-14,8.759659e-20,9.260594e-19,1.0786137e-16,2.9661495e-18,3.0830764e-23,6.908757e-23
1.0,1.8572322e-11,3.5978903e-19,1.5043369e-22,9.650355e-22,9.6451024e-20,1.9147561e-21,1.974614e-25,7.9009044e-25
1.0,8.9220253e-10,1.5251365e-13,1.9322826e-13,1.5536886e-15,4.6068513e-14,5.781273e-14,1.7245122e-16,4.533752e-17
0.9810542,0.018234141,0.0006034616,0.00010645048,4.6941346e-07,1.7951649e-07,1.1147915e-06,8.813842e-09,8.9938995e-10
1.0,1.9838164e-11,3.1040374e-19,3.012758e-22,5.4002823e-22,7.360455e-20,2.1590357e-21,1.4755928e-25,3.375398e-25
1.0,1.4355516e-08,8.134495e-14,6.2867675e-16,1.0474469e-16,2.6087355e-16,4.859648e-17,3.0078232e-20,2.4415399e-20
1.0,1.5435502e-09,3.0766907e-17,4.4059703e-21,6.171676e-20,6.680159e-18,1.3844725e-19,9.716096e-24,3.5333717e-23
0.9999547,4.5247114e-05,8.106048e-14,5.673963e-19,4.1211544e-17,2.326224e-15,1.536536e-17,2.0588385e-22,8.1902165e-22
0.9999999,9.699694e-08,1.9445488e-14,4.3429666e-18,1.5014339e-17,4.35942e-16,1.9907923e-17,3.556119e-21,8.408818e-21
1.0,7.368347e-13,1.9438022e-23,5.432226e-29,8.283416e-27,1.1117569e-23,2.8980093e-26,1.032109e-31,1.0719843e-30
0.99999213,7.921492e-06,6.500133e-14,3.0871312e-16,3.1126113e-14,3.3880325e-14,2.1464843e-16,5.2952296e-20,1.4150134e-19
1.0,3.31551e-09,1.894289e-15,1.6523085e-17,3.0658519e-18,4.616511e-17,5.3708324e-18,1.5117876e-21,1.2335414e-21
1.0,1.3235745e-12,2.1984599e-24,7.2836075e-30,3.2661827e-27,2.8355163e-24,2.7930004e-27,7.952822e-33,8.708154e-32
1.0,1.28774135e-11,8.5994026e-20,7.968284e-24,6.463362e-23,3.1254942e-20,7.641956e-22,6.1962614e-26,1.9690477e-25
0.99996054,3.9423783e-05,4.3458393e-13,7.298164e-17,1.4318236e-14,3.2288035e-12,1.4224246e-14,8.952264e-19,2.0295193e-18
1.0,3.3630805e-13,3.2437509e-24,8.2900105e-30,2.0533655e-27,3.653703e-24,7.978552e-27,2.2586273e-32,2.822567e-31
1.0,1.1845272e-08,4.646453e-19,1.9725445e-24,6.5084205e-22,1.8731734e-19,3.2413916e-22,1.6503473e-27,1.1902802e-26
0.99999964,4.1355386e-07,8.361007e-11,3.5724707e-12,7.884206e-14,2.9162718e-12,6.446627e-12,5.359766e-15,9.551532e-16
0.99884784,0.001152094,6.347884e-10,6.493123e-12,6.851025e-10,2.6976782e-10,3.668961e-12,2.7668115e-15,6.6852617e-15
0.0020169509,0.0016015315,0.0022611292,0.005268842,0.0070326068,0.0022169373,0.24140497,0.019436168,0.71876085
1.0,6.1352903e-13,1.4032777e-21,2.0761064e-25,1.5648818e-24,8.2011863e-22,1.0783247e-23,2.5989556e-28,1.3333906e-27
0.9136042,0.08479595,0.0002295246,8.76055e-07,7.253694e-06,0.0012421669,0.000118685566,2.6148024e-07,1.0207407e-06
0.0002431302,0.00031196486,0.012030414,0.98148096,0.0055749184,1.2963697e-05,0.00023461434,0.000108296284,2.7275892e-06
0.99999976,2.7382933e-07,1.0320473e-13,2.8041795e-18,8.271264e-18,2.5274312e-16,1.743302e-17,1.8484686e-21,4.7916004e-21
0.9999987,1.2832681e-06,1.02514826e-13,2.2295946e-18,1.9100887e-17,5.5410444e-16,1.932029e-17,1.1291694e-21,2.5090165e-21
1.0,1.794982e-08,2.3326554e-16,1.812661e-21,1.0449385e-20,4.939583e-18,1.5251523e-19,1.3994374e-24,3.1012128e-24
0.011409916,0.9337968,0.051224235,0.00033451343,0.0031470486,5.4207998e-05,3.183534e-05,7.3704524e-07,6.4633673e-07
0.9997905,0.00020954837,9.366975e-12,3.8496237e-18,1.1925181e-16,1.7163307e-14,5.545114e-16,8.234893e-21,2.669505e-20
1.0,3.603757e-11,2.0019547e-19,1.3193227e-23,6.5590157e-22,4.724724e-18,3.473068e-20,4.7833557e-25,3.7300893e-24
0.9999647,3.5292753e-05,1.4541434e-08,6.1825056e-10,3.358651e-11,6.358352e-10,1.0325901e-09,1.9513592e-12,4.0106612e-13
0.9999999,1.1828343e-07,5.8471062e-12,1.2203778e-13,4.3850743e-15,2.8218552e-13,3.8741013e-13,1.5451174e-16,3.9852563e-17
0.0022072163,0.14587043,0.85072047,0.0005469945,2.83862e-05,3.560386e-05,0.0005334673,5.3736603e-05,3.7062696e-06
0.006415674,0.0155138625,0.1443031,0.3483652,0.100146756,0.009717673,0.18953954,0.14137739,0.04462085
0.97553885,0.024421837,3.915913e-05,1.0354575e-07,2.105968e-08,8.405852e-09,9.675408e-09,1.9465143e-11,5.8886056e-12
0.999998,2.0206503e-06,1.7429069e-13,1.2746806e-17,1.8464675e-17,5.475838e-16,3.8700684e-17,1.2406127e-21,1.2705564e-21
0.8970005,0.1029994,6.0990494e-08,3.6985018e-10,2.9826445e-08,6.174743e-09,1.2983829e-10,3.025269e-14,3.6498944e-14
0.99999964,3.543418e-07,2.0355052e-12,8.426811e-14,5.899413e-14,8.956428e-14,9.913403e-15,9.8464156e-18,9.764947e-18
0.9987878,0.0012119166,2.0585905e-07,9.541032e-12,1.8595889e-12,4.4851706e-11,3.471197e-11,7.516506e-15,4.5633066e-15
1.0,3.6854885e-08,5.139237e-17,2.4531525e-21,5.869028e-20,5.751346e-18,5.4329966e-20,1.3785506e-24,5.1892765e-24
0.051505543,0.94847864,1.559469e-05,5.2325233e-09,7.051831e-08,1.2680376e-07,7.4043047e-09,4.736335e-12,4.438187e-12
1.0,6.02991e-11,9.274468e-21,1.351958e-26,3.7965264e-24,3.2808907e-21,1.1281794e-23,9.0394274e-29,9.707333e-28
1.0,3.7409706e-12,2.1457344e-21,3.626096e-26,7.820362e-25,7.223069e-22,7.271082e-24,7.0492105e-29,3.9077802e-28
1.0,6.072829e-09,7.1498406e-16,4.3427473e-20,3.330373e-20,3.562289e-18,2.6376505e-19,8.690171e-24,1.2765333e-23
0.12588564,0.006018715,0.3275463,0.513102,2.7407226e-05,3.1330077e-05,0.027014297,0.00037274393,1.5356848e-06
0.00060031336,0.013036718,0.6914815,0.22851038,0.061729774,0.00039404928,0.0031879267,0.0009476843,0.00011161737
0.9999641,3.589168e-05,2.4989621e-10,1.1871217e-12,1.6927803e-13,1.6692603e-12,5.0016e-13,1.0350803e-16,5.0433278e-17
1.0,3.0287563e-08,9.641654e-18,4.3249707e-22,1.22667694e-20,1.6696876e-18,9.567849e-21,1.1813739e-25,3.7957864e-25
0.9998431,0.00015681329,1.4647295e-13,9.081358e-19,2.9110875e-15,7.893413e-14,1.3015656e-16,2.3898064e-21,2.0242148e-20
1.0,6.6694437e-09,8.174007e-16,3.5844926e-19,6.9733693e-19,2.1678377e-17,1.2670422e-18,1.7189638e-22,3.4098933e-22
1.0,8.564025e-10,1.3695074e-19,6.1511914e-24,5.7274074e-21,4.2406795e-18,3.5803483e-21,4.144767e-26,4.37456e-25
0.01069889,0.9621139,0.02686547,9.722154e-05,0.00019626954,1.7581735e-05,1.0655872e-05,6.8495574e-08,1.8217499e-08
1.0,2.382709e-12,9.687313e-22,4.380035e-26,1.9131252e-24,7.0087477e-22,4.3713595e-24,9.278959e-29,5.67123e-28
0.998403,0.0015961821,8.264832e-07,7.0477104e-09,3.1952024e-10,3.091278e-10,4.06461e-10,5.3573004e-13,1.2652294e-13
1.0,5.553123e-09,7.852137e-18,2.2938396e-22,2.4990294e-20,1.5830553e-18,1.1652063e-20,2.1118514e-25,1.2721914e-24
1.0,2.4395426e-09,8.7076224e-17,2.2229033e-20,2.4165957e-20,1.1818334e-18,7.077832e-20,3.498458e-24,4.6193127e-24
0.9998591,0.0001408941,8.300701e-13,1.23843835e-17,2.9839676e-16,6.056548e-15,7.0421876e-17,1.6747697e-21,4.752193e-21
1.0,4.2446073e-09,3.619718e-15,2.1034167e-18,1.4196479e-18,2.0690704e-17,2.1361253e-18,4.012353e-22,6.0418036e-22
0.99999666,3.321004e-06,4.393051e-13,1.199512e-17,1.813793e-17,1.3552501e-15,1.0871971e-16,2.871706e-21,4.344719e-21
0.99999917,8.881452e-07,3.05984e-13,3.1748507e-16,6.5261076e-17,1.3218003e-15,1.9255931e-16,9.711619e-21,4.9925576e-21
0.9999999,6.454714e-08,1.5580025e-16,5.545245e-21,8.904995e-20,3.4582908e-18,4.223304e-20,9.905569e-25,2.8791254e-24
0.9999995,5.279954e-07,1.3787616e-11,4.3503132e-13,2.7258101e-14,3.185253e-13,1.8838123e-13,1.7857812e-16,5.6883537e-17
1.0,6.6866397e-09,1.1816142e-15,2.608433e-19,5.0453504e-19,2.1339763e-17,1.3869629e-18,1.4403189e-22,3.298005e-22
0.9997956,0.000121582016,2.141003e-05,5.9773207e-05,3.3932797e-09,1.0270875e-08,1.5931026e-06,6.5756294e-09,4.354369e-11
1.0,1.8091853e-11,1.3440416e-22,3.191176e-29,3.444203e-26,4.5492087e-23,7.013976e-26,1.5635099e-31,2.4441556e-30
1.0,4.936328e-09,2.6897288e-16,1.6937751e-20,4.2426814e-20,3.8795937e-18,1.3372776e-19,6.1937864e-24,1.9678031e-23
1.0,2.4535268e-10,1.9672507e-20,3.3898763e-25,1.6417044e-23,6.262146e-21,3.0109985e-23,1.333853e-28,6.0492564e-28
1.0,5.0188312e-08,2.146355e-15,1.1622991e-19,3.114499e-19,1.2161534e-17,5.514559e-19,3.863766e-23,8.066646e-23
0.99999964,3.8837635e-07,1.8706008e-09,4.9599866e-09,9.119179e-12,8.319642e-12,6.05851e-11,4.3336013e-13,3.0064374e-14
0.9999999,6.551547e-08,9.02714e-18,2.48858e-23,1.00729854e-20,1.9650194e-16,2.9472295e-19,3.9401029e-25,3.043179e-24
0.9999993,7.216268e-07,3.5417906e-15,1.3457e-19,9.024483e-18,6.30189e-16,4.750655e-18,2.158432e-22,1.0527552e-21
1.0,5.0451745e-09,9.0732995e-18,1.4950576e-22,9.887426e-22,3.2501115e-20,5.972006e-22,1.7260831e-26,4.7368503e-26
1.0,3.7481485e-12,1.1141094e-22,1.1313097e-28,7.934361e-27,5.648614e-24,1.9794095e-26,8.0694713e-32,6.7857767e-31
1.0,5.9903926e-12,1.7604596e-22,7.498013e-28,6.750989e-26,1.7827468e-23,6.3458393e-26,5.1234627e-31,3.778599e-30
1.0,9.231078e-12,3.1397373e-21,7.634244e-27,2.2295472e-25,2.497807e-22,1.8279696e-24,1.2141018e-29,8.220138e-29
1.0,1.3889427e-11,2.273876e-18,1.685769e-20,9.318974e-21,5.268275e-19,2.5494172e-20,7.463698e-24,1.4514653e-23
1.0,1.0714392e-10,1.0520791e-18,1.0816871e-22,2.0159234e-21,5.755381e-19,1.1191582e-20,1.2448419e-24,4.1214677e-24
0.9999999,7.252718e-08,3.4449415e-13,5.3101313e-15,6.0318725e-16,7.1336064e-15,1.6616078e-15,7.5890647e-19,5.1102593e-19
1.0,3.195784e-12,2.6975212e-21,6.773251e-26,2.255253e-24,1.7330878e-21,1.535476e-23,2.6773462e-28,2.0625348e-27
0.9981748,0.00182506,9.176802e-08,1.2716188e-10,8.450684e-11,3.744686e-11,1.6549382e-11,1.15601456e-14,8.29286e-15
1.0,3.355416e-10,2.8659153e-21,1.5894872e-26,1.3469306e-23,4.4843775e-21,3.8971886e-24,3.5009458e-29,3.748168e-28
1.0,2.9947653e-09,6.6802385e-17,4.1095877e-22,2.6278357e-21,1.6030972e-18,5.1731785e-20,6.6477486e-25,2.1951496e-24
1.0,2.9132764e-12,2.9274136e-23,7.6012826e-29,1.0377691e-26,3.6516967e-24,9.19679e-27,4.6679004e-32,4.1471126e-31
1.0,3.3267538e-09,2.6245951e-17,2.7394156e-21,3.0904486e-20,5.0480077e-19,9.262305e-21,4.985167e-25,1.4036182e-24
0.0038408774,0.9931653,0.0018931621,3.7242804e-05,0.0009948057,5.4558564e-05,1.3853444e-05,1.6670377e-07,3.9528086e-08
0.9999999,8.812994e-08,7.456865e-17,2.5946725e-23,3.7575006e-21,1.9733632e-18,1.519356e-20,8.6280934e-26,5.1427065e-25
1.0,1.2163115e-09,3.2034304e-16,7.7259155e-19,1.7796053e-18,1.8668913e-16,1.03709705e-17,2.9561898e-21,5.252617e-21
1.0,5.3757563e-09,2.0423854e-16,2.51133e-19,3.728022e-19,8.161692e-18,3.4011555e-19,3.922441e-23,6.303435e-23
1.0,1.2580711e-08,1.5642146e-15,3.2811068e-19,2.6678378e-18,6.7112275e-15,1.663992e-16,3.9337733e-21,1.3394672e-20
0.9999995,4.757107e-07,1.7206288e-15,4.767008e-20,3.2891021e-18,4.4309252e-16,3.5587692e-18,7.784828e-23,2.6122812e-22
1.0,3.2805996e-08,1.2245007e-16,3.747309e-21,8.4665335e-20,1.1109082e-17,1.3525251e-19,4.572468e-24,1.71089e-23
1.0,5.152208e-11,4.3076532e-20,5.289703e-26,5.6291686e-24,5.2166343e-21,4.0381168e-23,4.0267233e-28,3.8390613e-27
0.99997723,2.281866e-05,1.4873469e-11,5.4935533e-15,8.3858125e-15,1.5712156e-14,1.9612914e-15,2.2073904e-19,1.7725786e-19
0.02252379,0.81494373,0.06654523,0.044013143,0.050926115,0.00056529796,0.0004705612,1.0462881e-05,1.6744888e-06
0.561525,0.32826307,0.087736644,0.02098918,6.103072e-05,4.6333338e-05,0.0013684189,1.0225963e-05,1.8947335e-07
1.0,2.857084e-10,1.0842625e-19,9.34234e-25,2.6424086e-23,6.94917e-21,6.736567e-23,5.749737e-28,2.9956176e-27
1.0,1.4934193e-10,2.0152343e-18,3.0360285e-22,3.8428234e-21,6.1929756e-19,1.0832037e-20,8.947162e-25,4.3694087e-24
1.0,1.5900596e-12,1.6929004e-23,5.6103104e-29,5.8026667e-27,2.1372516e-24,6.265162e-27,3.6187614e-32,2.739548e-31
1.0,1.367764e-11,9.2408514e-20,1.6080174e-23,2.7042167e-22,2.5548984e-20,3.3694342e-22,2.1730189e-26,1.1329136e-25
0.99999166,8.296687e-06,2.5268613e-12,3.6078302e-16,3.6744302e-16,6.1887323e-15,5.5044537e-16,3.4624036e-20,3.480599e-20
0.9999999,8.081799e-08,8.603855e-11,5.46276e-11,1.2986074e-13,1.1708473e-12,5.7277603e-12,1.4100006e-14,1.4157075e-15
0.9999993,7.600797e-07,2.9165583e-13,3.9521892e-17,1.35229315e-17,3.647616e-16,5.79316e-17,3.378443e-21,2.820233e-21
0.99999917,7.8021765e-07,2.3190597e-17,5.959345e-23,3.931717e-20,7.1711886e-18,9.143221e-21,6.67633e-26,4.4898935e-25
0.9999933,6.6995754e-06,1.3788213e-15,5.117614e-21,5.0626713e-18,4.1047156e-16,7.2598266e-19,1.1298644e-23,9.04305e-23
0.009885931,0.008670358,0.019404368,0.01371373,0.0105232205,0.013933862,0.35202512,0.042539954,0.52930343
0.9999995,4.227364e-07,1.1202033e-14,1.6157331e-16,4.3428887e-15,8.155973e-15,8.672512e-17,1.49213e-20,3.080607e-20
0.99999845,1.5064528e-06,1.330141e-14,2.9561913e-17,4.611527e-15,8.426684e-15,5.117553e-17,6.5191724e-21,2.3468204e-20
1.0,6.375323e-10,1.355051e-18,3.8018186e-23,3.7902068e-22,1.0480928e-19,1.8881724e-21,3.153365e-26,1.0007314e-25
0.99999833,1.672039e-06,1.4464112e-15,1.1985613e-19,8.249451e-17,2.8479372e-15,7.5106345e-18,1.4413939e-22,8.993938e-22
0.9999999,1.2350309e-07,1.5809799e-17,6.095577e-23,3.0383814e-21,1.9816753e-19,1.152848e-21,1.5090236e-26,5.463469e-26
0.999998,2.066059e-06,1.0734994e-13,9.691119e-18,1.8864087e-17,6.6798966e-16,3.2602798e-17,9.680532e-22,1.1804774e-21
0.0018856281,0.018367808,0.88234746,0.08411665,0.0029385744,0.00048220728,0.007961742,0.0015943509,0.00030563315
1.0,3.618319e-10,1.040568e-18,6.4611897e-24,4.2585495e-23,3.362722e-20,6.4463507e-22,4.9691754e-27,1.8063268e-26
0.9999913,8.742969e-06,2.0075522e-10,2.0710861e-13,1.73521e-13,1.6321081e-12,3.241465e-13,2.7200618e-16,3.9673107e-16
0.025276005,0.0010260685,0.025046717,0.94720334,6.484084e-05,3.003378e-06,0.0013049465,7.47615e-05,2.3916704e-07
0.9999356,6.433666e-05,3.9866198e-13,1.4836765e-17,1.06544615e-14,6.117319e-14,2.50122e-16,1.5657755e-20,9.628675e-20
0.9845478,0.01545196,1.9004065e-07,1.9746245e-12,1.8389314e-12,4.379252e-11,1.2781426e-11,1.7999308e-15,1.5231359e-15
1.0,1.1312931e-08,3.8224636e-18,5.757983e-23,7.621609e-21,7.569723e-19,2.692463e-21,4.6683956e-26,3.547468e-25
0.99999106,8.926644e-06,1.7066513e-15,1.7957917e-19,2.8674826e-16,8.5940674e-15,4.7986455e-18,9.7735215e-23,6.646786e-22
1.0,1.1341292e-09,4.5346514e-17,5.0930344e-20,5.3627405e-20,2.2177475e-18,8.068413e-20,6.0982494e-24,1.2966159e-23
1.0,8.887937e-10,4.4530016e-14,4.580275e-15,3.3007836e-16,6.7980865e-15,3.142347e-15,6.2453853e-18,3.3963343e-18
1.0,4.130705e-10,1.0627598e-19,4.7646208e-23,1.5839113e-20,4.718258e-18,4.7775844e-21,8.670724e-26,6.759032e-25
0.9999944,5.616405e-06,5.3577553e-15,7.225189e-19,5.708871e-16,6.859189e-14,7.410771e-17,1.2421616e-21,5.993909e-21
0.9968189,0.0031805479,4.29334e-07,3.6865552e-11,1.2563752e-11,2.5732488e-10,1.8013649e-10,6.1719015e-14,4.5452537e-14
0.99996924,3.0814244e-05,7.0081195e-14,2.4838454e-17,4.118926e-14,4.4722657e-13,5.7008054e-16,1.8022642e-20,9.520557e-20
1.0,1.0065154e-08,1.8168381e-18,7.320087e-25,1.1196182e-22,2.830141e-20,1.6155194e-22,7.9767536e-28,6.0807945e-27
0.0008137992,0.00089463114,0.03830301,0.8867711,0.0009874345,0.00017727615,0.048197333,0.023722207,0.00013328943
0.99998033,1.969987e-05,5.018605e-13,1.2003176e-15,3.3318316e-13,6.290624e-13,2.1726984e-15,3.0195835e-19,1.0282247e-18
1.0,5.380597e-13,1.4714072e-22,5.0996452e-27,1.3307801e-25,6.9945886e-23,4.8716554e-25,7.01645e-30,4.6403004e-29
1.0,9.828264e-09,1.9404439e-14,6.673492e-16,2.2567594e-16,4.6443685e-16,5.2320904e-17,4.3572007e-20,4.8040317e-20
0.99998474,1.5238182e-05,4.763321e-12,2.227416e-15,4.7015563e-15,1.1423676e-14,9.204633e-16,8.343129e-20,8.1238494e-20
