0.99455523,0.0054446217,2.6090512e-09,1.9737001e-07,5.0591357e-08,3.0366636e-14,3.119021e-11,3.2293707e-13,4.46403e-13
0.99963725,0.00036273318,6.611243e-13,3.7320983e-11,1.5036339e-10,4.001566e-19,4.048265e-15,2.9298344e-17,5.988353e-17
0.9975637,0.0024357846,3.0904456e-11,6.1724306e-09,5.049629e-07,1.3200135e-14,2.1652662e-11,4.1723263e-13,5.787434e-13
0.00036898328,0.0012812408,0.08455283,0.019577827,0.02879982,0.63538057,0.021636786,0.17080496,0.037596963
0.56229544,0.43770027,3.355712e-08,2.3154073e-06,1.9408617e-06,1.1812308e-11,1.8826307e-09,6.915604e-11,1.7666882e-11
0.99303836,0.006961118,1.3894287e-07,3.0357262e-07,1.4658254e-07,6.418657e-13,1.5062762e-10,3.2582266e-12,5.2156964e-12
0.95233506,0.047664862,7.668297e-09,9.729576e-08,2.5794632e-08,3.6022986e-14,7.5468945e-12,5.887058e-14,2.0934188e-13
0.30833447,0.69165444,6.9091334e-07,8.438201e-06,1.9808151e-06,4.8966508e-11,2.02282e-09,1.2415717e-11,2.232437e-11
0.000100037716,0.088082835,0.00019470949,0.015304837,0.0051195533,0.00066280056,0.8826262,0.0006852643,0.007223673
0.99799985,0.0020001023,1.1065121e-10,1.178122e-08,1.1766197e-08,9.79059e-16,1.238853e-12,1.5588137e-14,2.2094104e-14
0.45624942,0.5436662,4.5269706e-05,3.523578e-05,3.8078965e-06,1.9289925e-09,3.432178e-08,4.7745e-10,1.667132e-09
0.9561534,0.04373985,7.833714e-07,6.331943e-05,4.24803e-05,5.726585e-09,8.750928e-08,8.625726e-09,6.7011756e-09
0.013319227,0.9635235,0.012992349,0.010048042,8.279699e-05,4.466854e-06,2.8805203e-05,4.599995e-07,3.6904797e-07
0.023782058,0.97579783,0.00015115469,0.00026524224,3.6829906e-06,4.2777195e-09,5.887439e-08,4.324444e-10,5.2696464e-10
0.99909496,0.0009050675,1.5731482e-13,6.271326e-11,1.359763e-08,3.7451806e-18,1.1142596e-13,6.532284e-16,8.5112263e-16
0.98908514,0.010914241,4.939966e-08,4.5001494e-07,2.3176186e-07,1.2485115e-12,2.3361174e-10,2.9430724e-12,3.8717475e-12
0.99978524,0.000214713,4.126896e-14,1.751123e-12,2.9144178e-12,1.9863928e-22,8.857056e-18,2.0766161e-20,3.1195828e-20
0.99988115,0.000118798045,3.122155e-13,3.819829e-11,9.966773e-11,3.047158e-19,3.4268033e-15,3.078062e-17,5.1551186e-17
0.99971706,0.0002829482,1.0718462e-12,1.5346009e-10,3.3110886e-10,1.4657175e-18,7.856218e-15,1.0192864e-16,9.9789534e-17
0.9998994,0.00010060842,4.8089896e-14,2.1560757e-12,4.617502e-12,5.716286e-22,1.4698718e-17,5.737483e-20,9.885649e-20
0.0027246026,0.049787663,0.16297804,0.7717481,0.00064308505,0.008911904,0.0030735133,7.434147e-05,5.8769638e-05
0.99994767,5.2309108e-05,4.0092176e-16,2.6497785e-13,5.137756e-12,1.415634e-22,1.596515e-17,7.372855e-20,1.2502385e-19
0.99771106,0.0022889124,1.6759955e-09,1.7675834e-08,4.6469246e-09,1.5617956e-15,1.4964133e-12,1.3215312e-14,2.735147e-14
0.48096776,0.51901555,3.3758895e-06,1.0205744e-05,3.0618046e-06,4.6680104e-11,2.6341984e-09,3.7901033e-11,3.997577e-11
1.4199147e-05,0.08478708,3.1310017e-05,0.015403206,0.004554686,0.0008119409,0.74683285,0.00026104864,0.14730361
0.23639503,0.7626272,4.6263704e-05,0.0007533754,0.00017584648,9.855758e-08,1.7842208e-06,3.1832863e-07,9.3500034e-08
0.04902151,0.94237334,0.00058833265,0.007662961,0.0003330408,2.162962e-06,1.6361724e-05,1.6317787e-06,6.2498714e-07
0.53355074,0.4664434,7.4895127e-07,3.7867417e-06,1.3267827e-06,3.1629812e-12,5.113342e-10,6.135255e-12,4.863162e-12
0.98682666,0.013172333,1.6651744e-07,6.6137e-07,2.849018e-07,3.7472087e-12,3.9325013e-10,8.2901255e-12,2.367875e-11
0.4883692,0.51162547,9.150723e-07,4.1664466e-06,2.2995273e-07,2.338308e-12,2.5634675e-10,2.1931998e-12,3.4494864e-12
0.069938436,0.80725586,0.008852524,0.10807401,0.004804738,0.0009377361,0.000106711734,2.0603806e-05,9.496437e-06
0.99005777,0.009942171,2.9901624e-08,6.082423e-08,4.237405e-08,1.6655579e-13,3.8669033e-11,6.0085877e-13,2.406075e-12
0.99991894,8.103367e-05,1.1177739e-14,3.1382698e-12,1.106227e-11,4.125922e-21,9.305805e-17,5.0524724e-19,1.0341049e-18
0.9313859,0.0685263,2.43661e-05,5.8287187e-05,5.0599147e-06,1.7521427e-09,2.0864565e-08,3.5972672e-10,8.7941915e-10
0.9759854,0.024014607,7.061236e-11,1.1408486e-08,1.1976189e-08,4.1827e-16,8.3579357e-13,6.0030195e-15,9.949963e-15
0.06006576,0.91068727,0.024835113,0.004319747,7.334897e-05,1.2803278e-05,5.2837804e-06,1.3490829e-07,5.017555e-07
0.6910925,0.3089051,1.6025047e-07,1.8063389e-06,4.4742487e-07,5.210145e-13,1.0558672e-10,1.0616519e-12,8.541976e-13
0.0069163153,0.056916833,0.7733949,0.1505391,0.0005785001,0.011034258,0.00044555418,3.1460637e-05,0.00014305908
0.9913722,0.008622856,1.7033514e-07,3.2878218e-06,1.5568266e-06,3.7074233e-11,5.417298e-09,1.5381386e-10,2.884879e-10
0.9664342,0.033565864,8.0685725e-10,1.8734257e-08,4.7231865e-08,6.1649116e-15,1.0126465e-11,1.299873e-13,1.6011355e-13
0.999874,0.00012596462,4.5415308e-14,9.205775e-12,1.2967084e-10,6.9456753e-20,1.3518312e-15,1.1356917e-17,2.0902118e-17
0.9961067,0.0038932243,2.5985782e-09,3.5448256e-08,4.6580034e-08,3.8388726e-14,1.6311544e-11,2.6963273e-13,6.4976437e-13
0.99981076,0.00018924712,1.0931592e-13,1.5109181e-11,1.10338974e-10,1.4459275e-19,1.8529392e-15,1.41417e-17,2.9673854e-17
0.8986287,0.10137097,4.53266e-08,2.5803092e-07,1.4947034e-07,6.490648e-14,2.9690167e-11,3.1941873e-13,3.6359845e-13
0.9988193,0.0011807341,4.982357e-11,2.8980491e-09,2.4525435e-09,2.3764163e-16,2.669512e-13,2.378077e-15,3.2761644e-15
0.9995658,0.00043423625,1.1374297e-12,1.1110977e-09,4.0886246e-09,4.2148796e-17,4.1456189e-13,4.987288e-15,7.0067984e-15
0.9792772,0.020722836,2.005913e-10,1.5029139e-08,2.5462116e-08,1.7584494e-15,2.2020875e-12,2.6796089e-14,3.4176627e-14
0.9958099,0.0041900952,4.7289944e-10,8.053922e-09,1.4643527e-08,1.7674863e-15,2.8991943e-12,4.0652645e-14,4.025144e-14
0.023829533,0.92905307,0.03309809,0.013609495,0.00030704556,7.546551e-05,2.597353e-05,8.6545e-07,4.1249163e-07
0.9288785,0.07112127,4.151529e-10,8.21716e-08,6.114621e-08,6.800232e-15,9.748984e-12,7.4244545e-14,7.764129e-14
0.04466091,0.9553032,1.9117058e-06,2.8531058e-05,5.396286e-06,2.723157e-10,1.8237433e-08,1.7703107e-09,1.2042337e-10
0.9706467,0.029353341,1.2566381e-10,2.9981146e-09,2.2064583e-09,2.7635725e-17,6.5636854e-14,4.174604e-16,3.8453117e-16
0.9805802,0.019418674,5.9477593e-08,4.3328996e-07,6.019589e-07,2.302945e-12,2.9451097e-10,5.6197013e-12,4.8646707e-12
0.9996706,0.00032941205,9.302081e-12,1.1786113e-09,2.6317255e-09,1.10848164e-16,3.0958358e-13,5.61606e-15,1.3006178e-14
0.98986316,0.010136839,2.54777e-09,3.0924145e-08,9.359097e-09,2.178876e-15,2.0855232e-12,1.3915081e-14,2.508867e-14
0.00023099384,0.014913731,0.025913676,0.8814614,0.028620128,0.01761506,0.029884135,0.00046882342,0.000891975
0.96548206,0.034510277,1.0005619e-09,1.6246318e-07,7.4777713e-06,1.2812944e-12,1.2888826e-09,7.823247e-12,1.19512325e-11
0.17386335,0.82595646,9.314705e-06,0.00015470931,1.6066135e-05,1.3575704e-08,7.026053e-08,4.4369214e-10,8.325546e-10
0.5960437,0.40395465,2.2122286e-07,1.2581485e-06,2.1179687e-07,7.9866756e-13,1.4812655e-10,1.2626234e-12,2.2186246e-12
0.9995697,0.00043024687,9.597979e-13,1.2367107e-10,1.2606415e-09,1.2045102e-17,3.363421e-14,4.688894e-16,6.086727e-16
0.9997538,0.00024626503,1.9021265e-12,1.12675876e-10,1.9029446e-10,1.8006682e-18,1.3701507e-14,1.0280242e-16,2.795227e-16
0.9687982,0.031193273,4.976526e-07,5.2873625e-06,2.7198407e-06,6.432503e-11,3.0844511e-09,5.1274124e-11,8.133044e-11
0.12913662,0.87081933,3.7653164e-05,5.6853687e-06,6.948207e-07,7.154308e-11,3.4189624e-09,2.9163973e-11,5.103619e-11
0.99947006,0.0005299175,5.516433e-11,1.5792395e-08,3.8986556e-08,6.9161617e-15,4.975825e-12,4.0141477e-13,3.3256435e-13
0.99948263,0.0005173445,7.3508e-12,1.5916503e-10,1.12018624e-10,2.5365297e-19,1.0435522e-15,6.0612147e-18,7.333063e-18
0.8580167,0.14198251,5.406016e-09,6.0556977e-07,1.7541645e-07,1.1644793e-13,2.246112e-10,1.0220554e-12,1.1765265e-12
0.42360613,0.57638454,3.8351477e-06,4.5364864e-06,9.3642126e-07,2.3628682e-11,3.5790162e-09,2.830141e-11,4.0057967e-11
0.019935358,0.8859394,0.022251677,0.07040117,0.000856156,0.00028313798,0.00024792462,8.277748e-05,2.3508446e-06
0.99160844,0.008391525,9.793433e-10,1.5668835e-08,1.1717901e-08,2.5615693e-15,1.8858665e-12,2.903875e-14,5.0163646e-14
0.00020658747,0.0113389315,0.27220172,0.71467346,0.000557675,0.00019059466,0.00081302517,9.7996335e-06,8.156827e-06
0.99989057,0.00010938867,2.9859218e-13,2.4976668e-11,9.996148e-11,3.2367422e-19,3.3634143e-15,3.8740544e-17,8.6883213e-17
0.9998677,0.00013225997,1.4605967e-14,5.0107926e-12,9.3700256e-11,2.876698e-20,8.769106e-16,8.346618e-18,1.1231815e-17
0.999796,0.00020410349,5.5834867e-13,3.0433333e-11,1.9781074e-11,1.2713669e-20,1.667592e-16,7.5155583e-19,1.1655921e-18
0.29095346,0.70898217,3.2946948e-06,5.6982983e-05,4.0912364e-06,1.3952584e-10,5.7334892e-09,6.397371e-11,6.0916897e-11
0.014732697,0.9739042,0.009845543,0.0015056342,1.0709753e-05,1.5725915e-07,1.0502271e-06,1.4746729e-08,1.1752948e-08
0.004009264,0.04038443,0.9194025,0.027839364,0.0003099663,0.0076871607,0.00024718975,1.5055996e-05,0.00010511346
0.7755336,0.22446148,8.0269973e-07,2.9088567e-06,1.2305263e-06,3.492121e-11,2.1273887e-09,3.1305437e-11,1.00999306e-10
0.41141832,0.5882543,0.0001792291,0.00013471051,1.3426963e-05,1.8360866e-09,3.8516905e-08,8.850228e-10,9.848317e-10
0.04809985,0.9491917,0.0013246029,0.0013004949,8.134762e-05,3.0671455e-07,1.5922868e-06,4.5616797e-08,2.637883e-08
0.014854578,0.91779846,0.038215186,0.028997663,0.000115358496,6.4504607e-06,1.1891978e-05,2.3238816e-07,1.8221648e-07
0.9753052,0.02469468,3.355667e-10,1.5404078e-08,8.6863345e-08,4.5391238e-15,6.2236227e-12,9.3339555e-14,9.176197e-14
0.9836188,0.016381199,3.078333e-08,5.2287664e-08,1.3267757e-08,9.605039e-15,5.613714e-12,6.5442646e-14,9.071941e-14
0.50333494,0.49612013,2.6257267e-06,0.00042605732,0.000116017625,1.0357587e-08,2.1638522e-07,2.550739e-08,9.876193e-09
0.9957081,0.004291895,4.3022084e-09,1.6432173e-08,4.799461e-09,1.2133626e-15,7.036815e-13,8.319583e-15,1.2168305e-14
0.99993896,6.0985178e-05,2.604522e-14,1.0309842e-11,3.845014e-11,8.8012114e-21,3.162295e-16,2.0197596e-18,2.4323763e-18
0.99929893,0.00070105016,9.0408604e-11,3.3048278e-10,9.21689e-11,1.2618913e-18,3.8035477e-15,1.9447585e-17,4.2317316e-17
0.013098347,0.9856607,0.0003797345,0.0008368085,2.1875376e-05,8.045788e-08,2.4384958e-06,2.6206038e-08,1.8799689e-08
0.9999597,4.0334722e-05,2.8699205e-16,5.6613368e-14,3.4557868e-13,3.953617e-24,5.907856e-19,1.6341672e-21,2.8956126e-21
1.8511588e-07,0.0031520403,1.8668416e-07,5.4144755e-05,0.0052624345,2.9978537e-06,0.017966012,0.0001684753,0.9733935
0.95179313,0.048206866,9.38073e-11,1.9683483e-08,3.8790752e-08,1.5427868e-15,3.243964e-12,2.4463311e-14,2.985651e-14
0.99879587,0.0012041638,3.3856893e-11,2.2330053e-09,8.83973e-09,6.940423e-16,1.6021984e-12,9.735202e-14,6.4606964e-14
0.00060230616,0.111094594,0.027693164,0.71874875,0.002533418,0.0034000194,0.13317028,0.00059747393,0.0021600486
0.015114083,0.98452395,0.00017281684,0.00018128796,7.729684e-06,5.2529368e-09,7.539716e-08,7.58674e-09,5.836646e-10
0.9835141,0.016485896,5.0854017e-12,3.3277142e-10,6.3697025e-10,1.2539649e-18,8.711229e-15,3.508204e-17,5.559009e-17
0.95957726,0.04042272,2.8413763e-10,3.3269938e-08,3.4386e-08,3.5500078e-15,3.760971e-12,3.2707276e-14,4.730059e-14
0.65066445,0.34933504,3.4619276e-08,3.9276793e-07,1.2643378e-07,7.165102e-14,3.6994015e-11,2.4126683e-13,2.049199e-13
0.9995511,0.00044883793,1.5196423e-12,8.857092e-11,5.944038e-10,3.0949149e-18,2.6926811e-14,2.3870463e-16,4.6105703e-16
0.9997738,0.00022620802,5.432033e-14,1.4684672e-11,1.6784159e-10,1.4616736e-19,1.2574798e-15,1.177243e-17,1.4927458e-17
0.99896324,0.0010367073,5.0548966e-12,8.163985e-10,8.5025537e-10,2.494215e-17,3.960832e-14,2.3536973e-16,5.0883657e-16
0.9899671,0.010032914,2.819455e-11,3.1353238e-09,5.9105387e-09,1.1709732e-16,3.7953557e-13,4.562482e-15,5.0257616e-15
0.99583167,0.004168242,4.0720223e-09,4.5859036e-08,8.486164e-08,3.8753123e-14,2.6745673e-11,5.650952e-13,5.7088026e-13
0.9999783,2.1754295e-05,2.9937188e-16,1.6955252e-13,8.632409e-13,2.7106633e-23,2.6117132e-18,1.1212792e-20,2.1871659e-20
0.99149984,0.00850022,1.5217598e-11,7.553062e-10,3.0837615e-09,3.101037e-17,1.1759596e-13,1.0830667e-15,1.4934055e-15
0.99742705,0.002572955,1.6797638e-10,1.5056457e-08,5.2392274e-08,1.54776e-14,8.812915e-12,1.4364608e-13,2.295878e-13
0.7526411,0.24735561,2.1655529e-08,2.4398198e-06,9.370851e-07,1.7523974e-12,1.5835901e-09,1.0756911e-11,1.2564452e-11
0.1793421,0.8202674,2.520862e-05,0.00034096383,2.4087656e-05,3.9295043e-09,2.227933e-07,3.0892016e-09,1.7609532e-09
0.0015912858,0.039427966,0.16943534,0.7152597,0.0033864372,0.0109375715,0.057845518,0.0015412427,0.00057503866
0.37321904,0.6232193,8.907758e-06,0.00015231228,0.0033962133,1.8414788e-07,3.7716488e-06,1.5495041e-07,1.481254e-07
0.8945033,0.105495736,2.0845635e-08,4.5319933e-07,5.391841e-07,5.435243e-13,2.6281055e-10,3.9036764e-12,4.5694082e-12
0.040343434,0.95930904,3.0438736e-05,0.0002653356,5.1355353e-05,1.399916e-08,3.3931224e-07,6.584057e-08,3.249783e-09
0.90495825,0.0950413,1.2857705e-08,1.4630835e-07,3.5809623e-07,2.2209162e-13,1.1454816e-10,1.5701541e-12,1.8135104e-12
0.022069354,0.9776919,4.5343393e-05,0.00017841558,1.488037e-05,6.9198856e-09,1.4142148e-07,1.6214292e-08,1.1725649e-09
0.99571806,0.004277468,4.325135e-08,1.8488736e-06,2.61578e-06,6.4991304e-11,4.0739034e-09,5.9934757e-10,9.0725266e-10
0.9752814,0.024718393,2.3508792e-10,8.594412e-08,9.3770275e-08,1.1784717e-14,1.1668207e-11,1.6468324e-13,1.965197e-13
0.99986196,0.00013800764,1.1867983e-13,2.7931648e-11,5.135783e-10,6.1717926e-19,7.962603e-15,1.10925225e-16,1.5428254e-16
0.9811685,0.018831186,4.0552493e-08,3.2441113e-07,3.22421e-08,5.9877335e-14,4.5609374e-11,2.5057525e-13,3.6662806e-13
0.9991516,0.0008484255,5.7398186e-10,3.2746714e-09,8.9269964e-10,3.7360052e-17,4.2482738e-14,4.2221292e-16,6.022205e-16
0.00047926302,0.0034961142,0.8074425,0.044087626,0.00022051595,0.1422121,0.0005698901,5.136059e-05,0.001440675
0.03258957,0.89111906,0.014655383,0.025703559,0.035261966,0.00040933109,0.00024060167,1.4591495e-05,6.0810917e-06
0.6920791,0.30769047,2.9882349e-06,0.00017656012,5.0705778e-05,3.7099046e-09,9.778087e-08,1.2732291e-08,4.6357225e-09
0.9972818,0.0027181322,7.48883e-11,1.222662e-08,1.3495149e-08,1.1803325e-15,1.7944681e-12,2.891545e-14,2.8741583e-14
0.99971133,0.00028865846,1.6481402e-13,1.1239421e-10,5.1737936e-10,1.1296866e-18,2.3850967e-14,1.7780418e-16,2.8548833e-16
0.28322467,0.71675014,1.710558e-05,7.757588e-06,2.7538283e-07,4.1677976e-12,3.6942713e-10,1.9944517e-12,2.5861518e-12
0.9967528,0.0032471889,3.0310407e-10,5.899394e-09,7.0990276e-09,6.1358754e-16,8.712937e-13,1.0818128e-14,1.4453907e-14
0.00035758346,0.020538677,0.01395022,0.2874389,0.00427201,0.48195615,0.1728899,0.0020331042,0.016563376
0.9948789,0.005119713,1.1609849e-09,4.9623015e-08,1.2943926e-06,2.9684295e-13,1.5719326e-10,3.5017453e-12,5.623088e-12
0.17115618,0.82792604,4.52922e-05,0.00080449466,6.7687244e-05,2.1394753e-08,3.3237694e-07,7.881897e-09,4.8358486e-09
0.00018539708,0.046013974,0.002475749,0.8824441,0.026750484,0.00013858426,0.041127317,0.0001810932,0.0006833657
0.8812747,0.11872455,2.9596928e-08,2.9038745e-07,3.8078502e-07,9.378916e-13,2.253727e-10,2.6574014e-12,7.3462824e-12
0.99951756,0.0004824787,1.9381636e-12,7.90607e-11,7.756156e-11,9.407936e-20,6.2434026e-16,4.372682e-18,3.808803e-18
0.01109608,0.9763387,0.00086046907,0.011493399,0.00018917288,1.7718247e-06,1.9939986e-05,2.8669632e-07,1.7310734e-07
0.99972016,0.00027984683,2.175777e-12,1.6549268e-10,3.9628967e-10,4.6701004e-18,2.4844339e-14,2.6697507e-16,7.190421e-16
0.4983987,0.5013223,7.3641263e-07,2.0183443e-05,0.00025793962,2.5980091e-09,9.7972936e-08,2.4055262e-09,2.3436075e-09
0.99955755,0.00044240378,3.4219887e-13,1.0124305e-11,9.613808e-12,4.1129775e-21,7.342966e-17,2.5461428e-19,3.2908587e-19
0.99850464,0.0014953541,5.597459e-13,1.5703899e-10,1.7521826e-08,1.8563852e-17,3.1050737e-13,1.8442186e-15,2.6334904e-15
0.6525121,0.3474868,1.1773009e-07,9.2411165e-07,7.8351064e-08,2.461543e-13,1.5892516e-10,4.9858446e-13,8.531569e-13
0.99958473,0.00041522528,2.7016642e-12,1.6278932e-10,7.551159e-10,5.0279487e-18,4.134356e-14,4.2646468e-16,6.513237e-16
0.9985361,0.001463933,9.99754e-12,1.556163e-10,2.8218647e-10,2.9067565e-18,1.6134255e-14,1.2090719e-16,2.4941295e-16
0.90264404,0.09557235,1.2854121e-05,0.00031577924,0.0014517744,2.9438363e-07,2.6801292e-06,8.7651806e-08,8.185879e-08
0.87315226,0.12684768,2.6137892e-09,2.8407028e-08,6.4015704e-09,8.767737e-16,1.4972763e-12,3.7205766e-15,7.780748e-15
0.9904929,0.009507036,1.0591288e-08,3.1958372e-08,2.0096776e-08,6.909247e-15,5.7155565e-12,5.4409537e-14,7.497375e-14
0.9912525,0.008746963,7.2621674e-08,3.37109e-07,1.626736e-07,1.3210715e-12,1.4793e-10,2.657083e-12,7.955692e-12
0.09531569,0.9035758,7.050456e-05,0.0010041975,3.268424e-05,1.7069288e-08,1.0863929e-06,1.5338708e-08,7.636493e-09
0.6146415,0.3852852,2.64473e-07,1.3577715e-05,5.94157e-05,3.6593895e-10,1.7771944e-08,2.9870315e-10,3.072565e-10
0.00016370235,0.16381688,0.00068377936,0.0779941,0.010284121,0.0015785083,0.55265653,0.0008327727,0.19198959
0.9391685,0.06083116,4.2716998e-08,2.1256673e-07,1.14956386e-07,2.2305454e-13,5.9877964e-11,8.749169e-13,1.7144456e-12
0.99405766,0.00594207,2.532837e-09,1.790267e-07,9.434539e-08,3.31317e-14,3.2174565e-11,5.0264654e-13,6.09274e-13
0.29524186,0.70472264,4.0333664e-08,2.0485188e-06,3.3426135e-05,2.8524863e-11,3.6642287e-08,2.0930475e-10,1.7056584e-10
0.99987614,0.00012383825,8.1800526e-14,9.225341e-12,5.343336e-11,2.9969374e-20,2.0968699e-16,1.8405738e-18,1.9740076e-18
0.9999324,6.7545334e-05,4.817586e-14,7.666135e-12,1.8450286e-11,1.2072689e-20,1.2466258e-16,6.215584e-19,1.0615135e-18
0.99964356,0.000356417,1.7916224e-13,2.5016643e-11,1.1245178e-10,7.732385e-20,1.2570954e-15,8.592215e-18,9.957111e-18
0.99981946,0.00018057108,2.6882728e-13,1.1620192e-10,9.900476e-10,3.59937e-18,3.096614e-14,4.1970326e-16,7.9461177e-16
0.9994646,0.00053538993,1.7051608e-11,5.203498e-10,4.2988207e-10,4.842206e-18,1.4140601e-14,1.2657467e-16,1.7662135e-16
0.9998204,0.0001796307,6.5796144e-14,1.0332202e-11,7.6519685e-12,2.0533319e-21,3.3036403e-17,1.253857e-19,1.9651136e-19
0.99834883,0.0016512353,1.2910513e-10,2.5534004e-09,1.2488316e-09,5.591346e-17,1.0882595e-13,8.359834e-16,1.1553118e-15
0.9487258,0.051274087,1.1376784e-08,9.070108e-08,2.1604913e-08,1.702038e-14,1.0926457e-11,7.2293266e-14,1.7446428e-13
0.091166526,0.89780647,3.4823766e-05,0.00070632185,0.010264874,5.6301524e-06,1.4441782e-05,6.116735e-07,3.0518223e-07
0.04448383,0.9533619,0.002078541,7.482617e-05,9.404996e-07,1.2647968e-09,5.206027e-09,6.4815334e-11,7.784696e-11
0.983145,0.016851297,1.5578964e-07,3.314009e-06,2.5677994e-07,2.037906e-12,4.5955992e-10,7.418494e-12,7.33769e-12
0.9980609,0.0019391387,8.735765e-12,1.4125113e-09,7.648894e-09,2.2255314e-16,4.893704e-13,4.009035e-15,7.237581e-15
0.022857688,0.97365314,0.0013638668,0.0020911398,3.3012173e-05,6.557745e-07,4.5766205e-07,5.1426845e-09,5.5546e-09
0.63694507,0.36305434,4.3061856e-09,2.209735e-07,3.7305193e-07,1.3543864e-13,1.082479e-10,4.2817893e-12,1.0693362e-12
0.9798712,0.01992293,2.726037e-07,1.7577053e-05,0.00018796245,1.231478e-09,8.1533784e-08,4.2929713e-09,3.5108654e-09
0.82457715,0.17542268,2.2294322e-10,2.7365925e-08,9.894664e-08,4.6390317e-15,1.11990625e-11,3.2084125e-13,8.0754725e-14
0.98226434,0.017735727,1.034229e-09,1.10395115e-08,7.893692e-09,1.4410494e-15,1.38368e-12,1.6411074e-14,3.0110866e-14
0.9998066,0.00019346722,2.2616003e-13,2.569574e-11,2.1809856e-11,2.4688815e-20,3.012851e-16,1.8125068e-18,2.455771e-18
0.8107275,0.1892723,3.0520933e-08,6.325163e-08,4.8487923e-08,1.4202092e-14,8.293933e-12,6.5322266e-14,1.0038233e-13
0.99945515,0.000544849,2.2654613e-11,1.0434252e-09,6.5842567e-09,9.79107e-17,2.7861418e-13,4.9809946e-15,5.795095e-15
0.9998369,0.00016306712,5.9880506e-14,1.170204e-11,1.8269875e-10,9.488047e-20,2.137239e-15,1.949513e-17,3.2718143e-17
0.31763706,0.6818041,7.6962004e-07,3.144767e-05,0.0005262475,9.018904e-09,3.3780245e-07,1.0062274e-08,7.219081e-09
0.24062443,0.75927305,1.7356468e-05,8.201763e-05,3.1322622e-06,7.446408e-10,1.2736204e-08,1.0529713e-10,1.0942781e-10
0.96373683,0.036154695,4.0324258e-07,8.416773e-06,9.963242e-05,6.4238354e-10,3.7781536e-08,1.2429591e-09,1.2930006e-09
0.96800494,0.031995095,1.434628e-10,5.258776e-09,1.9764288e-08,3.7783315e-16,9.301275e-13,7.900449e-15,1.0053845e-14
0.0070896395,0.29617307,0.029655399,0.58991206,0.0089222165,0.0019466633,0.036527447,0.029604437,0.00016909944
0.0016632555,0.11648079,0.87615615,0.0056669754,1.1285629e-05,1.37596035e-05,7.2868133e-06,2.001079e-07,2.0583089e-07
0.9994553,0.00054473843,3.570181e-11,6.430712e-10,7.7608114e-10,5.506493e-18,1.42684e-14,1.4670634e-16,1.6005519e-16
0.009799556,0.08977718,0.11687777,0.16855638,0.3907992,0.19570926,0.023359561,0.004159181,0.00096190826
0.93641096,0.06174353,2.8551167e-06,0.00019415488,0.0016443569,5.2038075e-08,3.819439e-06,1.5872664e-07,1.050224e-07
0.9989831,0.0010169336,7.095295e-11,5.331893e-09,7.02958e-09,4.2020569e-16,6.293623e-13,1.1330811e-14,1.3582744e-14
0.9987508,0.0012491108,2.325206e-11,4.692599e-09,1.0125248e-07,3.5946782e-15,4.033018e-12,7.098859e-14,1.0516578e-13
0.98878515,0.011214849,9.278031e-12,7.8742896e-10,2.4846898e-09,1.15661e-17,4.5842534e-14,3.3136077e-16,4.1179253e-16
0.9999641,3.5907877e-05,8.953398e-17,7.854537e-14,1.7578118e-12,1.0072455e-23,1.8883237e-18,6.6618917e-21,1.1997411e-20
0.0036857761,0.4876764,0.103546195,0.40352544,0.00022180007,0.00017545227,0.0011541962,6.4286137e-06,8.321378e-06
7.8202356e-05,0.0016608597,0.9558983,0.035589382,1.31494735e-05,0.00669883,5.724206e-05,1.4146633e-06,2.6698935e-06
0.99988925,0.00011073593,1.9281534e-15,1.0305746e-12,8.865257e-12,5.8349105e-22,5.52876e-17,1.5531342e-19,3.2481048e-19
0.99529946,0.0047005513,2.5722462e-12,1.1016191e-10,3.225023e-11,2.600641e-20,1.5774258e-16,4.1212878e-19,5.6859837e-19
0.9965557,0.0034443685,3.4345273e-11,4.110736e-09,2.7909282e-09,9.832332e-17,2.1794343e-13,7.6595385e-15,2.1925448e-15
0.033968147,0.9659065,8.170208e-05,4.300969e-05,5.351749e-07,3.687857e-10,1.6898431e-08,7.0661206e-11,1.570953e-10
0.1154329,0.8845387,1.4472563e-05,1.3528123e-05,3.4537726e-07,8.5167715e-12,4.9964627e-10,2.660547e-12,3.1322427e-12
0.00018922816,0.1362108,0.0014259636,0.30397257,0.049645733,0.0004315221,0.50571966,0.0003443749,0.0020601037
0.9927487,0.0072513726,3.928776e-13,1.2058815e-11,1.9147562e-11,3.357967e-21,9.557041e-17,1.5411371e-19,2.6937517e-19
0.97120506,0.028794933,6.437231e-10,1.4496103e-08,4.7384617e-08,5.2913623e-15,5.4471362e-12,6.794182e-14,9.854848e-14
0.91317546,0.0868242,5.9129754e-09,1.8853461e-07,1.330476e-07,1.8445334e-13,4.4122525e-11,3.39151e-13,4.858845e-13
0.98612773,0.013872031,4.203286e-09,1.538781e-07,1.16158596e-07,1.3788741e-13,2.9314825e-11,3.7728997e-13,4.0439643e-13
0.03814573,0.40214127,0.02163156,0.23589592,0.28956285,0.008319382,0.0037319432,0.0004551821,0.00011617724
0.99987304,0.00012694145,1.13329756e-13,3.6927687e-11,2.7760472e-10,5.113433e-19,5.891962e-15,7.4687004e-17,1.340184e-16
0.9957218,0.0042781658,5.5608036e-11,4.0720005e-09,9.510997e-09,7.0796316e-16,2.576761e-12,9.0433974e-14,3.974902e-14
0.9988495,0.0011505071,4.1104453e-11,7.6291345e-10,1.0728721e-09,3.6211535e-17,1.0147892e-13,1.1190083e-15,2.1674449e-15
0.98641545,0.013584326,6.9422303e-09,1.8195603e-07,8.4177316e-08,1.2738228e-13,3.6038183e-11,3.272398e-13,3.6209019e-13
0.0009641118,0.014913167,0.9245386,0.03103681,0.00046621443,0.027409727,0.00060420786,4.3657947e-05,2.3459968e-05
0.99840003,0.0016000028,9.0834745e-10,1.6016948e-08,6.3508168e-09,1.4441325e-15,1.484162e-12,1.9584345e-14,2.2185238e-14
0.18163662,0.81816685,5.505952e-06,0.00018540557,5.6695103e-06,4.857378e-10,1.707611e-08,2.6525918e-10,1.423317e-10
0.99205667,0.007943358,3.8506406e-11,2.264934e-09,1.5240514e-09,8.6384515e-18,2.3385817e-14,1.7343381e-16,1.8686255e-16
0.99373066,0.0062578297,2.0764388e-09,4.215214e-07,1.1097145e-05,6.9023433e-12,4.437224e-09,1.3821481e-10,1.403365e-10
0.87663245,0.123367235,4.6485447e-09,1.2372291e-07,2.4404633e-07,1.6007924e-13,3.4030143e-11,4.2503943e-13,3.7908337e-13
0.58985204,0.410076,9.9523195e-06,5.273063e-05,9.295702e-06,3.893301e-10,1.8001593e-08,3.8687545e-10,3.2230457e-10
0.9999367,6.330878e-05,9.7456655e-15,1.1004945e-12,2.5328023e-12,6.008807e-22,1.6536982e-17,4.3581878e-20,1.05840816e-19
0.011773694,0.730769,0.24946718,0.007957293,2.4372312e-05,6.3479847e-06,2.0631073e-06,3.2384666e-08,1.9105878e-08
0.98744154,0.01255843,1.5340021e-10,3.252625e-08,4.0529788e-08,3.4000733e-15,8.526205e-12,9.69079e-14,8.4621844e-14
0.10776083,0.8921185,3.149889e-05,8.52797e-05,3.8531666e-06,2.6199505e-09,2.7748316e-08,1.6256095e-10,3.0586697e-10
0.98648703,0.013512849,9.851775e-10,4.6638725e-08,6.392925e-08,1.5566943e-14,1.5423215e-11,8.255353e-13,2.3047745e-13
0.9492352,0.0506916,2.6394494e-07,3.930963e-06,6.886917e-05,4.07391e-10,7.224681e-08,9.771571e-10,2.137901e-09
0.9999721,2.7914864e-05,7.765871e-15,3.129315e-12,4.0862043e-11,1.31061986e-20,3.1993356e-16,3.448183e-18,6.407253e-18
0.01963139,0.45922333,0.42136645,0.09758714,0.00092394475,0.00054856186,0.00039069456,0.00031095798,1.7520695e-05
0.99878615,0.0012138521,1.4704285e-11,1.9486154e-10,1.5972018e-10,1.0204439e-18,2.181458e-15,1.078746e-17,1.22921115e-17
0.9961358,0.003864086,5.6849645e-09,6.174706e-08,2.0052186e-08,1.8261917e-14,8.584985e-12,1.1818435e-13,2.5007652e-13
0.8115455,0.18845089,6.2249484e-08,1.7673842e-06,1.776052e-06,4.17208e-12,2.911958e-09,3.3174984e-11,3.0993458e-11
0.9043717,0.09562755,6.5944246e-09,4.4866448e-07,3.424926e-07,2.757272e-13,4.1771034e-10,5.1683597e-12,4.0480896e-12
0.02883667,0.8343875,0.10502011,0.031036843,0.00051879464,0.00017497627,2.3886707e-05,4.923463e-07,7.8995566e-07
0.99881786,0.0011820788,6.9717296e-12,4.2419335e-10,1.4266683e-09,1.0576809e-17,5.0892226e-14,4.8248855e-16,5.7816187e-16
0.93414074,0.065859,1.0211462e-08,2.6857128e-07,1.4501819e-08,5.524689e-15,1.731015e-12,1.0182219e-14,1.1147203e-14
0.9939262,0.006073663,5.3471394e-10,2.9762026e-08,8.91402e-08,1.664714e-14,1.889749e-11,1.4121926e-12,4.101399e-13
0.47077072,0.5292235,3.0838962e-07,4.224545e-06,1.2247037e-06,1.5085697e-11,8.133259e-10,4.8499763e-12,8.93747e-12
0.890028,0.109970205,8.353959e-09,1.2448326e-06,5.5244533e-07,1.7145394e-12,2.9625125e-10,2.6459243e-12,3.550261e-12
0.9988158,0.0011842902,1.8379929e-12,5.3444976e-10,5.498336e-09,5.8441124e-17,3.3866963e-13,1.576047e-14,6.7899842e-15
0.17098102,0.82896125,9.372814e-09,1.3886948e-06,5.6283592e-05,2.302967e-11,2.2699405e-08,5.816447e-10,9.070599e-11
4.4402204e-05,0.01637638,0.00014545323,0.0052117174,0.17491747,0.0011537509,0.11892961,0.01794031,0.6652809
0.9246787,0.07531962,2.8440073e-09,1.0450497e-06,7.002849e-07,4.861711e-13,4.816042e-10,5.5430456e-12,5.071182e-12
1.1423186e-05,0.11206031,1.4377722e-05,0.011711488,0.007021572,6.190936e-05,0.4592661,0.00025333153,0.40959948
0.9878155,0.012184104,1.0402886e-08,2.1731127e-07,2.3469362e-07,5.02252e-13,1.1741082e-10,2.5138335e-12,1.9418956e-12
0.8984388,0.10156125,2.02071e-10,1.4545512e-08,1.9734243e-08,8.071884e-16,2.227439e-12,8.897014e-15,1.4762104e-14
0.8089355,0.1910628,4.4344453e-08,1.3892881e-06,3.123656e-07,8.045575e-13,2.7958014e-10,2.4343147e-12,3.1352995e-12
0.84890515,0.14752527,1.2632945e-05,0.0002661816,0.0032876926,3.5795918e-07,2.5669203e-06,1.2761457e-07,7.660843e-08
0.99998474,1.524122e-05,6.4014495e-17,1.3370235e-14,2.5967443e-14,9.278902e-26,1.9178346e-20,2.7626893e-23,7.0044676e-23
0.9998222,0.0001778382,1.0925797e-13,5.045619e-11,1.5217327e-10,2.5273446e-19,4.726649e-15,3.20143e-17,6.374581e-17
0.99992037,7.9637306e-05,2.159752e-15,7.864421e-13,8.6669534e-12,4.2171201e-22,2.7508892e-17,1.3836652e-19,2.7487044e-19
0.87398356,0.12601618,1.1093288e-08,7.955103e-08,9.322392e-08,4.1741675e-14,2.8501685e-11,2.2907885e-13,3.3749663e-13
0.0848768,0.9149192,2.1249949e-05,0.00014551177,3.6319045e-05,4.449862e-08,8.6137675e-07,1.7048102e-08,1.1689701e-08
0.2063555,0.7936334,1.9184993e-06,8.449419e-06,7.229966e-07,2.1525432e-11,3.3281211e-09,1.5380454e-11,3.450031e-11
0.9996573,0.000342679,8.7638295e-13,2.789411e-10,1.6104177e-09,1.1589096e-17,1.2665434e-13,1.4627667e-15,2.0274445e-15
0.03227634,0.96074295,0.0069422075,3.8499496e-05,6.8594595e-08,5.584271e-11,4.433537e-10,2.0663902e-12,2.7834865e-12
0.96213174,0.037868235,2.2227958e-08,6.668676e-08,1.3229018e-08,3.8438796e-15,1.7788316e-12,1.6100118e-14,2.5166992e-14
0.99993086,6.908322e-05,1.6306378e-15,7.5900695e-13,9.404185e-12,9.188919e-22,6.3825005e-17,4.6019454e-19,6.421789e-19
0.11429805,0.88564724,6.599008e-08,5.5846226e-06,4.902052e-05,1.0692839e-10,7.457103e-08,2.3067144e-10,2.8690608e-10
4.97926e-07,0.001684626,7.597296e-07,0.00010607905,0.005867697,1.36202925e-05,0.013948497,0.00032294408,0.9780554
0.9995171,0.00048297938,5.1434914e-13,5.502737e-11,5.3930355e-10,1.7797368e-18,2.2480954e-14,2.2243276e-16,3.2456254e-16
0.39060348,0.60935956,1.3784026e-05,2.2353315e-05,8.1202256e-07,2.413666e-11,1.0901461e-09,1.0600647e-11,1.0734159e-11
0.9368355,0.063164465,5.400083e-10,2.1519847e-08,4.1713612e-08,7.217634e-15,3.841416e-12,4.119646e-14,3.5260796e-14
0.9997727,0.00022728118,1.3700258e-13,1.44965324e-11,4.1232552e-11,3.2891684e-20,7.3188755e-16,3.8482485e-18,7.213952e-18
0.9995048,0.0004951695,1.244003e-12,5.562887e-10,3.5884464e-09,6.299155e-17,1.4002256e-13,2.3732366e-15,2.9962204e-15
0.95888674,0.041113082,1.2394596e-09,5.8433862e-08,1.0814617e-07,3.146572e-14,1.6400655e-11,1.4763595e-13,1.7984635e-13
0.9251142,0.0718559,8.627651e-05,0.0024926146,0.0004466826,2.6019367e-07,2.9698888e-06,9.282823e-07,2.60871e-07
0.16303757,0.83677965,0.00010986176,7.174118e-05,1.2156495e-06,5.0662852e-11,1.3582576e-09,1.2232335e-11,7.388458e-12
0.9970132,0.0029867352,5.154125e-10,6.1272893e-09,2.870647e-09,3.445888e-16,5.902972e-13,5.3469205e-15,6.479851e-15
0.99878496,0.0012151061,1.7748917e-11,3.6686915e-10,3.2858852e-10,3.0643938e-18,1.2297415e-14,8.182154e-17,1.1696143e-16
0.9992204,0.00077962165,8.352038e-11,4.158312e-09,1.8396734e-09,2.5931722e-17,5.3984307e-14,6.046076e-16,5.964774e-16
0.99959856,0.00040140928,6.0295675e-12,3.2817007e-10,1.1746709e-09,1.0806618e-17,5.3584673e-14,8.1721283e-16,9.480232e-16
0.9984706,0.0015293784,8.7087546e-11,3.2675418e-10,6.24077e-11,5.4538013e-19,2.755993e-15,8.21792e-18,1.3029009e-17
0.99904054,0.0009594297,1.4510111e-11,3.2140712e-09,1.1603994e-09,3.0736685e-17,6.197703e-14,4.954012e-16,7.095266e-16
0.9984555,0.0015444844,1.1146915e-10,3.9441477e-09,4.0534758e-09,2.371929e-16,5.7119565e-13,4.780203e-15,7.723303e-15
0.2631061,0.73653114,9.462203e-06,0.0002878223,6.526673e-05,6.61422e-09,1.7695466e-07,1.6806803e-08,6.202402e-09
0.9998518,0.00014818284,1.2213958e-14,3.640143e-12,6.01342e-11,1.5257694e-20,5.3106795e-16,3.5099135e-18,6.1283777e-18
0.9727232,0.027276766,8.815679e-11,1.9995483e-08,6.7334995e-09,3.8977875e-16,5.1445474e-13,2.921515e-15,4.5149994e-15
0.9994862,0.0005137606,1.2320341e-12,1.3288717e-10,1.0063548e-09,1.641247e-18,1.5467191e-14,1.5440055e-16,1.6057998e-16
0.99962354,0.00037638284,6.8284847e-13,1.29955e-10,3.8781048e-10,1.4443181e-18,1.2841892e-14,1.0868287e-16,2.183111e-16
0.56234914,0.3841224,0.0041143224,0.04719131,0.0020839595,1.25075385e-05,0.000102293714,1.8172865e-05,5.8530263e-06
0.9783052,0.021694757,8.3664764e-10,1.02382245e-08,6.701725e-09,5.7207234e-16,6.7592346e-13,5.9294017e-15,1.1793599e-14
0.98568094,0.014309249,4.2003823e-08,1.9338654e-06,7.889165e-06,1.6620755e-11,1.6445567e-09,3.6969688e-11,3.990946e-11
0.9993351,0.0006648508,7.611548e-13,2.0083943e-10,2.6492317e-09,1.4417664e-17,1.1816162e-13,4.5789237e-15,2.5995841e-15
0.996405,0.003595034,1.7648605e-10,1.0784518e-08,2.2257925e-08,5.5414115e-15,3.6611326e-12,3.512824e-14,7.631117e-14
2.40178e-09,0.006449674,3.3939984e-09,2.5011128e-05,0.00014911537,3.0618637e-08,0.029505577,4.5463258e-07,0.9638701
0.026794713,0.95871407,0.012395759,0.0020821504,1.1759394e-05,2.2345986e-07,1.2725981e-06,1.5925023e-08,1.2183756e-08
0.028643223,0.6325105,0.035309352,0.09947049,0.18562646,0.0128850695,0.0050211437,0.0004237255,0.00011001436
0.6911415,0.30884713,1.3903049e-07,8.250177e-06,2.9927135e-06,2.841764e-11,1.7577884e-09,1.795871e-11,2.5291182e-11
0.025772026,0.97275823,0.00080817635,0.0006472876,1.3608303e-05,4.6803795e-08,6.9211814e-07,1.1828392e-08,7.732196e-09
0.9582531,0.04172481,3.9572988e-06,1.3026306e-05,5.0678864e-06,1.5922793e-09,1.2820834e-08,3.59516e-10,8.419081e-10
0.98761964,0.012380333,3.2935933e-12,2.7472827e-10,1.0034491e-09,2.5912996e-18,2.8776396e-14,1.5885575e-16,1.8550736e-16
0.067410745,0.9303881,0.0016215867,0.00051048095,6.775918e-05,1.2019929e-07,1.1002858e-06,2.2126411e-08,1.9669093e-08
0.10504702,0.89474,0.00018807326,2.4534887e-05,4.170755e-07,3.632503e-11,1.3403451e-09,1.0554969e-11,1.2311257e-11
0.0010139943,0.13466631,0.0021063315,0.13489412,0.032209594,0.0033843033,0.68815565,0.001970051,0.0015996657
0.99984944,0.00015052491,3.5585838e-13,1.4169209e-11,1.9324027e-11,1.3958602e-20,2.0650618e-16,1.0631072e-18,1.591572e-18
0.99993503,6.4985274e-05,5.5315715e-15,4.123938e-12,3.3238454e-11,4.888065e-21,1.846606e-16,1.440668e-18,2.5518909e-18
0.9352569,0.06465432,1.3771726e-06,7.416432e-05,1.3203398e-05,8.9648466e-10,6.320654e-08,8.594843e-10,8.905419e-10
0.14705047,0.10858929,0.12641306,0.58209985,0.013871114,0.020430796,0.00094571296,0.0004352481,0.00016447755
0.7467628,0.2532324,1.2351143e-09,1.0519353e-07,4.6041987e-06,2.0949976e-13,4.0219544e-10,2.2089138e-12,2.0040933e-12
0.9986437,0.0013563139,4.978014e-11,1.7723456e-09,5.362243e-09,9.9548626e-17,2.84393e-13,4.096646e-15,4.4679514e-15
0.9991596,0.00084037386,1.342264e-11,1.87506e-09,2.949062e-09,1.2045449e-16,4.4834907e-13,5.2214406e-15,9.0595e-15
0.9995852,0.00041479015,4.0843075e-13,2.5816055e-10,7.4648254e-10,4.872179e-18,3.9369888e-14,5.204071e-16,6.619065e-16
0.4500363,0.54992086,7.0164792e-06,3.3497e-05,2.3780524e-06,8.10157e-11,3.9096575e-09,5.2132368e-11,4.394945e-11
0.99488705,0.005112787,1.4432826e-10,6.8150814e-09,1.2654672e-07,5.297368e-16,2.142311e-12,1.2113227e-14,9.680743e-15
0.99389017,0.006109676,2.6323461e-09,1.9693505e-07,5.7546654e-08,3.4994563e-14,2.2044196e-11,3.7304862e-13,3.800887e-13
0.48648366,0.51350874,1.0663074e-06,6.3505445e-06,1.838206e-07,1.4957275e-12,1.0992671e-10,6.617367e-13,7.910425e-13
0.9999124,8.764614e-05,1.3700336e-14,5.661442e-12,3.169465e-11,1.6860973e-20,2.9251362e-16,1.6129919e-18,3.127251e-18
0.99973327,0.00026667432,3.4915327e-13,2.8813596e-11,8.2601516e-11,2.1572273e-19,3.3010382e-15,2.2992077e-17,3.9612194e-17
0.97847694,0.021522172,9.271986e-09,5.58541e-07,3.7331185e-07,1.2005341e-12,3.1047886e-10,1.7224638e-11,4.2829004e-12
0.9999081,9.188316e-05,1.7491598e-14,6.3169123e-12,7.4137446e-11,3.9210697e-20,8.966573e-16,8.912104e-18,1.3736207e-17
0.99501836,0.004981142,2.9696565e-09,3.328456e-07,1.2332343e-07,2.579142e-13,6.277614e-11,8.267465e-13,1.0944884e-12
0.55578154,0.44417349,2.3016508e-05,2.0939588e-05,1.030895e-06,6.283412e-11,2.1914925e-09,3.139129e-11,4.832559e-11
0.99973243,0.0002675162,3.4855284e-13,1.9929515e-11,3.485518e-11,9.006828e-21,1.2755343e-16,6.494141e-19,6.37984e-19
0.99987674,0.00012328169,1.0780652e-14,2.793892e-12,2.051481e-11,3.4577143e-21,1.208356e-16,6.300748e-19,1.3284552e-18
0.97922564,0.020774359,1.1475889e-09,2.668443e-09,6.1325567e-10,2.7524178e-17,4.7426605e-14,1.9277684e-16,4.714678e-16
0.8660106,0.13398938,5.1806487e-10,2.6508534e-08,1.794499e-08,1.3558258e-15,4.4800374e-12,1.2768676e-14,1.9904116e-14
0.16823842,0.83155453,0.00011062925,9.123628e-05,5.199714e-06,5.248607e-10,1.8911392e-08,2.4445657e-10,1.5230914e-10
0.9974509,0.0025491465,1.9477149e-10,5.0846265e-09,5.4375042e-09,4.1709414e-16,8.8661126e-13,1.0509778e-14,1.32728386e-14
0.99828196,0.001718118,1.04850045e-10,7.3450197e-09,3.628513e-08,6.692494e-15,5.2683387e-12,8.157545e-14,1.5843354e-13
0.99842656,0.0015734598,3.007577e-10,1.3493822e-08,1.9997465e-08,4.005534e-15,2.8620847e-12,3.8516238e-14,4.5282144e-14
0.89748937,0.10249821,2.6393973e-06,8.76279e-06,9.594271e-07,3.1076114e-11,1.0961835e-09,9.2252195e-12,1.7012494e-11
0.87197465,0.12788558,9.365504e-06,0.00011977456,1.0583913e-05,4.9495665e-09,3.9820016e-08,3.774648e-10,6.319695e-10
0.99977034,0.00022968775,1.178599e-12,4.424029e-10,1.868054e-09,2.0019094e-17,1.1328094e-13,1.852186e-15,3.106185e-15
0.99957865,0.00042131412,3.281884e-11,1.452819e-09,8.1186755e-09,1.027582e-15,1.4520413e-12,3.2128695e-14,9.841952e-14
0.99860734,0.0013926977,1.1315598e-11,2.64855e-09,5.899805e-09,9.3516375e-17,3.1793868e-13,3.6449725e-15,4.240325e-15
0.9775587,0.022441274,1.4455576e-10,1.1258514e-09,1.0724074e-09,1.2355272e-17,4.730642e-14,1.7588213e-16,3.3095607e-16
0.19408558,0.8058875,8.044948e-06,1.7765014e-05,1.0773695e-06,4.6070144e-11,2.8295513e-09,2.7780184e-11,2.738013e-11
0.35076216,0.6492288,2.2069091e-06,6.076358e-06,7.2731586e-07,8.6597335e-12,5.125768e-10,4.604855e-12,4.86224e-12
0.3418671,0.65810686,4.8588427e-06,1.6933009e-05,4.1841004e-06,5.200529e-11,3.9479606e-09,5.015706e-11,3.8269724e-11
0.9665446,0.033439174,7.4907366e-06,7.689334e-06,1.0083373e-06,1.4482135e-10,5.1118128e-09,9.8495656e-11,2.8152722e-10
0.61097646,0.38764948,0.0001890241,0.0010503397,0.00013340652,5.9731906e-07,7.4217706e-07,1.3810514e-08,1.6569077e-08
0.9989767,0.0010233452,2.9169114e-10,3.7683128e-09,2.8471425e-09,3.5644896e-16,4.108566e-13,6.356793e-15,1.0428098e-14
0.99627125,0.0037287308,1.1557999e-09,1.5590953e-08,9.91458e-09,1.0729159e-15,3.9533646e-13,4.4238985e-15,3.2207174e-15
0.99885464,0.0011453688,8.104234e-11,1.0272429e-08,2.7193085e-08,1.2349933e-15,4.0610414e-12,6.811733e-14,5.57443e-14
0.99961203,0.00038797327,2.6586656e-11,2.7060691e-09,8.847325e-09,1.3125375e-15,1.7509099e-12,4.451172e-14,1.2659596e-13
0.67611265,0.32387844,3.226926e-07,8.054032e-06,5.628922e-07,5.8056116e-12,1.1202708e-09,9.439754e-12,1.09977565e-11
0.17725755,0.82242674,2.1971582e-05,0.0002879933,5.7333295e-06,8.0602985e-10,1.6361179e-08,2.2065157e-10,1.6409854e-10
0.9948026,0.0051974435,1.2177064e-09,2.8973227e-08,4.7624674e-08,2.259876e-14,5.8959673e-12,1.0304188e-13,9.5286714e-14
2.0712818e-05,0.0001966818,0.055491123,0.012156627,5.342795e-05,0.93180543,0.0002165434,2.1994705e-05,3.7445454e-05
0.99432796,0.0056720995,3.970282e-11,2.443607e-09,8.696516e-09,2.0705153e-16,4.485933e-13,5.6413157e-15,7.802668e-15
0.9745443,0.025454395,4.2087174e-07,6.9097547e-07,1.9276891e-07,9.919301e-13,3.2686612e-10,4.003529e-12,4.80243e-12
1.9593606e-20,8.133764e-07,2.6316929e-21,2.8544436e-13,7.5442195e-09,2.1643702e-18,8.666497e-06,2.3577293e-14,0.99999046
0.9976413,0.0023587132,5.287634e-11,2.0997182e-09,3.4999794e-09,1.5998668e-16,3.1856915e-13,4.209964e-15,4.4289007e-15
0.9965184,0.0034815576,3.8502074e-10,3.1376114e-08,2.6405619e-08,4.2214907e-15,4.730522e-12,7.001593e-14,8.972255e-14
0.0125641795,0.3522055,0.29137763,0.27895534,0.008260148,0.040330756,0.00632783,0.0098924,8.623683e-05
0.9184629,0.080855876,3.0698473e-05,0.000517774,0.0001314556,3.4867643e-08,8.868583e-07,2.5084984e-07,6.7353255e-08
0.0009482865,0.06411155,0.044490352,0.8151841,0.003302117,0.009039004,0.060595315,0.00067614554,0.0016530413
0.6259772,0.37400308,1.4530576e-06,1.0984632e-05,7.2667926e-06,3.569408e-11,3.637473e-09,7.370067e-11,4.24202e-11
0.7549415,0.24499336,3.183098e-05,2.8082437e-05,5.184736e-06,2.2706523e-09,3.4307202e-08,9.138515e-10,4.0524877e-09
0.99994636,5.3657168e-05,5.1870227e-15,3.7177735e-12,3.372841e-11,8.390039e-21,2.9074136e-16,2.6753788e-18,4.592391e-18
0.00029908994,0.010990049,0.08564848,0.8949566,0.0054613035,0.0004980459,0.0019325227,3.687565e-05,0.00017702674
0.99935263,0.0006473362,9.092398e-11,1.4089142e-09,4.367504e-09,4.0096607e-16,8.9875205e-13,1.5585347e-14,3.3919356e-14
0.9808257,0.019174261,5.8567144e-11,2.4325848e-09,7.548891e-09,1.0248342e-16,3.0715225e-13,2.2905058e-15,3.46672e-15
0.034269057,0.96524453,1.0335364e-06,5.2086325e-05,0.00043249808,1.5574116e-08,8.2791473e-07,3.162933e-09,3.5940402e-09
0.9991115,0.0008884802,4.8237434e-13,1.2490486e-10,9.614972e-10,3.707332e-18,3.471926e-14,9.987761e-16,5.468146e-16
0.99963844,0.00036151143,1.8056624e-12,1.5776642e-10,2.1199689e-10,6.1146685e-19,3.4218573e-15,2.6542388e-17,3.326381e-17
0.9980406,0.001959453,3.9573612e-11,4.0030496e-10,7.7382306e-10,1.8098308e-17,5.5383707e-14,5.006207e-16,1.0511854e-15
0.9783876,0.021612428,7.1481526e-10,1.5774349e-08,7.645747e-09,9.981985e-16,1.271536e-12,9.772467e-15,1.2289256e-14
0.024830716,0.8559521,0.08158054,0.037617635,1.8093884e-05,2.2527351e-07,7.132498e-07,8.45025e-09,4.751349e-09
0.99752444,0.002473281,4.3873652e-10,3.760096e-08,2.2629802e-06,4.1363871e-13,2.6067215e-10,8.458634e-12,1.2261971e-11
0.99708384,0.002916152,1.5387817e-13,5.2767395e-12,1.6397228e-12,2.1749925e-22,4.928712e-18,5.816878e-21,1.23879716e-20
0.88040674,0.11959294,5.4921108e-09,1.762937e-07,7.900803e-08,3.0100637e-14,1.9250294e-11,1.385842e-13,2.215059e-13
0.9995653,0.00043473823,3.068137e-12,2.5966657e-10,1.872315e-09,3.928713e-17,1.5752552e-13,2.06673e-15,5.9789807e-15
0.9505536,0.04942926,1.6171368e-08,4.0194033e-07,1.6825825e-05,3.3591263e-12,5.101511e-09,3.9552358e-11,3.6511984e-11
0.98488706,0.0151010025,4.7263206e-06,6.0205703e-06,1.2475738e-06,2.0214287e-10,5.0369726e-09,1.5442532e-10,5.731679e-10
0.112092875,0.8749673,0.0111105805,0.0018013067,2.7143915e-05,2.485349e-07,5.767675e-07,1.4776937e-08,2.1914005e-08
0.9999517,4.82619e-05,3.2036563e-15,1.0688758e-12,4.3794447e-12,2.932057e-22,3.0485854e-17,1.0373704e-19,1.6947862e-19
0.022085017,0.42518538,0.27292728,0.2790252,0.0007182541,1.7929391e-05,3.869769e-05,1.663227e-06,4.995194e-07
0.54390395,0.18926914,0.0018202955,0.062765285,0.2003615,0.0005925402,0.00079559686,0.0004189783,7.272874e-05
0.26074845,0.7390222,2.9192258e-06,0.00019476248,3.1383617e-05,4.7278195e-09,2.2544168e-07,1.9250357e-09,1.9693605e-09
0.3816972,0.6182967,3.3999697e-08,2.027827e-06,3.9622396e-06,1.6284639e-11,2.0491517e-09,1.4153527e-10,1.861382e-11
0.376948,0.62302095,3.9302e-06,2.5448066e-05,1.6461253e-06,4.120646e-11,3.4268022e-09,2.6466362e-11,2.4548733e-11
0.9997366,0.00026334976,4.8107755e-14,9.182013e-12,4.2340343e-11,6.6530112e-21,1.8134261e-16,9.345469e-19,1.1542315e-18
0.9970003,0.0029987064,2.210834e-10,2.249184e-08,9.028826e-07,1.1374217e-13,7.343436e-11,1.7304035e-12,2.6450298e-12
0.9988304,0.0011696462,4.3586284e-11,9.736993e-09,3.072866e-08,2.0853974e-15,2.4085684e-12,1.4606525e-13,1.1893156e-13
0.99565965,0.004340354,1.0180097e-12,1.6693807e-10,6.5970784e-10,1.0639233e-18,9.256178e-15,5.4681807e-17,6.816536e-17
0.021582562,0.939446,0.0044658477,0.034323905,0.00015768192,4.190619e-06,1.9302364e-05,3.2101727e-07,2.751022e-07
0.17061137,0.8238087,2.7093956e-05,0.0008334857,0.004703945,3.0509962e-06,1.1762475e-05,3.1069595e-07,2.8333415e-07
0.8590212,0.14097837,2.599261e-08,4.090735e-07,5.6990718e-08,1.863081e-14,6.5066693e-12,4.0770034e-14,4.0832602e-14
2.9945816e-08,0.010416852,2.1907113e-08,5.769602e-05,0.00064064824,1.1017029e-06,0.070263445,8.058044e-06,0.91861224
0.9652462,0.034708306,6.0541095e-07,3.6722937e-05,8.175348e-06,2.1512575e-10,9.716927e-09,1.0192457e-09,4.9145943e-10
0.98206466,0.017935343,1.5370894e-11,7.2840756e-10,1.301614e-09,1.0131257e-17,4.7323402e-14,2.7409557e-16,3.9782215e-16
0.9990482,0.00095179083,1.0452343e-10,1.5495256e-09,2.9916696e-09,4.3979107e-16,5.598488e-13,7.161045e-15,2.5517735e-14
0.03618188,0.9633858,5.6145873e-06,5.882357e-05,0.0003672534,6.379662e-09,5.5821874e-07,3.7460133e-09,2.056188e-09
0.43407142,0.56587785,3.8936573e-06,4.270329e-05,4.194706e-06,9.352684e-11,4.7821027e-09,7.910255e-11,6.020824e-11
0.998073,0.0019270061,1.6001306e-10,2.2737596e-09,4.4811537e-09,3.956227e-16,1.2999507e-12,1.2357235e-14,2.147858e-14
0.759126,0.2408735,1.6548252e-07,2.7454834e-07,2.1272877e-08,9.681193e-15,3.1489384e-12,1.4673741e-14,1.5933025e-14
0.9914709,0.008528896,3.3571286e-12,1.8315088e-09,2.0653572e-07,6.4690966e-16,7.928387e-12,1.5616408e-13,5.840826e-14
0.99948776,0.00051223836,4.3335253e-12,3.1137729e-10,2.961792e-09,3.7819217e-17,2.0581299e-13,2.9574473e-15,4.491182e-15
0.9856601,0.01433997,7.56922e-12,6.911725e-10,1.7756636e-10,1.0926948e-18,6.238767e-15,1.2490975e-17,2.405275e-17
0.9900086,0.00999135,1.9849296e-08,1.0684109e-07,3.357175e-08,4.0100078e-14,2.0810343e-11,2.4199498e-13,3.0513176e-13
0.016271185,0.9834647,5.170064e-05,0.00020607,6.197132e-06,2.577139e-09,1.245604e-07,7.861764e-10,6.6462813e-10
0.9965348,0.003465162,4.9165727e-11,8.105041e-10,8.99564e-10,2.4573354e-17,8.4641705e-14,5.189397e-16,1.3715756e-15
0.7761753,0.22382349,4.613535e-08,7.562778e-07,3.77797e-07,7.640774e-13,4.914076e-10,3.132045e-12,5.2818015e-12
0.9957799,0.0042200903,1.9951596e-09,5.463788e-08,2.9691485e-08,3.1118032e-14,9.618811e-12,1.088615e-13,1.4934363e-13
0.99074626,0.0092502395,1.6475319e-08,1.3535825e-06,2.1051708e-06,1.2172381e-11,2.5812295e-09,2.9793967e-10,2.0930634e-10
0.97735596,0.022643449,1.2093204e-08,3.9253922e-07,2.7420518e-07,4.1168674e-13,8.590483e-11,7.7784524e-13,1.0563763e-12
0.061119962,0.9385766,2.6099195e-05,0.00023385297,4.3203778e-05,1.107687e-07,1.6897847e-07,2.0251152e-09,2.292761e-09
0.99777126,0.0022287117,7.6827614e-11,1.5790892e-08,1.3678526e-08,8.3798944e-16,1.6428793e-12,2.2705228e-14,2.1717403e-14
0.99946743,0.00053260126,4.1465017e-12,3.608456e-09,6.835276e-09,1.978954e-16,1.271061e-12,1.8321143e-14,2.1659097e-14
0.00824965,0.4623708,0.17488502,0.3531055,0.00035060843,0.0005989303,0.00043032848,4.8872216e-06,4.288305e-06
0.02018984,0.62686616,0.003930741,0.34608704,0.0019934687,5.7507794e-05,0.0008460604,2.2450919e-05,6.610618e-06
0.9997843,0.00021575883,4.5353065e-14,1.186438e-11,5.991583e-11,4.3688416e-20,8.4296327e-16,4.5039873e-18,1.1052543e-17
0.661654,0.33831903,9.427344e-07,1.9747846e-05,6.3426733e-06,2.6947552e-11,3.3225147e-09,6.7294365e-11,4.049645e-11
0.99873585,0.0012641401,1.6106641e-10,1.613821e-08,3.1694924e-08,4.045771e-15,4.368742e-12,8.933379e-14,1.1831329e-13
0.1675266,0.8324464,6.206351e-06,1.899848e-05,1.8185506e-06,1.94565e-10,3.73584e-09,1.9651846e-11,4.312792e-11
0.52385557,0.4761419,4.5444846e-08,1.4559677e-06,9.961823e-07,2.8642629e-12,4.077773e-10,2.1590052e-12,3.1710424e-12
0.99840885,0.0015911562,1.1979269e-10,1.36754705e-08,1.707054e-08,1.5253388e-15,5.53573e-12,9.0906605e-14,7.3143924e-14
0.0013976844,0.06895877,0.03208317,0.8931946,0.0011372303,0.0004551464,0.002675271,6.325477e-05,3.4869823e-05
0.9757563,0.02424301,8.5569106e-08,4.7835704e-07,8.130141e-08,1.6904398e-13,4.2091438e-11,5.3698083e-13,8.299491e-13
0.9996822,0.00031779706,3.2377692e-13,1.0161231e-10,3.1905878e-10,2.3048581e-18,1.3667483e-14,8.4990895e-17,1.9094922e-16
0.8293963,0.17060332,4.0528324e-08,2.3155117e-07,7.8113985e-08,1.03370275e-13,4.7634976e-11,3.3867635e-13,4.8103947e-13
0.09401055,0.9052601,0.00021805875,0.00049755315,1.3621916e-05,3.0526568e-08,1.1277305e-07,1.308139e-09,1.2072606e-09
0.9468561,0.05314358,1.6489388e-09,1.4019369e-07,1.7587935e-07,5.5560177e-14,7.378897e-11,7.8165415e-13,7.428059e-13
0.99441504,0.0055848532,1.8425375e-09,7.6423845e-08,1.5650429e-08,1.4806153e-14,8.902701e-12,4.7014926e-14,7.900099e-14
0.0062142895,0.95978814,0.00023739628,0.0042034253,0.028128322,1.8810912e-05,0.0012882018,0.00011915412,2.2752708e-06
0.0011217345,0.0044977926,0.05383445,0.08744839,0.17661577,0.23609473,0.03609421,0.35841972,0.045873225
0.96210337,0.036934108,5.256809e-07,5.9989547e-05,0.0009011181,2.1649427e-08,6.442202e-07,1.2470367e-07,6.437267e-08
0.9846277,0.015372212,2.623822e-11,1.40855e-09,8.97158e-10,1.3136816e-17,3.0940023e-14,1.499946e-16,2.3897674e-16
0.99985254,0.00014741419,1.486706e-13,3.225133e-11,1.3203173e-10,1.03576506e-19,1.2905682e-15,1.154335e-17,1.3457707e-17
0.0016160588,0.031274855,0.04961839,0.11925229,0.10739278,0.5217642,0.15221123,0.010983005,0.0058871848
0.97933173,0.020668313,7.989877e-11,1.2147195e-09,3.9460699e-10,7.899581e-18,1.6249526e-14,3.5120047e-17,6.841635e-17
0.99717486,0.0028251263,2.9869769e-09,3.7455887e-08,7.844669e-09,9.59706e-15,2.4782479e-12,2.6920142e-14,8.3505854e-14
5.5420012e-05,0.0038992646,0.9750524,0.02070403,6.3990965e-06,0.0002465014,3.394102e-05,5.3081624e-07,1.5854712e-06
0.68943197,0.31056497,2.056654e-08,8.1365636e-07,2.2878678e-06,3.0815493e-12,1.3904735e-09,8.769886e-11,2.3216044e-11
0.99174494,0.008255041,1.5214293e-09,1.0275561e-08,9.482518e-09,2.6959346e-15,4.9319533e-12,5.6398794e-14,1.0633936e-13
0.38077483,0.6192161,8.1571187e-07,6.803446e-06,1.5508572e-06,4.0820278e-11,9.422467e-09,8.595477e-11,1.2396245e-10
0.9993705,0.000629524,2.1016862e-12,2.7756509e-11,1.7291172e-11,1.458694e-20,1.8723469e-16,5.957974e-19,9.998074e-19
0.99979395,0.00020612805,2.1903165e-15,6.28812e-13,5.898974e-11,5.8789247e-22,9.2159415e-17,1.7690251e-19,3.046474e-19
0.9960013,0.0039985892,4.4601967e-10,6.711332e-08,4.3586596e-08,9.005269e-15,1.8693061e-11,1.9908776e-13,2.2365858e-13
0.6365584,0.36343408,5.702057e-07,4.6307446e-06,2.274964e-06,5.3670228e-11,4.730481e-09,3.92919e-11,5.734083e-11
0.896532,0.10346784,2.9551755e-08,9.694176e-08,1.2332522e-08,2.9952735e-15,1.9892586e-12,9.6539725e-15,1.106272e-14
0.9999281,7.1876784e-05,1.4275668e-14,4.7200217e-12,6.021029e-11,2.4673454e-20,7.0577374e-16,7.768303e-18,1.1204506e-17
0.99628854,0.0037114078,2.4299507e-09,2.4781574e-08,2.1070393e-08,4.7181798e-15,5.0969663e-12,6.9335264e-14,7.176196e-14
0.00010163587,0.24857768,0.00015540629,0.05159151,0.011640044,0.00028028717,0.6081662,0.0009711496,0.07851599
0.9995672,0.00043283115,2.9364954e-12,1.7360653e-10,1.1120591e-10,2.4412015e-19,3.6784947e-15,1.555766e-17,1.8407783e-17
0.993206,0.006794037,3.9745034e-11,5.2899387e-09,1.8371699e-08,4.380273e-16,1.6490662e-12,6.978681e-14,1.7471295e-14
0.00030279497,0.0040123574,0.73551023,0.07877393,0.00020116291,0.17745502,0.0023382122,8.253246e-05,0.0013236998
0.9979177,0.0020821223,8.726214e-13,7.8221846e-10,5.97319e-08,9.939015e-17,1.3631329e-12,8.982553e-15,1.2514454e-14
0.016018562,0.98328596,1.7088998e-05,0.00017276322,0.00050192315,3.7676088e-08,3.6899935e-06,2.0776215e-08,1.1065842e-08
0.06061645,0.9393354,3.173089e-05,1.6246355e-05,2.0124787e-07,1.4052419e-11,9.520311e-10,4.5674462e-12,3.7019996e-12
0.99983597,0.00016398144,4.4112307e-15,2.5847493e-12,3.089225e-11,3.7114447e-21,2.0472763e-16,8.704393e-19,1.8305151e-18
0.37249526,0.6244645,1.2284115e-05,0.002838357,0.00018856312,6.153968e-08,7.3755734e-07,9.1629694e-08,2.74465e-08
0.99898165,0.0010182676,2.5191751e-10,1.0982846e-08,1.9418929e-08,2.3733169e-14,9.99649e-12,1.5689278e-13,5.4688524e-13
0.018624395,0.9756159,0.00044532903,0.005253918,5.7828078e-05,2.4476935e-07,2.349395e-06,4.0200057e-08,1.9881274e-08
0.78456676,0.21543202,2.0108802e-08,9.307314e-07,2.7958873e-07,9.916127e-13,2.1410178e-10,1.0460442e-12,1.9778057e-12
0.02523453,0.9457586,0.0018423536,0.02712106,4.0220693e-05,5.616707e-07,2.7287333e-06,3.2564206e-08,2.628427e-08
0.9979766,0.002023452,9.770253e-12,9.2490465e-10,1.1361451e-09,1.644342e-17,6.191598e-14,4.7643115e-16,6.3036266e-16
0.99522495,0.004774932,7.551537e-10,9.0498844e-08,3.3627202e-08,8.713156e-15,2.370808e-11,1.6613197e-13,1.8558831e-13
0.6827059,0.31726012,4.1175804e-06,2.4103258e-05,5.77633e-06,1.7530524e-09,2.3743297e-08,3.2576994e-10,1.1354061e-09
0.9374933,0.0625059,2.3825832e-09,3.117519e-07,4.390478e-07,2.3625673e-13,1.1315606e-10,1.8426252e-12,1.9490197e-12
0.9847076,0.0152923465,9.48468e-09,2.2844707e-08,5.0539435e-09,8.843714e-16,7.2370365e-13,5.156784e-15,8.549551e-15
0.9874626,0.012537422,9.442832e-13,1.168734e-10,4.0407724e-10,2.6784579e-19,3.8339125e-15,1.3247763e-17,1.7935817e-17
0.93148816,0.06851181,1.8524549e-10,8.843997e-09,8.240902e-09,2.952852e-16,6.2347176e-13,2.654373e-15,5.205442e-15
0.99993753,6.25084e-05,4.1111646e-15,1.8241365e-12,2.5831648e-11,2.889226e-21,1.043338e-16,8.094702e-19,1.3283586e-18
4.3014875e-06,0.018275127,7.820174e-06,0.0014577116,0.002954736,0.00013182155,0.09731421,0.00019029882,0.879664
0.6880238,0.31197476,3.458566e-08,1.2925542e-06,1.3410738e-07,4.017556e-13,3.834833e-11,1.384445e-13,2.818311e-13
0.99916065,0.00083939836,1.103023e-11,5.701952e-10,2.9821823e-10,4.3236904e-18,1.1167814e-14,7.9438767e-17,1.159913e-16
0.98880625,0.011193022,2.3533048e-10,1.9818081e-08,6.880639e-07,1.6387621e-14,7.72508e-11,6.121125e-13,5.3878603e-13
0.94011915,0.05987892,5.6525824e-08,1.0305719e-06,7.302338e-07,4.913738e-12,5.484436e-10,1.21460845e-11,3.1809222e-11
0.40214425,0.5978415,6.554844e-08,1.674909e-06,1.24312255e-05,2.725901e-12,2.7102696e-09,1.1933506e-11,8.520461e-12
0.9957694,0.004230502,7.876719e-12,1.0512659e-09,1.2129414e-07,4.6180385e-16,5.860921e-12,3.3378438e-14,4.5761663e-14
0.56128216,0.43871695,4.6720476e-08,6.6148124e-07,1.1764404e-07,7.609161e-14,2.8900727e-11,1.8786936e-13,1.5099123e-13
0.9993936,0.0006063585,6.5557504e-11,3.3386025e-09,1.4742326e-08,3.7240494e-15,3.700265e-12,9.617502e-14,2.5731538e-13
0.9860589,0.0139112035,6.501755e-09,5.869043e-07,2.9381494e-05,5.0050904e-11,5.4912164e-09,1.9766692e-10,1.9417376e-10
0.023824207,0.35583192,0.35354742,0.25601038,0.0023883365,0.0076452605,0.00067896355,5.5490458e-05,1.803884e-05
0.9994512,0.00054878567,4.593142e-13,1.1175795e-10,8.1033585e-10,4.7973357e-18,1.9024157e-14,1.8923097e-16,2.774275e-16
0.9829883,0.017003946,9.87147e-07,5.634836e-06,1.1550628e-06,1.669485e-10,3.7878776e-09,6.902182e-11,2.1047668e-10
0.999877,0.0001229866,2.8662944e-14,2.0391461e-11,1.1478335e-10,8.4500054e-20,1.6852767e-15,1.423769e-17,2.9258344e-17
0.09170265,0.9079342,0.00032549395,3.6191836e-05,1.5473802e-06,2.0220517e-10,3.3265855e-09,4.3659756e-11,3.7404475e-11
0.99895906,0.0010409222,1.8977174e-11,3.5833195e-10,3.587559e-10,3.2265696e-18,1.6209797e-14,1.286378e-16,1.6737515e-16
0.99997866,2.1336871e-05,9.702626e-17,7.380887e-14,3.5586635e-13,3.1964401e-24,3.7786838e-19,1.1567619e-21,2.4089406e-21
0.9972222,0.0027778537,1.08427496e-10,2.4001667e-09,7.77104e-09,2.1515905e-16,7.1852404e-13,7.152404e-15,8.174692e-15
0.98769486,0.012302804,1.731654e-08,1.756059e-06,5.843237e-07,2.8577704e-12,2.7633693e-10,6.673805e-12,4.544816e-12
0.99996746,3.2588014e-05,5.939614e-16,6.461912e-14,2.896293e-13,4.133016e-24,4.650202e-19,1.021283e-21,2.6084052e-21
0.99995124,4.8748137e-05,2.320971e-13,2.6361092e-11,9.547871e-11,3.1960312e-19,2.628307e-15,3.6859737e-17,8.279895e-17
0.73623943,0.26375747,1.4504228e-07,1.6730787e-06,1.2888615e-06,7.332895e-12,1.4645488e-09,1.1377839e-10,4.0463376e-11
0.99993825,6.1727544e-05,5.124123e-16,3.3556838e-13,4.497775e-12,1.3066108e-22,1.1302109e-17,6.016551e-20,9.36423e-20
0.5485953,0.4514038,4.3729563e-07,3.8433163e-07,8.314006e-08,2.8387007e-13,5.088615e-11,3.8652634e-13,7.0598236e-13
0.37151748,0.62522066,4.739567e-06,0.00014699096,0.0031072425,1.3011349e-07,2.5465645e-06,1.1121886e-07,7.8413755e-08
0.9968875,0.00311228,2.3044437e-09,6.42632e-08,7.0122425e-08,2.7170164e-14,2.2425267e-11,4.774248e-13,5.06004e-13
1.491029e-11,0.008337112,5.4624916e-12,1.1071511e-06,2.7554175e-05,2.3633503e-10,0.104092814,1.3999304e-08,0.8875415
0.9998653,0.00013470936,5.5710838e-14,3.075171e-11,2.014656e-10,2.150331e-19,7.481368e-15,7.146202e-17,8.9048627e-17
0.015584163,0.35365632,0.04580264,0.35937354,0.07455692,0.017862218,0.07714623,0.044717614,0.011300385
0.000457079,0.025586287,0.0050581708,0.025754182,0.0106520215,0.22121845,0.62426907,0.0025728133,0.08443195
0.99409133,0.005907493,9.5427794e-08,5.2131054e-07,5.1159816e-07,6.0966228e-12,6.026394e-10,1.7773422e-11,4.7762874e-11
0.69895375,0.30104375,6.013041e-08,2.1367368e-06,3.0300603e-07,2.362487e-12,6.129538e-10,2.07262e-12,3.5872505e-12
0.97594357,0.024056373,1.9661469e-11,2.0689774e-09,7.1138057e-10,8.762354e-18,2.6922329e-14,7.666199e-17,1.563842e-16
0.0003545567,0.047442716,0.06857948,0.8700744,0.00058948435,0.0010438727,0.011754548,5.986946e-05,0.00010102495
0.74416906,0.25582397,5.2744724e-07,3.2859618e-06,3.1030734e-06,7.013219e-12,1.1062623e-09,1.8319317e-11,1.570435e-11
0.99858654,0.0014132569,1.2727888e-10,6.03357e-08,1.3558055e-07,4.2007132e-14,2.2753133e-11,1.849879e-12,1.5030607e-12
0.19246177,0.8069998,1.2065757e-05,7.8045196e-05,0.00044791095,2.4831419e-08,4.5228316e-07,9.470516e-09,1.0721107e-08
0.31897452,0.6803848,1.9379843e-06,4.6427063e-05,0.0005918573,1.1314817e-08,3.6358645e-07,9.867773e-09,8.865294e-09
0.0006176616,0.02952582,0.1770015,0.7881218,0.00034827908,0.0016359778,0.0025987811,2.7843202e-05,0.00012227874
1.4298985e-05,0.09258562,2.9332337e-05,0.024392454,0.003066023,0.00026238768,0.61040866,0.00013942723,0.26910177
0.021570493,0.5348923,0.05052391,0.3907594,0.0009939454,0.00093888876,0.00030763462,7.952238e-06,5.4477946e-06
0.1338006,0.8657814,2.9360834e-05,0.00038242477,6.1784876e-06,1.0925097e-09,2.3195064e-08,3.219207e-10,2.34337e-10
0.04162587,0.95691264,0.0011389207,0.00030666613,1.5668958e-05,2.728372e-08,2.429157e-07,3.270319e-09,2.7685048e-09
0.16512537,0.83427155,3.0832991e-06,4.1573796e-05,0.00055612874,3.0606028e-08,2.228493e-06,2.1077204e-08,4.488694e-08
0.37273115,0.62724936,2.816444e-06,1.6344466e-05,2.8667898e-07,6.1539905e-12,6.287653e-10,4.2697018e-12,4.5136624e-12
0.990699,0.00930096,1.0085884e-12,1.1153554e-10,4.6148438e-10,5.818281e-19,7.322286e-15,3.3741425e-17,4.2460944e-17
0.0014654016,0.07895668,0.8941898,0.025052546,3.5462832e-05,0.00029143723,8.180492e-06,1.3110603e-07,2.9847266e-07
0.99984765,0.00015229231,1.9383109e-13,2.8402832e-11,3.6557934e-10,7.6683675e-19,8.405638e-15,9.886284e-17,1.8595851e-16
0.99978024,0.0002197823,1.1697632e-14,5.782986e-12,4.0790978e-11,1.5435791e-20,4.7082734e-16,2.7088411e-18,4.967784e-18
0.99913186,0.0008681688,3.4124587e-12,3.9634587e-10,1.2315798e-10,8.595285e-19,3.6345824e-15,1.600375e-17,2.8278933e-17
0.013184325,0.25846836,0.2307951,0.44195032,0.032486573,0.020708945,0.002214231,0.00012329077,6.887032e-05
0.00022776742,0.06650343,0.010991197,0.72910017,0.001936046,0.003870381,0.18174209,0.00029833947,0.00533047
0.1362252,0.86357,3.5531128e-05,0.00012792139,4.127347e-05,6.2034373e-09,5.2649014e-08,1.2378132e-09,4.821251e-10
0.9508576,0.049142465,2.1844172e-10,2.204467e-09,1.6270261e-09,3.6706944e-17,4.482842e-14,1.6230561e-16,1.9001016e-16
0.9031761,0.09682327,2.3736451e-08,1.5659322e-07,4.2957086e-07,3.2533774e-13,1.7485761e-10,2.2752572e-12,3.3712688e-12
0.9979747,0.0020251875,4.1175222e-10,4.8181107e-08,6.063608e-08,1.507724e-14,1.1431259e-11,2.626519e-13,2.850385e-13
0.9987349,0.0012650869,2.974631e-13,1.2009585e-10,1.1808345e-09,3.8473494e-18,4.7147257e-14,1.5398471e-15,6.275318e-16
0.000118083924,0.0014789278,0.21481797,0.14722955,0.00011763478,0.63506734,0.0010445212,3.443567e-05,9.152821e-05
0.99963355,0.00036647532,1.0035667e-12,3.7155018e-10,8.275479e-10,7.491901e-18,4.4331367e-14,4.8820385e-16,8.7636083e-16
0.018989533,0.3257749,0.6328826,0.021725943,0.00014456711,0.00043823879,3.6844485e-05,1.1144645e-06,6.3155694e-06
0.91752356,0.08247623,7.204787e-09,7.199214e-08,6.639985e-08,1.7606007e-14,1.6742408e-11,1.4193615e-13,1.6768661e-13
0.99740976,0.0025902179,6.077356e-11,2.8553977e-09,2.4356288e-09,8.742607e-17,1.8100228e-13,1.3176788e-15,2.247998e-15
0.09922979,0.9006289,0.0001275195,1.3539568e-05,2.2326824e-07,3.0159483e-11,5.63988e-10,4.9076776e-12,5.683762e-12
0.99896467,0.0010353827,6.5934196e-11,3.3558458e-09,2.8989848e-09,3.266294e-16,4.2195262e-13,4.690386e-15,5.881222e-15
0.72776514,0.2722345,2.253235e-08,3.0264852e-07,7.9159264e-08,5.2239348e-14,2.0540259e-11,1.798608e-13,1.3630782e-13
0.13027771,0.861573,7.1891605e-05,0.007975169,9.979981e-05,6.203146e-08,2.262967e-06,4.310765e-08,1.48010555e-08
0.9523573,0.047642257,1.4808262e-07,2.7546923e-07,3.2799292e-08,6.566664e-14,1.7684722e-11,1.3117788e-13,2.6819101e-13
0.65474033,0.34402344,0.00036091032,0.00028084454,0.0005931832,1.18718184e-07,1.1229773e-06,3.8587682e-08,4.2924192e-08
0.998052,0.0019479925,8.002999e-11,2.3548081e-09,3.3216607e-09,1.2484321e-16,4.0472026e-13,5.2396226e-15,6.0436648e-15
0.036389805,0.8775639,0.016543752,0.029105885,0.03958749,0.0005175906,0.00027050206,1.4181151e-05,6.8147883e-06
0.99995244,4.759461e-05,3.0527453e-15,1.1586999e-12,1.994143e-11,1.6845888e-21,7.898029e-17,5.5607687e-19,1.0736463e-18
0.9997495,0.00025049847,2.6757158e-13,3.2609658e-11,2.4027159e-11,3.2142484e-20,2.9596197e-16,1.503441e-18,2.2101323e-18
0.9777394,0.02226064,4.7152088e-11,9.11687e-09,1.1034569e-08,1.8661835e-16,1.0068516e-12,6.153134e-15,6.116952e-15
0.9936939,0.0063061006,8.6023055e-10,2.1914582e-08,8.238544e-09,1.5468858e-15,2.4110178e-12,1.3695195e-14,2.2328763e-14
0.826778,0.17126076,0.00010899833,0.00049852795,0.0013483246,2.5714857e-07,4.763149e-06,1.7228433e-07,1.5238048e-07
0.8513484,0.14865069,5.7109435e-08,7.1624487e-07,1.4592783e-07,1.2752604e-13,2.6088482e-11,7.5879645e-13,4.7738907e-13
0.9679216,0.032078374,1.1256936e-10,1.6909151e-09,1.370706e-09,2.6052239e-17,7.7680036e-14,3.4462187e-16,5.712802e-16
0.9995419,0.00045818102,1.8943425e-11,5.192528e-10,4.901852e-10,2.5704137e-18,6.9930125e-15,7.388059e-17,6.681433e-17
0.99998343,1.6589258e-05,3.2874593e-16,9.9884646e-14,2.1713611e-13,2.2482666e-24,1.7325585e-19,4.9429217e-22,8.624678e-22
0.99995387,4.6144953e-05,1.3785598e-14,2.4764951e-12,1.5083556e-11,1.961569e-21,4.555942e-17,3.5450963e-19,4.6750046e-19
0.99993515,6.4814456e-05,2.0729907e-15,9.407449e-13,1.6428035e-12,1.685806e-22,9.923002e-18,2.4507874e-20,5.7928453e-20
0.9982393,0.0017606631,3.3564726e-10,1.1549336e-08,4.600552e-08,4.8944084e-14,1.1885698e-11,2.8795708e-13,6.9446944e-13
0.9995221,0.00047792334,5.6276317e-11,5.4605724e-09,5.379165e-09,8.429801e-16,1.3594544e-12,2.959119e-14,5.9635775e-14
0.32086962,0.6789934,2.9341129e-05,7.788543e-05,2.9502356e-05,4.4476522e-08,1.4521974e-07,3.2520093e-09,8.446776e-09
0.99969244,0.00030758115,9.1489946e-14,6.3363294e-11,3.9032028e-10,8.129166e-19,1.05118415e-14,1.1866971e-16,1.7718197e-16
0.054658864,0.90879136,0.025522662,0.010974783,4.6298963e-05,1.1169467e-06,4.7434373e-06,9.600639e-08,5.4400523e-08
0.9999318,6.8201385e-05,3.7368303e-15,1.5259431e-13,3.3911987e-13,8.58058e-24,7.733763e-19,1.4110457e-21,3.617555e-21
0.9949987,0.0050013117,1.3398746e-12,1.2114101e-10,1.033888e-10,2.1932857e-19,1.8483172e-15,7.9562094e-18,1.171732e-17
0.9999279,7.215258e-05,1.3487549e-14,1.5771085e-12,7.39203e-12,6.1155895e-22,2.134555e-17,1.0862916e-19,1.7527368e-19
0.998604,0.0013960414,5.159058e-11,3.3329755e-09,2.2491942e-09,1.2139467e-16,1.629557e-13,1.2069012e-15,1.7188963e-15
0.0006785947,0.008396077,0.9803641,0.010079607,4.5939054e-05,0.0003814779,4.6373552e-05,2.712756e-06,5.1196175e-06
0.9532363,0.046763267,2.916197e-09,2.6814203e-07,2.3254563e-07,1.1617188e-13,6.203671e-11,9.197006e-13,1.1045061e-12
0.9649003,0.035086278,1.3643039e-07,9.413113e-07,1.2334995e-05,4.140373e-11,5.2616036e-09,1.6553361e-10,2.5026337e-10
0.99663746,0.0033624761,1.3042395e-10,6.113215e-09,9.95448e-09,6.326416e-16,4.8112664e-13,5.5493266e-15,5.2207126e-15
0.95419383,0.044492234,6.569316e-06,0.0012206204,8.642895e-05,1.4195575e-08,2.5244464e-07,5.3206133e-08,1.427848e-08
0.47425088,0.5257234,7.8457174e-07,1.6188531e-05,8.782251e-06,2.6221994e-10,8.6732355e-09,9.792239e-11,1.2551632e-10
0.98858404,0.011415955,5.5604972e-11,1.4286737e-09,1.3217987e-09,1.9604976e-17,5.0827852e-14,2.8709028e-16,4.568863e-16
0.9999461,5.3848464e-05,9.784686e-15,2.742574e-12,3.8930296e-11,1.09976175e-20,4.0732179e-16,3.9329225e-18,6.660791e-18
0.0468799,0.92910105,0.009183082,0.014806099,2.800986e-05,4.274037e-07,1.3113447e-06,2.5628403e-08,1.42053285e-08
0.00041427108,0.021358997,0.019289594,0.1529917,0.021483239,0.48592654,0.29521194,0.0013854406,0.0019382997
0.000109643755,0.0010809455,0.9235168,0.010501247,0.00061195187,0.06362874,0.00042409697,6.609159e-05,6.047826e-05
0.99942696,0.0005730379,4.7441554e-13,5.6456295e-11,1.3667878e-10,1.531114e-19,1.6409017e-15,1.23189684e-17,1.3448387e-17
0.9999713,2.8737248e-05,7.0392504e-15,6.427267e-12,4.6561324e-11,1.7578406e-20,3.9483737e-16,4.655441e-18,7.967836e-18
0.99994934,5.067554e-05,7.831231e-15,1.0141046e-12,4.3438374e-12,3.1999364e-22,1.0448553e-17,4.7833444e-20,8.5830063e-20
0.9995778,0.00042222725,1.8256275e-12,9.0146796e-10,2.3871505e-09,7.665604e-17,2.0454825e-13,2.1668585e-15,4.1424557e-15
0.78230816,0.21769021,1.1846449e-07,1.1871812e-06,3.9145942e-07,6.6805307e-13,1.2749499e-10,1.6272975e-12,1.2706226e-12
0.9382671,0.061479352,1.2601547e-06,2.2358365e-05,0.00022972563,2.7052924e-09,1.475861e-07,5.8256426e-09,5.2303357e-09
0.8597068,0.14028814,2.4866958e-07,3.844701e-06,9.92729e-07,3.4245274e-12,3.858589e-10,7.458686e-12,4.902285e-12
0.97593904,0.024060989,3.861203e-11,1.6160744e-10,5.0697956e-11,1.1134588e-19,8.0087076e-16,1.1863569e-18,2.6314253e-18
0.13480653,0.86518216,6.5992704e-06,4.481018e-06,2.665511e-07,8.712166e-12,8.5933316e-10,5.3778926e-12,9.68535e-12
1.2611739e-08,0.0029003047,1.0485755e-08,2.0133899e-05,0.001631984,2.1961841e-07,0.0196222,1.359173e-05,0.97581166
0.9937038,0.0062957136,7.736152e-09,2.5950825e-07,2.7692326e-07,2.4922723e-13,2.868346e-10,4.887869e-12,4.227235e-12
0.99217457,0.007825376,5.1652718e-09,3.4436376e-08,3.986591e-08,1.3784976e-14,1.3138439e-11,1.7852843e-13,2.2033718e-13
0.9890682,0.010931742,5.2419454e-11,3.090036e-09,4.0890202e-09,1.1194743e-16,2.3389363e-13,1.9375582e-15,2.6573956e-15
0.8906945,0.10930531,2.3432978e-09,3.6737024e-08,7.2821976e-08,1.6480923e-14,1.8055196e-11,1.6523329e-13,1.8445239e-13
0.9848007,0.015199323,1.5899906e-11,5.0497256e-10,6.672252e-10,1.2224274e-18,6.980383e-15,2.857123e-17,3.1282902e-17
0.20454335,0.7954329,7.551579e-06,1.4967449e-05,1.1930855e-06,3.9690643e-11,1.6986239e-09,1.7417819e-11,1.797e-11
0.00010201931,0.19002983,0.00029805896,0.22725067,0.004911564,0.0002392362,0.56664485,0.00029036222,0.010233416
0.99797326,0.0020267072,5.3999394e-13,9.376708e-11,8.191045e-11,1.2964907e-19,8.217877e-16,3.765832e-18,5.716113e-18
0.99873215,0.0012678057,1.14591586e-10,1.01341335e-08,1.1354498e-08,9.607131e-16,1.9595324e-12,4.0180197e-14,4.0966826e-14
0.00076967734,0.005936836,0.52693146,0.08640772,0.008582429,0.35962385,0.009914497,0.0012655776,0.0005679839
0.996743,0.0032568297,3.0110179e-09,2.6458563e-08,6.358906e-08,2.0781845e-14,1.8269834e-11,3.3769813e-13,4.252886e-13
0.02195942,0.9775825,9.054637e-05,0.0003637421,3.6453455e-06,5.2266165e-09,1.5654717e-07,9.389449e-10,7.68121e-10
0.9905194,0.00948059,1.0728835e-08,2.4975234e-08,1.6109178e-08,3.6415984e-15,2.3959328e-12,3.005531e-14,3.81667e-14
0.87082684,0.12917063,5.944823e-07,1.48478e-06,4.3544472e-07,2.2357736e-12,4.5784576e-10,3.0617932e-11,7.764939e-12
0.9990361,0.0009639726,2.1526501e-11,3.6155086e-09,5.258367e-09,1.677908e-16,7.579098e-13,9.884488e-15,8.682627e-15
0.9918829,0.008104596,5.4361884e-09,5.759963e-07,1.1868786e-05,3.2423803e-11,4.1546646e-09,1.119309e-10,1.4791289e-10
0.998094,0.0019060114,4.6312485e-12,2.6745588e-09,1.4678263e-08,2.9877017e-16,2.6175518e-12,1.01203923e-13,3.692998e-14
0.741905,0.2580934,6.2735914e-09,4.3930214e-07,1.2211895e-06,8.0536055e-13,4.1758036e-10,2.6724978e-11,5.245184e-12
0.06075881,0.9391139,2.9652749e-05,9.268336e-05,4.8122783e-06,1.8935544e-09,8.032669e-08,1.2184362e-09,7.0195344e-10
0.21720213,0.78278905,5.790156e-07,6.248903e-06,1.9856311e-06,3.6944007e-11,7.3044295e-09,3.2045833e-10,6.6301194e-11
0.9997391,0.00026086578,7.942204e-13,6.518124e-11,2.6597965e-10,3.770738e-19,3.0207507e-15,2.830972e-17,3.9534075e-17
0.00032529098,0.0034514784,0.2663666,0.05601893,0.007169667,0.653122,0.010509828,0.0016312345,0.0014049354
0.8977283,0.102264866,4.871098e-07,4.85292e-06,1.4417731e-06,1.5386215e-11,4.4790514e-09,3.287165e-10,5.991478e-11
0.99994445,5.549554e-05,1.0296266e-14,3.8125935e-12,3.231797e-11,1.0208705e-20,2.8705227e-16,2.4008347e-18,4.4959194e-18
0.99394727,0.006051688,2.371291e-10,2.9881825e-08,9.2439626e-07,2.7664931e-14,7.380676e-11,6.5294504e-13,6.032135e-13
0.06098415,0.9377283,0.0010145151,0.00026924728,3.6839626e-06,5.7641762e-09,4.999998e-08,6.101491e-10,4.812226e-10
