4.655547e-07,1.8411377e-08,1.0215402e-06,0.17266726,0.09899725,0.7272733,0.0010157286,4.4917622e-05,9.8555e-09
6.716341e-16,1.5821991e-15,2.1022996e-11,1.952705e-07,0.91673064,0.00020730344,4.0688707e-07,0.08304429,1.7135562e-05
1.5723153e-12,6.155512e-10,0.00012306013,0.0012040468,0.0010857359,0.4982185,0.49936822,4.6879656e-08,4.545563e-07
9.692101e-11,6.2393317e-09,0.007910646,0.92680216,0.062562935,0.0016391332,1.1936706e-07,0.0010848944,2.5853666e-08
5.517495e-08,0.0022656936,0.04047337,0.95509195,0.0018505114,0.00031765274,5.4811903e-07,7.4328476e-08,1.0280108e-09
1.6076217e-11,6.758526e-10,6.131238e-06,0.0019285945,0.9980635,1.6454638e-06,4.0089048e-09,5.506368e-08,9.0802915e-10
6.908178e-12,1.16668275e-08,0.4743829,0.52346855,0.0012183125,0.0009301594,4.9492154e-08,2.2020135e-09,1.8358626e-12
3.4383154e-09,6.3688907e-09,1.899695e-05,0.136078,0.3167906,0.4082712,1.986524e-05,0.13642071,0.002400613
2.8179217e-08,6.547184e-07,0.00802699,0.0016099162,0.02561787,0.008645059,0.9560929,6.460748e-06,8.006319e-08
6.7359215e-15,2.116637e-13,6.5446598e-12,3.0616032e-09,1.8190645e-05,0.005626073,0.0005215506,0.00018534277,0.9936488
0.010736737,0.00034671472,0.97888696,0.0056623323,0.0020981564,0.002263891,1.885341e-06,3.3563583e-06,4.552921e-10
4.190765e-09,8.533392e-05,0.9998511,3.219484e-05,3.033623e-05,8.973896e-07,8.54323e-12,5.3274668e-12,2.3903288e-12
1.36337485e-05,0.0017306204,0.03355526,0.15232213,0.14592506,0.5105155,0.15500323,2.6623362e-05,0.00090789987
4.47138e-08,3.117843e-08,0.049593527,0.35011974,0.52363926,0.031871513,9.317095e-06,0.044761375,5.1764105e-06
2.4031884e-05,2.3996913e-07,3.486725e-07,0.99098504,0.00016458213,0.008799872,2.596856e-05,3.4552514e-11,6.213258e-11
2.097165e-08,1.1410785e-09,9.506363e-05,0.30685884,0.44583318,0.2466296,0.0005833759,3.348084e-12,6.994896e-14
1.5096407e-14,1.819411e-08,4.2240806e-08,1.6970416e-05,0.0013485539,0.98643273,0.0021125383,3.236009e-05,0.010056763
2.2021048e-11,2.0666695e-12,0.062530816,0.35574073,0.5458935,0.035265855,0.000569114,3.1798883e-13,4.697484e-16
1.5538051e-09,2.5985403e-11,0.00013281172,0.080109924,0.8439716,0.07578423,1.4471632e-06,1.0719409e-11,6.9043234e-14
3.2948217e-12,1.1982392e-11,0.00039802905,0.0013212917,0.9964245,0.00044625162,0.0014099793,8.551587e-10,5.1269072e-11
1.2612457e-10,4.564067e-09,0.034072988,0.1920567,0.0100521315,0.59343475,0.17038323,1.5181229e-07,6.8219013e-09
2.7887259e-14,6.343609e-14,9.2844274e-09,5.9928057e-06,0.043741107,0.0005825312,2.288696e-09,0.9556593,1.1112762e-05
6.0347197e-15,2.8471184e-10,0.006066852,0.9799722,6.617692e-06,0.013954298,8.135856e-08,4.2826215e-11,1.8611706e-13
7.682565e-08,1.45533505e-08,7.641303e-06,0.70521617,0.010993911,0.10844368,0.17533723,1.2882899e-06,3.1105665e-09
0.00011235916,2.2357037e-07,0.1521781,0.84103227,0.0064143892,0.0002626408,8.8686445e-09,1.5687571e-12,3.7643042e-14
8.338318e-05,1.8245919e-10,1.1632999e-09,0.00020855508,4.8304388e-05,0.18425041,0.8154084,1.0987617e-08,8.6167654e-07
3.0735862e-11,1.4962753e-08,0.11051699,0.0002318927,0.023331195,0.029155204,0.8367642,3.615739e-10,5.9004276e-07
1.6218508e-13,2.0322884e-11,0.00015101975,0.00452463,0.67271584,0.00022932005,0.32237914,2.266359e-12,5.235334e-11
2.0109373e-11,1.4228473e-10,0.005892246,0.032344803,0.8797945,0.08100707,0.00096147193,7.0656814e-12,3.8371983e-10
1.1271811e-09,7.3313083e-10,5.759533e-06,0.9910568,0.008852179,8.182196e-05,3.4425116e-06,1.0999161e-08,7.5653134e-10
0.00014555224,1.0733679e-06,0.0046762465,0.0032334751,0.99020517,1.8158944e-06,0.0017367605,4.6540954e-14,5.0755007e-14
2.1129735e-10,1.166442e-08,0.03493173,0.71504754,0.0004103148,0.24957143,3.8994684e-05,5.1474647e-09,1.1764013e-10
6.0392235e-13,1.0410485e-09,0.9994006,3.1771924e-05,0.00024685345,0.00032038448,4.4856248e-09,1.1442365e-07,2.391211e-07
7.350168e-15,1.7194486e-13,0.023418618,4.46372e-05,0.0077025755,7.50476e-05,0.9687591,1.3707697e-13,3.382766e-11
1.9086252e-12,5.5241728e-11,0.16645004,6.999312e-05,0.8333415,1.7461081e-06,7.501305e-13,0.00013676989,2.7739473e-08
3.8124565e-08,4.7619175e-10,1.536004e-07,0.0031498487,0.97465193,0.016687881,4.1781397e-05,0.0021300893,0.0033383055
1.2445599e-05,3.5150652e-08,0.00031886142,0.9003878,0.0006909009,0.098585285,2.4628557e-06,2.1466008e-06,1.4513438e-10
4.258149e-14,3.2398806e-10,7.993151e-08,0.00077098084,0.058844518,0.93806,5.3345764e-07,0.0021251256,0.00019886399
1.0612782e-11,3.5367982e-09,0.9975777,0.0020537977,4.7599706e-06,0.00036361444,7.7011606e-08,4.7738237e-11,1.0577498e-11
7.599046e-12,7.690308e-12,0.00796231,0.177653,0.8132007,0.0011766178,7.326893e-06,2.1274491e-14,1.050298e-16
0.27875814,0.0009268966,9.162358e-06,0.7198635,9.215903e-06,7.087631e-05,0.00036219624,1.4828468e-09,3.9418424e-08
1.3497173e-13,4.0055844e-11,0.0033076177,6.645129e-08,0.9966922,1.36664e-07,8.84007e-14,6.7072157e-09,1.0165288e-11
3.0336457e-13,1.6024586e-14,3.0376484e-08,1.8476184e-07,0.013203563,2.2396978e-06,3.4355132e-09,0.9867937,1.7084615e-07
0.9969056,1.3576345e-05,2.115195e-09,0.0030807771,4.1378506e-10,2.4941608e-11,1.9575633e-10,2.38402e-15,1.4099601e-15
1.075938e-13,8.974306e-08,7.699327e-06,0.0001458487,0.0003327344,0.99909186,0.00010475515,9.3907994e-07,0.000316072
8.4051906e-05,6.823287e-06,0.79172325,0.20382565,0.0022903644,0.002065036,1.188795e-06,3.5919556e-06,1.9733046e-09
1.8393067e-08,2.8140403e-07,0.0014953077,0.9943234,0.0034744965,0.00026111226,0.00044543293,5.574323e-11,1.0502055e-10
3.1828562e-09,4.604826e-12,5.3464987e-06,1.0823569e-05,0.9999733,2.1664528e-06,2.014621e-09,8.309219e-06,3.997665e-10
8.157407e-12,8.2489386e-08,0.004377602,0.05276789,0.007651245,0.9344809,0.00014712274,0.00011159787,0.00046359195
5.8178413e-09,5.0912536e-08,0.009880871,0.98463815,0.0023362627,0.0030188179,0.00012588801,2.9454044e-09,9.981922e-09
7.630716e-12,1.2286974e-12,0.012389464,4.0078874e-05,0.98717713,1.67754e-06,2.0495229e-11,0.00039163054,1.342796e-10
4.305534e-05,1.5608078e-08,0.004546711,0.9935644,0.0015073163,0.0001233778,0.00021511088,2.6724323e-10,3.4347497e-11
6.107909e-13,2.8931668e-10,2.8531543e-08,6.064902e-08,0.00048427092,0.025653785,0.97371155,8.9625115e-05,6.0706978e-05
2.055469e-08,1.8527859e-09,1.1118703e-09,1.5623873e-06,3.3349927e-05,1.7844257e-05,0.9999461,3.1710113e-07,8.8158527e-07
9.903741e-15,5.8171317e-13,0.00080227037,8.0694335e-06,0.99918896,5.5764936e-08,6.4275804e-07,6.9679966e-14,3.2933576e-14
1.3137662e-09,1.26764025e-11,2.9524017e-07,0.00090837805,0.99851626,0.00042730183,2.3821482e-08,0.00014764952,1.171462e-10
2.270158e-08,0.092215136,0.00076134416,0.300716,0.1744443,0.16548951,0.26635662,8.44993e-07,1.624588e-05
6.079049e-11,1.3597175e-10,1.6735687e-05,0.0013527456,0.9920083,0.004478751,0.0020541623,5.341591e-05,3.585641e-05
1.4432712e-09,2.2894961e-10,0.1125731,0.29878658,0.58666676,0.0019685077,1.70935e-07,4.9411638e-06,5.0901543e-11
1.10853906e-13,2.0045555e-08,0.0051935194,0.14230102,0.31999812,0.005439944,0.5270672,2.4764168e-10,2.5781833e-07
6.3356836e-15,8.084444e-11,0.00097545265,0.9989083,3.4839646e-05,6.620463e-05,1.5216293e-05,8.5330213e-13,9.613968e-14
1.4251052e-11,2.1261172e-10,3.5925084e-06,0.0020458424,0.049945734,0.16250202,5.347299e-05,0.7841424,0.0013069158
4.3813573e-12,1.636023e-12,1.708328e-05,0.015631188,0.9485045,0.035357255,0.00048996403,4.576593e-12,3.3081966e-14
0.3632327,0.01204859,0.0005033468,0.6241592,1.4216889e-06,5.473515e-05,8.778643e-10,3.814938e-11,1.2980557e-12
2.0682205e-10,1.1829484e-08,6.365154e-05,6.291298e-05,0.039696757,0.8270939,0.133075,1.087678e-07,7.669809e-06
5.052559e-07,9.617894e-10,2.6161213e-05,0.27356935,0.7221456,0.003728574,0.00048633548,1.322766e-05,3.0323841e-05
0.034833446,5.2829228e-06,2.8004915e-06,0.9647039,1.6735046e-05,0.00042765588,1.0155237e-05,1.866741e-10,2.5252321e-11
6.811225e-12,2.2662107e-10,8.134997e-05,0.98347825,3.7119808e-05,0.010756165,0.0056471177,1.1330298e-09,4.5539002e-12
1.8574096e-13,7.13899e-08,0.00021891079,0.001035641,0.70141935,0.055666644,0.24165899,9.353228e-10,3.0527465e-07
4.087307e-13,3.9961787e-11,0.8996852,0.08479957,3.262179e-06,0.015504877,7.2385237e-06,1.1938933e-12,1.3696919e-14
1.3627073e-13,3.300225e-10,0.049780812,0.33733743,0.60039884,0.012477267,5.2267746e-06,4.1129724e-07,4.851144e-09
2.1034996e-09,4.522668e-06,1.1797827e-06,0.0003062272,0.32317296,0.019793505,0.65539736,8.432194e-05,0.0012399529
5.494617e-14,2.998246e-10,2.2066292e-08,1.9336673e-08,7.264918e-05,0.0003395217,0.9995486,4.2259313e-10,3.9131763e-05
1.1162852e-11,5.780614e-09,0.81814307,0.023694623,0.00526843,0.15272619,0.00016713928,4.1867028e-07,1.3923072e-07
4.169185e-11,7.970715e-12,3.3316144e-10,2.9166197e-06,0.0031228296,0.0012521129,0.9941136,0.0015080179,5.6594007e-07
1.2817981e-10,1.3906114e-07,1.0215168e-06,0.9953027,3.407827e-06,0.004663804,2.886816e-05,3.8779386e-11,3.6323622e-12
1.4835172e-13,9.0942434e-11,1.3884885e-05,0.0009202372,0.17099907,0.8127073,9.275882e-06,0.01528048,6.975007e-05
9.7365955e-06,9.8057846e-08,0.00013003178,0.04925907,0.5232035,0.08030426,0.27558637,0.0006856708,0.07082133
6.4494018e-12,2.6264507e-07,0.124903165,0.45382223,0.4125334,0.006187337,0.0025535303,6.4687133e-10,2.7621474e-09
5.643965e-09,1.7815299e-09,0.023713088,4.4969024e-06,0.9762731,3.6404388e-06,5.7263123e-06,1.5154393e-11,1.21936315e-11
1.8242645e-08,1.2490459e-07,2.4703494e-08,0.016471464,0.0051122685,0.0027259737,0.0021407802,0.97354096,8.369359e-06
5.2540594e-10,1.8436098e-10,0.29096553,0.0043177134,0.0011708405,0.70261824,0.00092768384,3.1405992e-10,4.2676032e-10
0.09439729,6.5476917e-07,0.0005983206,0.88337094,0.019423405,0.0022067914,2.6405776e-06,4.5934407e-08,4.0424304e-09
1.441771e-15,3.7205763e-10,4.3443965e-10,1.3918988e-10,1.0120369e-05,0.0021951771,1.1305796e-05,3.3291656e-07,0.9977831
1.4616254e-10,7.759208e-09,0.8405371,0.117615476,7.32147e-05,0.041773833,2.099058e-08,3.2684235e-07,6.263445e-10
0.86732405,9.198594e-07,3.925519e-09,0.13265514,2.7652801e-08,5.140212e-06,1.4750095e-05,2.973197e-13,6.0827953e-12
4.6791117e-12,4.466209e-13,8.679711e-12,1.8760339e-07,0.16716614,0.0011526287,0.0029530094,0.67159796,0.15713003
0.0012857494,3.121159e-08,1.5401697e-07,0.0021221028,5.885366e-07,7.0254115e-05,0.99651945,3.757827e-08,1.5850561e-06
1.159595e-09,3.0360838e-09,0.41614237,0.06098365,0.3673967,0.1548892,0.0005879878,1.725222e-10,6.0432215e-11
7.345991e-12,4.76048e-10,2.7747266e-05,0.26519388,0.26498303,0.4687394,0.0010536718,5.1591453e-08,2.1834032e-06
1.2651256e-13,2.7010445e-12,1.530414e-05,8.5486485e-05,0.9997482,1.1019847e-07,0.0001509383,1.8992731e-16,9.150717e-16
1.5267708e-06,2.0019219e-05,0.27068844,0.31636593,0.025970249,0.3864942,0.00043782181,2.1429181e-05,3.3570097e-07
1.4853402e-13,1.6243947e-12,7.524875e-05,0.0006341407,0.9986368,0.00056102034,1.5722013e-10,9.283326e-05,2.2541867e-08
5.1023576e-06,0.16166021,0.466717,0.34617803,0.020775266,0.004664342,2.818692e-08,1.6392806e-09,3.394092e-10
5.7979217e-09,1.2536931e-08,1.4027387e-05,0.05389078,0.050743308,0.09967585,0.0022834607,0.6365611,0.1568315
2.8568168e-09,1.1778285e-08,0.0009413001,0.30138347,0.39936566,0.2873981,0.010911445,1.9717308e-09,3.9910644e-10
0.0013968156,1.1348975e-07,4.970008e-07,0.99416625,4.8938327e-05,0.0027624553,0.0016247134,1.8363514e-09,1.7667448e-07
9.33762e-12,9.517658e-10,0.0015937863,0.2351749,0.7627759,0.00045532722,2.6864212e-11,4.5960917e-08,9.510053e-14
2.6259802e-12,4.152202e-13,9.172558e-10,1.1134662e-07,2.239745e-05,0.057309013,0.94264424,2.5692984e-07,2.4037801e-05
6.12696e-09,1.8285669e-10,0.0012800244,0.00030435936,0.9984097,3.5454968e-06,2.427027e-06,6.586837e-16,1.1957326e-16
2.6665627e-14,7.963042e-14,8.487989e-06,0.00022008625,0.9973339,0.0015210969,0.0009164701,1.06595455e-10,1.6619579e-11
1.2531561e-09,3.985947e-10,0.00043397435,0.01801786,3.3302092e-06,0.25513074,0.72641385,8.9160665e-11,1.8449704e-07
5.876941e-07,1.8341227e-06,6.7160823e-07,0.95382637,0.0036462182,0.041137684,0.0013830803,3.595479e-06,8.903143e-09
6.889119e-06,9.0058966e-05,0.00015748019,0.29541805,0.67095435,0.019206781,0.014166427,1.8429529e-12,2.3716894e-12
5.1807478e-12,1.0171421e-12,4.1621436e-07,7.657204e-08,0.820455,0.00017644808,7.92447e-06,0.17252916,0.00683094
1.3137126e-09,2.3520194e-08,3.726837e-07,0.05646072,0.0023436062,0.0008751523,0.00011593811,0.9396301,0.0005741034
2.956049e-07,0.0032043285,0.010053391,0.97974455,0.00030146382,0.0066959765,1.02943005e-08,7.2586555e-09,5.769157e-11
7.545081e-10,2.160116e-09,3.599887e-05,0.30589283,0.014647569,0.6792563,0.00016725015,4.427835e-09,2.3151786e-12
3.2607701e-12,7.628261e-10,7.148795e-09,2.3004752e-07,4.403229e-05,0.001704767,0.9981943,4.9988014e-08,5.660451e-05
1.2092189e-08,2.22627e-09,0.0032898379,0.21591237,0.45131043,0.32945415,2.998215e-05,3.184285e-06,9.44379e-10
2.0306037e-09,9.12818e-08,3.1506508e-05,0.9589522,0.00018211776,0.040216412,0.0006173598,3.5718134e-07,5.4654e-10
1.2582031e-11,5.9029956e-13,3.124116e-09,6.7281006e-05,0.47580788,0.02449449,1.7171344e-07,0.49962488,5.182872e-06
4.5006864e-08,7.8217585e-07,8.7168365e-07,0.9820467,2.356287e-05,0.016791733,0.0011362163,4.327446e-10,7.854327e-09
7.245011e-15,2.1197177e-14,3.0082526e-07,4.035946e-07,0.009715354,3.729187e-06,3.165777e-10,0.990275,5.179854e-06
2.7605277e-11,1.1154886e-10,1.7438222e-10,4.165924e-07,0.0010051628,0.0015929221,0.9828761,0.00059285806,0.013932512
2.6946735e-12,1.3063008e-09,0.009613639,0.9707408,0.013270794,0.006373301,2.1067805e-07,1.2859634e-06,2.1761717e-10
1.1269517e-13,4.1820354e-12,0.30787438,0.00010028821,0.691966,1.1777872e-05,4.7555804e-05,1.4784843e-14,1.5826412e-13
3.847984e-14,2.6740543e-12,0.0029351236,0.12861454,0.00028007533,0.8681652,5.0651674e-06,3.6391863e-09,2.7316143e-13
7.1526264e-11,1.4831695e-09,0.044742405,0.28119108,0.027579851,0.14670372,0.4997823,4.135431e-08,6.3499925e-07
5.821559e-14,3.0414297e-14,1.19006984e-07,6.747384e-05,0.9901078,0.0021772028,0.0076474426,2.0162692e-13,1.3148516e-14
7.715605e-11,1.0712935e-10,1.0804927e-05,1.3517305e-05,0.39408252,0.0023574803,0.60353565,2.4526575e-08,2.0527185e-08
3.429221e-12,1.3959481e-11,3.7831265e-05,2.7678489e-06,0.103909284,0.8926367,0.0034132167,1.4697549e-10,1.9758119e-07
0.00016506285,1.4167765e-06,0.9993236,0.00021920289,0.00028985576,5.334632e-07,3.4556217e-07,2.38887e-13,4.3770922e-13
1.5950667e-09,2.0467792e-12,6.3789134e-06,0.0018752444,0.94351375,0.010252484,0.044352125,6.3518634e-08,7.2976056e-11
0.00023041734,2.3174431e-07,4.8161854e-07,0.9993999,0.0002050025,0.00015758973,6.385093e-06,2.4508314e-12,4.640837e-13
3.2185103e-08,4.108488e-05,0.22760616,0.097757846,0.6665467,0.0076961094,0.00035210818,2.864201e-09,1.8068287e-09
5.1611532e-06,2.716027e-08,0.0056763375,7.777305e-05,0.87921244,0.00089429674,0.11412385,4.684535e-06,5.408981e-06
5.331291e-07,3.1479885e-05,0.046513412,0.82827485,0.12149386,0.0021932828,0.0014906181,1.966823e-06,3.154997e-09
1.1764519e-13,9.4298035e-15,3.6453395e-05,0.00016040658,0.9997843,1.8858822e-05,6.718935e-08,1.4294949e-10,3.805397e-14
8.042131e-11,1.1118974e-07,0.022900194,0.06977228,0.20323248,0.31741363,0.38666478,6.9032006e-07,1.5816262e-05
1.2881241e-11,5.2283237e-11,0.0013005049,0.7377896,0.00097263895,0.2599372,8.8438235e-08,2.937102e-10,1.9916379e-14
6.340352e-11,4.929656e-11,4.293751e-06,0.00410929,0.84110916,0.05244779,1.1019127e-06,0.10232832,1.24837225e-08
2.5706353e-15,6.1284064e-12,0.0002462405,0.08428451,0.00015233734,0.915306,1.0971059e-05,1.756204e-11,5.348871e-12
2.8318611e-05,4.5065626e-05,0.011865265,0.56020826,0.42481604,0.002802325,0.00023470137,3.326965e-12,3.62503e-12
7.7017e-11,1.8890964e-06,0.000531258,0.9679252,0.029444516,0.00041190282,0.0016852604,5.3546678e-08,5.44771e-09
3.819891e-10,1.6544007e-11,4.7808697e-08,0.00033998836,0.017454382,0.0014764154,0.98072916,2.482912e-10,8.552772e-11
1.2557052e-15,6.11019e-14,4.679044e-09,3.5489376e-07,0.018094141,4.0104587e-05,2.953457e-09,0.9818578,7.598427e-06
2.8272825e-11,2.5724506e-10,0.00094824267,0.40367863,0.58204556,0.010520392,0.0028071813,1.7812796e-10,1.4684266e-11
1.104012e-11,2.1440445e-09,0.046051852,0.15490177,0.0013576029,0.7976706,1.817546e-05,5.895375e-10,6.377554e-11
8.4276655e-11,2.382526e-10,9.8269564e-05,1.4381496e-05,0.41232395,0.26878476,0.31877214,5.7309762e-08,6.4141495e-06
2.2214034e-12,2.2662724e-11,0.00057278987,0.26407427,1.5462141e-05,0.7353313,6.1575684e-06,2.0338644e-12,2.6462134e-14
1.2458509e-12,2.2069468e-11,5.7890375e-06,4.3671636e-07,0.002679626,0.0018157852,0.9954984,6.7813144e-10,2.542113e-08
0.00012258624,1.418837e-05,0.25280845,0.74245745,0.004594845,2.4000187e-06,5.420807e-09,5.204826e-08,3.1145555e-11
3.972515e-13,6.179139e-14,5.971997e-10,7.3334925e-09,0.00076222565,0.0007205185,0.9985172,8.756086e-10,2.7562574e-08
0.047957253,0.00027842165,0.050589133,0.8998561,2.4300318e-05,0.0012947161,6.506454e-08,2.0730602e-09,1.2776717e-10
4.4284565e-08,2.0956627e-06,1.8399877e-08,0.97135305,0.003494452,0.0016202871,0.012696729,0.01083168,1.6359902e-06
1.1901673e-13,2.6942567e-12,0.0027102935,0.9929086,0.00010147577,0.0042788726,7.75878e-07,1.6210752e-14,9.296816e-17
1.3724827e-13,3.1206984e-14,4.259526e-08,1.020131e-06,0.04737429,0.9052604,0.023241326,0.023884622,0.00023826651
2.4969062e-15,1.1960356e-11,4.7044928e-06,0.030966135,0.9690169,7.073422e-06,5.058952e-06,1.5426125e-15,3.8344062e-16
2.3160523e-07,1.0761106e-05,0.00068705174,0.989725,8.837055e-05,0.009488551,3.9897092e-08,4.4163908e-08,6.223347e-12
3.7344991e-13,2.2936262e-12,6.0217735e-07,0.00040379516,0.9449093,0.01967813,0.035006836,1.3231319e-06,4.9270792e-08
2.1452359e-11,3.5347464e-10,4.343298e-07,0.9836659,4.5907982e-05,0.016240412,4.7358033e-05,1.3110632e-12,2.0278489e-14
3.2125802e-11,3.9422776e-09,0.1000988,0.80753267,0.077008255,0.015357823,5.2330296e-09,2.468037e-06,1.3846242e-10
8.571592e-05,4.7806833e-07,3.8710735e-10,0.9998344,5.3569353e-09,2.584715e-05,5.3476666e-05,8.9275184e-12,4.2177972e-10
0.017177058,0.41143778,1.0621724e-06,0.5711251,2.8508915e-05,7.808061e-06,0.00022173079,9.377393e-07,2.3187079e-08
5.999637e-07,2.8423293e-07,0.00018478827,0.99956447,2.7721822e-05,5.8240665e-05,0.00016392206,2.1299186e-11,5.4051826e-11
1.2310301e-05,2.343885e-08,6.485635e-05,0.9981188,3.2230005e-07,0.0017958445,7.78569e-06,1.4738839e-11,1.1929918e-10
4.766185e-12,2.8367992e-07,0.012416432,0.9854172,0.0017400846,0.00042603238,2.0659531e-08,1.4036981e-10,2.1176578e-12
3.524386e-13,2.6465474e-11,0.00017768989,0.03448826,0.95942855,0.003465874,0.002439582,2.229323e-14,1.04951895e-13
1.132262e-11,7.2284095e-11,0.00039997065,0.0003487119,0.9977835,0.0013419032,1.6367944e-06,1.8168366e-07,0.00012416075
2.7147822e-09,7.962925e-08,0.0027735648,5.234862e-05,0.9923409,0.0020288534,0.0026874158,1.3762152e-05,0.000103059756
7.5781456e-14,3.5031266e-11,2.1612688e-05,0.029129647,0.0008827998,0.00025251618,0.96971345,5.162672e-11,3.8801805e-12
6.7704082e-09,4.4021364e-09,0.9503676,0.0283308,0.00030715246,0.020994473,3.4534806e-11,9.1188335e-10,1.3089889e-12
1.1986774e-09,9.1852687e-10,2.7355973e-08,0.00026198823,0.015903655,0.3997399,1.32822925e-05,0.5839151,0.00016605425
4.1230723e-13,1.894482e-10,0.99944717,3.5877144e-06,0.0005468129,2.34672e-06,1.2547803e-09,4.648008e-10,2.1488524e-09
1.9049625e-14,1.4738713e-12,0.00020522386,0.0008597694,0.9989126,1.671606e-05,1.1416321e-11,5.7252996e-06,6.7241993e-12
2.0807445e-08,2.2068211e-10,1.5158522e-05,0.00023698827,0.5256003,0.34479868,0.12934873,8.4125135e-10,7.357994e-08
1.7944712e-11,5.3421363e-08,0.07219493,0.006356071,0.87374324,0.00032507037,0.04738056,2.2156127e-12,1.8406568e-10
1.3602516e-09,9.648267e-12,0.0019063209,0.3317705,0.53981555,0.12645094,5.6486893e-05,1.4528119e-07,1.2839446e-11
1.4096584e-09,3.919706e-08,0.04401851,0.06947141,0.6749444,0.1894936,6.304395e-06,0.022061227,4.5374222e-06
6.2278327e-06,1.6494578e-06,1.525614e-06,0.99994516,8.881917e-08,4.5322085e-05,2.5238805e-10,6.4013313e-13,1.6832915e-14
3.9049146e-13,3.1029287e-14,2.4199458e-09,4.5092773e-07,0.0031870536,0.0021946598,0.00077030924,0.9911538,0.002693743
1.3205822e-08,1.4034664e-07,0.015822178,0.8458437,0.11583909,0.0026630363,0.019806243,2.5584988e-05,3.189125e-08
1.261731e-13,1.7246814e-12,0.0013543299,1.7924347e-06,0.99862456,2.8299903e-06,6.5594613e-10,9.907609e-06,6.5170734e-06
1.9842956e-09,9.759182e-10,1.7939797e-08,0.00017739419,0.049093563,0.00766306,0.10406774,0.83849776,0.0005004769
5.4187873e-11,2.9121896e-09,0.0012623627,0.9926279,0.00020987414,0.0058996347,2.3973735e-07,4.210401e-12,9.972436e-15
2.3676856e-13,2.6498e-10,5.7157904e-06,7.222908e-06,0.99880683,0.00020448421,2.0287887e-07,7.2294274e-06,0.00096826925
1.0551378e-14,3.7445788e-10,0.00061949535,0.02635508,0.97297645,4.89541e-05,1.04422755e-08,3.298924e-10,2.1659523e-10
3.5790973e-12,3.9287185e-12,0.0010436008,0.7086159,0.13344511,0.15680327,9.206711e-05,2.4802622e-11,4.7468045e-14
2.8923882e-13,3.8775923e-11,1.767725e-12,3.102117e-08,0.07046029,0.0018947398,0.002797244,0.1016446,0.82320315
2.0159833e-12,2.3774918e-10,0.01645006,0.92899156,0.025741143,0.02881497,3.1131204e-09,2.3097127e-06,3.0901323e-12
0.0009857428,2.3444406e-08,0.00020579303,0.70346856,0.036048926,0.2592798,1.1162164e-05,9.2343064e-11,2.2384988e-11
1.3851187e-12,9.5590615e-08,0.0021828972,0.00026967213,0.258787,0.6970026,0.0049896915,0.0017272732,0.03504074
1.0567287e-11,7.433937e-12,0.0004241608,1.7359496e-06,0.99957293,8.877836e-07,3.167455e-13,2.1315303e-07,1.5228855e-11
5.1429663e-11,5.196334e-06,0.000195296,0.9995628,0.00015110805,8.555177e-05,1.29762965e-08,2.0584798e-10,3.2808085e-13
4.5623595e-11,1.9863455e-12,9.76297e-07,9.467963e-06,0.4226659,0.086651206,0.007000876,0.41436353,0.06930801
0.00017424244,0.6264347,0.0021304444,0.37073815,5.164398e-05,0.00047083342,2.6448234e-08,3.5331887e-08,5.2743376e-11
0.0030003432,6.004098e-06,0.014213788,0.2906674,0.5251414,0.16696997,9.956655e-07,5.021359e-10,6.528528e-08
2.7777902e-09,1.7498656e-06,0.1566718,7.9545316e-05,0.8367229,0.0058095255,9.16098e-07,0.0007129022,7.098242e-07
1.6642e-10,2.1959344e-11,1.2855744e-05,0.0033567394,0.20923667,0.7740115,0.011987427,0.001394794,9.4779374e-08
1.288469e-13,2.4111921e-14,0.00039438388,2.2832926e-05,0.9995819,8.3556097e-07,7.99506e-09,1.0086927e-11,4.8461198e-14
3.2097115e-15,2.8320704e-10,5.371614e-12,1.6147927e-09,0.00025381532,0.061101254,7.467696e-05,0.0046405806,0.9339296
3.2597598e-11,1.6592342e-12,1.4426504e-06,0.001282494,0.3387986,0.65965444,0.00026303128,5.8346253e-12,1.5039476e-12
5.5782684e-13,2.165673e-08,9.998244e-08,1.2696553e-07,0.092256814,0.21821189,0.00018053334,0.07687973,0.61247087
3.041372e-12,3.605715e-09,0.058599122,1.8971869e-07,0.9413651,8.3276007e-07,5.206205e-12,3.3854027e-05,9.360196e-07
4.741321e-10,5.559387e-10,0.7326048,0.0020583898,0.0073981998,0.2565475,0.0013910286,5.3841545e-09,5.8454276e-08
1.0463648e-05,2.7001948e-05,0.0019038736,0.13093889,0.2157455,0.02819986,0.6231745,1.4696215e-10,2.79734e-09
1.3698901e-13,2.2716901e-11,0.014340353,0.0016075198,0.9836309,0.00031348655,0.0001076818,2.0715881e-14,2.984033e-13
2.2926512e-05,7.8653524e-05,0.022396922,0.022846619,0.13298473,0.06045542,0.65942186,0.0037681917,0.09802468
2.592499e-09,0.00011447494,0.019381074,0.9203841,0.05569107,0.0043558558,1.8141005e-05,1.7642342e-05,3.755546e-05
0.0010390325,1.8344872e-08,0.00023544606,0.6913187,0.3066655,0.0007161193,2.5202193e-05,1.531046e-14,8.4916953e-16
4.726304e-14,3.2200553e-10,0.35263333,0.64303106,3.272725e-05,0.004302605,2.3855583e-07,1.4300822e-10,2.4928315e-13
7.180172e-05,9.739048e-11,1.1642859e-08,0.951879,0.026043653,0.001336739,0.020656634,6.1137657e-06,6.000789e-06
2.9647482e-10,3.3174483e-10,0.0045858775,2.0888835e-06,0.9849748,2.7088097e-05,5.4598807e-08,0.010367642,4.2491334e-05
6.3175014e-11,2.548181e-08,2.5793162e-07,0.5574247,0.0014020874,0.44089237,0.00028048258,6.45709e-10,4.211011e-12
9.675505e-12,9.9313675e-11,0.062672965,0.25785097,0.0003203564,0.67915505,5.991623e-07,1.7540581e-10,1.8525211e-13
2.1518949e-10,2.7369143e-10,5.7632557e-09,7.862329e-05,0.0028564218,0.8243872,0.17267773,2.2844647e-12,8.888172e-11
1.11215606e-07,2.1479328e-10,0.00026385032,9.6837925e-05,0.9032041,6.880374e-05,1.6854048e-06,0.09630033,6.43875e-05
1.2155283e-14,1.6913176e-12,8.9099674e-05,0.3507982,0.57194704,0.07519182,0.0019738516,1.6605346e-13,3.8003397e-14
2.4541695e-11,2.235326e-08,0.6687848,0.2955513,0.0026495105,0.03294104,7.2664293e-06,6.565971e-05,4.0891112e-07
1.0488242e-05,1.4307414e-09,8.5288055e-05,0.8437606,0.15416059,0.0018819114,0.000101094374,1.281455e-08,3.0837871e-12
3.671014e-14,1.8720349e-12,4.961422e-05,2.0078694e-05,0.87283367,8.069893e-06,0.12708856,2.441417e-12,8.278658e-11
1.1906208e-09,6.142058e-11,4.11324e-06,0.06526417,0.005137112,0.92373365,0.005860984,1.867001e-11,2.0723783e-09
0.01809836,0.3128266,3.4172206e-06,0.66907126,3.192077e-07,7.639399e-09,3.8685528e-08,3.929443e-12,1.7918149e-12
3.4518052e-12,1.7560621e-09,0.012889692,0.006263222,0.018599037,0.9572203,0.0050276173,2.26316e-10,1.0726826e-07
8.173304e-11,4.5016063e-10,0.027618706,0.006030976,0.0028364598,0.9632979,0.00021592212,6.183272e-10,2.648807e-10
1.7743714e-05,0.00054158055,0.006898619,0.48659414,0.008732631,0.003636948,0.49357718,1.0367752e-06,3.079675e-08
6.0765645e-13,1.5799629e-09,0.00034176352,1.5038726e-06,0.021514514,0.37336633,0.4380286,1.6500987e-06,0.16674568
7.3605686e-09,1.0430555e-08,0.014866775,0.64466554,0.008448256,0.32672584,0.005293559,1.5315235e-10,2.5742977e-10
5.059477e-05,2.3292742e-07,7.3451343e-07,0.9825401,0.00025279855,0.0016052693,0.015549436,7.780607e-07,9.8469975e-08
0.009226922,0.00033310606,0.000924388,0.9811054,0.008317152,3.5550715e-06,6.940345e-05,1.9720388e-05,2.631521e-07
5.5854045e-12,7.0502153e-07,0.54281694,0.0003752469,0.44852644,9.1141953e-07,0.008279732,9.8796405e-14,1.027372e-11
8.490498e-15,1.1610726e-12,4.5173596e-12,4.370981e-09,0.0001377126,7.69307e-05,9.288096e-05,0.903443,0.09624949
2.1944366e-08,2.0134265e-10,0.99973744,4.416056e-08,0.00026255054,7.327387e-09,3.9262064e-13,5.3825183e-10,4.2248854e-13
7.92944e-10,1.7380496e-07,0.005236699,0.061890926,0.6875465,0.041730046,0.0006336615,0.18773939,0.01522264
3.4918493e-09,6.353493e-10,0.00010331584,0.05125748,0.006364874,0.9409743,0.0013000524,1.07139035e-08,7.904636e-10
1.5538045e-07,6.1744356e-07,0.08197578,0.008580766,0.6947226,0.0007505329,0.21396951,2.2051824e-10,9.1810426e-10
1.3762942e-13,4.8468347e-11,0.0042960863,0.0008404541,0.95474595,0.03812884,0.0019796772,8.7577064e-07,8.247501e-06
3.285241e-05,5.3754593e-07,0.00014313753,0.5033963,0.49089456,0.0003336561,0.005165572,3.3352422e-05,6.205566e-08
3.3981262e-10,5.4560134e-09,0.14411078,0.00012015606,0.8544297,0.00021431413,7.454371e-09,0.0011250105,4.7504036e-09
3.567475e-11,1.1224488e-07,0.018267225,0.8971756,1.8439534e-05,0.084538355,3.3963653e-07,5.1155432e-08,3.0378604e-09
1.7025742e-11,6.9340727e-12,0.00033129312,0.009759834,4.308966e-07,0.98990846,2.4801503e-09,1.612087e-12,6.0120053e-16
3.7236614e-17,1.8907942e-15,2.025591e-08,8.173473e-09,0.00014162634,6.892926e-06,8.2315064e-11,0.9994276,0.0004237559
1.8288567e-11,2.0793875e-06,9.017558e-06,0.0019127055,0.99769837,0.00037745025,2.2861727e-08,3.19396e-07,1.8408476e-10
6.306754e-13,4.340826e-10,0.00017055025,0.0053737154,0.9274833,0.0662978,0.00067457673,1.8762393e-11,4.1318976e-10
9.10946e-12,7.99629e-10,0.017680084,0.32396972,0.009891656,0.6477105,0.00023262679,0.0005153457,6.6335154e-08
4.5252775e-09,1.2890431e-08,0.024960175,0.7627692,5.714528e-05,0.21219936,1.3999486e-05,1.1888036e-10,1.6437468e-12
2.0509414e-15,6.424471e-11,8.4110914e-05,0.11431652,0.8760661,1.9931897e-06,0.0095312605,1.875363e-15,6.164556e-15
4.3015087e-05,1.3424246e-08,0.04163601,0.9076097,0.0004984948,0.050212745,2.0731599e-09,8.071661e-09,1.5601092e-11
0.0003413929,0.0009011406,0.99872154,2.026703e-05,1.3240572e-05,2.4111678e-06,2.5329339e-09,2.6576724e-10,7.3378794e-12
4.44055e-12,2.7275437e-11,8.4314235e-07,2.4073364e-05,0.05809904,0.0005121658,8.505691e-07,0.9358012,0.0055618244
1.042521e-11,1.3660106e-10,0.011940563,0.009126493,0.4111621,0.5318332,0.035937674,5.2587965e-09,2.5385634e-09
4.217705e-09,2.2377227e-08,0.04935465,0.21007887,0.7106937,0.028329438,0.0015429498,3.269298e-07,1.4927658e-10
1.4456909e-06,9.206655e-08,0.64787024,0.30930406,0.039090544,0.0037330491,2.8274997e-07,1.0295871e-07,2.0997288e-07
0.0006467349,1.283897e-10,1.2068558e-09,0.0005249445,7.288084e-08,2.8761557e-05,0.99879956,4.410081e-11,9.581091e-10
2.0619975e-15,2.6872638e-12,0.0039785393,0.00023091845,6.834013e-05,0.9940369,0.001685283,1.2110579e-08,1.4666096e-09
0.04286947,2.0091946e-07,5.2014966e-06,0.9558359,4.2826186e-06,0.0012771074,7.8493385e-06,1.2156519e-08,2.8879815e-10
5.7496564e-08,1.0153641e-09,6.30429e-07,0.15175718,0.0076194056,0.826349,0.014273674,1.3723838e-09,3.925329e-10
9.023937e-14,7.7594084e-11,0.08876626,0.9087594,0.00031899314,0.00049990107,0.001655411,1.9909458e-11,1.4423188e-12
2.9187194e-16,2.0161176e-14,1.1144207e-06,4.300568e-06,0.9998068,4.820931e-07,0.00018735671,1.4242068e-17,2.197827e-15
2.4939816e-12,1.6964655e-11,0.00017472461,0.007155355,0.0786571,0.18607654,0.7279364,1.3322399e-10,7.056617e-11
3.7642784e-13,1.17477486e-08,9.521127e-10,5.995373e-08,0.025776193,5.0915158e-05,2.9305613e-07,0.936291,0.03788151
3.577935e-05,4.9280975e-06,0.03190007,0.9040173,0.048723076,0.00033737658,0.014980395,1.1084354e-06,9.47474e-09
5.282442e-13,1.9258206e-08,0.001646229,0.7293006,0.14249894,0.0738206,0.052733462,4.7071164e-10,1.6249925e-07
1.17859884e-07,8.3708903e-07,0.0009896075,0.00096713187,0.43245643,0.30896115,1.356537e-05,0.24551289,0.0110983
7.5546225e-10,1.1725118e-08,1.9982043e-07,0.002948717,6.685897e-05,0.020911358,0.9760261,3.6171076e-07,4.6396992e-05
9.830323e-13,1.124007e-10,0.93784827,0.04703376,0.013037507,0.0020804044,1.3209736e-07,2.5998247e-08,1.1913499e-11
4.59182e-15,3.5523876e-11,0.0025687406,0.00043530064,0.0068621095,9.7858756e-05,0.990036,1.2513105e-11,2.2216318e-08
1.0572241e-12,1.01723135e-11,2.3743667e-08,8.842602e-07,0.21348591,0.0002710171,1.1825726e-08,0.7862067,3.541157e-05
9.322594e-12,1.8406467e-08,0.00018355266,0.00018939604,0.98517483,0.00019039317,3.0119015e-08,0.009073683,0.0051881634
6.2482295e-13,2.972848e-11,0.00025001672,4.9383896e-05,0.0011829721,0.058489088,0.94002855,2.0756854e-09,1.7004483e-08
5.3353526e-11,1.1219626e-05,0.103833884,0.019798813,0.016602144,0.84936446,5.1481584e-05,1.946317e-05,0.010318523
5.508379e-11,1.7390513e-10,0.0006464837,0.9979461,0.001105292,0.00030222017,5.4029767e-09,3.6565965e-13,7.6542333e-16
2.9596616e-13,5.4530154e-09,1.9956615e-06,0.0065308134,0.0007928184,0.99248534,0.0001889321,4.2609972e-08,2.546411e-08
1.6777718e-11,6.246732e-12,0.068698086,0.016759643,0.0064223153,0.4684809,0.43963903,1.3522781e-12,1.0125802e-11
2.1247709e-10,6.0183534e-09,1.21637e-07,0.00039610642,0.10484917,0.8382635,0.056210257,6.0077764e-06,0.00027480072
3.4105653e-13,4.220412e-13,2.287764e-05,0.0062526246,0.82401115,0.054160625,0.115552686,8.025175e-09,3.4137953e-12
4.938451e-10,5.2888276e-09,0.05111388,0.38641682,0.0059492285,0.55650604,1.3386058e-05,7.307915e-07,2.6818875e-10
5.163393e-15,7.113071e-13,0.99905056,0.00023613572,8.57194e-05,0.0006272822,2.513979e-07,1.8951003e-13,1.2710441e-13
1.0018406e-10,4.2373756e-12,1.6932073e-07,0.00013282883,4.7073303e-05,0.99980134,1.8683226e-05,1.7068996e-12,2.018145e-11
1.6742266e-11,1.9166566e-11,0.43435797,0.13254006,0.3968756,0.03576864,0.00045780774,1.4515558e-11,1.0512984e-13
1.9898351e-07,1.968549e-06,0.074816786,0.0012379205,0.907236,0.00016300792,0.016544098,5.3867835e-12,2.5901714e-10
3.6544576e-11,6.1231646e-13,2.779081e-09,2.3898017e-06,0.000131934,0.9946827,0.0051828558,9.2733425e-11,7.074984e-08
5.733802e-09,9.422712e-09,3.2065986e-05,0.026120642,0.24151357,0.012090382,0.0019547185,0.6918411,0.026447544
1.7427881e-10,3.4480513e-07,0.046529703,0.94847524,0.0043636076,0.0006203533,1.0736479e-05,1.332237e-09,3.2209693e-11
5.5777768e-08,6.415171e-08,6.875626e-06,0.99323326,0.006502077,0.00025460543,6.446612e-07,2.4015083e-06,1.0360697e-09
1.5743598e-17,1.6475913e-13,0.00017867214,0.9997979,1.7301887e-05,6.142572e-06,3.6272065e-09,1.1950778e-15,6.445229e-19
1.5791511e-10,4.17697e-07,0.004445005,0.0663984,0.0040762015,0.924791,0.00025497357,3.371136e-05,2.8874038e-07
7.005916e-11,1.3433724e-08,0.5594182,0.32198668,0.006401485,0.11177166,0.000421928,1.4146948e-09,2.9399203e-08
3.309028e-13,3.6444314e-10,0.0005209318,2.4526817e-05,0.0121529335,0.0029823482,0.9842375,4.925889e-09,8.1777966e-05
6.945926e-13,5.788664e-11,2.8128392e-05,0.0022365595,0.7535809,0.23668647,0.0074679856,4.112724e-11,2.7895015e-09
6.1529016e-07,9.153351e-08,0.93517023,0.0012125516,0.063588716,2.2702172e-05,7.674033e-09,5.1413417e-06,8.8962937e-10
1.2329138e-13,3.9079108e-11,1.5947851e-05,8.068562e-06,0.9184974,2.5160321e-05,1.6639123e-09,0.08142399,2.9447e-05
1.4104607e-09,5.025193e-10,0.0015343841,0.010020748,0.10677641,0.0034756109,0.8781928,1.348993e-10,1.0118167e-10
1.7974325e-11,2.3406112e-12,3.5467515e-06,2.5044144e-05,0.9736376,4.021283e-05,4.809182e-06,0.026288088,6.830504e-07
8.7763937e-16,2.4977216e-15,5.5575646e-09,3.262805e-07,0.009255285,0.98812383,0.0023194726,8.06673e-05,0.00022041071
3.7805425e-11,2.4228837e-13,7.1947163e-13,4.3931172e-07,7.93391e-06,0.0021485128,0.022591878,0.000109300636,0.97514206
1.4207326e-08,0.0007810492,0.000789159,0.27633303,0.039796505,0.41025808,0.2718856,1.0588779e-05,0.00014601885
