3.175734e-08,0.24152632,0.04097121,0.71425384,0.0032466918,1.8751313e-06,5.6866006e-10,1.4715236e-10,1.4527282e-09
2.2467684e-07,1.2704428e-05,0.000581477,0.0011004433,0.90788186,0.07605261,0.012963332,5.9939604e-05,0.001347342
2.6638253e-12,1.3068141e-07,0.00023879611,0.00014729278,0.0001335322,0.9994723,7.967124e-06,1.3081703e-08,3.9119683e-08
1.4996317e-11,5.0623974e-05,0.71986043,0.27934402,0.00074213877,2.7705607e-06,1.958029e-09,2.7459207e-14,3.9281786e-13
2.1645453e-08,0.00018981323,1.36659655e-05,0.9995571,0.00023942022,2.5026388e-09,1.7153584e-09,3.3085858e-12,7.174509e-16
6.5849845e-06,1.7577574e-06,1.9606612e-05,0.0020618537,0.9975556,0.00012877728,0.000170944,5.4537555e-05,3.540233e-07
1.4915234e-10,0.06519146,0.9212538,0.011409832,0.0021428105,2.0286134e-06,3.738749e-10,8.8538084e-14,4.688968e-10
2.8249938e-10,4.970146e-07,0.00010131162,0.00029499055,0.24464686,0.75492746,3.0038832e-06,1.063653e-06,2.4763729e-05
1.6804269e-09,3.7654967e-08,0.009520424,0.000213171,0.31222206,0.0021108259,0.6759334,1.7089599e-11,8.2868304e-08
5.2760094e-09,2.6129364e-08,1.0098117e-09,9.971104e-07,3.8267666e-05,0.00023925622,7.381887e-07,1.7659715e-07,0.9997205
1.9648375e-07,0.00013967289,0.8134596,0.17421134,0.012180889,7.1990853e-06,1.0290144e-06,9.198636e-11,1.1610054e-11
1.5725182e-11,0.00026409992,0.99445677,0.004812026,0.0004656717,1.448421e-06,1.3442926e-10,1.0875703e-14,7.214871e-11
4.562861e-16,1.179533e-13,0.0049952134,0.0017870448,0.86794573,0.07945375,0.04581827,4.148166e-16,8.563443e-13
2.1466458e-07,0.008832073,0.7292929,0.25566944,0.006113657,8.815494e-05,2.4706125e-08,3.5146145e-06,1.2892126e-08
2.8830755e-08,0.94325435,7.229946e-09,0.05671488,3.0785788e-05,9.988187e-09,1.0303398e-12,1.1320874e-10,4.673677e-10
9.1335516e-12,9.290338e-10,0.0009044717,0.89600706,0.10299016,5.032436e-05,4.8058875e-05,4.3157942e-11,8.1350804e-17
2.46333e-14,2.742889e-15,3.5150174e-09,9.034611e-07,5.8118996e-05,0.0041762497,0.9957646,1.2013375e-14,1.7882344e-13
1.15753566e-10,1.05817676e-07,0.055863723,0.87145805,0.072343655,0.0001882491,0.00014622176,5.4884103e-13,1.2112448e-13
2.23599e-12,5.153188e-10,2.241065e-06,1.6768466e-06,0.010518929,5.665603e-07,1.3051692e-09,0.98947656,9.731683e-13
3.3362252e-15,1.5366298e-13,0.0064852876,8.135808e-05,0.053713337,0.8162154,0.1235047,1.1488616e-11,1.6639071e-12
3.8809633e-14,1.8631868e-10,0.6708728,0.005386411,0.046170697,0.26796797,0.009602105,2.6425048e-15,4.1742217e-12
5.091163e-08,1.2652293e-06,3.9155447e-07,6.2168976e-05,0.014281559,4.825747e-07,3.9953638e-10,0.98565406,5.7310438e-11
8.5476554e-14,5.4771066e-11,1.2075245e-05,0.55587935,0.00017780604,0.44371134,0.0002194363,2.5492234e-12,1.0583991e-14
7.635032e-08,2.6725195e-06,0.0011665007,0.5335124,0.32104617,0.000118325836,0.14415385,4.0733233e-11,5.1290716e-10
0.000995016,0.025395134,0.19199766,0.22043511,0.56116974,4.921771e-07,5.7495782e-08,6.459347e-06,2.453194e-07
0.76582813,1.0357518e-05,7.674299e-05,0.0087837055,0.040913742,0.0096661495,0.17471991,5.0897006e-07,7.4013616e-07
2.9755295e-10,6.355004e-08,0.69390404,0.0049740802,0.2711959,0.006503846,0.023422142,2.2070845e-13,2.5633464e-09
3.2164088e-17,9.368335e-15,1.6532867e-05,0.007563775,0.98844415,0.002830274,0.001145229,1.5104634e-08,2.1784537e-13
1.3548335e-12,1.9195236e-08,6.361823e-05,3.1961292e-05,0.9940217,0.005696521,0.00018610804,2.5178774e-12,1.122696e-07
4.141564e-11,1.2467653e-10,2.0923385e-06,8.58406e-05,0.9992501,0.000576437,8.531631e-05,1.6472748e-07,5.991987e-09
1.0480055e-11,3.7173702e-09,0.9428635,0.00884064,0.04829208,3.4356508e-06,3.717938e-07,9.668077e-12,1.4005124e-15
2.5454503e-13,6.819658e-14,0.00032173548,0.017149031,0.45889974,0.304834,0.21879554,2.2174785e-08,5.978307e-14
1.8508052e-13,2.5989724e-08,0.9973809,0.0013888836,0.00087839394,0.00035167535,7.2958834e-08,2.363123e-14,3.5141896e-12
2.2019298e-13,3.940704e-10,0.014900692,0.00021295974,0.23498091,0.3611116,0.3887938,2.0847363e-14,4.7380104e-09
2.9559262e-09,1.8189281e-06,2.9214357e-07,1.9104289e-07,0.002637701,7.235003e-09,1.178002e-12,0.99735993,1.5703386e-09
3.9378237e-06,0.00017188255,8.011073e-08,0.00013610236,0.001318738,0.00074923085,3.0587174e-07,5.788155e-06,0.997614
4.139879e-10,2.2483782e-08,3.042282e-08,0.9258321,0.010859413,0.06329998,8.419588e-06,1.766439e-12,8.841656e-11
6.674569e-07,6.499504e-05,7.674689e-08,0.04608182,0.0044852244,0.0026944897,1.3069044e-06,0.94667125,2.4369095e-07
5.983933e-17,6.814848e-10,0.99999,9.973597e-06,6.833009e-09,3.2441225e-08,2.958777e-14,2.2909642e-16,2.085682e-18
6.8042696e-11,4.693594e-08,2.5406553e-07,0.99910307,0.0008964245,6.0741705e-08,1.1614077e-07,4.2215095e-14,3.6096587e-17
0.6282625,0.002265256,9.632664e-07,0.3649278,0.0031878399,0.0010714168,0.00023793486,1.4940086e-05,3.1320076e-05
2.7270251e-15,8.668143e-10,0.001211955,2.822741e-06,0.9987527,3.2568267e-05,5.2594474e-11,8.090489e-09,1.02725654e-10
1.1052485e-06,0.00042573904,1.4384722e-05,0.0006736058,0.19991781,3.287368e-05,2.3703075e-09,0.79891545,1.9058822e-05
0.021906981,7.953876e-05,0.0035254306,0.9565401,0.01686833,4.125893e-07,0.0010792448,5.185344e-09,6.720192e-10
2.3233886e-10,1.9327097e-06,0.00014734878,0.010965981,0.0041282903,0.98451245,1.0451802e-06,9.917037e-06,0.00023311684
9.805236e-07,5.3864685e-05,0.01194056,0.97054416,0.01746045,5.4297913e-09,2.8902931e-09,2.9009637e-09,9.550126e-16
1.2505045e-07,0.0007257001,1.2815433e-05,0.975218,0.024042662,5.575941e-07,1.0639476e-07,3.6011265e-08,3.8440392e-12
3.636596e-06,2.2646752e-06,0.003858505,1.9538114e-05,0.99592674,8.625505e-05,8.017063e-05,1.0895751e-06,2.1906772e-05
3.841088e-10,1.4395567e-10,2.6341408e-05,0.00014072628,0.0031355391,0.9659154,0.030781917,5.8368247e-08,4.3352e-09
1.6555714e-10,0.0016390778,0.99010897,0.0051368624,0.0031144805,6.542229e-07,1.4684303e-08,1.0458359e-14,2.3342442e-10
1.4820403e-08,0.00068011455,0.9942267,8.743539e-05,0.005001432,4.179288e-06,1.4336692e-09,2.5411861e-08,5.7845156e-08
8.509621e-07,0.00013946005,0.0018788843,0.09908594,0.89885014,1.8235072e-07,2.0003876e-08,4.4486336e-05,1.9078257e-12
9.669143e-13,1.6385625e-14,2.5754895e-08,1.8742124e-06,0.00027132483,0.0020828757,0.997644,1.4552408e-13,1.8513696e-11
0.0001276872,4.0000205e-07,5.155535e-06,0.00075771194,0.012610998,0.62665004,0.3598461,1.5726589e-09,1.9590125e-06
1.8602486e-13,1.4320322e-09,0.991912,0.0013849586,0.00381931,0.0028807707,2.90382e-06,5.113616e-12,1.9280611e-13
2.556518e-11,3.460451e-05,0.00020629361,0.0017543689,0.9979838,3.7062178e-09,6.363567e-16,2.0946083e-05,3.726948e-15
1.0820234e-11,3.9214847e-15,5.755295e-11,1.8607038e-07,1.0526416e-06,7.1220406e-05,0.9999275,3.873152e-15,1.5015573e-13
1.1034011e-09,2.2767667e-10,0.00017431617,1.9655197e-05,0.09371374,0.43944874,0.4666416,3.9582207e-07,1.5172252e-06
0.0003675252,1.7666902e-05,0.04857685,0.4211225,0.5299083,4.7355516e-07,6.4143337e-06,2.61792e-07,2.5286157e-11
4.646549e-11,5.1742415e-09,4.927197e-05,0.0004152863,0.5012361,0.07972086,0.41857842,1.2489061e-12,1.4505382e-07
1.2103177e-10,2.2576244e-10,1.3766602e-08,0.03209993,0.1338523,0.021649918,0.81239784,1.3708692e-12,3.5389677e-10
3.855538e-09,0.00013371823,0.0028930018,0.028200915,0.21086483,0.757685,3.914619e-05,1.8979064e-07,0.00018316078
1.4539693e-10,1.1611429e-08,0.000105317835,0.00090045104,0.22284625,0.4584575,0.005629779,0.31205907,1.6851791e-06
0.0053721042,0.0017660354,2.4602507e-09,0.9927738,8.791764e-05,1.7267504e-07,4.2776507e-09,1.1053363e-09,9.4175064e-11
1.9589665e-09,6.400873e-09,2.999813e-08,2.6978294e-05,0.000128382,0.9923422,0.0074897665,1.4721455e-06,1.1071489e-05
2.9196218e-07,2.018754e-05,0.000993182,0.00052263733,0.99780303,0.00062453566,2.2494832e-07,2.0806124e-07,3.5612113e-05
2.3767907e-06,0.0034627412,7.111703e-05,0.5846571,0.09278299,0.31879866,6.172112e-05,1.9593493e-07,0.0001631634
8.9739695e-11,2.3238765e-11,1.8729617e-08,0.00073770375,0.025622167,0.077832416,0.8958076,5.43909e-13,1.7642465e-08
1.0609997e-15,2.3353686e-14,1.4136511e-08,0.0013376265,0.4678456,0.50724524,0.023571542,2.0006923e-14,6.6876416e-14
2.8846387e-15,5.276928e-06,0.008241511,0.99174964,3.5822843e-06,1.4457748e-08,6.160202e-13,5.3814634e-17,3.8315052e-17
1.1878904e-13,3.4876113e-05,0.61996835,0.018177537,0.3601812,0.0016379328,4.4867196e-10,1.0394522e-08,3.6333144e-08
1.7780295e-08,4.5226342e-10,6.1923504e-07,1.0525887e-05,0.022716183,0.00683322,0.9704372,3.8863206e-09,2.2254217e-06
8.907089e-12,3.5050624e-10,0.008025156,0.019199533,0.012314902,0.5543548,0.40610564,1.8772857e-09,3.4011846e-10
1.7979515e-07,1.1136184e-05,0.38998023,0.5622693,0.009124459,0.0383109,0.00030061795,3.1937302e-06,7.1146107e-09
7.228196e-05,1.0604704e-10,1.8404999e-05,0.0030703156,0.2460105,2.234183e-06,0.7508262,4.3484594e-08,1.0075894e-11
1.0450817e-15,2.9602362e-11,8.110151e-10,0.99952424,0.00043037953,4.5344543e-05,1.3453041e-08,3.6018324e-13,5.43457e-15
6.50759e-10,3.7153752e-06,2.517184e-05,0.00033248207,0.016403697,0.8900547,1.8088238e-06,0.0022376673,0.090940766
1.8861216e-06,1.0391219e-06,1.1503394e-06,2.3986622e-05,0.02127973,0.0040004803,0.00023226482,0.0010804769,0.97337896
5.9509667e-12,8.002027e-11,0.0014102374,0.006238361,0.012904322,0.54427266,0.4351744,2.7552913e-11,1.5023868e-11
6.27867e-09,2.1213127e-09,0.009829788,0.0012646867,0.9851452,0.002831416,0.00092881685,6.213729e-09,3.888795e-12
8.677669e-12,4.372989e-11,1.4161334e-07,0.0026558584,0.09645677,0.87568605,0.025201205,8.511734e-14,3.993359e-10
1.0639679e-10,0.03847953,0.954726,0.006752572,4.045124e-05,1.5302916e-06,3.129298e-11,9.076915e-12,6.928615e-11
0.03341049,0.42185998,0.00013440015,0.41415995,0.11409711,0.0026991607,6.1810156e-06,0.00026342418,0.013369342
1.1245779e-08,6.21115e-05,3.0994e-06,4.988439e-05,0.0004039921,0.009322654,2.4120098e-07,0.0107435025,0.9794145
1.1135361e-12,9.3509875e-08,0.00029132827,0.99788034,0.0018245633,3.6683273e-06,1.8584797e-09,2.938536e-13,6.837691e-15
0.0040120194,1.9591986e-05,0.014152608,0.6190925,0.2363947,0.07958997,0.04673295,4.8950633e-06,8.278614e-07
0.00021674304,6.858977e-07,2.9758983e-05,3.677626e-05,0.9989201,0.00017011267,0.00053550827,8.916375e-05,1.2138012e-06
6.4756055e-06,4.923759e-10,0.021525407,0.010452702,0.39660254,0.0004728924,0.57093996,2.6439988e-09,1.450201e-10
5.5999667e-11,3.607207e-11,0.034893494,0.034037333,0.91417813,0.0018360006,0.0150549235,1.2738553e-07,4.4827854e-13
1.4586279e-06,4.421257e-06,6.1134284e-07,0.54559404,0.39354298,0.057364095,0.0034923377,2.4653145e-08,6.994207e-08
3.644972e-12,8.99973e-08,2.1347194e-05,0.43310422,0.5668003,2.0167987e-05,5.3901764e-05,2.2759187e-13,2.2655088e-15
1.2374571e-13,1.2295287e-09,0.44680437,0.14463565,0.40849754,6.177105e-05,3.74893e-09,7.0986795e-07,3.8878504e-14
6.3288477e-09,0.036663607,0.35590592,0.0070594456,0.51867115,0.07957736,8.846505e-08,5.4847536e-08,0.0021222846
5.0108828e-17,9.2253265e-07,0.9878736,0.0099286325,0.0021963122,5.7365594e-07,2.9112108e-13,2.6620403e-18,2.1293978e-15
4.2329944e-08,3.8138955e-06,0.041016463,0.06319016,0.36315832,0.5324859,0.00010204641,4.2921798e-05,3.263948e-07
9.782888e-10,1.7805755e-06,0.006131082,0.014984918,0.97815144,0.00056110515,0.00016952903,1.8505214e-07,4.9109166e-09
9.365592e-10,2.8604254e-06,0.022535423,0.891003,0.08482294,0.0016357659,4.597054e-08,2.1587307e-11,6.4112804e-12
1.204944e-16,1.6475848e-09,0.92092854,0.0014808306,0.07757847,1.2215239e-05,1.7803097e-12,6.1535372e-09,6.317403e-17
1.476551e-11,1.3366478e-14,4.131321e-08,5.8508185e-08,0.0004897894,0.008008001,0.99150217,8.3931587e-13,2.335069e-10
8.573654e-11,2.4037442e-07,0.14842734,0.8297242,0.021846212,1.9640177e-06,2.8774384e-08,1.4618127e-12,3.397186e-14
1.3089322e-14,1.7907859e-09,1.677626e-05,4.97614e-06,0.98948365,0.010445609,4.7717425e-05,1.6477774e-13,1.1636837e-06
4.478859e-10,3.6069356e-08,9.622279e-07,0.06936101,0.7866077,0.055781253,0.08824896,1.1092201e-12,5.91157e-08
8.9673186e-08,0.0010134202,1.450914e-06,0.9986492,0.00033543885,3.4101487e-07,5.1932596e-09,5.0761954e-11,6.8064955e-12
1.7387494e-09,1.9241926e-07,9.792137e-07,0.88071907,0.113405876,0.005410239,0.00046361596,1.2236651e-11,8.12308e-14
0.00018068426,0.00016395448,0.00036855455,0.000130727,0.26252759,0.0016000587,0.00016796953,0.0005840555,0.7342764
8.259972e-12,4.3367306e-12,6.0417483e-06,0.012043473,0.21418634,0.11578059,0.65798354,1.2937229e-12,8.4772114e-13
6.982693e-14,0.111362465,0.09456467,0.78620845,0.007864228,1.9090018e-07,5.4989884e-14,1.07505355e-16,7.6910825e-13
1.3405904e-11,2.4816165e-07,8.1037e-07,0.9445787,0.051157173,0.0042625344,5.068928e-07,3.2002814e-11,8.256901e-12
8.6415525e-10,1.356985e-11,0.00023640673,0.00017421451,0.003653278,0.0040854826,0.99185055,8.8833625e-09,8.706579e-12
2.1878434e-10,4.1863866e-05,0.9736028,0.011789062,0.014217158,0.0003125009,9.840409e-12,3.668699e-05,3.9506384e-11
1.829812e-11,4.1531452e-11,0.00028580287,0.9907669,0.008137477,0.0008049302,5.007273e-06,5.974979e-10,8.545967e-15
7.76583e-09,4.0237377e-05,1.0507799e-06,0.00014064611,0.010427083,0.092240445,3.4593424e-07,1.3391229e-08,0.89715016
3.2559935e-08,4.182095e-06,3.2172445e-06,0.05690275,0.13290209,0.77562964,0.03455743,1.8096868e-09,6.599333e-07
5.261169e-08,0.99723697,0.0018692318,8.1151906e-05,0.00049747707,8.353919e-06,1.6138759e-11,5.7002933e-07,0.0003062466
0.04554531,4.2446695e-07,3.2748492e-06,0.005658284,0.4892645,0.00015944868,0.4593386,2.9104272e-05,1.0114636e-06
4.5961943e-15,4.802082e-12,0.00029491127,0.09854729,0.4674559,0.43368253,1.9316603e-05,4.5532734e-11,7.6587745e-16
2.491378e-15,1.0883471e-10,0.011606232,0.004490773,0.96270907,0.020148164,0.0010457828,9.682077e-16,2.5840625e-13
1.1208019e-12,1.1346639e-06,0.59916866,0.0009380085,0.00022188647,0.3996702,1.882648e-08,4.084161e-08,2.4593215e-08
3.3147593e-08,8.3170954e-07,0.6577126,0.094564036,0.21990392,0.021384906,0.0064338255,5.001396e-10,4.79728e-10
5.0880475e-16,1.1117489e-12,6.727841e-06,7.566772e-07,0.5908366,0.32214156,0.087014444,1.5215795e-15,2.0782047e-09
6.618716e-12,1.1412687e-08,0.92730904,0.00034764636,0.05326238,0.018247375,0.00083346415,3.455671e-11,4.255974e-08
1.254732e-15,7.278927e-13,2.2249453e-07,8.243459e-07,0.17713188,0.82279795,6.9063484e-05,9.929431e-14,1.2806491e-07
2.1016272e-10,1.3032107e-07,0.98572075,4.540094e-05,0.014233554,1.8795465e-07,5.0909833e-08,2.911794e-10,8.9870646e-12
3.8153352e-11,7.6823574e-07,0.45259136,0.0003159059,0.2866342,0.26039407,5.88705e-05,5.946425e-11,4.8955108e-06
2.1415266e-13,4.9342736e-07,0.96559775,0.03062503,0.0037684613,8.301097e-06,8.774108e-09,5.903861e-17,6.927039e-14
4.1712845e-15,7.8880844e-14,2.7925425e-05,0.14177193,0.8556532,0.00209014,0.00045675522,3.0654473e-10,4.193559e-14
2.2610807e-07,6.794563e-05,0.7168993,0.0002398557,0.2820311,0.0007550195,2.251545e-06,4.56241e-09,4.4469725e-06
0.04165318,1.9520166e-05,8.10494e-05,0.5790523,0.23179638,0.00018885588,0.14720847,3.3047453e-08,1.9194307e-07
3.6695803e-11,2.378215e-07,0.37291646,6.2673585e-05,0.38027376,0.24578254,0.0009632935,1.8242938e-10,1.0663036e-06
9.352118e-13,4.3164157e-08,0.055118848,0.0071519054,0.0016204369,0.9360919,1.6844871e-05,1.0167098e-07,9.973729e-10
7.405073e-11,1.7855454e-07,0.00017224917,0.9996246,0.00020286083,2.0635195e-08,8.064467e-11,6.5422e-11,1.5367606e-18
1.5928233e-11,0.0028575514,0.12661164,0.09322704,0.7772963,7.3438086e-06,5.811017e-13,1.7967922e-07,1.5320055e-10
5.0125144e-13,1.08315974e-10,9.70461e-06,0.23002066,0.03532945,0.73451984,0.00011633527,3.983642e-06,2.261362e-12
1.0658625e-11,5.7818124e-06,0.00984617,0.48380348,0.50634277,1.3452817e-06,6.442703e-11,4.617136e-07,1.3284779e-14
1.1756607e-07,0.00014479346,0.0033307862,0.51208985,0.48273304,4.8431833e-05,0.0016529609,1.4781724e-09,8.3720486e-10
1.7251787e-09,4.445986e-06,0.00393516,0.0052906293,0.46971187,0.5210151,4.25436e-05,4.3869344e-09,2.2616248e-07
1.808718e-07,0.9926959,0.0029510353,0.0001518366,0.0012563604,3.4168243e-05,3.632165e-10,3.466392e-06,0.002907008
4.143546e-15,1.1782686e-12,4.0883395e-05,0.0038703445,0.9950695,0.00046421576,4.329827e-06,0.0005508045,1.5478295e-13
3.5140605e-14,9.2570944e-11,0.015812146,0.9697146,0.008491444,0.005981301,5.359226e-07,2.699877e-12,1.5782634e-17
1.0021357e-09,2.2143135e-08,6.350074e-08,3.511883e-05,0.0023544098,0.86914474,4.881438e-05,0.015945794,0.11247106
8.155813e-12,1.8270376e-09,0.028261296,0.5618064,0.00044549687,0.40945983,2.7023998e-05,6.239821e-10,1.4481607e-14
6.8176544e-17,1.0947494e-15,4.3692567e-06,1.7758092e-07,0.008918629,0.01037096,0.98070586,1.8431477e-17,3.6881446e-11
3.843953e-05,7.513136e-07,0.1788626,0.5417727,0.27911675,1.8466907e-06,0.00020692311,1.0248889e-08,4.3810125e-12
6.982672e-11,6.172186e-11,3.363e-05,3.0492069e-05,0.99591297,0.0006759708,0.00048346282,0.0028635636,1.7694604e-11
2.3297518e-07,0.9845783,6.732436e-05,0.015335974,1.8082734e-05,1.2222727e-10,9.13229e-14,4.4611262e-10,2.4388926e-14
1.06604396e-07,3.0335275e-07,3.2179062e-09,0.9398647,0.0026205708,0.056874882,0.00063948985,7.1195453e-13,2.719689e-10
1.412792e-15,8.752667e-13,7.3610236e-11,0.96352494,0.03637737,7.5311895e-05,2.229383e-05,1.7163571e-17,8.910893e-20
4.625322e-07,2.9571119e-08,0.0007242716,0.00041386677,0.10943024,0.27525747,0.614144,1.9094692e-05,1.0586525e-05
1.896846e-15,8.641826e-13,2.0569476e-06,0.007772452,0.62679136,0.27611518,0.08931899,6.6777356e-16,1.6465812e-16
1.9308501e-13,5.894175e-07,0.3136849,0.6861984,0.00011607885,1.273149e-08,1.9027987e-12,2.8476809e-12,1.4596949e-19
2.3936464e-10,1.4358482e-09,1.44180785e-05,1.2892705e-05,0.19773814,0.3883341,0.41371787,7.1299646e-09,0.00018264622
1.7552367e-13,1.3245649e-07,9.7609885e-09,0.9996088,8.822021e-05,0.0003028964,3.7196657e-09,2.7854292e-12,1.8237384e-12
1.043532e-15,3.317936e-09,0.5552504,0.02412505,0.4206222,2.317202e-06,1.1961571e-12,3.4587472e-08,1.8206082e-17
5.594103e-06,1.21862e-07,2.3914354e-12,0.6986062,0.0008952785,0.2933369,0.007155749,1.7201955e-11,2.081036e-07
0.0007103761,8.035778e-06,2.0377083e-06,0.7962397,0.009860263,1.8886321e-05,0.19316065,1.1470211e-10,1.1029853e-09
2.1276815e-08,3.818964e-05,0.04641704,0.9416606,0.011736357,8.0257905e-06,0.0001397508,1.8364699e-11,1.0722096e-10
0.00029839002,2.0974678e-05,2.7049715e-08,0.999635,4.54141e-05,1.8794326e-10,1.7701132e-07,3.5784277e-13,2.2858634e-14
2.3544036e-13,0.036901396,0.5746446,0.38501015,0.0034436993,8.249489e-08,1.0231862e-12,1.1507567e-16,2.0144252e-15
1.0582517e-15,1.4899787e-12,1.13224395e-07,0.00030292812,0.9618268,0.01150346,0.026366685,1.376732e-18,8.5040004e-17
3.82669e-06,0.034036085,0.00021769149,0.003978645,0.40203565,0.001052987,5.6082627e-07,0.0008001811,0.5578743
1.2868834e-09,1.9489765e-09,0.00047231745,0.000120160665,0.815767,0.07473754,0.1088833,4.4892257e-08,1.9643865e-05
5.494091e-09,2.5139371e-07,0.0040341993,0.047969162,0.44764698,0.00094931794,0.49940008,1.6434534e-10,3.5272276e-09
1.09740526e-07,0.9741189,0.001373431,0.024470132,3.7466405e-05,1.03909895e-10,4.4640927e-14,3.863496e-11,3.9527442e-13
5.718808e-11,5.7271095e-09,9.9788465e-08,8.593136e-06,0.008335493,0.98439807,7.422675e-06,4.500611e-10,0.007250363
1.6447342e-07,5.095864e-06,0.99435115,0.0029707705,0.0026709242,1.6270981e-06,6.897241e-08,1.4124188e-07,4.396129e-11
1.616169e-11,0.0004530375,0.25229493,0.0016845217,0.7452403,0.0002743517,8.2371616e-11,5.2835265e-05,2.6476043e-08
2.949251e-11,7.3266426e-10,1.017829e-08,4.195931e-07,0.00066642865,0.00017684612,3.5597893e-08,0.999156,1.9049448e-07
2.7396383e-15,3.2951543e-12,0.003185766,0.0044628307,0.99000424,0.00224469,0.000102449354,2.4269093e-13,1.1938406e-15
5.3700594e-10,1.28203965e-05,0.9731889,0.005264826,0.02146902,5.7608246e-05,1.2175868e-09,6.7530204e-06,2.4155703e-12
7.11426e-10,0.7969606,0.03778457,0.008715886,0.15634654,6.954674e-05,9.089481e-13,2.3417395e-05,9.941762e-05
9.852226e-14,1.1979891e-05,1.4976705e-05,0.9999714,1.6566614e-06,4.165785e-11,1.2790164e-16,2.4384793e-15,4.538168e-19
7.015275e-08,1.3474748e-10,0.014137183,0.044285946,0.63171816,0.0017429583,0.3081157,5.5961506e-11,3.2341842e-12
2.7979124e-07,6.652695e-06,0.31384903,0.431368,0.25427908,0.000118755284,0.00037808547,1.10978476e-07,1.8729636e-10
3.4828583e-06,0.00015420331,0.010416003,0.00036214068,0.8297681,0.011259834,0.00012317726,0.012265838,0.13564712
3.2857155e-05,0.00047629376,0.1793602,0.4345309,0.11496571,0.22184546,0.048787005,9.2991254e-10,1.5672534e-06
1.2549129e-16,5.853401e-13,2.573491e-08,0.57245636,0.42754304,5.4934895e-07,3.0345653e-11,1.0704424e-11,4.9979623e-19
0.00014787696,0.00016102103,0.00053262996,0.002213882,0.68792593,0.077716045,0.013744224,0.015116277,0.2024421
5.6193345e-14,6.369589e-06,0.0017831353,0.023772337,0.9739303,0.00050785026,1.226418e-10,3.4710013e-08,3.7394096e-10
8.760765e-12,1.5331679e-09,0.02738112,0.008368352,0.8989155,0.050656162,7.918185e-05,0.01459965,1.651364e-11
3.4786975e-05,4.901061e-08,1.445263e-07,4.042428e-05,0.00893127,0.55512244,0.4357316,1.2632904e-06,0.00013800686
4.592197e-13,0.0005254302,0.87135476,0.09885685,0.029262632,4.3904073e-08,2.4422618e-14,3.1180505e-07,4.8301406e-15
7.773178e-06,2.126123e-06,0.24820127,0.013472871,0.7382841,2.1597252e-05,1.0082137e-05,2.1277506e-07,2.6990138e-10
1.1196344e-12,2.2387203e-11,0.015798643,0.021424688,0.04163464,0.72450006,0.196642,5.098966e-11,1.13202945e-11
5.7268014e-13,3.064397e-08,3.7861533e-05,2.1784876e-06,0.999915,4.5661272e-07,1.49443e-13,4.43707e-05,1.815768e-12
3.388648e-14,2.927311e-06,0.00052022823,0.9993957,8.1064456e-05,2.850614e-09,1.0798793e-11,2.0911437e-15,4.450682e-19
4.7631267e-05,2.9200148e-08,0.0003342464,0.0007888223,0.99813676,2.1200221e-05,0.0004743584,0.00019693043,7.5143486e-10
1.23578185e-14,6.906853e-06,0.9126899,0.087200135,0.00010300592,1.3431915e-08,3.2417946e-12,2.7838974e-16,1.5334078e-16
2.7625932e-08,0.981047,0.01346099,0.002239952,0.0032498918,1.4942467e-06,5.4816893e-12,4.515738e-10,7.0453217e-07
3.3990085e-11,4.6808832e-08,0.85087836,0.004210792,0.1310453,0.013849025,1.05904965e-05,5.854275e-06,8.56666e-08
2.2021254e-06,1.1178805e-05,0.04956936,0.7936776,0.0484247,0.07368436,0.03462815,2.2326885e-06,1.8445962e-07
7.1073854e-13,1.4251532e-09,0.53215736,4.946448e-05,0.42614594,0.041159738,0.0004874849,1.2773715e-10,3.3274627e-09
1.2556519e-09,4.513698e-07,1.632885e-05,0.00018791336,0.0049336236,0.9764906,0.00010634921,0.018142134,0.00012247864
1.1536787e-15,2.5655037e-13,4.8922644e-05,1.4774064e-06,0.011846336,0.9844024,0.0037007655,2.9796898e-12,6.1904457e-12
4.593175e-11,7.3855495e-07,0.087853335,0.001356365,0.45677227,0.45239887,2.1199623e-05,0.0015115519,8.571997e-05
2.861101e-06,0.013416109,0.0014494277,0.0002849227,0.30161616,4.7189765e-06,3.042221e-10,0.68282723,0.00039860062
4.8542688e-08,3.0715723e-09,0.010110024,0.0018850464,0.7755854,0.13393056,0.077423565,0.0010652407,3.911865e-10
1.4259289e-05,3.391283e-08,0.00010447447,0.19084133,0.80243975,2.6566207e-05,0.0065705483,3.0733647e-06,1.0744449e-11
2.1703891e-13,3.7879238e-09,8.908496e-07,0.029188704,0.962501,0.007329377,0.000980039,1.3625681e-15,1.4840852e-13
4.7639972e-07,4.0205027e-08,0.0031528575,5.9705206e-05,0.9862482,0.004730184,0.0057607335,2.6069088e-06,4.525107e-05
2.309656e-07,0.5712972,0.006303777,0.4173279,0.0050429204,2.7830694e-05,7.883799e-08,7.372247e-10,9.090379e-09
2.7885148e-06,7.1950662e-06,0.0038118535,0.96918094,0.02699728,2.1217604e-08,4.6892628e-09,6.635736e-10,3.957203e-15
7.866776e-15,7.842059e-11,0.28036818,0.6545986,0.00013185022,0.06489958,1.7906286e-06,8.985492e-12,6.194876e-15
0.003784778,5.276545e-06,1.7668443e-05,0.00251895,0.99366003,1.0294359e-05,9.973805e-07,1.9567656e-06,1.4854478e-08
2.2831198e-07,0.27169654,0.69417304,0.00018531611,0.031573538,0.00018576483,3.6698636e-10,2.2834986e-07,0.0021853105
3.59951e-10,1.7160263e-08,1.621315e-11,0.98603475,0.00062152883,0.013343022,6.439224e-07,3.863057e-11,2.3689617e-13
3.1355554e-10,4.3323293e-11,0.44537732,0.019581564,0.11576587,0.39922565,0.020049524,6.8478805e-08,3.76475e-13
5.2620113e-15,1.647918e-14,1.3509804e-09,2.8340054e-08,0.0033413442,0.9894573,0.0072013377,5.258239e-15,1.0456122e-10
0.00021084116,0.88605195,0.03403811,0.00045827022,0.07917927,8.585529e-06,1.4252693e-10,3.9534585e-05,1.3498641e-05
1.2103637e-13,7.1052383e-12,4.4945608e-07,0.000565466,0.0033103311,0.9887834,0.0073399246,4.1226087e-07,7.8417335e-11
1.213613e-11,6.8000015e-09,0.3146103,0.14593238,0.024572132,0.5094094,0.005475774,2.7434272e-13,1.7132594e-10
3.0655713e-06,3.842643e-06,0.00010983088,0.7656858,0.06104067,0.10373288,0.069423825,1.11668105e-11,9.2183015e-08
1.157718e-19,2.4509182e-18,9.601534e-07,8.1407514e-08,0.0014319591,0.018324917,0.9802421,3.9097494e-18,1.574595e-14
2.5965834e-09,6.3565e-08,4.507977e-05,0.0007691968,0.24025197,0.75522864,0.003704872,5.1468447e-08,1.10640364e-07
5.049357e-05,0.0007343241,1.4234374e-06,0.9989065,0.00028719942,2.7014643e-08,2.0046318e-05,1.18495335e-11,1.1968335e-10
2.439895e-10,1.8688635e-10,2.2531248e-07,0.00010713667,0.00039712808,0.86540794,0.13408746,7.254226e-08,4.890256e-10
1.776355e-11,3.3718828e-10,2.98053e-08,0.000366725,0.000264449,0.9992939,7.4577605e-05,1.1088464e-08,2.0865768e-07
7.385046e-05,9.5360735e-07,0.2298705,0.107800156,0.48657644,1.6767939e-05,0.17566134,3.0916542e-08,1.422596e-09
7.0728845e-10,8.812314e-05,0.0019307163,0.00023752122,0.008188971,0.32019672,4.5449244e-07,0.58111686,0.088240586
1.3811375e-15,3.9975883e-12,0.7090879,0.0036264532,0.08989475,0.18879361,0.008597287,6.098416e-17,6.157424e-15
2.2048046e-06,1.4318274e-08,0.00035241,0.7043547,0.16157034,5.1850907e-06,0.13371511,3.35662e-10,4.5249785e-12
0.0032202955,0.0039683855,0.67998284,0.29081118,0.0217646,0.00016192268,9.0595e-05,9.099368e-08,1.0507083e-07
4.4684366e-16,4.208009e-12,0.6695978,0.013113,0.31725386,6.4327523e-06,2.8905635e-05,6.391693e-14,7.763793e-17
7.6051865e-10,1.2366353e-09,7.996244e-08,1.1488881e-05,0.0014157803,0.9984108,0.00014770393,1.8607395e-11,1.3996075e-05
5.333912e-10,2.7122115e-07,0.99782664,2.0651796e-06,0.0021707518,2.2726024e-07,1.352187e-09,6.2430415e-11,3.8148698e-10
6.7584084e-11,7.096978e-07,0.99857974,0.0013717245,4.730922e-05,5.249844e-07,1.1840547e-08,4.613702e-13,5.5510024e-13
2.1114723e-11,2.4174326e-11,1.4232019e-06,0.0012959001,0.8353992,0.1601854,0.0031180913,8.652443e-10,1.323926e-08
3.3362032e-14,1.6400998e-12,1.398318e-05,4.722166e-06,0.0514785,0.00091353216,0.9475893,1.1107561e-14,1.6580835e-10
1.3533421e-14,3.1259424e-13,1.6002065e-05,1.1018205e-05,0.14030975,0.009796222,0.8498671,2.6838563e-13,2.7325178e-10
0.00025011913,0.0002524482,0.005009685,0.9473881,0.047092367,1.633395e-06,3.666233e-06,1.9022707e-06,1.4484787e-08
5.6899623e-09,0.00033534816,0.8211978,0.0037103167,0.1743086,0.00036763065,4.0955754e-09,8.011609e-05,1.6802008e-07
3.0775143e-11,6.4665855e-09,4.8244014e-10,0.9992368,0.00059815537,0.00016307167,1.9251847e-06,3.5289137e-14,3.889526e-15
1.4346299e-11,0.9298103,0.0070779487,0.06311167,1.2009279e-07,6.226122e-13,2.8285737e-18,2.577671e-15,2.3917493e-18
5.0193745e-11,4.792777e-06,0.9561917,0.0006283037,0.025070375,0.018103257,6.315729e-08,1.9088044e-09,1.4397912e-06
9.64602e-18,4.803459e-12,0.00019239959,9.4157884e-05,0.99777347,0.0019399268,1.465089e-09,9.745761e-13,8.036324e-15
2.9626857e-11,4.563749e-12,1.0097628e-09,5.534654e-06,1.5866619e-05,0.058060683,0.9419179,8.7290397e-10,2.8651992e-10
2.7875499e-11,5.1318096e-09,0.0013470312,0.021306843,0.012051766,0.94718486,0.018109484,1.9945958e-13,1.2405272e-09
6.731083e-14,0.00083722826,0.8666164,0.13253592,1.04413175e-05,2.5132096e-09,1.6296377e-13,8.488307e-16,4.525748e-17
2.4768578e-14,2.6621613e-10,5.2149144e-06,0.9765148,0.023478491,5.1951406e-07,1.0043171e-06,2.839626e-12,4.3619955e-18
0.0011895814,0.018938236,0.00083305314,0.9734369,0.005602137,1.7123811e-09,9.703881e-11,1.7437428e-08,7.0504346e-14
2.4029573e-10,6.430534e-07,0.9987496,0.0009487754,0.00030094487,4.2680535e-09,2.2866724e-10,1.368019e-12,8.782826e-15
1.2807681e-08,6.9644716e-07,3.9346696e-06,0.00017135272,0.97276026,0.0003762598,4.547944e-09,0.026687268,1.6819548e-07
2.6056629e-14,3.151823e-11,0.00046275003,0.006178762,0.992361,0.0009955558,7.0244545e-07,1.2589378e-06,4.4294138e-11
6.493881e-13,1.1614865e-07,0.0015495203,0.021810832,0.9689025,0.0077368813,7.047876e-08,2.6664487e-11,1.319495e-10
1.8938414e-05,0.82732934,0.12833522,0.013506289,0.03055102,7.224164e-05,4.9093978e-09,0.00012420156,6.281145e-05
5.6511452e-11,2.3106405e-16,7.3875634e-09,1.4355057e-07,0.0002113677,8.506627e-05,0.99970335,1.3827506e-15,4.478329e-14
1.7792917e-12,1.775303e-07,0.015334642,6.646707e-05,5.1287323e-05,0.9845322,5.3639095e-08,6.2025595e-07,1.4467647e-05
5.6653785e-06,4.82956e-08,4.387221e-07,0.9361567,0.06355207,0.00028076358,4.3013247e-06,7.1630274e-10,1.9942385e-12
2.2368044e-06,3.0312372e-06,0.00021929404,0.047438834,0.9517641,6.56968e-05,0.00011764592,0.00038912173,4.6907855e-10
5.3411144e-13,4.152595e-12,1.6062093e-06,0.00079719466,0.11322892,0.007938857,0.87803346,1.7092012e-13,1.59199e-10
1.0484573e-12,2.1200359e-08,2.5335024e-07,6.1966166e-05,0.9944563,0.0011572709,0.0043242155,2.416628e-14,8.342625e-09
2.8834454e-12,1.8539597e-09,4.427909e-05,0.0025526313,0.0785537,0.9186232,0.00022380253,1.4191174e-06,9.827878e-07
9.581083e-06,0.9976809,0.00015595648,0.00047554472,0.0010340887,1.6045418e-05,1.4300489e-09,5.021101e-07,0.0006273166
0.012011444,2.5929762e-07,0.0011964507,0.11999794,0.7944753,2.1922078e-05,0.072291486,5.206106e-06,1.6009483e-09
2.2361852e-09,8.28713e-06,0.0015770817,0.049258478,0.94709414,0.00035656546,0.0017054783,4.5603647e-13,3.3341424e-10
4.328785e-08,3.3938197e-06,0.00016057206,7.2806506e-05,0.8490492,0.01639816,2.1808546e-07,0.13418673,0.00012878134
6.505189e-13,1.6819875e-15,3.872867e-11,1.5411778e-06,0.00014927582,0.0013829576,0.99846625,6.826942e-17,2.2216944e-14
1.7261978e-11,0.16962884,0.8184223,0.004721462,0.0071751797,2.93499e-07,7.842463e-15,5.1834933e-05,2.6184385e-10
4.0395287e-12,2.0432513e-09,0.012410512,0.0004969526,0.395716,0.20391016,0.38746607,9.826151e-13,2.4080921e-07
1.29583535e-08,7.505326e-06,8.478483e-08,2.3269991e-05,0.00385158,1.4479434e-06,1.360916e-10,0.9961094,6.68699e-06
5.3790334e-08,0.9995981,1.1642104e-05,0.00019944056,0.00019040008,6.6061354e-08,7.9921687e-13,1.2110976e-07,1.5784006e-07
3.5652883e-09,8.995237e-07,0.023126714,0.005264213,0.7489494,0.06532518,0.15733336,3.933556e-13,1.3219375e-07
9.660189e-10,2.7789367e-06,0.0012486436,0.3530543,0.17423984,0.4700422,0.0014122131,1.4106741e-12,3.8430342e-10
3.866098e-05,0.00038359512,5.562022e-07,0.99117094,0.008405374,2.3405475e-07,3.1074003e-07,3.4791643e-07,1.2971255e-10
6.478779e-11,5.0931205e-05,0.00051398046,0.97021705,0.006927459,0.022289958,2.6497704e-09,5.3589e-07,3.659198e-09
3.0238147e-13,6.4232593e-13,1.1157807e-06,0.0010481417,0.007305351,0.52429235,0.46735305,1.1416335e-11,2.8509306e-12
0.00035264963,0.0016983049,1.7233886e-05,0.83687866,0.11538207,0.026567964,0.019102806,1.758089e-08,3.4480968e-07
7.837908e-11,3.3159955e-07,0.4226059,0.002489667,0.10644817,0.44261986,0.025835842,1.0548131e-09,1.4999596e-07
2.8317415e-13,3.0734125e-08,0.99872404,0.0012691588,5.719041e-06,1.0301761e-06,2.0765374e-09,1.1624148e-13,8.906932e-15
9.363092e-13,4.0947704e-10,0.013463018,0.001848702,0.00020255358,0.9844439,4.1777414e-05,1.2067587e-09,8.31573e-11
1.0105836e-09,2.5011042e-07,7.356936e-08,6.656293e-05,0.006469877,0.99339217,4.8282378e-05,1.9391449e-11,2.2840173e-05
8.609479e-12,1.8855983e-10,0.028492229,0.0011861272,0.27054417,0.08261232,0.61716515,3.873137e-11,2.5234645e-10
8.147011e-14,4.4120207e-12,0.117155336,0.0015515763,0.4872821,0.00047504887,0.39353597,2.7109052e-14,1.8506251e-13
1.274426e-13,8.788354e-12,2.753346e-07,1.2543037e-06,0.0123596415,0.98761684,2.1886664e-05,9.976043e-11,6.7763644e-08
8.331041e-05,3.0737358e-06,0.123593934,0.5704177,0.29929036,0.00040376539,0.0062078214,5.5718285e-08,6.154317e-11
3.854816e-09,1.9358395e-10,0.013778502,0.020997768,0.06311953,0.03245786,0.8696464,2.1651994e-09,7.0444523e-12
2.3581488e-09,1.7998605e-08,2.5743328e-05,0.0002542702,0.777167,0.21499328,0.007280801,1.0805297e-08,0.00027875724
9.4756095e-18,2.017095e-12,6.6737796e-11,0.99871194,0.0012879904,9.146799e-08,9.991013e-11,5.489219e-15,1.7857792e-20
2.3120825e-14,1.4359532e-09,0.12087998,0.6418017,0.23365156,0.0036664875,3.239812e-07,3.5115613e-09,6.1732223e-11
2.7192571e-11,1.8443057e-05,0.0073188255,0.90066504,0.09125807,0.0007383547,1.1682478e-06,1.1178076e-13,4.6572945e-12
8.329186e-11,6.0892347e-10,4.5973717e-05,3.735598e-05,0.40650713,0.52830815,0.06420006,2.4671458e-08,0.0009012787
4.529514e-10,2.0149939e-08,6.97593e-09,0.00073381467,0.0011041895,0.68637073,0.00016090863,0.31161883,1.1536138e-05
1.2899557e-08,7.323873e-06,0.19638526,0.00028254013,0.8032069,4.929544e-07,1.0369267e-10,0.000117476906,9.976073e-12
9.407941e-08,0.88512,0.11202418,0.00017260466,0.0025973027,1.073717e-05,5.544958e-11,5.1673233e-06,6.989826e-05
6.051219e-14,1.8825572e-13,6.442326e-06,3.3859127e-05,0.017214792,0.0113253,0.9714196,1.5221399e-11,1.0096404e-12
1.9866043e-07,0.092457004,0.80889803,0.0054713516,0.09287988,0.0002908319,3.6087212e-07,4.8161115e-09,2.3277526e-06
3.0905605e-09,2.1119178e-08,8.0895614e-07,3.0263302e-05,0.09177212,0.85859805,0.008335836,4.2437517e-08,0.041262805
2.6574766e-05,4.4924576e-08,1.7879437e-07,2.4387215e-05,0.32541388,0.6245372,0.0068496293,1.1593833e-05,0.043136504
3.9669538e-07,5.4044803e-11,1.2452825e-09,0.00021682738,7.790183e-05,0.0013810472,0.99832386,2.583576e-10,1.1692279e-09
