0.0007122259,0.0026866056,0.9824515,0.009227974,0.0004920049,0.0007105651,0.001015776,0.0027034027
0.0015432823,0.0016933145,0.0022275678,0.0066310647,0.0035782028,0.97999245,0.0012798092,0.0030542337
0.0013966467,0.0021214292,0.9882791,0.0047880886,0.00049485423,0.0010600903,0.00052415195,0.0013356485
0.008591916,0.9719149,0.0057129823,0.0016823276,0.0058410177,0.0022388091,0.0024989871,0.0015191407
0.017814798,0.00200018,0.95189023,0.012494004,0.0011896546,0.0027574617,0.0037606037,0.008093069
0.0059787505,0.010162209,0.0058195624,0.91358113,0.0113182645,0.006634456,0.0038422707,0.042663407
0.001227507,0.0031102241,0.0478274,0.93783075,0.0027494186,0.0033023194,0.001561148,0.0023912252
0.0026905173,0.9878906,0.0036398913,0.0015626801,0.0007853461,0.0013172213,0.001120741,0.0009930049
0.0018412612,0.058211815,0.9131458,0.01459403,0.004254619,0.0018813786,0.0029890097,0.0030820945
0.9806809,0.011539727,0.0020715387,0.00088335964,0.0007570194,0.0013831643,0.0010915496,0.0015928005
0.0012364525,0.002258898,0.9636177,0.025142647,0.0013326914,0.002928572,0.0010089438,0.0024742025
0.0019712755,0.979163,0.011207422,0.0020711077,0.0014340281,0.0017160983,0.0012980581,0.0011389583
0.9828551,0.002692988,0.005979209,0.0012338015,0.00092544244,0.0024763618,0.001279761,0.0025573273
0.99223137,0.0008565956,0.001616436,0.0008575646,0.00064779836,0.0013493991,0.000752366,0.0016883018
0.001018857,0.0015799995,0.988672,0.0054744226,0.00046317023,0.0010595437,0.0006315123,0.0011004882
0.003556071,0.0018929834,0.0024468587,0.0065631066,0.003339148,0.9687635,0.0044418746,0.008996534
0.0024087622,0.00357095,0.04261186,0.06526756,0.0076765274,0.85560584,0.004340666,0.018517844
0.0024115094,0.986466,0.0031246084,0.0023370679,0.0014233451,0.0014763795,0.001555045,0.0012059911
0.111273855,0.007903125,0.026841376,0.01635502,0.02355864,0.73394346,0.005927525,0.07419708
0.99276274,0.0012246305,0.0013716243,0.00093975535,0.0005642823,0.0010947683,0.000595062,0.0014470761
0.0017440006,0.0013008674,0.0015498718,0.0034413193,0.0028000122,0.96857387,0.0050575268,0.015532469
0.94826925,0.038709424,0.004501279,0.0011554217,0.0009131735,0.0021304206,0.0019019903,0.0024190608
0.002243586,0.0024075422,0.0020695054,0.001552189,0.0038417305,0.007598336,0.97452843,0.005758706
0.00072432944,0.0013761793,0.005545542,0.98345333,0.0034411962,0.0027181788,0.0011514362,0.0015898923
0.0026324107,0.0020138267,0.0024155104,0.0035846,0.0034394048,0.14404683,0.005363574,0.83650386
0.0073531917,0.0047729816,0.010439986,0.49680504,0.44285136,0.027484601,0.004461538,0.0058312304
0.0011503343,0.001412404,0.9917395,0.00322514,0.0002887868,0.0005915492,0.00055624405,0.0010359861
0.0026155931,0.0059431354,0.9854864,0.0026602398,0.0005257172,0.00095000106,0.0008635471,0.0009553561
0.0050626514,0.46597677,0.510683,0.0072597642,0.0027812207,0.0034077493,0.0030419307,0.001786894
0.0006327405,0.0018561025,0.9606701,0.033527367,0.00075698254,0.0007600174,0.00059521134,0.0012014762
0.0006642207,0.002402835,0.0065391017,0.983549,0.0028502753,0.0016945795,0.0008514379,0.0014484841
0.0009766605,0.0016699054,0.98971283,0.0046954495,0.0003895221,0.001048544,0.00054927095,0.00095780403
0.0017358076,0.0029097823,0.0061930567,0.92571867,0.051709276,0.00528059,0.0036062666,0.0028465628
0.001373166,0.004335214,0.95729977,0.029127786,0.0009608594,0.0025324535,0.0017424572,0.0026282656
0.99037886,0.00088152505,0.0022981388,0.0010210356,0.00074904616,0.0016916695,0.00091520447,0.0020646087
0.0009578356,0.0020284944,0.034536354,0.9521331,0.0028365,0.0031114705,0.0015683991,0.0028277934
0.0012967536,0.0023504274,0.064161845,0.9196277,0.0032615403,0.003636721,0.0021417963,0.0035232848
0.051767446,0.9154028,0.0064764954,0.0043715825,0.0031302026,0.0072071156,0.0058607957,0.00578359
0.006624237,0.004949153,0.004136622,0.003285748,0.004893505,0.92921764,0.027283624,0.019609468
0.0006576132,0.0011261707,0.014692506,0.97275645,0.004104781,0.0033627148,0.0006761334,0.0026236149
0.0011948446,0.004018845,0.07516901,0.91074926,0.0026369076,0.0024424659,0.0009573504,0.002831256
0.99260473,0.0009826678,0.0015312614,0.00096134597,0.0006914193,0.0011321089,0.00062081,0.0014757221
0.0006394763,0.001685036,0.9879447,0.0072964914,0.00038070118,0.00057574967,0.0005507228,0.00092716585
0.0013009018,0.004014095,0.7854163,0.20116825,0.0019177059,0.002318387,0.0013702273,0.0024941522
0.0018327523,0.0036769954,0.005281504,0.93496084,0.007613757,0.04014221,0.002754193,0.0037377877
0.9916569,0.0008454793,0.0018453436,0.00092284824,0.0006404416,0.0014203305,0.00078794744,0.0018807088
0.0038842068,0.9822922,0.007673561,0.0010414745,0.0010976129,0.0016607232,0.0013821351,0.00096818653
0.0033716273,0.0042843996,0.010062395,0.8760696,0.09228234,0.0076807183,0.0031480775,0.0031009135
0.25208217,0.38426325,0.25786275,0.029197833,0.0045523094,0.008695458,0.013892998,0.049453318
0.00143088,0.0010760701,0.0011034053,0.0016403993,0.002135284,0.9826622,0.0029221845,0.007029601
0.9001348,0.07943233,0.0061550247,0.0019864948,0.0014224796,0.0034829977,0.0033220877,0.004063849
0.0017109992,0.002549813,0.8922833,0.09527949,0.0023962401,0.0015195694,0.0014499695,0.0028105697
0.0037278163,0.0047117947,0.8197337,0.13441636,0.005137064,0.01423647,0.007315999,0.010720799
0.99304765,0.001376711,0.0009849056,0.00080032495,0.0006778777,0.0011432528,0.00064030726,0.0013289668
0.46271363,0.5160629,0.0054561715,0.0015711136,0.0020828526,0.0036603275,0.0051455125,0.0033074138
0.004173104,0.004853982,0.0022804593,0.02507104,0.0032716545,0.06843461,0.004640691,0.8872745
0.00084977126,0.0032167225,0.08513389,0.8974219,0.003167095,0.006365067,0.0015098548,0.0023357237
0.0011247057,0.002898189,0.96578026,0.022930194,0.0008328281,0.0019360925,0.0010577277,0.0034399799
0.0009550011,0.0019426205,0.98856944,0.0056155347,0.0003251605,0.0009297362,0.00062285503,0.0010396546
0.0016000682,0.005931989,0.9798784,0.00565347,0.0011310984,0.0018087429,0.0018972561,0.0020989429
0.0012816786,0.0016419986,0.9906081,0.0035019168,0.00038655422,0.00090242,0.00057424465,0.0011030304
0.8282548,0.15317476,0.004811536,0.002340285,0.0017055058,0.003436023,0.0030311744,0.0032459649
0.0037577024,0.0023849036,0.0026915793,0.0053073987,0.97012347,0.008674933,0.0044083497,0.0026515613
0.0011068888,0.0016006482,0.99038374,0.0046322853,0.00027876918,0.000595798,0.00048072645,0.00092104875
0.0011921034,0.003275973,0.08464439,0.8753016,0.0042398325,0.025928969,0.0017463643,0.003670706
0.0017578593,0.007057184,0.98402566,0.004588526,0.00042071482,0.0007056555,0.0005922261,0.0008521064
0.986489,0.00439149,0.003175111,0.00090986624,0.0007578033,0.00158409,0.0011221807,0.0015704836
0.007324347,0.0034672099,0.005946474,0.046780486,0.9124186,0.01321232,0.005587602,0.005262904
0.003532916,0.97865903,0.004347571,0.0028880918,0.002031974,0.0029400215,0.0020134998,0.0035869295
0.0005804346,0.0031152982,0.96957636,0.02355409,0.00068237045,0.000675949,0.0006413592,0.0011740576
0.0059268177,0.024299366,0.95518583,0.006465681,0.00072373776,0.0018820764,0.0015128072,0.004003682
0.00071191444,0.0011789585,0.005841181,0.9815575,0.0061434368,0.0024916453,0.00092082855,0.0011545311
0.003503233,0.054323487,0.84710884,0.086765856,0.0017386674,0.0019218405,0.0015249478,0.0031130407
0.01165261,0.0040587815,0.01253171,0.07479849,0.848734,0.031228364,0.00794451,0.009051508
0.0073508704,0.007859132,0.005115176,0.013859502,0.018881911,0.7061434,0.21901351,0.021776484
0.0008170156,0.0018436408,0.9858817,0.008407979,0.0004428003,0.0009281966,0.0005286415,0.0011500843
0.70956373,0.2614874,0.0066577415,0.003937187,0.0039274627,0.00527721,0.0051276726,0.0040215757
0.00070737017,0.0016191987,0.003626942,0.9852058,0.0040453686,0.0021459674,0.0010581207,0.0015911063
0.0029014545,0.005597294,0.9834853,0.004389176,0.000593565,0.0008567118,0.0008827022,0.0012937776
0.0007366605,0.001461034,0.024703385,0.9658766,0.001989858,0.0025486085,0.00083526527,0.0018486151
0.0037807485,0.0020122353,0.98506594,0.004001018,0.0004381548,0.0013064522,0.0010709674,0.002324464
0.0009879891,0.002518124,0.98535776,0.0077157253,0.00054256554,0.00083722343,0.00055693206,0.0014836729
0.005935733,0.9792995,0.0061989385,0.0016772207,0.001753478,0.0020708689,0.0017068904,0.0013574156
0.97405934,0.016835092,0.0028625356,0.00094363466,0.00065286225,0.0014840461,0.0013047543,0.0018577602
0.0019612918,0.9849207,0.0041519334,0.0040474795,0.0012330032,0.0014182201,0.0012580596,0.0010093212
0.98613733,0.0009336774,0.005576968,0.0013809481,0.0007643784,0.0018273657,0.0010383527,0.0023410486
0.0010194035,0.0014999115,0.98796964,0.006549139,0.0003731959,0.00067338016,0.0007558922,0.0011595045
0.003249354,0.027073463,0.9617102,0.0030821762,0.00064886874,0.0013138421,0.0014936305,0.0014284515
0.003017464,0.0038771501,0.12344638,0.84843284,0.0025429218,0.0062573296,0.0038677296,0.00855825
0.0005620726,0.0037703146,0.9580666,0.034068707,0.00091108715,0.00070283544,0.0007129221,0.001205473
0.0019926718,0.0016637199,0.0055146427,0.034417417,0.0080031315,0.9364465,0.0048291096,0.007132892
0.0016403724,0.0061051007,0.97962797,0.005653561,0.0011460063,0.0018383901,0.0018990954,0.0020895787
0.00055773347,0.0019781697,0.9867055,0.008277553,0.00039092058,0.0007426892,0.0004662189,0.0008811632
0.94905823,0.038035873,0.0040128226,0.001259151,0.0008981951,0.002255671,0.0018164659,0.0026636447
0.0005917431,0.00136227,0.9853483,0.010152507,0.00040533417,0.0005931075,0.0005299239,0.0010168927
0.99177015,0.00083012454,0.0018229078,0.000951525,0.0006893874,0.0013816567,0.0007642774,0.0017899586
0.0020995308,0.9445799,0.020677928,0.023526179,0.0027311998,0.0025448687,0.0020784254,0.0017620067
0.00067733345,0.0020247772,0.02979417,0.9597351,0.0027823995,0.0026152844,0.0008447678,0.001526072
0.0009010534,0.0025074142,0.98111445,0.009929502,0.0005714347,0.0025265126,0.00068886497,0.0017607866
0.0008575632,0.0014129963,0.9877055,0.007028752,0.00034390934,0.0007428916,0.00075204007,0.0011562986
0.0012092197,0.0016849255,0.0109391,0.96412694,0.0089548975,0.009415796,0.0012891819,0.0023800584
0.0014599562,0.003303131,0.98931247,0.0033076673,0.00040901185,0.0007313173,0.0006340043,0.0008424945
0.00053086685,0.0009798916,0.0070138145,0.98399526,0.0027025698,0.002525403,0.00096283265,0.0012892525
0.9907857,0.0008981237,0.002387232,0.0009849428,0.00066310196,0.0015063739,0.0008227908,0.0019517831
0.0013635778,0.0014087401,0.0014228413,0.0049595237,0.0050169877,0.98147696,0.0013875889,0.002963815
0.00096371415,0.0037264922,0.009746028,0.97670287,0.0025523491,0.0021856304,0.001152993,0.0029699933
0.002395208,0.0034222878,0.0058274963,0.8990066,0.07257584,0.0059525263,0.0063439864,0.004476072
0.0032773558,0.0022113482,0.0034544296,0.028765468,0.03186091,0.9206459,0.0037885285,0.0059960727
0.001331456,0.0018631594,0.9891466,0.00419555,0.00040174712,0.0011844891,0.000622301,0.0012546574
0.9918023,0.0016681997,0.0016395065,0.001008862,0.0006164718,0.0012259831,0.0006296278,0.0014091633
0.0066191545,0.0063868035,0.008559323,0.014794677,0.006694871,0.06453023,0.20208825,0.6903267
0.0018806268,0.0025620658,0.0019595542,0.0014341794,0.002980969,0.0047775214,0.97937554,0.0050295917
0.0020268336,0.0024870457,0.009363407,0.9532181,0.02613728,0.003346908,0.0016447214,0.001775569
0.0010491036,0.0050775744,0.8189247,0.167088,0.00180537,0.0020790761,0.001565231,0.0024109404
0.0008634045,0.0032421623,0.007948394,0.97942364,0.002569967,0.0021119113,0.0011368259,0.0027036034
0.004202351,0.9808796,0.0078804875,0.0008409778,0.0017359648,0.0013819927,0.001936821,0.0011417762
0.0013677216,0.0026035737,0.9887067,0.0043088915,0.00031787017,0.0005779283,0.0006585085,0.0014588682
0.0007086267,0.009975671,0.9651289,0.018471548,0.0019087447,0.0009938057,0.0014645089,0.001348262
0.0019218981,0.0027898136,0.0021703471,0.0014762061,0.0030060676,0.0044996077,0.9787804,0.0053557064
0.0014142527,0.0024396637,0.034384668,0.95153266,0.002228083,0.0032453248,0.0016223182,0.003133094
0.000777964,0.0015624043,0.96087456,0.033070765,0.0008226735,0.00088858436,0.00062025466,0.0013827696
0.00055466377,0.0011812412,0.0074970825,0.9818632,0.0041054343,0.0021581077,0.0007836655,0.0018566194
0.00093476265,0.0016323653,0.01433786,0.9740544,0.0039976616,0.003011546,0.0008722894,0.0011590718
0.002762058,0.98603433,0.0028031403,0.0022576423,0.0013598087,0.0016750717,0.0016899846,0.0014179331
0.0074469578,0.004295356,0.0037950817,0.0032733455,0.005052517,0.92417103,0.021585142,0.030380527
0.005855132,0.9811038,0.003999213,0.0023336736,0.001279551,0.0018757517,0.0018072161,0.001745637
0.03278116,0.9215163,0.0057807034,0.0032995807,0.019211214,0.005731937,0.0064591686,0.00521996
0.0015434604,0.0034831478,0.20646138,0.74747676,0.009324446,0.020457603,0.004659338,0.0065938924
0.005824438,0.98201156,0.0027433808,0.0021138033,0.0015737512,0.0020954674,0.0021370044,0.0015005529
0.0005652384,0.0011204846,0.0072847386,0.98322314,0.0035214885,0.002237261,0.00073356647,0.0013141371
0.004054698,0.98292154,0.0060227974,0.001801308,0.0011095648,0.0015975903,0.0012292677,0.0012634051
0.0010878374,0.0024613568,0.09625077,0.8903378,0.003403954,0.0032127197,0.0011068872,0.0021386738
0.00071787747,0.0018886226,0.016259316,0.9725293,0.0025958647,0.002419365,0.0012363474,0.0023532966
0.001858857,0.0032714354,0.12726578,0.85130787,0.0021974829,0.0072456137,0.001985393,0.004867589
0.004043931,0.003315574,0.0026355248,0.019779053,0.9413516,0.018460378,0.006405816,0.0040081334
0.006002191,0.004871354,0.0039515942,0.008927104,0.011574956,0.03835829,0.7296475,0.19666694
0.6014705,0.32483184,0.0066781025,0.007979976,0.027738428,0.015027666,0.0071820063,0.009091422
0.0009943728,0.0018509589,0.9862766,0.0069760787,0.0006946967,0.0011316264,0.0007846476,0.0012909698
0.005532995,0.9383688,0.017581759,0.016610064,0.0015739445,0.00415266,0.0040813256,0.012098497
0.004546677,0.04501664,0.9330965,0.0083954055,0.0007987689,0.0020728093,0.0016323735,0.004440769
0.014903114,0.0055013075,0.9665073,0.003957264,0.0010007672,0.002573002,0.0013845613,0.004172662
0.007159834,0.004291576,0.0063835564,0.045486853,0.007220044,0.8882686,0.016661048,0.024528483
0.0006642163,0.0058477,0.97552663,0.012722979,0.001498105,0.00087850157,0.0014250561,0.0014368827
0.0010121848,0.003858867,0.13938706,0.84383816,0.0031929563,0.004800698,0.001651031,0.002258988
0.00083416625,0.0018444484,0.004158125,0.97979134,0.005369146,0.0045278026,0.0012852898,0.0021896977
0.0022238255,0.006617672,0.61868656,0.3206665,0.009539945,0.023066625,0.005377533,0.013821362
0.02389991,0.09487294,0.58267736,0.026947482,0.031017086,0.047398355,0.044290736,0.14889608
0.0021122973,0.0034743214,0.4962534,0.47948918,0.0046039326,0.004359159,0.002469734,0.007238066
0.004413161,0.1187635,0.86256355,0.006509164,0.0019438762,0.0021718133,0.0018929798,0.0017419981
0.002987118,0.0023958408,0.002239402,0.004016783,0.97114605,0.008398434,0.006226965,0.0025895014
0.0042719133,0.0035078328,0.0059881136,0.058059745,0.90522355,0.015669728,0.0027153986,0.004563736
0.0023799548,0.9877851,0.0045551457,0.0010587007,0.0009208982,0.0013334143,0.0011343273,0.0008324495
0.0020251377,0.006725231,0.73652786,0.24321692,0.0019185588,0.0028778932,0.0018243385,0.004884144
0.5154871,0.3534037,0.063478224,0.0074083563,0.0045649614,0.017948454,0.010494401,0.027214875
0.000559141,0.0015103503,0.0039788047,0.98574847,0.003578026,0.0020129895,0.000924564,0.0016876345
0.0016182732,0.0014239406,0.9832774,0.009943216,0.00036337588,0.001050648,0.00076421263,0.001558877
0.0061871833,0.0042509395,0.0059505026,0.069312,0.8937505,0.009484219,0.0056857574,0.0053788796
0.0024236147,0.9875678,0.0026514248,0.0024284236,0.0010908794,0.0014633709,0.0013128478,0.0010617267
0.00080800185,0.013194402,0.97055703,0.011604377,0.0012102206,0.0007872296,0.0009342848,0.0009044253
0.0010653709,0.0020092109,0.989675,0.004252739,0.0002653184,0.0008805324,0.0006000272,0.0012517633
0.001995411,0.9855644,0.006727936,0.0016748994,0.0008634908,0.001304143,0.0010827353,0.00078699895
0.0022841357,0.0013790618,0.0023500405,0.002375429,0.0060168435,0.9768784,0.0038166645,0.0048995307
0.0020966297,0.97005403,0.012481757,0.008331772,0.0020755762,0.0020092693,0.0016595034,0.0012915538
0.0011672302,0.0041985055,0.16397713,0.8213149,0.0023201006,0.0027477788,0.0013049657,0.0029693758
0.0034839644,0.012036338,0.94613427,0.028312903,0.00074446935,0.0012774126,0.0017400951,0.006270615
0.006691972,0.0043970244,0.008752712,0.026073145,0.05056086,0.71658707,0.0064741266,0.18046318
0.016079206,0.8710531,0.024483437,0.005742739,0.028121024,0.02717761,0.015486007,0.0118568605
0.0010448244,0.0013528479,0.98953456,0.0052982084,0.00028259464,0.0007264262,0.0006862131,0.0010743953
0.0012945822,0.005938277,0.75267863,0.23020019,0.0028286753,0.0018910874,0.0012131766,0.003955334
0.0019382902,0.9878297,0.0046207374,0.001578541,0.00096724485,0.0012074037,0.0010161814,0.0008419324
0.0035818873,0.005753938,0.012750625,0.7707695,0.017314855,0.1793772,0.005146967,0.005305004
0.002815411,0.0041848165,0.8518833,0.12862457,0.001960548,0.0026430914,0.0030080737,0.0048801275
0.000726114,0.0019501038,0.026550999,0.9635323,0.0024994055,0.0023511648,0.0008894342,0.0015004394
0.0033036685,0.0025769195,0.002303174,0.0026865834,0.9744634,0.007536657,0.0040845666,0.003045137
0.9891411,0.0026728553,0.0016480843,0.0014793118,0.000993875,0.0015126686,0.0007158337,0.0018361929
0.992851,0.0009907676,0.0017086236,0.00086418143,0.0004924936,0.0010641526,0.00057908805,0.0014496483
0.00074061914,0.0014653042,0.02188987,0.9680683,0.00325668,0.0025447085,0.0007108594,0.0013236826
0.040831342,0.040364232,0.63876724,0.016541047,0.0022289606,0.020872714,0.013125743,0.22726874
0.00087867066,0.0012416486,0.9906866,0.0051095216,0.00025538067,0.0005092131,0.00047168133,0.00084722677
0.00059751206,0.0015732232,0.010453932,0.9784183,0.0030438087,0.0025508574,0.0012563516,0.0021061017
0.00154985,0.0018340147,0.99027693,0.0035440542,0.00028327445,0.0005656729,0.00063306215,0.0013131641
0.002510691,0.005625312,0.44899675,0.5294806,0.0024703362,0.004495754,0.0015845599,0.004836
0.002192809,0.9838479,0.004883011,0.0029108182,0.0013042104,0.0015932545,0.0016597478,0.0016082547
0.33584005,0.6318668,0.010370766,0.0025029106,0.0024684486,0.005233409,0.007015344,0.0047022314
0.002128314,0.026604244,0.9553637,0.008443538,0.0013514634,0.0018803328,0.0021090163,0.0021195193
0.0005828139,0.001125278,0.009947141,0.9794153,0.0023722067,0.0037201326,0.0011520664,0.0016849914
0.001623111,0.0028032407,0.9191355,0.06332235,0.001269872,0.0064495998,0.0019346272,0.0034616264
0.006366153,0.072395,0.89422584,0.0052638524,0.0019591616,0.0065536574,0.0044397074,0.008796643
0.00067060994,0.0012550504,0.0042642364,0.984421,0.004906351,0.0022256647,0.0009021054,0.0013550036
0.0037978673,0.8268728,0.15548371,0.0039255614,0.0029457635,0.0029332535,0.0022891832,0.0017517965
0.12458838,0.8334095,0.0093971435,0.004406434,0.0039590346,0.008943276,0.0080017485,0.0072945044
0.0059691854,0.014608739,0.016045444,0.10304025,0.006707784,0.04983533,0.011900212,0.79189306
0.00056289136,0.0025386885,0.9806157,0.013357157,0.0003256158,0.00057541544,0.000747546,0.0012770266
0.002925939,0.002083836,0.003923038,0.020355882,0.95049924,0.012526294,0.0038383955,0.0038473837
0.0006006063,0.0010112568,0.009680219,0.9736647,0.0039792093,0.008048725,0.0012019238,0.0018133714
0.001002421,0.0016569044,0.010080753,0.9697192,0.0103326915,0.0037302573,0.0014781423,0.0019996567
0.0007772756,0.0021416703,0.9818673,0.011009655,0.00055731705,0.0015786501,0.0007075464,0.0013605324
0.0029257648,0.003588599,0.004479898,0.116544604,0.019513503,0.843493,0.0044421796,0.0050124535
0.40433964,0.5404823,0.009087598,0.0048525324,0.017928107,0.0089899935,0.008692091,0.0056277583
0.00079726294,0.0015562369,0.9897635,0.0054641557,0.00042944067,0.0005852218,0.00047185255,0.0009323406
0.0030047034,0.00218196,0.00262866,0.0038734858,0.9496786,0.02724448,0.005377246,0.0060108313
0.0025981902,0.0017251987,0.0025468909,0.0035776414,0.0030143573,0.12808873,0.006079777,0.8523693
0.0014582418,0.0009133615,0.0009402219,0.002229355,0.002645706,0.98634166,0.0015992813,0.0038721827
0.8115763,0.042497154,0.12036628,0.0039619096,0.002190511,0.006567474,0.0044620335,0.008378258
0.10772412,0.8653543,0.0068729077,0.0019935062,0.0057726824,0.00420123,0.0054670274,0.002614269
0.002587587,0.0019671663,0.0029297904,0.0034608329,0.003006617,0.13426594,0.0056320764,0.84615004
0.0017250311,0.0026139799,0.96472144,0.02433231,0.00092896575,0.0011699493,0.0019038023,0.002604548
0.0012031173,0.004448527,0.20037599,0.7832915,0.0036102384,0.0029423404,0.0011797675,0.002948512
0.005753355,0.002359638,0.00427208,0.005220259,0.9479932,0.023887452,0.0047258674,0.0057882057
0.003426145,0.93482625,0.038063653,0.014658152,0.0032651813,0.00272249,0.0015931673,0.0014450193
0.2964027,0.6510736,0.012518781,0.004999527,0.004425242,0.011293938,0.009857947,0.009428262
0.006001047,0.0035947324,0.0018384836,0.009188662,0.004028647,0.3361983,0.0039576762,0.63519245
0.0005089164,0.002088733,0.9837928,0.010906015,0.0004970963,0.000593604,0.0006130828,0.0009997097
0.0081569785,0.008013028,0.015151006,0.26288947,0.6788746,0.013696137,0.0072499835,0.005968732
0.001395591,0.0037497059,0.41828516,0.5643128,0.0027413873,0.0040823612,0.0015203502,0.0039126338
0.0017829528,0.0025113635,0.9870898,0.00426944,0.00044748577,0.0016397752,0.0009386599,0.0013205766
0.0020620164,0.9854697,0.006524082,0.0016268602,0.0012410801,0.0010680163,0.0012128613,0.00079537777
0.00057345955,0.0015088841,0.9722626,0.02249109,0.000663107,0.00077174493,0.0005588809,0.0011701761
0.0049885167,0.26792684,0.71085894,0.004974289,0.0023229509,0.0030663304,0.0023291511,0.0035329617
0.00132746,0.0015738733,0.9910415,0.0038305994,0.0002783779,0.00048242303,0.000522969,0.00094268733
0.0019247357,0.0026232817,0.002027733,0.0013738745,0.0030036033,0.0046778843,0.9793505,0.0050182776
0.10994862,0.84848326,0.009989189,0.0045951693,0.0029524846,0.0069117877,0.007175366,0.009944146
0.0006643133,0.0049349614,0.95823145,0.025622463,0.0024137662,0.001634361,0.0025464867,0.003952246
0.0055396333,0.0036530185,0.018245628,0.69639766,0.19797225,0.046765763,0.0052629956,0.02616305
0.00090174534,0.006471224,0.97478867,0.012868333,0.0012145996,0.00065569056,0.0011791615,0.0019206353
0.012154012,0.008977863,0.009245086,0.0028849263,0.7772562,0.09150463,0.08584642,0.012130876
0.0008687219,0.0022581313,0.025619645,0.96306014,0.0021302532,0.0024246115,0.0012483465,0.0023902091
0.0006976036,0.0011406365,0.0039333217,0.98532385,0.0043818424,0.0024150936,0.00092226936,0.0011854081
0.00396355,0.0029408657,0.0017586428,0.003240509,0.0049500694,0.34151906,0.004682919,0.6369444
0.0016847531,0.001121068,0.0012047566,0.002457802,0.002850385,0.98475444,0.001750176,0.004176572
0.0018682025,0.002679828,0.005648234,0.9208156,0.05531345,0.0051792893,0.004013755,0.00448164
0.0008611164,0.00084329274,0.0008075177,0.0019093,0.0024485744,0.988535,0.0012392681,0.0033559564
0.0010352555,0.0027115732,0.99056387,0.0034355796,0.0003424879,0.0006818327,0.00052757346,0.0007018461
0.98646253,0.0018450392,0.0047698757,0.0011047962,0.00079585984,0.0019492228,0.0010369304,0.0020358278
0.00078082556,0.012001965,0.89439666,0.086216256,0.002321339,0.0012000345,0.001183868,0.0018990391
0.004758309,0.004042681,0.0037469515,0.0022683616,0.93629146,0.024896642,0.018923959,0.0050715595
0.0007044032,0.0021560155,0.9882908,0.0063523077,0.0004931014,0.0006500016,0.0004195417,0.0009339492
0.0006971464,0.0022558998,0.0058467295,0.98406744,0.0031511302,0.001786787,0.0008394044,0.0013554555
0.0011332707,0.0014013164,0.991531,0.003627246,0.0002735966,0.0005903153,0.0005346406,0.00090874085
0.007992124,0.007947701,0.013420051,0.22557767,0.7193948,0.013165347,0.007037655,0.0054647047
0.018422214,0.3290971,0.5362587,0.08769762,0.0037889923,0.0061088377,0.0049334597,0.013693143
0.00061275903,0.0013970499,0.005381971,0.9820156,0.00373789,0.003255301,0.0020824461,0.0015170561
0.0008483868,0.0020143199,0.98344696,0.009244657,0.0006695958,0.0018044326,0.0007685913,0.0012030618
0.002058373,0.97599256,0.010801788,0.0043839402,0.0019001805,0.0018647279,0.0016434321,0.001355001
0.011608744,0.97367674,0.0032968426,0.0024349664,0.0016575749,0.0026811743,0.002696132,0.0019478975
0.0028378987,0.0019944608,0.0017077327,0.0023795597,0.97529674,0.0076691485,0.0049296175,0.0031849227
0.00055197754,0.0011407997,0.004647805,0.98614466,0.0030652524,0.0021050803,0.0009171708,0.0014273209
0.0020569204,0.9785605,0.007721309,0.0050954977,0.0017874654,0.0017691428,0.0015262291,0.0014828964
0.0020653747,0.0011199602,0.0011302823,0.0014691291,0.0033538141,0.9632979,0.0013776257,0.026185898
0.0009654849,0.002778098,0.9797968,0.011551623,0.0010482314,0.0014215467,0.0009854207,0.0014526612
0.00934779,0.23880182,0.18424079,0.5305594,0.01909827,0.010500865,0.003166085,0.0042849774
0.0016652924,0.010780227,0.9734667,0.007001097,0.0011213678,0.0019182676,0.0019159358,0.0021310993
0.0006878016,0.0017791513,0.0038694437,0.98524123,0.004241919,0.0021157847,0.0008624556,0.0012021527
