0.000843966,0.0046662088,0.97203606,0.017385041,0.0015324142,0.0012644104,0.0009555502,0.0013163403
0.0017042604,0.0021291615,0.0017423779,0.003857251,0.0794016,0.77176297,0.13323374,0.006168641
0.0071029286,0.15828182,0.2866435,0.52588123,0.0065886406,0.005395944,0.0040827836,0.006023174
0.018873384,0.92660284,0.015123282,0.025875736,0.00574754,0.0021490613,0.0024764386,0.0031516242
0.0022466828,0.0035724815,0.9819525,0.0054089394,0.0018083256,0.0018777959,0.0019773515,0.0011559214
0.0015426103,0.008757058,0.0034220454,0.96554124,0.015182282,0.0026626035,0.00089716614,0.0019948825
0.0010165077,0.002443465,0.007194312,0.95724535,0.021592015,0.0071226577,0.0012228539,0.0021627587
0.003233931,0.935823,0.020512726,0.031929385,0.0028541938,0.0021630456,0.0014484968,0.002035201
0.00074330467,0.0075648003,0.9743308,0.008762719,0.0043179644,0.0012773175,0.0012610501,0.0017420284
0.98294246,0.005677049,0.0019896554,0.0013031387,0.00266477,0.0016480453,0.0023486058,0.0014261182
0.0014699902,0.00423018,0.83609366,0.14664643,0.00442268,0.002419873,0.0017218515,0.002995213
0.0033469142,0.16752166,0.780938,0.037127733,0.0046479953,0.0015174312,0.0023057782,0.002594545
0.9718527,0.016772455,0.0028009808,0.0017839123,0.0018004394,0.0012112707,0.0024788636,0.0012993265
0.9757884,0.013431141,0.00251498,0.0014811041,0.0018150354,0.0012511733,0.002468261,0.0012499533
0.0019468109,0.0040613636,0.89037156,0.07116627,0.010284776,0.011462696,0.006417963,0.00428851
0.0012650937,0.0022175524,0.0024538296,0.013116573,0.044519123,0.8526282,0.07907277,0.004726985
0.004145876,0.014149593,0.16840422,0.5282485,0.12664846,0.13705948,0.009288284,0.012055591
0.12190514,0.7923716,0.052140154,0.012569858,0.010744875,0.0035858033,0.0036966011,0.0029860088
0.009745675,0.033284385,0.8917253,0.013614477,0.03387407,0.0055636526,0.0075642187,0.004628248
0.980492,0.005755673,0.002475946,0.002517091,0.0032739744,0.0013773883,0.0025087777,0.0015990597
0.0029489081,0.0024677957,0.0026699335,0.007977014,0.017936291,0.7875839,0.16899061,0.009425519
0.9821831,0.0064161494,0.0023880983,0.0015834044,0.0023695151,0.0014604934,0.0022749112,0.001324231
0.00199006,0.0022336342,0.0034014871,0.005805625,0.03014393,0.47379977,0.4741632,0.008462293
0.0006741892,0.0013829817,0.0042156396,0.9851259,0.0051482935,0.0014291994,0.00050760905,0.0015161622
0.002016354,0.00296996,0.004280337,0.015205092,0.33154988,0.6187892,0.020000665,0.005188512
0.0025940542,0.0020426773,0.0018339992,0.072312534,0.8423361,0.07083038,0.0043773227,0.0036729167
0.00087360054,0.0017822231,0.01482479,0.97668535,0.0018861279,0.0013971231,0.0007660365,0.0017848025
0.0017066755,0.008103543,0.6743107,0.30106384,0.0052188043,0.0027078248,0.002225154,0.0046634935
0.0009112629,0.004251158,0.960831,0.026725318,0.0031806033,0.0011230139,0.0012147988,0.001762862
0.007944943,0.34107274,0.55119133,0.07791709,0.009236744,0.0044703884,0.004570125,0.0035966581
0.00076227676,0.0023109629,0.0053032073,0.9857307,0.0029770036,0.0009611187,0.00052624615,0.0014283867
0.0013132812,0.0046116756,0.03180462,0.9551273,0.0025987783,0.0018051048,0.00083494943,0.0019043284
0.0011826091,0.001092419,0.00063171354,0.0026251823,0.9483027,0.040219333,0.0031060362,0.0028400503
0.0038010322,0.008730123,0.36811262,0.3046232,0.05781016,0.22014754,0.025066651,0.011708679
0.92271096,0.06143291,0.0041523236,0.0030534896,0.002144338,0.0015753991,0.0031284955,0.0018020023
0.0008454359,0.002332664,0.007099703,0.96935856,0.013572563,0.0038913756,0.000948755,0.0019508895
0.0012871929,0.004338923,0.018072894,0.91744643,0.037688684,0.015101507,0.0026547355,0.0034096192
0.97872204,0.01148303,0.0021413378,0.0014996361,0.0018074191,0.0011458411,0.0021868742,0.00101382
0.0015569256,0.0017353371,0.0018871814,0.006243348,0.013178496,0.9365032,0.03578272,0.0031128668
0.001125019,0.0022167298,0.0043772203,0.9645911,0.020082101,0.004271602,0.0009281602,0.002408074
0.0021649115,0.007817416,0.0071511134,0.9752951,0.0035577095,0.001440084,0.00064709835,0.0019265069
0.9809972,0.0051998557,0.0028664262,0.0016619863,0.0025441016,0.0017451611,0.0033196912,0.0016656248
0.0008589463,0.008894967,0.9770472,0.005959597,0.0040636137,0.0009138811,0.0009947289,0.0012671108
0.0016504291,0.0034020776,0.6915268,0.29195637,0.0034144016,0.0029519321,0.002003462,0.0030945751
0.0011539883,0.0017832592,0.0013514656,0.011862583,0.34664473,0.61541784,0.018078987,0.0037072222
0.9806591,0.008451996,0.0024251242,0.0014136292,0.002028828,0.001278359,0.002506665,0.0012362519
0.004074896,0.9623274,0.016378788,0.011379606,0.002164959,0.0010919208,0.0012418366,0.0013406413
0.0010747189,0.0010826023,0.00051683636,0.004073806,0.95009154,0.038013645,0.0031105275,0.0020363515
0.005974941,0.7660758,0.06579101,0.14587188,0.0065262313,0.0036956363,0.002492809,0.003571712
0.0012168753,0.0015019048,0.0015924778,0.0051300325,0.0146422405,0.9556153,0.018055307,0.0022458136
0.0036707493,0.9235699,0.01883408,0.045229007,0.0026779792,0.0023162037,0.001564724,0.0021373052
0.0015979487,0.0069030626,0.6615189,0.31638798,0.0046761762,0.0030073128,0.0023889104,0.0035197795
0.0019776553,0.0030427799,0.51286894,0.46115723,0.0071513695,0.0054823216,0.0028452475,0.0054743933
0.9803863,0.004656091,0.002508415,0.0015302387,0.003216116,0.0021374032,0.0037240784,0.0018413905
0.98030096,0.0050793556,0.0022310312,0.0014493077,0.0034725014,0.002305657,0.0032983809,0.001862774
0.0022943167,0.0031130256,0.004210793,0.03432945,0.050458718,0.7858204,0.11114189,0.0086314585
0.00068488054,0.0022292854,0.03343634,0.9469996,0.009666297,0.0027214647,0.0011521752,0.003109979
0.0076013627,0.06551623,0.3376966,0.55319184,0.020887496,0.0054664556,0.0034073684,0.006232594
0.001323493,0.00284992,0.092210464,0.8929554,0.0031175616,0.002777349,0.0017134967,0.003052329
0.0022510812,0.03720895,0.4665528,0.46143448,0.012562655,0.01019742,0.0033846623,0.0064080236
0.0007748706,0.0017855332,0.011592754,0.97896934,0.0025848486,0.0020044602,0.00071647344,0.0015717737
0.98147625,0.0055747963,0.0020950332,0.0020444437,0.0033762483,0.0015845707,0.0021694761,0.001679176
0.0010007155,0.0011761886,0.0006866466,0.0042001777,0.90594023,0.079300016,0.0054029673,0.0022930934
0.0024074544,0.015314044,0.72115886,0.24835774,0.004982518,0.0019194065,0.001719783,0.0041402164
0.0019103196,0.004882128,0.0046898313,0.8706082,0.096894845,0.01537167,0.0018440683,0.0037989663
0.006037847,0.9671419,0.01022995,0.009976491,0.002496217,0.001470392,0.0013672303,0.0012799083
0.003971879,0.95584404,0.010083385,0.023226589,0.0021103343,0.0016211795,0.0014278664,0.0017147483
0.0016573566,0.0019986553,0.001787268,0.0053842296,0.16576444,0.7183661,0.0996487,0.005393321
0.02157024,0.9160869,0.028974108,0.021382105,0.0045145033,0.0028970917,0.0018082224,0.0027667715
0.0006918406,0.0040961495,0.9780893,0.012354365,0.0015541167,0.0010915708,0.0009089547,0.001213689
0.0052634124,0.09289103,0.69173294,0.19347532,0.0046952437,0.0029828022,0.0056987125,0.0032605296
0.0025069371,0.002299706,0.0009051771,0.044177923,0.9343155,0.011271769,0.0015051787,0.0030178616
0.0018265089,0.01446949,0.099954024,0.8701534,0.0059871874,0.0015716424,0.0015778538,0.0044597867
0.0024581237,0.002366779,0.0040736706,0.0063775913,0.04217782,0.5175692,0.41866422,0.0063126865
0.002621275,0.0023416043,0.00279932,0.0039735376,0.020972911,0.4571457,0.50047785,0.009667832
0.00077868626,0.0014559585,0.97925675,0.008091093,0.0023259076,0.0035924455,0.0026121817,0.0018869736
0.98042333,0.0052849636,0.002297132,0.002297316,0.0036562914,0.0018554018,0.0023979815,0.0017875289
0.0012183875,0.0027598245,0.0036004784,0.96636415,0.020412529,0.0023825027,0.00091003365,0.0023521432
0.0015795358,0.006727296,0.22690432,0.74889696,0.004931361,0.003076999,0.0025335832,0.005349956
0.0044438364,0.003301159,0.0023615828,0.13332109,0.82874113,0.019696772,0.0037352736,0.004399174
0.0019698006,0.0071413373,0.98045313,0.0037878104,0.0025599562,0.0014032687,0.0015356807,0.0011489565
0.0017197568,0.009078821,0.6826174,0.29523167,0.003601382,0.0022026745,0.0020084959,0.0035397247
0.0047119865,0.04396941,0.91512793,0.016375106,0.012102086,0.0024035645,0.002391889,0.002918041
0.98309094,0.006948515,0.0020132777,0.0012252646,0.002185289,0.0013710645,0.002015562,0.0011500014
0.005261275,0.93602175,0.022180535,0.026654644,0.004481382,0.0018694839,0.0014372411,0.0020936658
0.020174077,0.95293146,0.009217816,0.009980024,0.002075823,0.002012284,0.001989508,0.001619018
0.0014109077,0.0034734383,0.0956216,0.8868887,0.00472024,0.0028587044,0.001518041,0.0035085268
0.0041453377,0.08201737,0.055752106,0.84307295,0.0066511435,0.002061578,0.0022961209,0.004003353
0.0025489388,0.0092254225,0.4201067,0.55227256,0.0030602347,0.0031822044,0.003645706,0.005958247
0.0010556412,0.018703347,0.9460808,0.02662315,0.0028912365,0.0015074566,0.001246558,0.0018917439
0.0056990627,0.006869342,0.00841553,0.05435792,0.43717864,0.47134787,0.00881667,0.007314957
0.0024781511,0.05102831,0.4945271,0.4209306,0.012245622,0.009161425,0.0033646428,0.006264108
0.0008227661,0.002585055,0.95891416,0.031285264,0.0021269622,0.0013643567,0.0011773485,0.0017241864
0.9833974,0.005959941,0.0020597477,0.0013373392,0.0024267673,0.0014096333,0.0021474382,0.0012617862
0.00065628823,0.002940503,0.9828607,0.0077111083,0.0027689682,0.0008890523,0.00090557156,0.0012677807
0.9808319,0.008257632,0.0024173097,0.0013844166,0.0020527819,0.0012931975,0.0025099993,0.0012526978
0.0041428963,0.3271594,0.53068435,0.1196742,0.008035466,0.0034757154,0.0024455949,0.004382417
0.0008042424,0.0015270297,0.0027861535,0.9832771,0.0077196406,0.0019538887,0.00054429466,0.0013875972
0.0022885331,0.0069475463,0.7552038,0.21667548,0.0065607545,0.0059883674,0.0024969566,0.0038385305
0.0019031517,0.0036495186,0.6994781,0.27903652,0.0050625824,0.0035775811,0.0025550425,0.0047374573
0.0026658755,0.0047923266,0.22836457,0.7110161,0.024190597,0.014377933,0.0061993985,0.008393155
0.004135944,0.15009557,0.82516587,0.007858803,0.005473297,0.0019511258,0.0032148738,0.0021045308
0.0008797104,0.0014751279,0.0036020807,0.9796188,0.010490043,0.0017480688,0.0006577818,0.001528287
0.043140274,0.92726934,0.009248534,0.010670398,0.0025386978,0.002353946,0.0026112834,0.0021674992
0.0014058402,0.0019043159,0.0016869019,0.004425858,0.1076038,0.78834504,0.08986824,0.004760052
0.0009633421,0.0048630233,0.0041779177,0.98095864,0.0047984784,0.0017275857,0.00069328485,0.0018177537
0.00092431396,0.0011906893,0.0006382154,0.0053807586,0.9153398,0.069091,0.0050746114,0.0023605525
0.0016732365,0.0018050973,0.0014345648,0.003393806,0.088975504,0.7886353,0.1075511,0.006531398
0.003121325,0.0053369408,0.7334048,0.15151247,0.015659837,0.03812999,0.044842,0.007992619
0.98060924,0.006006286,0.002438119,0.0025270195,0.0033496828,0.0012919246,0.0023240023,0.001453775
0.0019948448,0.0021609555,0.0026744695,0.027409684,0.6801133,0.27077115,0.010298297,0.004577256
0.0019890387,0.0022094918,0.0030111608,0.004663068,0.013219304,0.13756795,0.8272863,0.010053667
0.001254824,0.0014303592,0.00061389053,0.013313833,0.964851,0.014320081,0.0019773974,0.0022385682
0.0009519626,0.0025916798,0.95232177,0.031947274,0.0053013633,0.002192852,0.001868123,0.0028249114
0.0010668316,0.0056243744,0.0038915381,0.975372,0.008805619,0.0023216524,0.00082046515,0.002097534
0.0048723845,0.90603054,0.06362504,0.010378165,0.007934546,0.0022746183,0.0018468342,0.0030378597
0.003100182,0.07485357,0.13802996,0.7668047,0.005459134,0.0031288776,0.0038822598,0.00474137
0.00068330823,0.0034368678,0.9798535,0.00793715,0.004176681,0.0015278042,0.0011415661,0.0012431513
0.0021922379,0.0023753934,0.0033479144,0.0024740498,0.003431064,0.013149345,0.9578042,0.015225719
0.0007169522,0.002028154,0.009958063,0.9809575,0.002734644,0.0009986717,0.00072240166,0.0018835943
0.0011185438,0.0038603581,0.9230918,0.06487269,0.0022805457,0.0015374046,0.0012002757,0.0020383555
0.002600442,0.004526983,0.0044727125,0.8961602,0.077676706,0.009400307,0.0014699843,0.0036926882
0.0017367881,0.0013855778,0.0006294449,0.0032118915,0.93594736,0.05166111,0.0027393412,0.002688522
0.066108905,0.89703304,0.01064371,0.012940319,0.004610147,0.003265969,0.002742962,0.002654934
0.0019203376,0.002078496,0.002222684,0.0075761466,0.013306243,0.90946156,0.05923386,0.0042006816
0.024843756,0.93515366,0.01292686,0.016369836,0.003483128,0.0027935228,0.0020337047,0.002395547
0.9711548,0.0046535456,0.0037080357,0.002558763,0.0052758637,0.0032352426,0.006670038,0.0027437033
0.0016195482,0.0038459112,0.9392174,0.004149653,0.02009617,0.014494945,0.011030249,0.005546077
0.9789545,0.0096732555,0.0022583746,0.0021076177,0.0025957269,0.0011187514,0.0021194627,0.0011723542
0.0030700031,0.003475813,0.0045180162,0.822475,0.15219213,0.0077768844,0.0019249781,0.0045671337
0.0033743107,0.9570148,0.013524062,0.019024411,0.0024732936,0.0016749416,0.0012711758,0.0016428978
0.0019667805,0.0023967216,0.003826754,0.94009936,0.04391897,0.0043110717,0.0010935758,0.0023868564
0.0018550932,0.0050804475,0.019003369,0.11463065,0.6003164,0.24062724,0.01232164,0.0061651752
0.00070897664,0.0014606038,0.008581511,0.98262656,0.0026840952,0.0016896706,0.00055247603,0.0016960284
0.0025579035,0.0026356846,0.0015501425,0.009452883,0.3441965,0.62602854,0.009873403,0.0037049823
0.0016071068,0.0023032643,0.0031437473,0.01401131,0.45915714,0.4687667,0.043847773,0.0071629696
0.980056,0.0063700457,0.002368318,0.002222261,0.0031948262,0.0015173998,0.0026367286,0.0016342913
0.0010716441,0.0024329815,0.93065625,0.055356424,0.003671612,0.0025652032,0.0019142595,0.0023316883
0.0054366533,0.652335,0.21115527,0.11631248,0.006000239,0.002426157,0.002803304,0.0035308525
0.005844391,0.14444487,0.7226709,0.111654185,0.004318007,0.0026155913,0.005181776,0.0032702736
0.001108172,0.0030875462,0.9386973,0.03871496,0.0028701022,0.007616558,0.004562447,0.003342892
0.0013631956,0.0024817598,0.0027689387,0.015740585,0.035806186,0.8495826,0.08714755,0.005109193
0.00074185984,0.002980655,0.9829448,0.004869843,0.003934346,0.0015790897,0.0014225951,0.0015268099
0.0010177565,0.0027109396,0.036649935,0.9219229,0.026147194,0.005084107,0.0018763144,0.00459098
0.0036886109,0.023250308,0.0250205,0.82924324,0.05273856,0.04525301,0.0111030955,0.009702679
0.0015732631,0.010063119,0.9519446,0.0047558593,0.02364217,0.0030450793,0.002431229,0.002544789
0.0023762465,0.059462212,0.584766,0.33628294,0.0054759393,0.004322793,0.0022335122,0.005080443
0.0016500604,0.0044962433,0.51996624,0.46070412,0.0037966499,0.0032042656,0.0022395183,0.003942885
0.0006367562,0.005524217,0.98498046,0.0038051452,0.002170619,0.0008627327,0.0010545173,0.00096550875
0.0017949936,0.0018155507,0.0013553168,0.0030811217,0.19407247,0.7203689,0.062902674,0.01460894
0.0011224467,0.0009886777,0.00047032468,0.0037482646,0.9590077,0.030631782,0.0022982163,0.0017325775
0.004357309,0.9636098,0.013942411,0.01304239,0.0017120461,0.0009845024,0.0011439979,0.0012076425
0.0018783939,0.0091982605,0.012979572,0.9684191,0.0027778898,0.0017583153,0.00084876124,0.0021396438
0.9732171,0.010744208,0.0042600273,0.0020614867,0.0034474577,0.002236018,0.002669663,0.0013640326
0.0012639523,0.0045860237,0.0034797962,0.9767552,0.009181302,0.0020525865,0.0007606175,0.0019205707
0.0010345053,0.0016372122,0.019904835,0.97057796,0.0019910566,0.001959635,0.0008291241,0.0020657002
0.0010049867,0.0011488365,0.0005815887,0.0056593455,0.9279858,0.056895696,0.0046520554,0.0020716914
0.8131002,0.14524873,0.0059720566,0.019960998,0.006738537,0.0031353603,0.0033997972,0.0024443038
0.000765044,0.004581452,0.9740201,0.0146435285,0.0025286998,0.0011175893,0.0009917798,0.0013517165
0.0010205237,0.0016602391,0.021929312,0.96800035,0.0025658237,0.0017381724,0.0010012074,0.0020843754
0.0032701332,0.21270728,0.7177726,0.052387953,0.0056376937,0.002005625,0.0024940767,0.0037246253
0.0023345961,0.002129194,0.0022913017,0.003978154,0.036803346,0.6295738,0.31475556,0.008134022
0.0031677193,0.17356296,0.76880175,0.03874241,0.00754218,0.0031599198,0.0019690455,0.003054025
0.000728834,0.0014787349,0.0045002643,0.9863414,0.0035484913,0.0016448705,0.00046890145,0.0012885078
0.005786847,0.17129348,0.062996924,0.7381869,0.007240485,0.0049765375,0.0040446967,0.0054741157
0.0015277511,0.0020800035,0.0025534972,0.009940797,0.83128846,0.14002639,0.007861602,0.004721448
0.04171037,0.85365796,0.0445938,0.013408758,0.025771396,0.008979513,0.0068598115,0.005018329
0.0019081986,0.0036689758,0.26958352,0.70988977,0.004342296,0.0035181346,0.002179121,0.004909952
0.0029305953,0.08372968,0.6039793,0.295793,0.004238492,0.0019743552,0.0028078188,0.0045466824
0.0052102087,0.94157916,0.0315066,0.014814942,0.0023798542,0.0011958336,0.0018199407,0.0014935117
0.0012147533,0.0013902641,0.0009733704,0.002734969,0.8725025,0.105812795,0.010446053,0.0049253763
0.00095157075,0.0020533884,0.9551071,0.034993477,0.0016280459,0.0015164554,0.0015451913,0.002204738
0.0026442197,0.0036811968,0.0023838761,0.20494045,0.74494964,0.033388928,0.0036241424,0.004387518
0.0010802812,0.0012434898,0.0009042056,0.007586161,0.9434821,0.04011602,0.0032521242,0.0023356385
0.9775612,0.0064834715,0.0029104578,0.0035992863,0.0036863456,0.001418475,0.002620074,0.0017207307
0.9638365,0.023255866,0.002904705,0.0023601914,0.0023019037,0.0012601399,0.0027266864,0.0013541315
0.0019539872,0.0023961274,0.0042133993,0.93909574,0.044387374,0.0038406614,0.0011686226,0.0029440073
0.008190783,0.07973884,0.06731864,0.8279821,0.0057126754,0.0056381924,0.0027200044,0.0026987882
0.0010216632,0.0021210748,0.014301666,0.9767521,0.0019757377,0.0013428305,0.00062983227,0.0018550704
0.0027718917,0.0083316425,0.007484954,0.36128426,0.53763276,0.07244844,0.0041561206,0.0058899126
0.0035680723,0.08086988,0.12053488,0.7786211,0.0047263824,0.0030498973,0.003730181,0.004899661
0.0013312171,0.0056598745,0.0045659654,0.9807794,0.003686338,0.0018749919,0.000656622,0.0014455973
0.014088,0.9595215,0.008629502,0.0112162735,0.0023791394,0.0017720347,0.0012359446,0.0011576107
0.0047733686,0.9575235,0.0112189185,0.019628284,0.0022310154,0.0014893876,0.0012735933,0.0018619377
0.0022948217,0.032484166,0.6930238,0.2255288,0.021241188,0.014027022,0.0045992234,0.006801012
0.00072535564,0.0017102907,0.010523323,0.9804894,0.0028566415,0.0016775674,0.0006301028,0.0013873749
0.00070996035,0.0017093817,0.0043657254,0.9846443,0.0040336866,0.00255659,0.00056980556,0.0014105083
0.0074395705,0.87594837,0.04954566,0.052897237,0.0067049903,0.0032074149,0.0025673774,0.00168938
0.003457987,0.0034995365,0.0021151258,0.2113997,0.75267863,0.019528722,0.002556659,0.004763603
0.00066851167,0.006772275,0.98101807,0.00683657,0.0019690907,0.0007375483,0.0010267448,0.000971125
0.9809466,0.009011965,0.0021937194,0.0013585736,0.0019171762,0.0011590236,0.0023008713,0.0011120319
0.0009234924,0.0040603084,0.0056319917,0.96235996,0.01780268,0.0061714887,0.0010660682,0.0019838759
0.0009961373,0.0018794622,0.0200074,0.96811587,0.0034890512,0.0026352494,0.0011076514,0.0017692446
0.0009731588,0.002110533,0.0022128331,0.00973975,0.20551799,0.74640375,0.029920723,0.0031212482
0.0029836576,0.004784465,0.0027378486,0.26593357,0.6894389,0.026280671,0.0031600785,0.004680897
0.00220871,0.002655446,0.0018665552,0.004281704,0.58753407,0.37090313,0.02388153,0.0066689313
0.0007906664,0.0021628393,0.9831392,0.008129077,0.0023245872,0.0013413738,0.0010745409,0.0010377669
0.0015492288,0.0018633468,0.0014629504,0.0038334269,0.47051677,0.48110896,0.03326375,0.0064015733
0.97966754,0.0072228885,0.002222658,0.0022445768,0.0033585962,0.0015098247,0.0022380415,0.001535781
0.0015465013,0.008368379,0.8687874,0.11241528,0.0029441346,0.0021177975,0.0017704365,0.002050089
0.0019972727,0.0022911076,0.005665364,0.0021088824,0.0027737927,0.013159064,0.9658691,0.0061353985
0.0018706223,0.0023294028,0.003336335,0.008957878,0.55467963,0.40668187,0.01697427,0.00517002
0.0026143263,0.0023065505,0.0022263292,0.0036036847,0.028694429,0.50924605,0.4387751,0.012533522
0.036772873,0.57224965,0.3688321,0.007386854,0.0069977418,0.002629355,0.0029678184,0.0021635385
0.9782562,0.009842781,0.0020100807,0.0019518308,0.0031426973,0.0015479884,0.0019174682,0.0013308565
0.001919508,0.0025323299,0.003735018,0.009758519,0.5629365,0.39665958,0.016932301,0.005526256
0.0008716474,0.0021663113,0.9682533,0.021627458,0.0020713345,0.0014609087,0.0015070026,0.0020420258
0.0052282987,0.03221573,0.027221028,0.9252051,0.004606217,0.0018611803,0.0012366492,0.00242579
0.0036522048,0.0030491543,0.0052968194,0.009179812,0.03772314,0.7545745,0.17959186,0.006932607
0.001627488,0.010270264,0.6115721,0.36545748,0.0039228555,0.0015735,0.0016579705,0.003918434
0.9806287,0.009462352,0.0022004414,0.0013903796,0.0018569386,0.0011417781,0.0022281692,0.0010911138
0.0019414731,0.0024121513,0.003554076,0.025260562,0.07497432,0.8171741,0.06741421,0.007269167
0.00073659566,0.0034682173,0.9803767,0.010514917,0.0017611759,0.0011811494,0.0009290747,0.0010321275
0.0011536398,0.0012199688,0.0005958328,0.009189377,0.9629884,0.020857692,0.0020405916,0.0019546093
0.001039346,0.0020879137,0.0069279596,0.9766962,0.008682467,0.0019532626,0.00073734764,0.0018754362
0.002707289,0.0047455896,0.7892547,0.15390307,0.013569301,0.02197381,0.007103167,0.006743112
0.01340691,0.9124348,0.019646602,0.039871868,0.0063526803,0.0018296983,0.0024705485,0.0039869095
0.000851443,0.0057014404,0.97536486,0.012997778,0.0023062301,0.00087753456,0.00088359346,0.0010171131
0.0033352314,0.18045063,0.70593184,0.09732192,0.004674306,0.0019287621,0.0028965485,0.0034606846
0.0066225166,0.3003293,0.44724083,0.22899227,0.00531222,0.002593034,0.0044795065,0.004430362
0.002032944,0.0021230907,0.0031382765,0.0023006205,0.003401433,0.014734057,0.9590821,0.013187354
0.25311273,0.69772935,0.010296244,0.02251427,0.004481393,0.0046399026,0.0046381974,0.0025879312
0.00066423084,0.0022619683,0.98369724,0.007470538,0.0021352542,0.0012179558,0.001120777,0.0014320293
0.0021510704,0.003515802,0.003424279,0.039086014,0.67899376,0.2599691,0.0080095325,0.004850472
0.00070375885,0.006327913,0.98189294,0.006167345,0.0018339442,0.0009627191,0.00095064956,0.0011607128
0.001559189,0.0024051948,0.003818655,0.0067367665,0.2560511,0.6458304,0.07833074,0.0052679954
0.0012337966,0.0018015837,0.0018351906,0.011027511,0.8771351,0.09907232,0.005005523,0.002888945
0.0016236528,0.001488032,0.00056192937,0.016556498,0.9598267,0.016342327,0.0014872496,0.002113696
0.005747245,0.006934025,0.007820175,0.008746491,0.00768974,0.044384528,0.2508524,0.66782546
0.0022210649,0.0023527613,0.002993493,0.004018637,0.035824075,0.6656374,0.2781578,0.008794855
0.0011118782,0.0010569023,0.0005451823,0.0069785803,0.95766157,0.02866843,0.0019985787,0.0019788677
0.0011153768,0.0014203102,0.0013504873,0.004289538,0.017789865,0.95778054,0.014242227,0.0020116684
0.00079249777,0.005367698,0.9850861,0.0038094276,0.0022151705,0.0008983687,0.0010176202,0.0008130712
0.9722111,0.016854785,0.0027020236,0.0016265463,0.0018011052,0.0011657741,0.0024208347,0.0012177333
0.0012076873,0.009827835,0.97525954,0.0064195935,0.0036132638,0.0014692745,0.001115607,0.001087144
0.0014269686,0.0020720474,0.0018643938,0.005069151,0.22487645,0.6715932,0.08755237,0.0055454625
0.007436919,0.22535636,0.45097968,0.2885147,0.008945014,0.007314002,0.0054100784,0.0060432637
0.00078265154,0.0020949384,0.0044131153,0.98613745,0.003554477,0.0010249075,0.00052399863,0.0014683572
0.0022345153,0.013822189,0.02319755,0.9521071,0.0027749501,0.0019181207,0.0011378045,0.0028077425
0.0018531949,0.0024996598,0.0013324787,0.04627561,0.9256428,0.016800761,0.0020444456,0.0035510575
0.004362582,0.07126034,0.16984512,0.7342335,0.0066359104,0.0046347487,0.0044481577,0.004579717
0.0007133982,0.0016257948,0.003950188,0.9811122,0.007939054,0.0027501895,0.0006196687,0.0012895535
0.0009259333,0.0031677173,0.96431214,0.016909957,0.007706022,0.0033589592,0.0020165357,0.0016027006
0.0033239787,0.041225076,0.9323636,0.0103688715,0.0072490596,0.002009346,0.001754665,0.0017053358
0.9782618,0.009863323,0.0023639395,0.002384718,0.0025956754,0.0011378742,0.0021262304,0.001266475
0.0019664795,0.0017047905,0.0015123397,0.0028780114,0.051805384,0.7725525,0.14869328,0.018887294
0.0028981296,0.0029922083,0.0016981601,0.11610057,0.8497063,0.020583374,0.0022451892,0.0037761212
0.01363253,0.9405603,0.02539755,0.010664094,0.0042521995,0.0024925633,0.0014263735,0.0015742492
0.0032326723,0.0043077064,0.008037267,0.019400705,0.037312914,0.3755589,0.54295886,0.009191036
0.001625548,0.0034770896,0.5225834,0.45251057,0.0067521306,0.0049824114,0.0032851459,0.00478368
0.0014792085,0.007637767,0.16636637,0.81326145,0.0045580557,0.00153402,0.0013565038,0.0038065973
0.0031650902,0.08534795,0.3790805,0.4881083,0.017658617,0.015311486,0.0046092207,0.006718713
0.0034428097,0.0035278434,0.003106078,0.6737668,0.29417056,0.014015727,0.0033347989,0.0046354188
