0.5289254,0.10711592,0.07627212,0.06786967,0.058767766,0.041907568,0.038979415,0.03363592,0.04652621
0.85855645,0.04377652,0.014716027,0.017926564,0.017799892,0.009287941,0.010803241,0.010288852,0.016844569
0.8282461,0.047805622,0.015781619,0.02296639,0.022728061,0.01179079,0.01267266,0.012286254,0.02572245
0.073395126,0.12657654,0.11333011,0.1419854,0.15158533,0.11293629,0.10716321,0.10423206,0.06879591
0.50245655,0.13307458,0.056484167,0.062572464,0.05638777,0.04269801,0.050976783,0.049075954,0.04627369
0.5633266,0.10078456,0.054226886,0.0581496,0.052407667,0.035529546,0.040325604,0.03312137,0.06212821
0.5632055,0.11948818,0.05552569,0.06761829,0.053374514,0.031748783,0.033892322,0.032631177,0.042515572
0.5154187,0.15001772,0.080993675,0.054070503,0.04592646,0.0394497,0.03752157,0.035363354,0.041238252
0.07013113,0.11633884,0.12554096,0.13364351,0.13350105,0.14243564,0.12313982,0.07831071,0.076958336
0.6040358,0.100365825,0.04859229,0.060053494,0.051647518,0.030711107,0.033256315,0.029218886,0.042118818
0.51204675,0.13311668,0.0722064,0.055485208,0.053822473,0.038498998,0.05074467,0.039483506,0.044595394
0.79851246,0.053169888,0.019693514,0.026988354,0.032009818,0.017296204,0.014758135,0.01620224,0.021369327
0.10773872,0.15749672,0.15733106,0.12974922,0.10789822,0.095755845,0.089259416,0.07728207,0.07748874
0.10529108,0.17924096,0.14034685,0.1626257,0.08982101,0.10539574,0.07680317,0.07045051,0.070025004
0.8168672,0.05152752,0.016958065,0.021797998,0.025823416,0.01604173,0.017025162,0.013561594,0.020397365
0.5478732,0.11465247,0.0597086,0.059028793,0.054847766,0.04107437,0.045110144,0.03461439,0.043090202
0.60896003,0.097219005,0.051225673,0.055235866,0.051047184,0.031048952,0.034397155,0.029730648,0.041135594
0.8315623,0.047957722,0.017764436,0.020670872,0.020196145,0.012603231,0.017244507,0.012404239,0.019596625
0.61406565,0.09340267,0.0494092,0.05382461,0.051765326,0.031347957,0.034782253,0.029046068,0.04235622
0.8480951,0.042110097,0.019846829,0.01792755,0.025446922,0.009833202,0.010242992,0.010070033,0.016427293
0.08634976,0.14244585,0.15002303,0.13852239,0.107870966,0.12070177,0.09272692,0.07845699,0.08290231
0.8537406,0.04630217,0.0150650265,0.018611563,0.017432295,0.009779907,0.011044273,0.010474847,0.017549334
0.53886056,0.09501401,0.070323765,0.062998965,0.05598999,0.041634206,0.035733588,0.031951606,0.06749333
0.17100878,0.17251691,0.18465057,0.11804914,0.08840931,0.06829163,0.06625846,0.06549919,0.06531605
0.07417442,0.13928199,0.19207735,0.13463011,0.09970721,0.11610988,0.085128784,0.07517589,0.0837144
0.41663262,0.12683597,0.064158246,0.08148271,0.098957695,0.054391205,0.051054634,0.056117676,0.050369333
0.32621485,0.14211914,0.09237869,0.08886954,0.10574534,0.069600955,0.056324203,0.062782824,0.055964503
0.20080873,0.19517808,0.14299344,0.10360649,0.08566215,0.068829924,0.069127366,0.06743719,0.06635665
0.5745139,0.11283094,0.0655813,0.054319896,0.051475648,0.032129355,0.035142165,0.03274807,0.041258767
0.5552673,0.13692111,0.07663402,0.050998416,0.044280935,0.02995495,0.032802474,0.032782253,0.040358566
0.4408736,0.133189,0.068472326,0.07300236,0.08638982,0.054868113,0.04532368,0.0505866,0.04729457
0.83479065,0.05670032,0.022847954,0.018684464,0.016540797,0.009980651,0.011286915,0.011511994,0.017656326
0.85659456,0.04112662,0.012876162,0.022181306,0.019335289,0.009169585,0.011051679,0.010292749,0.017372034
0.54405665,0.09901688,0.066294886,0.06202871,0.053916924,0.04220717,0.036392923,0.031843558,0.0642424
0.5135663,0.12827174,0.05308919,0.08676114,0.053356238,0.04472556,0.03934309,0.033430673,0.047456056
0.15894283,0.18003732,0.15900962,0.11439707,0.09652384,0.07599725,0.07216088,0.0710163,0.071914926
0.19543715,0.17689171,0.13227221,0.112017386,0.09621251,0.07524955,0.07399665,0.06862238,0.06930043
0.12605043,0.16447933,0.16197659,0.13261113,0.103437155,0.08789965,0.07570983,0.07459701,0.07323889
0.58559304,0.097230345,0.062092155,0.055745877,0.05650795,0.03306306,0.03544325,0.031804975,0.0425194
0.5120184,0.13192636,0.08613487,0.06414066,0.051737737,0.03502097,0.039286274,0.035417072,0.044317644
0.85094374,0.04775913,0.014185378,0.018566849,0.018386232,0.009871496,0.01131519,0.011051851,0.01792013
0.58119005,0.10773548,0.0606117,0.055712223,0.05327448,0.032436788,0.03499822,0.031881243,0.042159908
0.85150754,0.04600867,0.014247765,0.019065944,0.019133817,0.009817321,0.011266643,0.010930169,0.018022181
0.42394596,0.12578616,0.1343202,0.06488481,0.08555763,0.040623173,0.03910953,0.039906867,0.045865726
0.5845113,0.09590913,0.055635106,0.05892979,0.057071183,0.038514674,0.03614862,0.030258102,0.04302213
0.8561308,0.043861948,0.014092725,0.020005304,0.017820641,0.009533861,0.010899927,0.010049833,0.017604979
0.5965341,0.11144249,0.050910465,0.05694569,0.049364343,0.030205734,0.033025727,0.030559804,0.04101172
0.59124494,0.1089428,0.053128023,0.051828034,0.049572833,0.03184341,0.040051177,0.031966448,0.04142231
0.12190467,0.1598369,0.15634647,0.13031358,0.10524772,0.09433953,0.07978372,0.07386818,0.07835928
0.5670339,0.12831886,0.05688145,0.05704374,0.049106136,0.032515686,0.03440432,0.03307869,0.0416173
0.17513621,0.17865959,0.116634905,0.11300112,0.09151125,0.07255314,0.092149615,0.0906603,0.06969384
0.54105365,0.111453354,0.07550857,0.053353127,0.07693016,0.034297932,0.03286741,0.032884795,0.041650992
0.5765783,0.11342554,0.05530747,0.05506793,0.05109263,0.033529397,0.040438686,0.032860395,0.041699644
0.8449077,0.042171743,0.013568377,0.021942269,0.018705001,0.010610928,0.011356629,0.011123555,0.025613695
0.52196085,0.111137144,0.05957914,0.08310034,0.058503296,0.045348007,0.04083258,0.033124764,0.04641389
0.08186355,0.113745004,0.18699305,0.12726583,0.16682732,0.10265382,0.07577459,0.0717009,0.07317585
0.7917228,0.05953071,0.022718688,0.024238767,0.026498696,0.020394998,0.01890735,0.014622852,0.021365102
0.4924294,0.14318928,0.07927643,0.060852543,0.052339002,0.049284652,0.041637268,0.03661776,0.044373646
0.55211985,0.1409682,0.07567073,0.054017868,0.04243035,0.030214373,0.032559372,0.031772953,0.04024625
0.85518944,0.044398844,0.01395564,0.019051578,0.018270483,0.009758959,0.011017311,0.010449784,0.017907964
0.8259198,0.046093527,0.01984194,0.021509666,0.019871905,0.013569079,0.012728476,0.012332909,0.028132694
0.5247959,0.11297852,0.095366865,0.064593785,0.05101653,0.038315482,0.03780289,0.03228241,0.042847704
0.489689,0.16683836,0.09275603,0.04920623,0.04445734,0.03406584,0.04232903,0.038446594,0.042211574
0.8157622,0.045956958,0.015402841,0.025644679,0.032307718,0.01437881,0.014012912,0.015251719,0.02128214
0.5711172,0.089110225,0.06860966,0.053453702,0.081877835,0.033133212,0.032204743,0.030447578,0.040045775
0.4959576,0.13641976,0.08912937,0.058824528,0.05339943,0.04255353,0.040044636,0.03670834,0.04696279
0.5029867,0.14331016,0.06828391,0.0528321,0.049836814,0.038926523,0.059655514,0.040603787,0.043564584
0.10869606,0.1682943,0.12555724,0.12703873,0.09984174,0.09884715,0.1041063,0.09750958,0.070108905
0.5518666,0.10999405,0.055869512,0.059942927,0.05243047,0.036136266,0.035160117,0.03334818,0.065251894
0.07312393,0.107007876,0.19465734,0.11369771,0.15487514,0.10615841,0.10877253,0.07417736,0.067529745
0.84678394,0.040592454,0.0146620665,0.01943908,0.018602798,0.01084886,0.0115017835,0.011484138,0.026084958
0.86150444,0.043138828,0.013152217,0.017463287,0.017274484,0.009249546,0.0108384015,0.010312421,0.017066395
0.6294922,0.086185746,0.04519999,0.057592303,0.051363096,0.029152399,0.032049358,0.027899005,0.041065868
0.19433363,0.18721639,0.12964225,0.12411801,0.09297498,0.07162045,0.068534575,0.06544034,0.06611945
0.11747807,0.16248687,0.17190458,0.12486284,0.100282125,0.09094497,0.08488671,0.07376737,0.07338648
0.09866444,0.15869167,0.2316522,0.12904552,0.08881549,0.08266096,0.069401294,0.07106272,0.070005655
0.5348855,0.13707373,0.06674212,0.056431063,0.05385618,0.034558937,0.036052182,0.035908084,0.04449226
0.17962484,0.15549384,0.12759209,0.12294258,0.09321998,0.07687987,0.0658339,0.06389687,0.11451605
0.1571752,0.16781722,0.14867446,0.117452934,0.103410795,0.0826448,0.07833178,0.07273766,0.07175515
0.12710878,0.17775777,0.1631785,0.13559833,0.0943442,0.085514836,0.07571849,0.07068834,0.07009085
0.59211683,0.11504282,0.053115748,0.05241716,0.049063496,0.031453613,0.034193102,0.03205058,0.040546544
0.57378674,0.11042815,0.07995816,0.05222034,0.047571946,0.030796986,0.034301594,0.031210082,0.039726
0.5104471,0.11692285,0.04839104,0.075035475,0.08160114,0.041630797,0.038183007,0.044005565,0.043783043
0.58286965,0.10877168,0.07434259,0.05172902,0.046750236,0.03091181,0.033886258,0.030161679,0.040577102
0.8447636,0.04095334,0.020039413,0.018471323,0.027055861,0.0102378195,0.010771151,0.010483867,0.017223658
0.5901731,0.08476127,0.049416613,0.059871934,0.054795578,0.034110215,0.03339715,0.030502692,0.06297144
0.107666485,0.16260378,0.16214342,0.1282321,0.10404529,0.09448498,0.08697897,0.07660296,0.07724205
0.8659109,0.04047065,0.012425034,0.017763322,0.016954072,0.008901337,0.010658552,0.009892588,0.017023517
0.07267931,0.1016557,0.107600674,0.15442793,0.16904308,0.122518755,0.09591134,0.10154212,0.07462117
0.56567717,0.13195075,0.055157393,0.060201775,0.047084574,0.03248246,0.033970904,0.031782243,0.041692782
0.829065,0.04476424,0.013883684,0.020896723,0.020263439,0.011981462,0.0148914745,0.015681887,0.028572088
0.087869026,0.13756308,0.16082172,0.12211165,0.104612544,0.10576586,0.12780881,0.07878156,0.07466577
0.15873721,0.18225941,0.13266931,0.11357448,0.08873949,0.07433766,0.09271495,0.09148521,0.06548228
0.55174047,0.14079666,0.061689533,0.054198097,0.047082413,0.033100545,0.035646405,0.034245998,0.041499905
0.57601583,0.1248189,0.05224829,0.05972704,0.048590027,0.031433083,0.033493225,0.031339888,0.042333722
0.17979021,0.18067676,0.14645344,0.11342388,0.09452364,0.07662684,0.07157123,0.066834226,0.07009965
0.83706784,0.05470197,0.015840411,0.01923181,0.01823241,0.010817467,0.013539912,0.012074233,0.018493952
0.8437356,0.05024918,0.014884312,0.020136647,0.018386373,0.010543657,0.011849059,0.011172697,0.01904244
0.8402291,0.047585312,0.016881807,0.023925222,0.018819163,0.011335356,0.012174383,0.010911022,0.018138643
0.590729,0.11361569,0.05305594,0.057546876,0.04894173,0.031092454,0.033875626,0.030443339,0.040699344
0.5955003,0.103924744,0.053215425,0.052388277,0.049937446,0.032469507,0.040600616,0.031848874,0.040114842
0.85689604,0.041500192,0.013333927,0.021940308,0.018505923,0.009223066,0.011162025,0.010222259,0.017216185
0.55461466,0.121085845,0.076651365,0.05918324,0.04794471,0.031480797,0.035060544,0.031871203,0.04210755
0.8447685,0.048033834,0.017715486,0.019396568,0.01759383,0.011783958,0.012063291,0.0108929295,0.017751593
0.45936647,0.14200965,0.06690756,0.08800477,0.05847211,0.051679123,0.044473037,0.038336106,0.05075115
0.18712352,0.1729904,0.14572248,0.11247009,0.09812806,0.07496596,0.07134459,0.068928026,0.06832689
0.09504094,0.17372651,0.16667676,0.118171215,0.09717004,0.09579799,0.100253984,0.07977698,0.07338567
0.47902897,0.1269337,0.08219488,0.077490196,0.061730787,0.03751939,0.037073687,0.036625024,0.061403397
0.55699074,0.13374397,0.056819115,0.05544596,0.047482546,0.03314397,0.040677115,0.03399737,0.041699316
0.17366649,0.17233723,0.118215814,0.11352031,0.093778126,0.07527283,0.0942268,0.0911004,0.06788196
0.55894524,0.13163367,0.058532182,0.0515548,0.047908947,0.033826154,0.041333213,0.034963973,0.04130191
0.15296635,0.18348685,0.120204896,0.116194464,0.09398381,0.07626049,0.09520481,0.09328593,0.06841239
0.8138716,0.04823844,0.016626667,0.025191138,0.03241642,0.013791926,0.013339125,0.015697833,0.020826872
0.5995591,0.11252592,0.048129622,0.06213035,0.04640832,0.029782813,0.03199944,0.028768366,0.040695984
0.86129653,0.04220322,0.013315141,0.017593158,0.017506741,0.00953281,0.011076862,0.0103537,0.017121822
0.5034686,0.1086879,0.086269654,0.061065536,0.0572046,0.045774486,0.055400874,0.037399765,0.044728696
0.5488922,0.080183774,0.069656,0.059524573,0.08332044,0.035914425,0.03137872,0.030409105,0.06072078
0.09339481,0.1410091,0.16263269,0.13938212,0.0960596,0.098521,0.07043946,0.068850376,0.12971085
0.14911546,0.16722852,0.14126356,0.1313921,0.10224463,0.0792943,0.065080844,0.06524496,0.09913555
0.4603676,0.12174791,0.056970004,0.07541322,0.09158382,0.049198825,0.045824405,0.050756942,0.048137233
0.61684334,0.09580858,0.04713083,0.05845195,0.05018246,0.029490544,0.032737676,0.02812191,0.041232765
0.8227155,0.049341902,0.016720919,0.027998993,0.021337386,0.013996309,0.0139268655,0.012110793,0.02185135
0.12379692,0.16178784,0.20417936,0.13121127,0.08958821,0.08004379,0.07072259,0.06887039,0.06979954
0.5983687,0.10417171,0.056937825,0.053612962,0.05060232,0.030876389,0.034478016,0.030787244,0.040164836
0.07052143,0.13611072,0.12421439,0.19063248,0.103125066,0.13155946,0.08674155,0.07649486,0.0806
0.83405966,0.045466524,0.016089134,0.021998605,0.022305164,0.011338311,0.012217678,0.011929466,0.024595425
0.19285007,0.17658073,0.13327026,0.12493317,0.09509234,0.07476215,0.06940685,0.0663041,0.06680033
0.07773879,0.10868812,0.19916405,0.12327553,0.16537437,0.104556724,0.076384656,0.071906045,0.07291173
0.5340096,0.14134547,0.06847393,0.05582177,0.05159168,0.03458364,0.03555234,0.03564664,0.042975035
0.586222,0.08493597,0.06589487,0.052013874,0.07903415,0.031725865,0.031294025,0.029073015,0.03980631
0.112281084,0.17576611,0.15552546,0.14054276,0.09882125,0.09048009,0.07835753,0.07464006,0.07358569
0.80710787,0.047713146,0.016521811,0.03024955,0.022643613,0.015947398,0.0144332405,0.01343483,0.031948544
0.5255411,0.119208165,0.056137107,0.066431485,0.062378474,0.03646322,0.036659062,0.035777446,0.061403994
0.6232907,0.09025672,0.047443286,0.05344978,0.051585156,0.029726718,0.033625677,0.029057803,0.0415641
0.81528914,0.049856223,0.017100679,0.02270359,0.027534386,0.016200203,0.016987875,0.013610907,0.02071694
0.45887667,0.14053734,0.09418858,0.05962211,0.054621033,0.046989482,0.05638599,0.041679725,0.04709895
0.83316576,0.049463164,0.017627966,0.019686682,0.01980108,0.012021386,0.016747504,0.012630646,0.018855827
0.8440267,0.051847585,0.020856334,0.018318057,0.015917614,0.00965041,0.011088274,0.010799054,0.017495977
0.5135077,0.096999586,0.05848702,0.073267825,0.07328211,0.046304565,0.039290763,0.035021737,0.06383872
0.5063403,0.14056925,0.088930726,0.05603269,0.050497256,0.039728466,0.038244672,0.03551826,0.044138435
0.5823834,0.11251417,0.059563812,0.051827986,0.049128175,0.03211124,0.040414356,0.032533612,0.03952333
0.579922,0.10527626,0.05912208,0.056033466,0.056001063,0.032551624,0.035355292,0.03253952,0.043198623
0.14231125,0.16173531,0.16289608,0.119776055,0.10194313,0.087080896,0.07694897,0.07220921,0.0750991
0.51918995,0.11190746,0.052709173,0.08433684,0.06524825,0.03624599,0.035747558,0.03501006,0.059604734
0.060321502,0.12830731,0.17519842,0.19499478,0.09020657,0.12207832,0.080464944,0.07318149,0.07524666
0.55881065,0.108497165,0.05502517,0.05920654,0.05295779,0.0341677,0.034464166,0.033665538,0.06320534
0.52933127,0.11082958,0.061711628,0.069981866,0.06263836,0.03931957,0.041773487,0.036073573,0.0483407
0.3944766,0.14320093,0.074784495,0.07395371,0.08291438,0.067000784,0.06548087,0.0467931,0.051395133
0.84445053,0.042306922,0.018979827,0.018833086,0.026709758,0.01020235,0.01057878,0.010384082,0.0175547
0.8353596,0.042656064,0.020539379,0.020056685,0.02880256,0.0120981475,0.011599888,0.011076472,0.017811237
0.6058015,0.09822146,0.05400805,0.054087434,0.05188072,0.03122537,0.034187093,0.029556109,0.0410322
0.8450319,0.047829956,0.017845739,0.022619907,0.017366685,0.00928359,0.0114504555,0.010341108,0.018230697
0.60602313,0.09579567,0.055680145,0.054268762,0.05187418,0.031851072,0.03475835,0.029270882,0.040477883
0.60241395,0.093284994,0.045270547,0.067898415,0.05501103,0.030644462,0.03426312,0.029526351,0.041687176
0.5845862,0.10333987,0.049096007,0.06653926,0.05219641,0.031574167,0.03996217,0.031450313,0.04125562
0.5014282,0.120487384,0.077782445,0.06350351,0.05272381,0.042792168,0.036924016,0.035219606,0.069138914
0.5194627,0.11971523,0.058322616,0.06884211,0.062429946,0.03801078,0.03597344,0.03517264,0.06207055
0.17786154,0.19369945,0.19281049,0.097424775,0.08243807,0.064445056,0.06323842,0.06378466,0.06429754
0.5725213,0.09700233,0.05652612,0.057324618,0.055377822,0.03581307,0.049631048,0.033781484,0.04202219
0.8317574,0.055675637,0.019802472,0.020157902,0.0178547,0.012413452,0.01246495,0.011604703,0.018268771
0.16224381,0.1815218,0.16801132,0.1081107,0.08704933,0.084350325,0.073065564,0.06626706,0.069380045
0.5248283,0.1401899,0.058416434,0.055549394,0.049961757,0.034978062,0.045891546,0.046491764,0.043692887
0.5674301,0.08765618,0.05000974,0.06942292,0.0665166,0.034851145,0.033669487,0.031245979,0.05919793
0.5204412,0.13881168,0.05573774,0.05795984,0.052740455,0.03605302,0.046532672,0.04698486,0.044738583
0.5664382,0.10571869,0.055643737,0.05853474,0.05065469,0.034403343,0.03353415,0.032236185,0.06283628
0.611718,0.08757487,0.046138357,0.067474924,0.05419802,0.029922659,0.033591263,0.0288163,0.04056559
0.55357707,0.14002062,0.07807905,0.048087202,0.04359059,0.030182501,0.033002064,0.03385069,0.039610248
0.5785794,0.100315414,0.06980284,0.059728317,0.051916745,0.030911643,0.03524653,0.031307746,0.042191364
0.85015905,0.04983101,0.015478671,0.018123507,0.016969616,0.009642953,0.011482216,0.011083586,0.01722939
0.53478193,0.11567997,0.055559013,0.065167785,0.060848586,0.035841893,0.035915174,0.035218865,0.060986795
0.16024458,0.16398528,0.14193638,0.12221288,0.1023128,0.09453585,0.07450556,0.06802227,0.07224438
0.5505641,0.09508343,0.053326923,0.06618134,0.0673765,0.03663055,0.03664146,0.033570334,0.060625426
0.56897306,0.13350645,0.06026546,0.05143751,0.046000063,0.031471387,0.034166403,0.03391211,0.04026757
0.10038561,0.16503468,0.13831952,0.12496443,0.09902368,0.09214217,0.105496556,0.102997616,0.07163574
0.100269705,0.16886657,0.22742154,0.112490974,0.08912169,0.083943315,0.0753885,0.071456894,0.07104083
0.5230345,0.09271935,0.10454873,0.060628194,0.079878725,0.032803036,0.033389367,0.032000195,0.040997952
0.12985834,0.14307715,0.1332025,0.1391896,0.11462558,0.09060835,0.070522636,0.06932213,0.10959372
0.5493749,0.0906611,0.057286683,0.06657889,0.068600625,0.037157375,0.036587186,0.03330254,0.060450718
0.6255263,0.08677001,0.046966396,0.056628983,0.053347725,0.029341854,0.03233429,0.028300056,0.04078437
0.8290391,0.0426192,0.014203611,0.02766685,0.024701262,0.011208793,0.012534859,0.012204263,0.025822083
0.57695866,0.12040789,0.05468154,0.055036847,0.050227415,0.032742918,0.03522891,0.032563798,0.042152025
0.8455702,0.051016018,0.0148013905,0.019301677,0.018041983,0.010323512,0.011748651,0.011103331,0.018093225
0.07903669,0.14629623,0.19761698,0.12846822,0.0980492,0.109402604,0.08487485,0.07568113,0.08057405
0.09665759,0.1577485,0.18484376,0.10985058,0.09160832,0.10555589,0.11395902,0.072453275,0.06732307
0.8352019,0.052002266,0.019993013,0.019915204,0.018488362,0.011981413,0.012270651,0.011426814,0.018720388
0.547237,0.10259984,0.06667536,0.06597924,0.08036923,0.033162884,0.032021493,0.03188857,0.040066406
0.56846595,0.096150294,0.04401774,0.07098204,0.057131775,0.0325881,0.044585243,0.041578177,0.04450068
0.35173315,0.17811802,0.16225496,0.062344383,0.054161236,0.048667192,0.046176977,0.044873286,0.051670764
0.14771833,0.18677619,0.15878522,0.1162556,0.09358056,0.078887306,0.07760385,0.07037974,0.0700132
0.056508508,0.08744618,0.15021423,0.12121532,0.19969177,0.14276975,0.103729926,0.070636466,0.06778783
0.56519985,0.1275103,0.057662778,0.056490853,0.049563598,0.03324027,0.034989614,0.033254694,0.042088073
0.5458383,0.124259196,0.07522079,0.059995852,0.05047002,0.031661276,0.03621332,0.03345337,0.042887915
0.54678804,0.12420666,0.059777364,0.05940452,0.05475863,0.039443523,0.037842408,0.034599964,0.043178886
0.51301056,0.11158464,0.055225052,0.087073356,0.06194681,0.047369145,0.04038302,0.034242216,0.049165223
0.14846852,0.14645925,0.12164049,0.14891955,0.113465525,0.0856711,0.0651752,0.06743714,0.102763206
0.86402196,0.0403605,0.012831753,0.018563364,0.017906291,0.008876146,0.010412915,0.0099276425,0.017099362
0.8105935,0.05351981,0.01755072,0.021694835,0.021934511,0.013912896,0.022493681,0.017353363,0.020946775
0.83335245,0.054940857,0.021847187,0.01975272,0.017077599,0.010602575,0.0121722855,0.011555806,0.018698446
0.5301341,0.11193963,0.07833905,0.06273669,0.05760754,0.04180478,0.038179412,0.033350553,0.045908187
0.10864225,0.18940276,0.15455079,0.11810565,0.09582112,0.089564435,0.0951184,0.07679551,0.07199912
0.55928457,0.09899363,0.059924573,0.056972682,0.05579616,0.038471024,0.052295633,0.03439785,0.043863982
0.20047072,0.17609425,0.13035722,0.11731291,0.095712796,0.07151854,0.07145853,0.068155654,0.068919376
0.55884665,0.10334427,0.07068827,0.05609335,0.07585915,0.033009913,0.031156508,0.030725269,0.040276624
0.8301195,0.043785397,0.016031155,0.022516925,0.023976622,0.011848339,0.012826628,0.012497744,0.026397705
0.57848376,0.120932385,0.054745458,0.055522695,0.05051294,0.03200498,0.034097865,0.032001793,0.041698117
0.13522616,0.16805412,0.19955678,0.12382238,0.08773548,0.07769137,0.07050965,0.068362035,0.069042005
0.8482778,0.04427527,0.014662096,0.020282047,0.019232776,0.011508122,0.012257689,0.011036913,0.018467281
0.109363854,0.15902565,0.15332302,0.13642167,0.106151775,0.09672811,0.082368195,0.07726691,0.07935085
0.56325746,0.118251786,0.061536588,0.055417933,0.052688204,0.03465872,0.036835015,0.033281658,0.044072613
0.4893644,0.13874929,0.08146681,0.056449983,0.050847437,0.045626566,0.05441562,0.039377034,0.043702886
0.5617966,0.10773095,0.04869285,0.057250097,0.056588028,0.033814963,0.04572276,0.043779884,0.044623807
0.49967834,0.10796025,0.06289332,0.0636834,0.078080215,0.053316467,0.051264793,0.038104627,0.04501853
0.8437136,0.046419106,0.018905083,0.021158332,0.018241836,0.009870174,0.011990409,0.010825776,0.018875744
0.11343156,0.1576687,0.12382671,0.13025603,0.090759546,0.09054518,0.0880991,0.088223375,0.11718987
0.6096827,0.093346275,0.049826022,0.056865536,0.053431246,0.031474397,0.0334836,0.029742455,0.04214774
0.49748388,0.1000449,0.05493499,0.08981598,0.061294865,0.049045607,0.03858928,0.0341527,0.07463772
0.54099864,0.1365036,0.06413032,0.052342255,0.049418066,0.034861483,0.042428866,0.03649676,0.042820066
0.5324078,0.12561266,0.069010064,0.058950827,0.055676218,0.03748351,0.0397894,0.03609315,0.04497639
0.12211571,0.16916758,0.23417188,0.11650545,0.078937046,0.083273955,0.067369334,0.06376981,0.06468931
0.6018798,0.099442326,0.05286681,0.054421853,0.053682093,0.031529885,0.03450727,0.030553155,0.04111683
0.19600233,0.16264884,0.11877927,0.14521939,0.09878313,0.0766052,0.06978505,0.06618636,0.06599044
0.5348992,0.10934555,0.067491755,0.064302705,0.05403255,0.033516034,0.046972495,0.043697998,0.04574176
0.52465165,0.14140485,0.07239873,0.056053214,0.049900305,0.039573483,0.037571885,0.035128202,0.043317698
0.5513726,0.12533884,0.056410853,0.06497689,0.051536486,0.038540553,0.036292076,0.03264716,0.042884625
0.8433645,0.045985334,0.0133379325,0.019423787,0.019386029,0.010696771,0.014621078,0.014138014,0.01904665
0.43945077,0.13692273,0.055077843,0.066849895,0.073410034,0.056225825,0.068451986,0.0559908,0.047620103
0.069485925,0.11204832,0.104515426,0.15564214,0.16550484,0.12097437,0.0939739,0.103428066,0.07442706
0.5755402,0.11911434,0.056197904,0.05998875,0.049461786,0.032494687,0.03391035,0.0312637,0.042028334
0.065705575,0.1274066,0.1310653,0.18801501,0.10250765,0.13598251,0.0897893,0.078032844,0.08149525
0.5567764,0.106301844,0.06163514,0.062185086,0.05907047,0.03649732,0.03868452,0.03380775,0.045041453
0.46183428,0.15315108,0.063874595,0.085408054,0.05526581,0.049862474,0.043322425,0.03823711,0.049044207
0.54264414,0.12544744,0.059304163,0.059642557,0.0501564,0.036435608,0.048372503,0.03518073,0.042816456
0.54962224,0.09423953,0.054358725,0.06794569,0.068023,0.037085738,0.035028376,0.032840528,0.0608562
0.85730433,0.04056003,0.012582823,0.02243893,0.018792076,0.009100353,0.011235035,0.010207106,0.017779334
0.8439521,0.04659128,0.018100392,0.020457117,0.01854916,0.011094313,0.011705599,0.01076258,0.01878746
0.8423023,0.053215757,0.015959162,0.019211462,0.01757297,0.010148413,0.012121047,0.011485602,0.017983297
0.537791,0.14414012,0.060484212,0.052225437,0.04977048,0.034042764,0.04191101,0.036820997,0.042814013
0.43545145,0.14818032,0.08215676,0.07261024,0.06514616,0.04848289,0.050167277,0.04439382,0.05341109
0.39073217,0.16000469,0.08215204,0.09685521,0.06282008,0.058927815,0.051409263,0.043950737,0.05314801
0.85623085,0.04214927,0.014797122,0.018383985,0.018992713,0.009703865,0.011259286,0.010577972,0.01790487
0.12879115,0.18395114,0.21440245,0.108150974,0.08456387,0.07446268,0.06814655,0.06780254,0.06972862
0.5107818,0.10203859,0.07856483,0.06077199,0.079312354,0.03763517,0.032721188,0.033768386,0.06440576
0.86286247,0.041908007,0.013606064,0.017490542,0.017128,0.009202908,0.010807738,0.010132158,0.016862191
0.31456977,0.15057947,0.07017311,0.10885184,0.087763675,0.09248257,0.07277945,0.048434097,0.054366022
0.052459642,0.09270757,0.0847015,0.20672171,0.15783536,0.1533677,0.08696393,0.09474223,0.070500374
0.84713125,0.049955532,0.014802788,0.018287435,0.017287938,0.010199237,0.013120875,0.011381353,0.017833548
0.17012781,0.18016183,0.1552072,0.11380423,0.092309475,0.077441,0.074312955,0.06855437,0.068081126
0.57741266,0.12029589,0.057943977,0.055295903,0.049321957,0.032648887,0.033869628,0.03125296,0.041958127
0.8255507,0.052307222,0.018108923,0.020899216,0.020281693,0.012650882,0.017599184,0.012902268,0.019699914
0.8561642,0.04520382,0.013228674,0.020389406,0.01729454,0.009472008,0.010674638,0.0099212695,0.01765142
0.5499818,0.1266702,0.05903443,0.057716858,0.05278791,0.038985934,0.037509844,0.03475831,0.04255481
0.4167666,0.10540024,0.0640924,0.08562311,0.1102148,0.05853393,0.05232518,0.055121403,0.05192234
0.12302704,0.13446848,0.18552186,0.11283157,0.15574212,0.08416538,0.06885932,0.06962218,0.06576201
0.57535285,0.09596691,0.05952302,0.054821696,0.054730225,0.035898674,0.048875604,0.03295881,0.04187219
0.61685705,0.09350324,0.0558118,0.052155156,0.05071092,0.030319862,0.03308365,0.0283048,0.039253537
0.56735665,0.08469386,0.0697849,0.058463987,0.08400338,0.03330555,0.031691816,0.029888798,0.04081106
0.5757401,0.09934651,0.07247044,0.061186735,0.05187641,0.030693254,0.035574276,0.030808851,0.04230349
0.5762646,0.09517907,0.05616343,0.056110427,0.05470078,0.035548504,0.049500562,0.03372872,0.042803872
0.6059429,0.090982325,0.04353697,0.07404007,0.053267803,0.029736202,0.032334663,0.028415205,0.041743897
0.5126629,0.11104876,0.10217464,0.06612591,0.053576726,0.038466055,0.037618708,0.033288427,0.04503792
0.4077042,0.13562307,0.06134959,0.08259887,0.099488236,0.053941846,0.050379544,0.057627648,0.05128699
0.8505311,0.04719299,0.014629458,0.019050738,0.018773673,0.009990873,0.011263044,0.0108903125,0.017677812
0.57871747,0.113465354,0.04704021,0.07369239,0.050634786,0.030337738,0.033199575,0.030462164,0.042450346
0.60250163,0.10318423,0.05200416,0.05298667,0.05215714,0.030991448,0.03451663,0.0310406,0.040617503
0.85903794,0.04489126,0.013944519,0.019359656,0.016647363,0.009076676,0.01046478,0.009808996,0.016768897
0.34007877,0.11606987,0.08955911,0.09258192,0.11534598,0.072467916,0.057344873,0.061157003,0.055394616
0.5427147,0.117412046,0.05561989,0.06118555,0.052223943,0.035764113,0.0359507,0.034915138,0.06421394
0.5437007,0.0898064,0.049659934,0.08325155,0.06996773,0.03605072,0.03463651,0.03318377,0.059742745
0.8266072,0.051857058,0.018380247,0.02225754,0.019580403,0.010778081,0.01537322,0.015075717,0.020090502
0.83179826,0.054948956,0.018891929,0.020303102,0.018743817,0.012303672,0.0123679405,0.01177669,0.018865604
0.06690787,0.13350022,0.1360527,0.18557963,0.09902735,0.13145718,0.09101888,0.077125154,0.07933103
0.11862091,0.156003,0.1583581,0.11566562,0.10272255,0.09304196,0.110793464,0.07514662,0.06964781
0.13556159,0.15108562,0.12900887,0.13795032,0.11212724,0.08659061,0.06867878,0.06945803,0.10953897
0.55274534,0.12765239,0.06637199,0.058242224,0.047607772,0.037479565,0.035533316,0.032362394,0.042005073
0.12161448,0.17762437,0.17048843,0.12084932,0.09553735,0.08569115,0.08188442,0.074444264,0.07186618
0.58116,0.1040701,0.05881182,0.057455294,0.056021307,0.032986727,0.03439195,0.031940885,0.043161824
0.56267536,0.12942663,0.05992599,0.05508056,0.049780518,0.033033904,0.03541181,0.033323202,0.041342027
0.1334087,0.18898214,0.1974911,0.11153241,0.08183076,0.072077096,0.07992854,0.07072084,0.06402841
0.38311914,0.14848867,0.14964041,0.057916515,0.08507913,0.043139435,0.040862773,0.044077232,0.047676764
0.0688209,0.12216877,0.12414194,0.13165736,0.12971509,0.14232707,0.12363786,0.08020047,0.07733054
0.82351565,0.04493867,0.022740223,0.020023085,0.029383829,0.012384619,0.01588016,0.012287988,0.018845791
0.85491467,0.04530374,0.013352609,0.019504333,0.017897282,0.00950089,0.011058792,0.010498354,0.01796931
0.558909,0.105988614,0.072704,0.057119224,0.053947274,0.039321646,0.037502535,0.032307085,0.042200614
0.42507437,0.11292974,0.071792625,0.07986942,0.09999631,0.06086619,0.049006287,0.052043155,0.04842192
0.49273232,0.12835215,0.057231065,0.06238721,0.071339816,0.05205257,0.051131908,0.039796613,0.04497641
0.59621334,0.108435586,0.05600274,0.052599248,0.049612533,0.030745579,0.03450602,0.031826,0.040058985
0.8340723,0.04933453,0.016665522,0.021842208,0.019499224,0.011717782,0.016177103,0.011830755,0.018860554
0.8654571,0.040765125,0.01247421,0.017831542,0.017225975,0.008809808,0.010480555,0.009909327,0.017046293
0.15953042,0.17809361,0.14217196,0.118608125,0.09821907,0.08202767,0.07813165,0.07156461,0.07165287
0.46525472,0.0932177,0.07484908,0.063382395,0.11818906,0.055539522,0.04883768,0.037436962,0.043292914
0.5995926,0.104853034,0.054767463,0.055322804,0.050068356,0.03031674,0.034086164,0.03074744,0.040245436
0.19882436,0.16280553,0.11816171,0.14419244,0.10299969,0.07289982,0.06837258,0.06794533,0.0637985
0.83857304,0.04956253,0.01543919,0.020981355,0.01961012,0.01215841,0.01277174,0.011730686,0.019172972
0.835608,0.04742596,0.017935986,0.019956684,0.01970132,0.011827832,0.016381336,0.012162391,0.019000404
0.53505224,0.10749203,0.051844027,0.06261092,0.059894167,0.0418338,0.05005191,0.04543762,0.045783326
0.8630987,0.04048556,0.013671984,0.017833093,0.017519757,0.009357079,0.010749408,0.010023101,0.017261388
0.57516557,0.10087228,0.05265665,0.06652191,0.056367498,0.03826883,0.036031816,0.030695714,0.043419663
0.17717946,0.14990857,0.12935904,0.12735689,0.093515426,0.079158895,0.06329666,0.06243865,0.11778641
0.569307,0.09094428,0.0710534,0.05328263,0.080055036,0.033197377,0.03211201,0.030424394,0.03962381
0.83918417,0.05214903,0.015119072,0.020271892,0.01941517,0.010660264,0.012161365,0.01176898,0.01926997
0.55437845,0.107719086,0.055025652,0.061793577,0.05250246,0.03514807,0.03488982,0.03400036,0.0645426
0.46301624,0.15646553,0.09258427,0.061644796,0.05351802,0.044516757,0.041441306,0.039223295,0.047589757
0.1783199,0.17233133,0.13681623,0.10130776,0.09580176,0.076557174,0.10152089,0.07222938,0.06511558
0.57172453,0.10548168,0.058279064,0.0583265,0.056854453,0.034160547,0.037966743,0.033401087,0.043805424
0.8252752,0.05439251,0.025038127,0.022268558,0.018007375,0.011786511,0.012676474,0.011613515,0.018941706
0.57866204,0.10025653,0.05405951,0.058536753,0.05755195,0.038653422,0.037352357,0.032268483,0.04265894
0.56984,0.10901162,0.071559496,0.054788772,0.05053597,0.037148576,0.036300983,0.0309627,0.03985192
0.530142,0.11279458,0.072724774,0.06231464,0.056833483,0.04808145,0.040384192,0.03351394,0.043210912
0.84891164,0.045669306,0.017721413,0.020943126,0.01772778,0.0090869,0.011303358,0.010507947,0.0181285
0.83658123,0.050350677,0.021262445,0.021209298,0.01869419,0.009895275,0.01178335,0.011462279,0.018761197
0.59890985,0.103945896,0.050834306,0.060314376,0.050404873,0.030831384,0.033767026,0.029422583,0.041569725
0.5176474,0.13060477,0.081463896,0.06530811,0.051968154,0.034589253,0.038056973,0.03520633,0.04515518
0.16557989,0.18679221,0.16111965,0.11232382,0.0900273,0.076239824,0.07132146,0.0677196,0.06887628
0.19693322,0.17981061,0.132132,0.11196662,0.09803096,0.07207694,0.07192303,0.06952362,0.06760308
0.1869766,0.181998,0.13536339,0.110139064,0.09684925,0.07355794,0.073952705,0.07135225,0.06981085
0.5512972,0.10371031,0.06555957,0.056242935,0.05642132,0.03707034,0.050259378,0.036075715,0.04336316
0.54205394,0.11449587,0.07168258,0.060581874,0.05515123,0.041261885,0.038003087,0.033086006,0.043683548
0.5928676,0.08539492,0.050460912,0.057970308,0.054769028,0.033673994,0.03279624,0.029929873,0.06213713
0.555082,0.0899929,0.07316435,0.056572028,0.085232235,0.034698434,0.032590803,0.031396627,0.041270647
0.60848165,0.09306953,0.0528658,0.05323787,0.054061964,0.031437874,0.03489193,0.030753765,0.04119967
0.8578363,0.043776736,0.014470418,0.0187899,0.01790052,0.009116187,0.010489301,0.010230504,0.017390052
0.544513,0.1216779,0.059710827,0.05628235,0.052132923,0.036699813,0.04917963,0.0367625,0.043041006
0.1961679,0.18028401,0.12747106,0.11826359,0.09741392,0.07192294,0.072172716,0.06895394,0.06734991
0.611121,0.09369067,0.049806695,0.055344164,0.05437255,0.03118114,0.03315131,0.029814731,0.04151769
0.094102815,0.1621004,0.18198615,0.12654428,0.09704152,0.10661239,0.08220029,0.073413275,0.07599886
0.5345004,0.1269907,0.077202864,0.061075807,0.050706554,0.033457562,0.037491817,0.034013186,0.044561148
0.5399297,0.112818584,0.06335338,0.05401899,0.051986378,0.038374644,0.059180878,0.03776775,0.042569645
0.071050555,0.09810789,0.105679065,0.15592323,0.17487392,0.12394821,0.09293938,0.10120358,0.07627421
0.6180561,0.092205614,0.0488762,0.05291628,0.053007804,0.030153261,0.03379475,0.02963863,0.0413513
0.5933249,0.108226754,0.054907646,0.05885629,0.04884669,0.03088382,0.033951297,0.030020207,0.040982388
0.1078179,0.17364512,0.12856956,0.12766677,0.099178754,0.08912833,0.101513736,0.10046355,0.07201633
0.44524252,0.101852775,0.061693095,0.0808832,0.104876295,0.05347327,0.049196556,0.053141665,0.049640678
0.0727624,0.12989268,0.1254416,0.18486905,0.1043624,0.13147631,0.0920745,0.07824542,0.08087568
0.21219398,0.17058197,0.12821122,0.1071251,0.097538486,0.07279798,0.07310606,0.07006978,0.06837548
0.53581566,0.11672836,0.06340505,0.060577765,0.053643722,0.035633,0.03457515,0.03497973,0.06464161
0.8664201,0.039881174,0.012974728,0.018155921,0.017106066,0.00871633,0.010122891,0.009596534,0.017026242
0.0736228,0.098692395,0.1755991,0.13198037,0.15112369,0.10972721,0.068608105,0.06617439,0.12447193
0.8330865,0.04792079,0.0154044,0.020175442,0.01867258,0.011590951,0.013880232,0.01266592,0.026603147
0.5152855,0.13752232,0.07974903,0.06341061,0.050992362,0.03413111,0.038407747,0.03583465,0.044666603
0.42204767,0.14936645,0.07802642,0.065479845,0.07118806,0.06615133,0.058175143,0.042652924,0.04691216
0.8317861,0.05178919,0.013964011,0.020444585,0.020597164,0.011142986,0.015022416,0.015363767,0.019889792
0.6114903,0.08971211,0.044537507,0.065642715,0.054416142,0.029968398,0.03341669,0.0298144,0.041001797
0.84727335,0.05079663,0.019110523,0.018102797,0.01642837,0.009318238,0.01096243,0.010723263,0.017284391
0.5371689,0.122375704,0.062086713,0.054395616,0.052617293,0.038497444,0.051467493,0.037036546,0.04435431
0.09314891,0.108531445,0.16922143,0.15700205,0.1688459,0.09492848,0.07095891,0.07120948,0.0661534
0.8173003,0.048718665,0.020423202,0.02658788,0.023075411,0.011417541,0.013102437,0.012666944,0.026707549
0.584922,0.109045096,0.047335114,0.06862377,0.05231548,0.030565424,0.033760495,0.031195154,0.042237494
0.5782722,0.12456412,0.05694249,0.05763749,0.046773694,0.031031184,0.03307741,0.030835941,0.04086547
0.84313715,0.051151983,0.016779622,0.0192612,0.018560246,0.010231224,0.0114262635,0.01136135,0.018090906
0.49158356,0.116618864,0.058169436,0.06146576,0.071763866,0.0545375,0.06215219,0.040153284,0.043555617
0.56827766,0.09243555,0.0572268,0.060315154,0.057148226,0.034913376,0.03377846,0.0320846,0.06382018
0.16103153,0.15562914,0.13159359,0.12790038,0.09599843,0.08094637,0.06570859,0.06530673,0.11588528
0.859387,0.041287962,0.014037022,0.018278744,0.018114986,0.009523316,0.01114139,0.0103404885,0.017889062
0.09688059,0.11638814,0.18260792,0.13172089,0.16630308,0.09575929,0.07143849,0.0701241,0.068777554
0.46126404,0.09061592,0.049275864,0.08318277,0.11362826,0.050171535,0.04038228,0.04839972,0.06307964
0.5171011,0.13646491,0.07970526,0.056379672,0.050544705,0.04132696,0.038616024,0.03574391,0.044117447
0.5331253,0.13141212,0.052362602,0.058757886,0.05334027,0.035148278,0.045180213,0.045600068,0.04507332
0.15400961,0.16654658,0.17818037,0.11087999,0.09209468,0.087034635,0.0723057,0.06803984,0.07090861
0.59355,0.10736477,0.052266292,0.05504303,0.051884294,0.0319228,0.03546981,0.03099616,0.041502796
0.8278078,0.04705997,0.0149304755,0.02289531,0.0238683,0.011686998,0.0126526,0.0125950305,0.026503583
0.8015682,0.051957943,0.016214505,0.027316822,0.033918332,0.01512566,0.014871924,0.016665664,0.022361012
0.55806214,0.13072842,0.058974367,0.05536178,0.05013758,0.034215126,0.036007874,0.033602476,0.042910308
0.09037188,0.14673612,0.12161846,0.19388747,0.10135121,0.11942027,0.08060686,0.073971525,0.07203626
0.48764026,0.12133228,0.061355557,0.07404579,0.06643099,0.04626167,0.04004463,0.03778505,0.06510375
0.210775,0.16355875,0.113945745,0.13825743,0.10057332,0.07103565,0.06893358,0.06782736,0.065093204
0.094737515,0.14539094,0.15043798,0.13896747,0.11229816,0.10487763,0.09161677,0.07960498,0.08206856
0.43271026,0.10116896,0.050067946,0.1068285,0.10118695,0.06322131,0.046999905,0.04881277,0.049003456
0.57238305,0.12889114,0.0623517,0.052381337,0.046191204,0.0316523,0.03348242,0.032285504,0.04038137
0.85110635,0.047490507,0.016870132,0.018015245,0.017827645,0.00964691,0.01094428,0.010825036,0.017273901
0.13392848,0.15703805,0.115544066,0.119128294,0.12815653,0.10639117,0.100890115,0.0727532,0.066170186
0.20639282,0.17164499,0.12658194,0.120044254,0.099474914,0.07247046,0.0693985,0.06750055,0.06649163
0.8162284,0.056956578,0.01975651,0.020660153,0.01966915,0.013151173,0.020059213,0.01396163,0.019557226
0.19936258,0.16786073,0.13197163,0.115134306,0.09834522,0.07570438,0.072805054,0.069420636,0.06939542
0.7911254,0.056144748,0.016914051,0.0244665,0.029315913,0.018636867,0.022040403,0.018638737,0.022717409
0.84639704,0.049501438,0.015001914,0.018551018,0.017524634,0.010482187,0.013341898,0.011423118,0.017776784
0.52826345,0.1254661,0.06707182,0.07153907,0.053653054,0.03820862,0.03669798,0.034194387,0.04490563
0.570405,0.09705137,0.058122657,0.055339735,0.056004196,0.036202796,0.050106153,0.03439191,0.04237614
0.10470867,0.17871092,0.15376538,0.1276919,0.10112347,0.09202825,0.08702005,0.077913575,0.07703775
0.81077886,0.0602058,0.02251415,0.027429314,0.018738316,0.013322041,0.0137339635,0.012349625,0.020927945
0.4048721,0.15581916,0.132037,0.06999668,0.055214975,0.045506906,0.044718403,0.041807737,0.050027102
0.57904845,0.097000614,0.054738544,0.05985485,0.05890199,0.038585946,0.03701779,0.03172674,0.043125108
0.77735513,0.053945404,0.020611158,0.030634183,0.039188243,0.017618652,0.017011708,0.018728206,0.024907267
0.5578431,0.115301944,0.06972177,0.056824096,0.05085012,0.03859116,0.03728391,0.032090463,0.041493457
0.51354414,0.14392635,0.075429715,0.058297165,0.049952574,0.04181635,0.037928205,0.035189833,0.043915715
0.601953,0.09998175,0.052043214,0.05696053,0.052095406,0.030787367,0.03457326,0.030444572,0.04116086
0.8608647,0.040947612,0.01389063,0.018369189,0.01796848,0.009288365,0.010915693,0.010223932,0.017531415
0.087081105,0.15503012,0.14715168,0.1386095,0.10717593,0.114971586,0.09080613,0.07862733,0.08054664
0.12595312,0.17031106,0.15728322,0.13786381,0.09939796,0.0889289,0.075282514,0.0730144,0.07196505
0.8160429,0.05398661,0.016326332,0.02898628,0.021691123,0.0140952505,0.01400693,0.01264285,0.022221675
0.2116814,0.17237476,0.12622645,0.11713816,0.09674982,0.071782075,0.06923792,0.06740282,0.06740662
0.57252264,0.10216081,0.06793933,0.06844593,0.050788905,0.031041369,0.03418643,0.029746884,0.04316768
0.5171894,0.14257917,0.08156504,0.055313483,0.048359875,0.039925743,0.037934523,0.035068333,0.042064413
0.5114253,0.14878182,0.0774634,0.056926765,0.048182752,0.04093922,0.03791404,0.035752606,0.042614024
0.59565926,0.094032556,0.05744199,0.05595954,0.05525385,0.03282822,0.036112066,0.031005936,0.041706618
0.10180864,0.15698153,0.14430188,0.14357232,0.10837603,0.10003724,0.08736079,0.079196215,0.07836538
0.5876359,0.1102242,0.07044081,0.05597897,0.04505582,0.029453713,0.032036524,0.029192135,0.039982
0.8074464,0.053329285,0.017384946,0.031295933,0.022465,0.016913699,0.015182309,0.013062874,0.022919603
0.5400655,0.12265522,0.06187597,0.054821335,0.05296078,0.037123397,0.050069053,0.037197456,0.043231312
0.16212544,0.17083329,0.13750046,0.121570244,0.10276216,0.09117198,0.0751607,0.06933955,0.06953619
0.5765203,0.11568648,0.058485795,0.054703154,0.051958602,0.032348186,0.034894533,0.03287231,0.04253064
0.5078232,0.1127283,0.08159845,0.06575383,0.06014832,0.050522506,0.04096346,0.034490798,0.045971118
0.09010064,0.15154994,0.10712768,0.12218222,0.119287126,0.11412567,0.13332173,0.09777833,0.06452668
0.07381754,0.10894411,0.109098636,0.15378371,0.1644903,0.120892346,0.09303068,0.10244634,0.07349639
0.78602636,0.046987697,0.015877252,0.03092183,0.04124512,0.016032565,0.01481364,0.017943464,0.030152086
0.5821486,0.110671006,0.048755746,0.06733354,0.053189833,0.030654835,0.034005985,0.03165447,0.041586008
0.5948586,0.10168013,0.053977586,0.056061357,0.0522888,0.03272703,0.03567274,0.030280102,0.042453736
0.08196939,0.13819358,0.1441111,0.15189794,0.11178438,0.10568956,0.07603489,0.0724367,0.1178825
0.54684925,0.123313546,0.058408223,0.061575543,0.053747617,0.040040977,0.037826978,0.034237426,0.04400041
0.58908427,0.094755925,0.05131066,0.06906128,0.057052583,0.0314056,0.03374873,0.030867543,0.04271345
0.06804143,0.15574206,0.19217066,0.16176155,0.08570614,0.11247831,0.07683597,0.07239786,0.074866086
0.48843235,0.13958289,0.07417371,0.06483167,0.05289874,0.035924003,0.04929426,0.048724014,0.04613843
0.8094716,0.062306844,0.027123988,0.022109965,0.019146988,0.012169943,0.013887607,0.013348825,0.020434272
0.4443813,0.1474719,0.08137992,0.06963681,0.064374134,0.04672399,0.048548605,0.04365961,0.053823713
0.5994813,0.10322069,0.055507757,0.054894906,0.049662706,0.030974315,0.03468844,0.030753868,0.040815964
0.82154286,0.04817041,0.016085718,0.022312546,0.026082927,0.015613837,0.016494406,0.013064818,0.020632543
0.52036655,0.10609122,0.05693614,0.0850478,0.061171826,0.046900075,0.04080471,0.03390374,0.048778012
0.5055987,0.14732538,0.06571681,0.05809844,0.051718306,0.042311206,0.046473004,0.038520537,0.04423759
0.49330848,0.11332969,0.08704842,0.05478315,0.080658555,0.04041301,0.048710868,0.038601253,0.04314658
0.86176026,0.041336395,0.01381987,0.017965173,0.017447395,0.009534296,0.010971841,0.010185096,0.016979745
0.5716944,0.100106046,0.057505768,0.054145675,0.054396532,0.03565972,0.04997901,0.03464972,0.04186316
0.09176315,0.14049181,0.16309452,0.13543938,0.110438794,0.105992936,0.09218828,0.07996578,0.080625355
0.60909057,0.08996932,0.05258782,0.055669874,0.05415264,0.031479087,0.034715045,0.030111646,0.04222397
0.56006145,0.11118603,0.050334685,0.057446763,0.05444402,0.034079555,0.045721535,0.0429982,0.04372773
0.08581583,0.1503932,0.17718844,0.119183525,0.10074362,0.09926894,0.11578808,0.079796806,0.071821466
0.81897503,0.05084095,0.016001169,0.024247348,0.025420954,0.015430185,0.016224256,0.012628383,0.02023175
0.09781249,0.13967869,0.12752558,0.1275629,0.13066304,0.12344295,0.10721127,0.07471879,0.07138438
0.12893756,0.16699429,0.15095054,0.1269889,0.10217448,0.088496394,0.08091814,0.07581278,0.07872698
0.8154468,0.05503783,0.017002344,0.028932547,0.020821344,0.0142517155,0.014238546,0.01258567,0.021683216
0.50773245,0.11279216,0.048347205,0.07311905,0.08506028,0.042416535,0.03933931,0.04628705,0.04490593
0.83728105,0.049212836,0.017494932,0.020790244,0.020012878,0.012101006,0.012542512,0.011751436,0.018812964
0.13229021,0.17900766,0.1510829,0.12839317,0.09981245,0.08407572,0.078888014,0.074247636,0.07220228
0.441701,0.14510949,0.06321086,0.094223924,0.05983115,0.060228996,0.046169627,0.038918775,0.05060618
0.1242299,0.15630877,0.13039848,0.1819526,0.10270304,0.09059128,0.0730826,0.072383545,0.06834982
0.53861505,0.10685308,0.051530547,0.08058302,0.058457963,0.043597467,0.03968724,0.032529227,0.04814645
0.5392331,0.104922555,0.080695465,0.05989609,0.057370782,0.04091251,0.03855983,0.033281248,0.045128476
0.51984656,0.13577445,0.06898519,0.060475595,0.055071637,0.041197233,0.038066678,0.036050275,0.04453241
0.5889921,0.115252405,0.05165606,0.059193954,0.04801265,0.031492382,0.033513207,0.030367315,0.041519932
0.5615535,0.119100995,0.077353,0.053125847,0.04803856,0.03172266,0.035128184,0.03273355,0.04124377
0.5434709,0.14065158,0.05985989,0.05711504,0.049921364,0.03452684,0.03676786,0.034850735,0.04283571
0.48585588,0.15183215,0.06361093,0.07903195,0.050486498,0.045757685,0.04076953,0.03611876,0.04653666
0.85430163,0.04500434,0.013686394,0.018951217,0.017983722,0.009926274,0.011498335,0.010722693,0.017925384
0.08203552,0.14195436,0.18002224,0.13462327,0.107268296,0.10396533,0.08713405,0.08136848,0.08162852
0.53471476,0.12730004,0.06371827,0.07051935,0.05128668,0.03871556,0.03701055,0.033559114,0.04317574
0.6118718,0.08657799,0.04503959,0.06704895,0.05600671,0.030058075,0.03303981,0.02921926,0.041137833
0.5028667,0.10466228,0.059691355,0.065276675,0.07739829,0.05410406,0.05357142,0.03768673,0.044742517
0.57595146,0.119982794,0.058436923,0.057604123,0.049925786,0.031310458,0.033074684,0.031808455,0.041905288
0.35448152,0.12558503,0.096084654,0.06894496,0.1316571,0.068669386,0.058856506,0.046605892,0.04911493
0.7953891,0.06074814,0.019060643,0.02313882,0.026143689,0.018126378,0.020892203,0.01512432,0.021376751
0.18464051,0.18550435,0.13475257,0.11310847,0.09398611,0.07421304,0.07386769,0.06849349,0.071433805
0.85375404,0.044403974,0.015278453,0.018576166,0.01842502,0.009838234,0.011230254,0.010775985,0.017717917
0.8279628,0.046024162,0.015327031,0.02334996,0.023603735,0.012003736,0.012579843,0.012458517,0.02669026
0.10788467,0.16229585,0.15290897,0.13296486,0.10446359,0.09847246,0.084871195,0.077018335,0.07912008
0.8170755,0.05281038,0.016232789,0.029590566,0.02126695,0.014172337,0.013959177,0.012492786,0.02239954
0.55515987,0.10526089,0.06312103,0.06166128,0.05962235,0.040449314,0.037484854,0.032921586,0.044318877
0.8281817,0.047980882,0.014876751,0.02923703,0.02053038,0.013042714,0.013153543,0.011582076,0.021414865
0.18161659,0.19579819,0.18952557,0.0958153,0.08022375,0.0642102,0.06351651,0.06467974,0.0646142
0.61183846,0.095937386,0.056115873,0.05346842,0.050372917,0.03037276,0.03397148,0.02898847,0.038934186
0.8491496,0.04496442,0.013186014,0.023096113,0.019167876,0.009659126,0.011734937,0.010816852,0.01822506
0.5735841,0.11802408,0.056800704,0.053569086,0.049465507,0.03327946,0.040993873,0.033201944,0.041081216
0.61008155,0.09422904,0.049009357,0.057806175,0.053744998,0.0306464,0.033191934,0.029668719,0.041621786
0.85521203,0.044807035,0.0134926,0.01909817,0.018174563,0.009515678,0.011083769,0.010632197,0.017984042
0.842319,0.04129714,0.014486066,0.02031818,0.019372376,0.011363718,0.012004218,0.011706984,0.027132366
0.52440804,0.11660655,0.051313024,0.061359316,0.053855777,0.036214046,0.04462808,0.045926496,0.065688714
0.85504055,0.04578049,0.013437411,0.018577483,0.017693536,0.0096459435,0.011342943,0.010622779,0.017858827
0.54244167,0.14004982,0.08068992,0.050199043,0.046185996,0.030889876,0.034141168,0.03420765,0.041194808
0.5361996,0.11073883,0.05593126,0.06651671,0.061910864,0.036970552,0.036356434,0.034760304,0.060615398
0.5939483,0.1050906,0.051338837,0.05667613,0.050062966,0.031496577,0.03925922,0.03110668,0.04102072
0.052174065,0.10862831,0.1508834,0.12806807,0.12405664,0.16459572,0.11541909,0.076106004,0.080068685
0.856254,0.042623587,0.015284064,0.018073214,0.01822262,0.009895147,0.011354335,0.0106004095,0.017692693
0.32264704,0.12706304,0.07624056,0.095938824,0.12134406,0.069388494,0.06222907,0.066139564,0.059009362
0.066243336,0.12579636,0.13898568,0.13180427,0.13167186,0.13668588,0.11268286,0.07972752,0.076402314
0.5474079,0.10690435,0.08241218,0.06345327,0.054388408,0.03250476,0.03586387,0.032835472,0.0442298
0.44168887,0.15052588,0.09503901,0.06678817,0.05754139,0.05405382,0.04485204,0.040187433,0.049323414
0.48949912,0.124886185,0.051963095,0.106987625,0.05735834,0.04532656,0.040160615,0.035577312,0.04824118
0.084260255,0.1508338,0.1559306,0.1219705,0.10151035,0.10492213,0.12665918,0.07991486,0.0739983
0.17711611,0.17256173,0.18105595,0.11511587,0.08689858,0.0680789,0.06675126,0.06660139,0.0658203
0.82552505,0.045163527,0.0136276595,0.026503336,0.03008237,0.012629526,0.012636146,0.014058637,0.019773766
0.5230965,0.12093161,0.063131005,0.065664835,0.060789682,0.03657354,0.035889592,0.035057433,0.05886587
0.5155065,0.12972902,0.06432083,0.064903155,0.0576871,0.036608387,0.03618512,0.036047183,0.0590128
0.071748026,0.12447871,0.18183586,0.13971244,0.08790851,0.11884918,0.07311527,0.06651154,0.13584046
0.05836227,0.11874741,0.11612751,0.19213188,0.106087945,0.15948816,0.090673335,0.07592104,0.08246047
0.114597335,0.16473387,0.14519224,0.14667892,0.10298937,0.103653066,0.07729802,0.072157964,0.07269923
0.1913941,0.19351877,0.142723,0.11344707,0.087973595,0.06990962,0.06926581,0.06683421,0.06493385
0.15148443,0.19908682,0.14558168,0.10738184,0.09146333,0.076853916,0.08790787,0.07286845,0.06737168
0.43694663,0.14448516,0.07178446,0.06617885,0.07564188,0.05782945,0.054873448,0.043527134,0.04873302
0.15031043,0.1566409,0.13181032,0.15728201,0.10468342,0.08447952,0.075517155,0.07060917,0.06866714
0.570764,0.1263059,0.059290275,0.054715794,0.048220277,0.032644287,0.034133203,0.03232847,0.04159784
0.123554245,0.17728275,0.19384189,0.113651596,0.08655921,0.0922133,0.07610783,0.06797045,0.06881867
0.84442,0.046701163,0.018734438,0.021013992,0.018467126,0.009536925,0.01175831,0.010854072,0.018513901
0.8270565,0.04964952,0.015255022,0.027382102,0.020473408,0.013273,0.0136051485,0.011929915,0.021375388
0.52072847,0.09936978,0.048735164,0.10684567,0.06080724,0.0441601,0.03866793,0.03311759,0.04756797
0.10841867,0.1318405,0.11802715,0.19012932,0.116394155,0.09514421,0.067422405,0.07049194,0.102131635
0.063021354,0.1277789,0.13151418,0.16655716,0.09867447,0.13739212,0.12411533,0.07706756,0.07387892
0.19483876,0.18207636,0.13301677,0.11237851,0.095612034,0.0740666,0.07079816,0.06788988,0.06932294
0.5678364,0.12274375,0.056010377,0.058331978,0.050777726,0.033572152,0.034768935,0.03261004,0.043348562
0.50819194,0.14696153,0.08242777,0.057785124,0.04740189,0.033646777,0.04342556,0.037047405,0.043112025
0.6195982,0.090761565,0.047250688,0.05946232,0.051211633,0.030112198,0.033026464,0.027958216,0.040618688
0.8426922,0.047020953,0.013109992,0.019486997,0.019313479,0.010473195,0.014454387,0.014364968,0.019083768
0.07912059,0.147749,0.17817667,0.13119517,0.09844752,0.12734124,0.086678036,0.07355062,0.07774119
0.85539454,0.045062058,0.013452381,0.019169364,0.018239524,0.009429156,0.0109125,0.010585296,0.017755205
0.12685005,0.17557538,0.16651955,0.121443674,0.10104365,0.08333978,0.076665774,0.074940786,0.07362137
0.5461151,0.12465299,0.06086751,0.05297135,0.05074402,0.036068797,0.048957467,0.037229512,0.042393297
0.5233932,0.1110723,0.05332536,0.08336665,0.060397662,0.045656763,0.04031831,0.033986334,0.048483457
0.1739898,0.18800728,0.20084171,0.09860106,0.081295,0.06627848,0.06276596,0.061902743,0.06631798
0.5788205,0.09786152,0.056362852,0.0598816,0.057190068,0.03872872,0.03732544,0.031205652,0.042623598
0.20423833,0.17310457,0.13650699,0.111331925,0.09514775,0.07270753,0.07047114,0.06552917,0.07096258
0.1906568,0.1727261,0.13840589,0.1193277,0.09722442,0.07470297,0.070960976,0.06868498,0.06731023
0.5060881,0.123287804,0.078233115,0.07804644,0.05274055,0.042856436,0.03941691,0.03351751,0.045813147
0.53620064,0.10763953,0.077276014,0.062926464,0.05834829,0.033917077,0.034192726,0.032766942,0.056732297
0.5814123,0.10931963,0.06173778,0.055474494,0.05081602,0.032232232,0.036201023,0.031943295,0.040863164
0.14620875,0.1546177,0.1259199,0.13684374,0.112351924,0.0838478,0.0675877,0.06792067,0.10470187
0.8367484,0.05104484,0.019240424,0.021911062,0.01819501,0.010029248,0.012341198,0.011381921,0.019107986
0.616218,0.085806936,0.045781042,0.06625386,0.054484475,0.029772304,0.03255421,0.02819284,0.04093643
0.55708605,0.12591298,0.06067676,0.056519195,0.051601466,0.033969045,0.03634999,0.03420287,0.043681648
0.52599925,0.113372676,0.07861841,0.061436653,0.05792227,0.041682504,0.040069602,0.03490523,0.04599344
0.5093593,0.097134784,0.0625202,0.06753358,0.0690439,0.042081114,0.05284069,0.037475605,0.062010884
0.5009173,0.11348603,0.05093673,0.071605295,0.086678065,0.04332286,0.04053774,0.0471669,0.04534913
0.58482563,0.11872392,0.061810177,0.051920038,0.047170214,0.03097134,0.033322554,0.03106855,0.040187605
0.5856831,0.08024132,0.0672262,0.05306815,0.08152253,0.03239172,0.031609833,0.029248733,0.03900847
0.84694636,0.03931144,0.017130397,0.021785352,0.027556919,0.009503693,0.01052664,0.010219255,0.017019995
0.851598,0.039224256,0.01806534,0.018010352,0.026121663,0.009823113,0.010457686,0.010057169,0.016642414
0.8400348,0.0456957,0.017539024,0.023898656,0.019610737,0.01117775,0.012170836,0.010976686,0.018895756
0.8484085,0.047823552,0.016048655,0.01912011,0.01830221,0.009996833,0.011143327,0.010911436,0.01824536
0.84923625,0.03966066,0.013673555,0.019791277,0.018688276,0.010380989,0.011401031,0.01139653,0.02577146
0.5373227,0.13596208,0.06718953,0.057500217,0.052826516,0.034979213,0.0355333,0.034888342,0.043798134
0.8630207,0.04258094,0.012470142,0.019267993,0.016695697,0.008832777,0.010455435,0.009699465,0.016976831
0.112828106,0.15954165,0.15580612,0.11465305,0.100132175,0.09525264,0.116102725,0.07677464,0.068908915
0.8621653,0.04240138,0.014197815,0.017826352,0.016833631,0.009052976,0.01075334,0.010080267,0.016689025
0.58273154,0.11080089,0.050153136,0.0675306,0.051731825,0.030710943,0.03449705,0.031126857,0.04071714
0.8382278,0.04724412,0.02157138,0.018556448,0.025327435,0.010236089,0.011025208,0.010977936,0.016833613
0.56272686,0.10576872,0.056055043,0.061469596,0.0581557,0.040172137,0.03874278,0.032853257,0.04405597
0.10543185,0.16372985,0.15006043,0.12631387,0.08947834,0.09303055,0.08380304,0.06925117,0.11890098
0.5533338,0.12219893,0.07267698,0.061803054,0.04885055,0.03108169,0.03500163,0.03279767,0.042255636
0.82344496,0.052763287,0.021141386,0.02241112,0.020013664,0.01101558,0.012200965,0.0123943845,0.02461464
0.58203274,0.10575206,0.053812504,0.058643475,0.055143327,0.03352049,0.035811324,0.031741086,0.043542977
0.5340562,0.088829264,0.046381935,0.07157176,0.09132191,0.042150132,0.03880908,0.04327713,0.0436026
0.5424784,0.12921956,0.0713199,0.055305026,0.048893344,0.039534856,0.037129197,0.03397581,0.04214396
0.5750667,0.12109336,0.06048424,0.052962255,0.049284123,0.032339126,0.034977883,0.032263886,0.04152836
0.8464973,0.04646096,0.019426389,0.020413648,0.017464053,0.009470434,0.011627944,0.010707538,0.01793171
0.1687045,0.16937827,0.13745408,0.110898785,0.09787819,0.07902337,0.1018932,0.0711962,0.06357347
0.0652365,0.12737384,0.14806516,0.12247541,0.122045904,0.15172938,0.116192095,0.07452505,0.07235673
0.09726537,0.15759604,0.20237498,0.12857787,0.09679321,0.08464356,0.06307468,0.06605028,0.10362399
0.6100011,0.09860535,0.049132776,0.053568084,0.052050192,0.0305834,0.034719303,0.029801497,0.04153834
0.8632889,0.04038475,0.012918046,0.018883,0.017500577,0.009156575,0.01057067,0.009831801,0.017465742
0.8414487,0.044041555,0.019228652,0.01883303,0.02718087,0.010238218,0.010840095,0.010753664,0.017435217
0.84724736,0.045900032,0.014555114,0.02185439,0.018641554,0.011195212,0.0118665295,0.010648638,0.01809113
0.21178351,0.16426885,0.13501902,0.11074075,0.09786968,0.07471387,0.07071669,0.0659032,0.06898443
0.54515594,0.10286516,0.060638238,0.06509205,0.062245492,0.035871048,0.036126163,0.03388852,0.058117386
0.20198373,0.16790733,0.13220786,0.1123802,0.09683478,0.07736486,0.073655866,0.06838836,0.06927706
0.5805958,0.11948381,0.059222955,0.054124642,0.048374515,0.03137579,0.033911683,0.03208546,0.040825393
0.42465976,0.17214888,0.109249584,0.06073992,0.054067332,0.041065667,0.04509486,0.043763448,0.049210597
0.057820097,0.098088756,0.13543448,0.15235107,0.15695907,0.13608558,0.08903183,0.096786186,0.0774429
0.579836,0.10707226,0.058631226,0.053620882,0.05150142,0.03340196,0.041471485,0.0331795,0.04128525
0.56729484,0.12329599,0.061610587,0.052228883,0.047603413,0.03273872,0.041002862,0.03423244,0.039992347
0.5553983,0.12694888,0.058922913,0.056483574,0.05224255,0.034474414,0.037076063,0.034098,0.044355307
0.55882484,0.13609256,0.057276417,0.05107214,0.04724499,0.03235506,0.040162034,0.03508825,0.041883696
0.5249103,0.118838795,0.08075741,0.053894438,0.07787589,0.03559226,0.03318569,0.033968315,0.04097695
0.1929065,0.1929286,0.14774063,0.10730434,0.08835131,0.070042655,0.069174334,0.06670177,0.06484988
0.07233813,0.13405626,0.20443256,0.12976816,0.09831731,0.11624837,0.08578082,0.07631519,0.08274326
0.58120245,0.11025706,0.049352515,0.06756177,0.051984366,0.03171835,0.034660324,0.031049564,0.04221362
0.60019994,0.09334061,0.052791044,0.06038773,0.054590065,0.03180065,0.034867108,0.029984651,0.042038143
0.097474575,0.14020659,0.1420607,0.13305213,0.111306585,0.10102111,0.10015888,0.07208253,0.10263698
0.5470479,0.11531065,0.077115946,0.060280103,0.048959944,0.032340344,0.04224934,0.033989947,0.042705756
0.10425722,0.16215266,0.19426346,0.12057765,0.093145035,0.097235024,0.077938244,0.0737745,0.07665622
0.5923446,0.10905047,0.07197906,0.049456816,0.045852914,0.029367302,0.032628465,0.030710634,0.03860974
0.5509116,0.11770973,0.06924177,0.053153854,0.04881359,0.032266296,0.0433837,0.04277808,0.041741434
0.6112171,0.089785896,0.055129103,0.05372689,0.05395323,0.03134929,0.03417219,0.029487826,0.041178536
0.8172667,0.046787076,0.016763614,0.02500521,0.02499344,0.0143822115,0.013922234,0.013288846,0.027590632
0.83847225,0.047186494,0.014495737,0.019706529,0.019979265,0.011001362,0.014948709,0.01467832,0.01953137
0.55000544,0.12105629,0.051468316,0.056023918,0.052643582,0.03416503,0.045705874,0.04478828,0.04414323
0.1373927,0.16681308,0.15354367,0.121622,0.10229522,0.08584726,0.082401015,0.0747477,0.075337365
0.4869452,0.13269833,0.059402213,0.058501124,0.054961193,0.040782306,0.06772328,0.052514892,0.046471458
0.56933534,0.104454115,0.070283234,0.062294804,0.0516952,0.031417422,0.036034398,0.031287894,0.043197654
0.085071065,0.13535577,0.15324527,0.15026978,0.11188735,0.10397828,0.07445839,0.07225675,0.1134774
0.5188945,0.10706897,0.056189336,0.058082256,0.05709848,0.040573347,0.06793352,0.048648965,0.045510545
0.8490632,0.048803188,0.015674386,0.018890077,0.017360354,0.009877148,0.011711653,0.010941454,0.017678585
0.49351534,0.106453896,0.059105888,0.06691288,0.07787864,0.056868445,0.05525962,0.03785588,0.046149347
0.16923086,0.17037529,0.1415885,0.10518831,0.09830943,0.07901527,0.10108912,0.07130727,0.063896015
