9.9995905e-06,0.0075909635,0.76943916,0.21574043,0.00716298,1.6386177e-05,9.9995905e-06,9.9995905e-06,9.9995905e-06,9.9995905e-06
7.012986e-05,0.074710295,0.8259954,0.098196074,0.000978021,9.9995805e-06,9.9995805e-06,9.9995805e-06,9.9995805e-06,9.9995805e-06
9.999912e-06,7.7683464e-05,0.0036320796,0.03544247,0.7868723,0.14189126,0.028963434,0.0028816387,0.0002093387,1.9740026e-05
9.999483e-06,0.034441117,0.94786584,0.017601626,3.130443e-05,9.999483e-06,9.999483e-06,9.999483e-06,9.999483e-06,9.999483e-06
9.999708e-06,0.00019790647,0.03507516,0.67590225,0.27296278,0.015087733,0.00068264344,6.153789e-05,9.999708e-06,9.999708e-06
0.89291376,0.106959894,5.629205e-05,9.9993e-06,9.9993e-06,9.9993e-06,9.9993e-06,9.9993e-06,9.9993e-06,9.9993e-06
0.0015286086,0.6214062,0.37295124,0.003999357,6.462414e-05,9.999501e-06,9.999501e-06,9.999501e-06,9.999501e-06,9.999501e-06
0.21981871,0.7713277,0.008737591,5.589917e-05,9.9994395e-06,9.9994395e-06,9.9994395e-06,9.9994395e-06,9.9994395e-06,9.9994395e-06
0.13638003,0.8599949,0.003551663,1.3350159e-05,9.999406e-06,9.999406e-06,9.999406e-06,9.999406e-06,9.999406e-06,9.999406e-06
9.999548e-06,0.0059969146,0.5070445,0.48498845,0.0019097017,1.0519642e-05,9.999548e-06,9.999548e-06,9.999548e-06,9.999548e-06
0.054819018,0.8718057,0.07115247,0.0020227926,0.00014997757,9.999554e-06,9.999554e-06,9.999554e-06,9.999554e-06,9.999554e-06
1.542304e-05,0.0016989568,0.025933968,0.41735008,0.40845856,0.077325016,0.06553105,0.0034677763,0.00010203914,0.00011714297
2.5040925e-05,0.08975513,0.86214453,0.047385942,0.00063930795,9.999511e-06,9.999511e-06,9.999511e-06,9.999511e-06,9.999511e-06
0.7794261,0.22008786,0.00041607377,9.999314e-06,9.999314e-06,9.999314e-06,9.999314e-06,9.999314e-06,9.999314e-06,9.999314e-06
0.0014896686,0.6516814,0.33663672,0.009877968,0.00026416706,9.999513e-06,9.999513e-06,9.999513e-06,9.999513e-06,9.999513e-06
9.999903e-06,0.00010877991,0.002692746,0.10312587,0.7144065,0.16032243,0.016711371,0.0025777244,2.5609836e-05,1.8995841e-05
9.999454e-06,0.021579208,0.91872966,0.059376422,0.00025461873,9.999454e-06,9.999454e-06,9.999454e-06,9.999454e-06,9.999454e-06
9.999901e-06,4.4942895e-05,0.0009474196,0.021841578,0.6921968,0.27817434,0.0029594782,0.0037302685,8.103017e-05,1.4193361e-05
9.999869e-06,9.999869e-06,3.1399122e-05,3.0707935e-05,0.0028963,0.079355404,0.044634875,0.17005332,0.672378,0.030599995
0.0016135009,0.6153874,0.3631468,0.019334843,0.00046749122,9.999544e-06,9.999544e-06,9.999544e-06,9.999544e-06,9.999544e-06
1.3832077e-05,0.055390928,0.8366405,0.10589089,0.0020138475,9.9995395e-06,9.9995395e-06,9.9995395e-06,9.9995395e-06,9.9995395e-06
0.0009443498,0.25727904,0.71196914,0.028338183,0.0014192283,9.999567e-06,9.999567e-06,9.999567e-06,9.999567e-06,9.999567e-06
0.031526078,0.9597276,0.008626299,6.0057126e-05,9.999421e-06,9.999421e-06,9.999421e-06,9.999421e-06,9.999421e-06,9.999421e-06
0.0011321019,0.87823325,0.11839341,0.002151292,4.0010455e-05,9.999501e-06,9.999501e-06,9.999501e-06,9.999501e-06,9.999501e-06
0.18516217,0.7056507,0.096944146,0.009555993,0.0020352607,0.00014716013,0.00019495032,0.0002506984,2.2936883e-05,3.5982757e-05
0.0019589674,0.7126028,0.28250065,0.0028672928,2.0163336e-05,9.9994995e-06,9.9994995e-06,9.9994995e-06,9.9994995e-06,9.9994995e-06
9.999957e-06,0.00042091598,0.017438876,0.12354617,0.7481292,0.09916481,0.00899551,0.0021322605,0.00013538757,2.686531e-05
1.2559302e-05,0.06411744,0.895922,0.039764833,0.00013324854,9.999501e-06,9.999501e-06,9.999501e-06,9.999501e-06,9.999501e-06
0.0058317706,0.76846695,0.22429064,0.0013390885,2.1609863e-05,9.999501e-06,9.999501e-06,9.999501e-06,9.999501e-06,9.999501e-06
9.9994595e-06,0.018919129,0.85760915,0.12193059,0.0014811183,9.9994595e-06,9.9994595e-06,9.9994595e-06,9.9994595e-06,9.9994595e-06
0.010014,0.94147784,0.048106275,0.000341856,9.999454e-06,9.999454e-06,9.999454e-06,9.999454e-06,9.999454e-06,9.999454e-06
9.999713e-06,0.00022980716,0.026133137,0.5174818,0.43508688,0.014566422,0.0063300207,0.00014193292,9.999713e-06,9.999713e-06
0.002335909,0.8069842,0.18928842,0.0013288655,1.2640256e-05,9.9995e-06,9.9995e-06,9.9995e-06,9.9995e-06,9.9995e-06
0.0006648114,0.45435816,0.53689504,0.007998141,3.3887805e-05,9.999501e-06,9.999501e-06,9.999501e-06,9.999501e-06,9.999501e-06
0.000646787,0.4529713,0.51136625,0.03462862,0.0003370858,9.999527e-06,9.999527e-06,9.999527e-06,9.999527e-06,9.999527e-06
0.01383941,0.9189396,0.066361345,0.00078948366,2.0127312e-05,9.9995e-06,9.9995e-06,9.9995e-06,9.9995e-06,9.9995e-06
0.00034160604,0.25195897,0.6051991,0.13796264,0.004445998,5.1644754e-05,9.999758e-06,9.999758e-06,9.999758e-06,9.999758e-06
9.999972e-06,0.00040392313,0.0028799318,0.041864518,0.53508747,0.34658214,0.054029632,0.016312428,0.0015927518,0.0012372402
9.999492e-06,0.0008072377,0.6690806,0.32491773,0.0051343697,9.999492e-06,9.999492e-06,9.999492e-06,9.999492e-06,9.999492e-06
9.999908e-06,4.8697413e-05,0.0005412048,0.016669707,0.42805248,0.21208903,0.325187,0.014544444,0.00011994648,0.0027375417
0.9511392,0.04872966,6.0990104e-05,9.9993e-06,9.9993e-06,9.9993e-06,9.9993e-06,9.9993e-06,9.9993e-06,9.9993e-06
0.016014908,0.9647007,0.019171169,5.3143234e-05,9.999408e-06,9.999408e-06,9.999408e-06,9.999408e-06,9.999408e-06,9.999408e-06
0.005464735,0.9633705,0.030820943,0.0002837566,9.999467e-06,9.999467e-06,9.999467e-06,9.999467e-06,9.999467e-06,9.999467e-06
9.999493e-06,0.015569537,0.9294048,0.05446302,0.0005027012,9.999493e-06,9.999493e-06,9.999493e-06,9.999493e-06,9.999493e-06
0.7570133,0.24243665,0.00047989475,9.999308e-06,9.999308e-06,9.999308e-06,9.999308e-06,9.999308e-06,9.999308e-06,9.999308e-06
0.7886028,0.21113355,0.00019357794,9.999306e-06,9.999306e-06,9.999306e-06,9.999306e-06,9.999306e-06,9.999306e-06,9.999306e-06
9.99967e-06,0.0001976508,0.07114408,0.7996318,0.12719537,0.0016431765,0.00014795826,9.99967e-06,9.99967e-06,9.99967e-06
9.999964e-06,0.0008042051,0.0031470242,0.034217954,0.51373076,0.3872628,0.020572448,0.037561417,0.0014936223,0.001199725
0.0004719613,0.27046713,0.67885375,0.04800242,0.0021547,9.999667e-06,9.999667e-06,9.999667e-06,9.999667e-06,9.999667e-06
9.999429e-06,0.00088961096,0.6849335,0.31163952,0.0024773816,9.999429e-06,9.999429e-06,9.999429e-06,9.999429e-06,9.999429e-06
9.999629e-06,0.0017609769,0.34306717,0.6341428,0.020768417,0.00014629324,7.438298e-05,9.999629e-06,9.999629e-06,9.999629e-06
0.00056833366,0.2531449,0.69567066,0.04957525,0.0009909103,9.999589e-06,9.999589e-06,9.999589e-06,9.999589e-06,9.999589e-06
0.0015197184,0.5870962,0.40512943,0.006171209,3.3436707e-05,9.999501e-06,9.999501e-06,9.999501e-06,9.999501e-06,9.999501e-06
0.028263338,0.95903033,0.012566915,7.9376616e-05,9.999423e-06,9.999423e-06,9.999423e-06,9.999423e-06,9.999423e-06,9.999423e-06
2.1626583e-05,0.045090824,0.91785926,0.036509432,0.00046882703,9.999505e-06,9.999505e-06,9.999505e-06,9.999505e-06,9.999505e-06
9.999703e-06,0.0002682351,0.024242712,0.8251621,0.14399436,0.0043631988,0.0018958756,4.347643e-05,9.999703e-06,9.999703e-06
0.7411593,0.2578822,0.0008883176,9.9993285e-06,9.9993285e-06,9.9993285e-06,9.9993285e-06,9.9993285e-06,9.9993285e-06,9.9993285e-06
0.000112860274,0.05100444,0.77637976,0.16173667,0.010579104,4.1039104e-05,0.00011610641,9.999729e-06,9.999729e-06,9.999729e-06
0.09694948,0.8235552,0.07842576,0.00096608576,5.3389987e-05,9.999508e-06,9.999508e-06,9.999508e-06,9.999508e-06,9.999508e-06
0.9929303,0.0069414154,5.821858e-05,9.999309e-06,9.999309e-06,9.999309e-06,9.999309e-06,9.999309e-06,9.999309e-06,9.999309e-06
0.00991824,0.976968,0.012977744,7.597981e-05,9.9994095e-06,9.9994095e-06,9.9994095e-06,9.9994095e-06,9.9994095e-06,9.9994095e-06
0.024321659,0.8125951,0.15879908,0.004042045,0.00019205922,9.99956e-06,9.99956e-06,9.99956e-06,9.99956e-06,9.99956e-06
9.99964e-06,0.00019061909,0.093860336,0.8544011,0.050625235,0.0007748878,0.00010779751,9.99964e-06,9.99964e-06,9.99964e-06
0.015084518,0.9488697,0.035753317,0.00023248381,9.9994395e-06,9.9994395e-06,9.9994395e-06,9.9994395e-06,9.9994395e-06,9.9994395e-06
0.5654792,0.4323858,0.0020649561,9.999371e-06,9.999371e-06,9.999371e-06,9.999371e-06,9.999371e-06,9.999371e-06,9.999371e-06
9.999901e-06,5.120213e-05,0.0021179607,0.10977618,0.6945642,0.16496927,0.027017124,0.0014048301,1.3124836e-05,7.6084674e-05
9.99966e-06,0.00017888912,0.06756637,0.82533705,0.10493959,0.0016715155,0.00026658343,9.99966e-06,9.99966e-06,9.99966e-06
0.053009987,0.9327748,0.013956998,0.00019354044,1.4691906e-05,9.999501e-06,9.999501e-06,9.999501e-06,9.999501e-06,9.999501e-06
0.25452578,0.74302834,0.002375739,9.999366e-06,9.999366e-06,9.999366e-06,9.999366e-06,9.999366e-06,9.999366e-06,9.999366e-06
9.999546e-06,0.005540035,0.64953846,0.3420561,0.0028021708,1.32099085e-05,9.999546e-06,9.999546e-06,9.999546e-06,9.999546e-06
0.0002613386,0.037213717,0.3581731,0.5546909,0.04433595,0.0029599299,0.0020022276,0.00033796788,9.999989e-06,1.4797392e-05
0.8856727,0.113994025,0.00026322095,9.99931e-06,9.99931e-06,9.99931e-06,9.99931e-06,9.99931e-06,9.99931e-06,9.99931e-06
0.000205739,0.19963095,0.47875366,0.30855995,0.012565966,0.00020196706,4.1249186e-05,2.055221e-05,9.999803e-06,9.999803e-06
0.0016808842,0.57763565,0.40180287,0.01787899,0.0009515871,9.999548e-06,9.999548e-06,9.999548e-06,9.999548e-06,9.999548e-06
9.999901e-06,2.8878207e-05,0.0009934874,0.050800793,0.6746813,0.21541063,0.055611398,0.0023244868,3.6331123e-05,0.00010274914
0.009996548,0.8588761,0.12922746,0.0017993512,5.0421473e-05,9.999504e-06,9.999504e-06,9.999504e-06,9.999504e-06,9.999504e-06
9.999716e-06,0.00022726506,0.018573662,0.651353,0.30721918,0.013630506,0.008797241,0.00016907284,9.999716e-06,9.999716e-06
9.999716e-06,0.0052834223,0.56584346,0.41416353,0.014495926,9.745376e-05,7.618954e-05,9.999716e-06,9.999716e-06,9.999716e-06
0.0036711732,0.84798104,0.14733551,0.000952263,9.999493e-06,9.999493e-06,9.999493e-06,9.999493e-06,9.999493e-06,9.999493e-06
9.999447e-06,0.015466671,0.7868239,0.19727069,0.00037865946,9.999447e-06,9.999447e-06,9.999447e-06,9.999447e-06,9.999447e-06
0.00013311711,0.11844306,0.8365078,0.044189833,0.0006761741,9.999518e-06,9.999518e-06,9.999518e-06,9.999518e-06,9.999518e-06
0.0076958733,0.8786081,0.112808146,0.0008204814,1.73853e-05,9.9995e-06,9.9995e-06,9.9995e-06,9.9995e-06,9.9995e-06
0.015739802,0.9728598,0.01130158,3.8764247e-05,9.999408e-06,9.999408e-06,9.999408e-06,9.999408e-06,9.999408e-06,9.999408e-06
0.0050780238,0.91950166,0.07419179,0.0011513095,2.7187129e-05,9.999502e-06,9.999502e-06,9.999502e-06,9.999502e-06,9.999502e-06
0.0019225897,0.5672663,0.4103113,0.020162411,0.0002874569,9.999571e-06,9.999571e-06,9.999571e-06,9.999571e-06,9.999571e-06
9.99972e-06,0.00035416422,0.02794349,0.8693566,0.09259348,0.008413029,0.0012396455,6.954374e-05,9.99972e-06,9.99972e-06
9.999942e-06,0.00021604955,0.001372513,0.011115125,0.36443806,0.52265775,0.040764373,0.04235231,0.00652127,0.010552545
9.9996505e-06,0.0017780489,0.377483,0.5465259,0.07366024,0.00043519662,7.7577926e-05,9.9996505e-06,9.9996505e-06,9.9996505e-06
0.009016099,0.9712573,0.019597664,6.887455e-05,9.999409e-06,9.999409e-06,9.999409e-06,9.999409e-06,9.999409e-06,9.999409e-06
0.00029725733,0.1002456,0.6349293,0.25640306,0.00783638,0.00014008953,0.00010704457,2.1283819e-05,9.999807e-06,9.999807e-06
0.003910538,0.92937565,0.06627196,0.00038174627,9.999447e-06,9.999447e-06,9.999447e-06,9.999447e-06,9.999447e-06,9.999447e-06
0.013189259,0.8355097,0.1425165,0.008351345,0.00038320755,9.999579e-06,9.999579e-06,9.999579e-06,9.999579e-06,9.999579e-06
0.0010058847,0.6543629,0.33293098,0.011481591,0.0001686135,9.9995095e-06,9.9995095e-06,9.9995095e-06,9.9995095e-06,9.9995095e-06
0.023060739,0.95948374,0.017314145,8.128437e-05,9.9994195e-06,9.9994195e-06,9.9994195e-06,9.9994195e-06,9.9994195e-06,9.9994195e-06
6.6259905e-05,0.03794181,0.88765645,0.07308692,0.001198519,9.999563e-06,9.999563e-06,9.999563e-06,9.999563e-06,9.999563e-06
0.9985121,0.0014078531,9.99921e-06,9.99921e-06,9.99921e-06,9.99921e-06,9.99921e-06,9.99921e-06,9.99921e-06,9.99921e-06
0.0015341649,0.87811846,0.11758857,0.0026540281,5.485866e-05,9.999502e-06,9.999502e-06,9.999502e-06,9.999502e-06,9.999502e-06
0.00040494913,0.29050317,0.6836438,0.024846273,0.00055171957,9.999513e-06,9.999513e-06,9.999513e-06,9.999513e-06,9.999513e-06
0.9166926,0.082872964,0.000364241,9.999324e-06,9.999324e-06,9.999324e-06,9.999324e-06,9.999324e-06,9.999324e-06,9.999324e-06
9.999868e-06,0.0016818064,0.119900666,0.677143,0.18288864,0.017085362,0.001048096,0.00021947674,9.999868e-06,1.2977148e-05
5.4896485e-05,0.083083116,0.79489344,0.120583616,0.0013341476,1.076663e-05,9.999619e-06,9.999619e-06,9.999619e-06,9.999619e-06
0.4362599,0.56172127,0.0019487225,9.9994095e-06,9.9994095e-06,9.9994095e-06,9.9994095e-06,9.9994095e-06,9.9994095e-06,9.9994095e-06
9.999667e-06,0.0021697187,0.3066512,0.6614137,0.028907359,0.0008031782,1.4769284e-05,9.999667e-06,9.999667e-06,9.999667e-06
9.999534e-06,0.0046705147,0.67709774,0.31461927,0.0035524867,9.999534e-06,9.999534e-06,9.999534e-06,9.999534e-06,9.999534e-06
0.00026373417,0.21158539,0.75066096,0.037138715,0.0003011219,9.999511e-06,9.999511e-06,9.999511e-06,9.999511e-06,9.999511e-06
0.014132395,0.6642299,0.31690452,0.0045363316,0.00014676989,9.999518e-06,9.999518e-06,9.999518e-06,9.999518e-06,9.999518e-06
0.00018203106,0.05369582,0.40285397,0.47123033,0.068373,0.0030417081,0.0004327115,0.0001704491,9.999847e-06,9.999847e-06
8.90592e-05,0.09159508,0.5579076,0.3085729,0.041491758,0.0002444936,6.758385e-05,1.1600084e-05,9.999801e-06,9.999801e-06
0.00010455304,0.053432617,0.9046776,0.04127732,0.00045785742,9.999513e-06,9.999513e-06,9.999513e-06,9.999513e-06,9.999513e-06
9.999914e-06,1.3093643e-05,7.002379e-05,0.0008902455,0.03216817,0.24884228,0.54804975,0.068462946,0.038839675,0.06265377
0.049294196,0.92449415,0.0258728,0.00027286887,1.591576e-05,9.9995e-06,9.9995e-06,9.9995e-06,9.9995e-06,9.9995e-06
4.4435958e-05,0.056461275,0.7798606,0.15567334,0.0078958515,2.0603247e-05,1.3886106e-05,9.9997105e-06,9.9997105e-06,9.9997105e-06
9.999613e-06,0.002717217,0.41731536,0.55144817,0.028360702,0.000101355945,1.7233755e-05,9.999613e-06,9.999613e-06,9.999613e-06
0.012196592,0.9557344,0.031791314,0.00021775792,9.9994395e-06,9.9994395e-06,9.9994395e-06,9.9994395e-06,9.9994395e-06,9.9994395e-06
9.999858e-06,0.0016324926,0.043005083,0.6375484,0.2784888,0.032930747,0.005645075,0.0006628847,9.999858e-06,6.650756e-05
0.6319602,0.36633003,0.0016397139,9.999318e-06,9.999318e-06,9.999318e-06,9.999318e-06,9.999318e-06,9.999318e-06,9.999318e-06
0.013179271,0.9798829,0.006836123,4.165502e-05,9.999409e-06,9.999409e-06,9.999409e-06,9.999409e-06,9.999409e-06,9.999409e-06
0.0134784905,0.9534972,0.03276626,0.00019796939,9.999425e-06,9.999425e-06,9.999425e-06,9.999425e-06,9.999425e-06,9.999425e-06
0.0013886722,0.30000815,0.65278554,0.044073924,0.0016937014,9.999639e-06,9.999639e-06,9.999639e-06,9.999639e-06,9.999639e-06
9.999746e-06,0.0008632216,0.03887147,0.4796925,0.4445001,0.034848746,0.0008235332,0.0003703133,9.999746e-06,9.999746e-06
0.061038077,0.93550307,0.003388783,9.9993795e-06,9.9993795e-06,9.9993795e-06,9.9993795e-06,9.9993795e-06,9.9993795e-06,9.9993795e-06
9.999933e-06,0.0010296202,0.024513043,0.51662844,0.34827605,0.089309245,0.01793753,0.001970429,3.0594132e-05,0.000295074
0.0009051324,0.6485977,0.3490913,0.0013458482,9.999449e-06,9.999449e-06,9.999449e-06,9.999449e-06,9.999449e-06,9.999449e-06
0.0003934665,0.2374729,0.7460244,0.015866125,0.00019302258,9.999509e-06,9.999509e-06,9.999509e-06,9.999509e-06,9.999509e-06
0.41274577,0.5755415,0.011568688,8.4006664e-05,9.999477e-06,9.999477e-06,9.999477e-06,9.999477e-06,9.999477e-06,9.999477e-06
0.0066473917,0.8241017,0.16636875,0.0027311286,0.00010111924,9.9995095e-06,9.9995095e-06,9.9995095e-06,9.9995095e-06,9.9995095e-06
0.051795803,0.9436852,0.004432521,2.6534928e-05,9.999412e-06,9.999412e-06,9.999412e-06,9.999412e-06,9.999412e-06,9.999412e-06
0.00017963983,0.10161937,0.7855222,0.11112392,0.0015048425,9.999598e-06,9.999598e-06,9.999598e-06,9.999598e-06,9.999598e-06
1.5121783e-05,0.01932591,0.8934016,0.08656644,0.0006408584,9.999523e-06,9.999523e-06,9.999523e-06,9.999523e-06,9.999523e-06
0.0067140204,0.95694274,0.035876505,0.00040670816,9.999493e-06,9.999493e-06,9.999493e-06,9.999493e-06,9.999493e-06,9.999493e-06
0.49438447,0.4953879,0.0100587895,0.00010109786,1.77213e-05,9.999508e-06,9.999508e-06,9.999508e-06,9.999508e-06,9.999508e-06
0.51292497,0.48513836,0.0018666452,9.999328e-06,9.999328e-06,9.999328e-06,9.999328e-06,9.999328e-06,9.999328e-06,9.999328e-06
9.999442e-06,0.006693085,0.8736608,0.11916398,0.0004221137,9.999442e-06,9.999442e-06,9.999442e-06,9.999442e-06,9.999442e-06
0.00024535364,0.08203504,0.8483832,0.06839993,0.0008864863,9.999596e-06,9.999596e-06,9.999596e-06,9.999596e-06,9.999596e-06
9.999858e-06,0.00015864085,0.018901953,0.43347016,0.4782216,0.06209001,0.00675633,0.00036379255,9.999858e-06,1.7511202e-05
9.999901e-06,1.1098045e-05,0.00027803043,0.010511759,0.61749876,0.31950742,0.04769717,0.004179995,0.00025583094,5.000724e-05
9.9997105e-06,0.002931627,0.09762996,0.8673161,0.031175036,0.0005697941,0.00032961747,1.7811764e-05,9.9997105e-06,9.9997105e-06
0.004126731,0.5983472,0.39147964,0.005900762,9.578443e-05,9.999506e-06,9.999506e-06,9.999506e-06,9.999506e-06,9.999506e-06
0.39792454,0.5979328,0.0040644244,1.8211258e-05,9.999416e-06,9.999416e-06,9.999416e-06,9.999416e-06,9.999416e-06,9.999416e-06
0.82477546,0.17396711,0.0011873498,9.999313e-06,9.999313e-06,9.999313e-06,9.999313e-06,9.999313e-06,9.999313e-06,9.999313e-06
0.8100829,0.1893976,0.0004493598,9.9993085e-06,9.9993085e-06,9.9993085e-06,9.9993085e-06,9.9993085e-06,9.9993085e-06,9.9993085e-06
0.036420662,0.9379943,0.024817934,0.0006716017,4.554717e-05,9.999509e-06,9.999509e-06,9.999509e-06,9.999509e-06,9.999509e-06
9.999916e-06,6.647592e-05,0.00024628438,0.002332343,0.12738608,0.42660186,0.30795538,0.12373573,0.009480849,0.002185027
9.999747e-06,0.0036058521,0.39404044,0.54428446,0.05730537,0.0005667948,0.00015706463,9.999747e-06,9.999747e-06,9.999747e-06
0.3315162,0.66740626,0.0010074886,9.999316e-06,9.999316e-06,9.999316e-06,9.999316e-06,9.999316e-06,9.999316e-06,9.999316e-06
0.057931066,0.9143667,0.02736453,0.0002747188,1.2967784e-05,9.999501e-06,9.999501e-06,9.999501e-06,9.999501e-06,9.999501e-06
0.0766575,0.9114809,0.011773221,2.8347817e-05,9.999406e-06,9.999406e-06,9.999406e-06,9.999406e-06,9.999406e-06,9.999406e-06
0.00022692504,0.10079222,0.2532908,0.5035016,0.13210928,0.0068421313,0.0024446722,0.0007723774,9.9999115e-06,9.9999115e-06
0.0033322515,0.6647526,0.33027145,0.0015803803,1.3330028e-05,9.9995e-06,9.9995e-06,9.9995e-06,9.9995e-06,9.9995e-06
9.999433e-06,0.0046715043,0.78750604,0.20564876,0.0021136978,9.999433e-06,9.999433e-06,9.999433e-06,9.999433e-06,9.999433e-06
0.08272673,0.895818,0.021138132,0.0002535829,1.3574861e-05,9.999501e-06,9.999501e-06,9.999501e-06,9.999501e-06,9.999501e-06
9.999713e-06,0.00942349,0.49401695,0.4867695,0.009562603,0.00016470575,2.2735343e-05,9.999713e-06,9.999713e-06,9.999713e-06
0.0019393614,0.9084124,0.089080766,0.0005074478,9.999458e-06,9.999458e-06,9.999458e-06,9.999458e-06,9.999458e-06,9.999458e-06
9.999615e-06,0.0040544276,0.36793077,0.60881764,0.01907326,6.381388e-05,2.0148791e-05,9.999615e-06,9.999615e-06,9.999615e-06
2.5523339e-05,0.053963218,0.82078075,0.1222006,0.0029798704,9.999596e-06,9.999596e-06,9.999596e-06,9.999596e-06,9.999596e-06
0.005927638,0.86948687,0.122526005,0.0019806724,2.8792922e-05,9.999502e-06,9.999502e-06,9.999502e-06,9.999502e-06,9.999502e-06
0.035227124,0.9606253,0.0040774797,1.0068413e-05,9.999401e-06,9.999401e-06,9.999401e-06,9.999401e-06,9.999401e-06,9.999401e-06
9.999515e-06,0.008273723,0.8017141,0.1881598,0.0017922658,9.999515e-06,9.999515e-06,9.999515e-06,9.999515e-06,9.999515e-06
0.015205458,0.86509794,0.116366304,0.0031353352,0.00014492084,9.999535e-06,9.999535e-06,9.999535e-06,9.999535e-06,9.999535e-06
0.053408347,0.82131934,0.12336585,0.0017890143,6.7350804e-05,9.999516e-06,9.999516e-06,9.999516e-06,9.999516e-06,9.999516e-06
0.98124593,0.018633261,5.0717812e-05,9.9993e-06,9.9993e-06,9.9993e-06,9.9993e-06,9.9993e-06,9.9993e-06,9.9993e-06
0.33573014,0.66282,0.0013797297,9.999367e-06,9.999367e-06,9.999367e-06,9.999367e-06,9.999367e-06,9.999367e-06,9.999367e-06
0.00021481891,0.085543245,0.8436075,0.06985613,0.00072830037,9.99959e-06,9.99959e-06,9.99959e-06,9.99959e-06,9.99959e-06
0.0018305122,0.88903195,0.10866256,0.00041498453,9.999417e-06,9.999417e-06,9.999417e-06,9.999417e-06,9.999417e-06,9.999417e-06
0.43816924,0.5583002,0.0034506468,1.9868094e-05,9.9994195e-06,9.9994195e-06,9.9994195e-06,9.9994195e-06,9.9994195e-06,9.9994195e-06
0.001175072,0.57351595,0.3903758,0.033104513,0.0017786218,9.999688e-06,9.999688e-06,9.999688e-06,9.999688e-06,9.999688e-06
9.99955e-06,0.0023527977,0.5535399,0.43397257,0.010074765,9.99955e-06,9.99955e-06,9.99955e-06,9.99955e-06,9.99955e-06
9.999781e-06,0.002757037,0.10306436,0.84979236,0.040529415,0.0025130273,0.0012156338,9.813162e-05,9.999781e-06,9.999781e-06
9.999728e-06,0.0024514098,0.22104748,0.6870857,0.0878048,0.0011970593,0.00036418493,1.9352066e-05,9.999728e-06,9.999728e-06
0.0050263666,0.8008958,0.18240988,0.01135844,0.000259482,9.999567e-06,9.999567e-06,9.999567e-06,9.999567e-06,9.999567e-06
0.0012150203,0.29238755,0.605067,0.099134184,0.0020634443,8.4173065e-05,9.999774e-06,1.8608416e-05,9.999774e-06,9.999774e-06
9.999854e-06,9.999854e-06,1.8292008e-05,4.933871e-05,0.0009183672,0.039629944,0.052741338,0.04834876,0.2904598,0.5678142
0.0013986955,0.29645663,0.67572606,0.026159387,0.00020914729,9.999539e-06,9.999539e-06,9.999539e-06,9.999539e-06,9.999539e-06
9.999893e-06,9.999893e-06,8.987524e-05,0.00081556774,0.21312283,0.6109521,0.1134319,0.054413866,0.0066183386,0.0005355793
9.999713e-06,0.0003111195,0.04772745,0.70484453,0.23499036,0.009104822,0.0029239173,6.780931e-05,9.999713e-06,9.999713e-06
9.999942e-06,0.0011567002,0.05427582,0.58239335,0.3133603,0.03829789,0.009837693,0.0006049153,1.0744647e-05,5.260471e-05
9.999735e-06,0.0013566737,0.35453987,0.5546407,0.087984726,0.0012368574,0.0001972187,1.3897458e-05,9.999735e-06,9.999735e-06
9.999773e-06,0.0004209484,0.01879825,0.69363725,0.24981186,0.0129054105,0.024187136,0.00020911041,9.999773e-06,9.999773e-06
9.999877e-06,0.00020702025,0.005565542,0.077823155,0.8004691,0.095154874,0.018290503,0.0024203893,4.9444872e-05,9.999877e-06
0.4058595,0.591262,0.0028004437,1.8001232e-05,9.999418e-06,9.999418e-06,9.999418e-06,9.999418e-06,9.999418e-06,9.999418e-06
0.9743346,0.025553249,4.214125e-05,9.9993e-06,9.9993e-06,9.9993e-06,9.9993e-06,9.9993e-06,9.9993e-06,9.9993e-06
1.3348397e-05,0.028281055,0.812558,0.15868494,0.00041267497,9.999524e-06,9.999524e-06,9.999524e-06,9.999524e-06,9.999524e-06
0.00011342924,0.09500277,0.86327004,0.039630763,0.001931998,9.999617e-06,1.1009526e-05,9.999617e-06,9.999617e-06,9.999617e-06
0.00028170113,0.01949706,0.06973763,0.61170626,0.17052606,0.06587757,0.050366495,0.010406337,0.00038595524,0.0012149109
9.999903e-06,5.121399e-05,0.0010427394,0.038054716,0.5970104,0.22001147,0.13847482,0.0049558226,9.507201e-05,0.0002936887
9.999479e-06,0.01579812,0.9124958,0.07143357,0.00021249715,9.999479e-06,9.999479e-06,9.999479e-06,9.999479e-06,9.999479e-06
0.00029472227,0.38557842,0.54666835,0.0650564,0.0023520289,9.999653e-06,9.999653e-06,9.999653e-06,9.999653e-06,9.999653e-06
0.042368192,0.9359189,0.021564927,8.791171e-05,9.999418e-06,9.999418e-06,9.999418e-06,9.999418e-06,9.999418e-06,9.999418e-06
0.000631477,0.5452032,0.4480466,0.0059652864,0.000103370156,9.999501e-06,9.999501e-06,9.999501e-06,9.999501e-06,9.999501e-06
9.999915e-06,0.0002083987,0.00068852585,0.031534147,0.34914127,0.50720155,0.08123339,0.027849978,0.00090378313,0.001229029
9.999616e-06,0.008093048,0.6373648,0.34428763,0.010189957,1.2120823e-05,1.2422743e-05,9.999616e-06,9.999616e-06,9.999616e-06
0.51927483,0.47991785,0.00073729403,9.99932e-06,9.99932e-06,9.99932e-06,9.99932e-06,9.99932e-06,9.99932e-06,9.99932e-06
9.999553e-06,0.002571419,0.546633,0.4460331,0.004694454,1.8002194e-05,9.999553e-06,9.999553e-06,9.999553e-06,9.999553e-06
0.004970513,0.7988159,0.19319257,0.0029323273,3.8652383e-05,9.999502e-06,9.999502e-06,9.999502e-06,9.999502e-06,9.999502e-06
9.999899e-06,0.0050844434,0.07628451,0.6893845,0.20461471,0.021133568,0.0029044368,0.0005638727,9.999899e-06,9.999899e-06
0.06985049,0.91072464,0.019224474,0.00014038583,9.999455e-06,9.999455e-06,9.999455e-06,9.999455e-06,9.999455e-06,9.999455e-06
9.999901e-06,3.0411304e-05,0.0004306163,0.028851787,0.5188266,0.26755923,0.17768145,0.006066721,9.4703784e-05,0.00044843546
0.39596814,0.5971965,0.006765329,9.999362e-06,9.999362e-06,9.999362e-06,9.999362e-06,9.999362e-06,9.999362e-06,9.999362e-06
8.558096e-05,0.08705992,0.8400072,0.0718724,0.00092493935,9.9995505e-06,9.9995505e-06,9.9995505e-06,9.9995505e-06,9.9995505e-06
9.999669e-06,0.00039483578,0.11464355,0.86457807,0.019582864,0.0007246061,3.606727e-05,9.999669e-06,9.999669e-06,9.999669e-06
0.076521315,0.89434934,0.02894056,0.00012875239,9.999437e-06,9.999437e-06,9.999437e-06,9.999437e-06,9.999437e-06,9.999437e-06
0.7966522,0.20217443,0.0011033013,9.999351e-06,9.999351e-06,9.999351e-06,9.999351e-06,9.999351e-06,9.999351e-06,9.999351e-06
0.0017874481,0.572424,0.41409275,0.0113889,0.00025683,9.999517e-06,9.999517e-06,9.999517e-06,9.999517e-06,9.999517e-06
7.0252834e-05,0.06410249,0.890014,0.045093175,0.000670061,9.999516e-06,9.999516e-06,9.999516e-06,9.999516e-06,9.999516e-06
0.0001401511,0.18537664,0.6127306,0.19734034,0.004343394,2.8767277e-05,9.999697e-06,9.999697e-06,9.999697e-06,9.999697e-06
0.011331207,0.971954,0.01647723,0.00017753604,9.99947e-06,9.99947e-06,9.99947e-06,9.99947e-06,9.99947e-06,9.99947e-06
9.999747e-06,0.0004311283,0.046770297,0.690586,0.23444797,0.02707008,0.0005225152,0.00014199324,9.999747e-06,9.999747e-06
9.999567e-06,0.012521418,0.7278057,0.25777704,0.0018333023,1.2558256e-05,9.999567e-06,9.999567e-06,9.999567e-06,9.999567e-06
0.011154857,0.9034926,0.08441873,0.00086675375,1.6935646e-05,9.9995e-06,9.9995e-06,9.9995e-06,9.9995e-06,9.9995e-06
0.009007898,0.93267816,0.05700947,0.0012181533,3.6304198e-05,9.999504e-06,9.999504e-06,9.999504e-06,9.999504e-06,9.999504e-06
0.00017091725,0.051551078,0.64831936,0.2892337,0.0103718275,0.00025792603,5.239026e-05,2.2767006e-05,9.999807e-06,9.999807e-06
9.999831e-06,0.00060752407,0.037655976,0.46872795,0.43951035,0.051752523,0.0012216927,0.00049391354,9.999831e-06,9.999831e-06
9.999606e-06,0.001994428,0.4482985,0.5250921,0.024514802,2.9006333e-05,3.1032505e-05,9.999606e-06,9.999606e-06,9.999606e-06
0.0038487555,0.9339294,0.06157304,0.000588752,9.999475e-06,9.999475e-06,9.999475e-06,9.999475e-06,9.999475e-06,9.999475e-06
0.0026539096,0.43318787,0.5271044,0.036430262,0.00057351077,9.999629e-06,9.999629e-06,9.999629e-06,9.999629e-06,9.999629e-06
9.999638e-06,0.00039181262,0.09847909,0.8580628,0.042084184,0.0008778772,6.412806e-05,9.999638e-06,9.999638e-06,9.999638e-06
9.999905e-06,1.7983633e-05,0.0002929131,0.005145636,0.22098036,0.17701013,0.5868982,0.008254784,0.0012421666,0.00014777288
9.999916e-06,0.00021899537,0.008237494,0.12888148,0.69858354,0.13937496,0.022708531,0.0018344442,6.0270322e-05,9.0349975e-05
0.08389289,0.8818035,0.034022745,0.00022081877,9.99947e-06,9.99947e-06,9.99947e-06,9.99947e-06,9.99947e-06,9.99947e-06
0.021805825,0.971362,0.006736762,3.5313507e-05,9.999408e-06,9.999408e-06,9.999408e-06,9.999408e-06,9.999408e-06,9.999408e-06
0.00011728224,0.1667049,0.77885497,0.052915357,0.0013574451,9.999547e-06,9.999547e-06,9.999547e-06,9.999547e-06,9.999547e-06
0.03473496,0.8958977,0.068922296,0.00038494373,9.999489e-06,9.999489e-06,9.999489e-06,9.999489e-06,9.999489e-06,9.999489e-06
9.999709e-06,0.002542754,0.062666565,0.87400883,0.05842567,0.0014002797,0.0008869224,3.8941234e-05,9.999709e-06,9.999709e-06
3.534074e-05,0.05454883,0.91356415,0.031512536,0.00028911047,9.999505e-06,9.999505e-06,9.999505e-06,9.999505e-06,9.999505e-06
0.42465034,0.5729137,0.0023659659,9.999383e-06,9.999383e-06,9.999383e-06,9.999383e-06,9.999383e-06,9.999383e-06,9.999383e-06
0.00075398176,0.59067094,0.39709228,0.011164371,0.0002684092,9.999506e-06,9.999506e-06,9.999506e-06,9.999506e-06,9.999506e-06
0.32809213,0.66294324,0.008840579,6.395406e-05,9.999448e-06,9.999448e-06,9.999448e-06,9.999448e-06,9.999448e-06,9.999448e-06
0.0014628787,0.7550602,0.24046448,0.0029409083,2.1549195e-05,9.9995e-06,9.9995e-06,9.9995e-06,9.9995e-06,9.9995e-06
9.999644e-06,0.0015364958,0.19591023,0.7785205,0.02350091,0.00042634102,6.551755e-05,9.999644e-06,9.999644e-06,9.999644e-06
9.999466e-06,0.01735907,0.93166995,0.05074731,0.00016368962,9.999466e-06,9.999466e-06,9.999466e-06,9.999466e-06,9.999466e-06
9.999477e-06,0.0044206884,0.60277575,0.39057183,0.0021716715,9.999477e-06,9.999477e-06,9.999477e-06,9.999477e-06,9.999477e-06
0.037703846,0.95777416,0.0044329087,2.9041188e-05,9.999411e-06,9.999411e-06,9.999411e-06,9.999411e-06,9.999411e-06,9.999411e-06
9.999713e-06,0.010271675,0.39794126,0.57435036,0.017136093,0.00010411782,0.0001564185,9.999713e-06,9.999713e-06,9.999713e-06
1.8187593e-05,0.046535537,0.91563857,0.03762474,0.00013291786,9.999501e-06,9.999501e-06,9.999501e-06,9.999501e-06,9.999501e-06
9.999705e-06,0.00050083845,0.100819975,0.8012113,0.094066806,0.0030476425,0.0003052778,1.811189e-05,9.999705e-06,9.999705e-06
0.7611846,0.23839822,0.00034708655,9.999305e-06,9.999305e-06,9.999305e-06,9.999305e-06,9.999305e-06,9.999305e-06,9.999305e-06
1.559676e-05,0.021240875,0.7259067,0.25101587,0.0017604905,2.0391948e-05,9.9996305e-06,9.9996305e-06,9.9996305e-06,9.9996305e-06
9.999901e-06,1.527249e-05,0.00059532165,0.056544956,0.633227,0.1612817,0.14659292,0.0016642365,1.2201386e-05,5.6426117e-05
0.13208471,0.82397044,0.043413173,0.00045363992,2.8040758e-05,9.999508e-06,9.999508e-06,9.999508e-06,9.999508e-06,9.999508e-06
0.004031204,0.84359384,0.15057126,0.0017303791,2.332014e-05,9.9995e-06,9.9995e-06,9.9995e-06,9.9995e-06,9.9995e-06
0.9989466,0.0009732544,9.999206e-06,9.999206e-06,9.999206e-06,9.999206e-06,9.999206e-06,9.999206e-06,9.999206e-06,9.999206e-06
4.021783e-05,0.08372801,0.75338286,0.1590427,0.0037462858,1.9878516e-05,9.999657e-06,9.999657e-06,9.999657e-06,9.999657e-06
0.03505016,0.931699,0.03245978,0.000693182,4.7803485e-05,9.9995095e-06,9.9995095e-06,9.9995095e-06,9.9995095e-06,9.9995095e-06
9.999838e-06,0.0012869326,0.044863198,0.3758135,0.5424429,0.0316968,0.0032147353,0.0006518393,9.999838e-06,9.999838e-06
9.999788e-06,0.0024228895,0.1757985,0.7193115,0.09730022,0.00340472,0.0016357258,9.641444e-05,9.999788e-06,9.999788e-06
9.999511e-06,0.001224337,0.5179702,0.47752115,0.0032242266,9.999511e-06,9.999511e-06,9.999511e-06,9.999511e-06,9.999511e-06
0.55392474,0.4447834,0.0012218654,9.999379e-06,9.999379e-06,9.999379e-06,9.999379e-06,9.999379e-06,9.999379e-06,9.999379e-06
9.999611e-06,0.0013627363,0.63106745,0.34737518,0.02010334,2.4319723e-05,2.6967606e-05,9.999611e-06,9.999611e-06,9.999611e-06
2.4656461e-05,0.041504804,0.8207174,0.13507792,0.0026237317,1.13885935e-05,9.999632e-06,9.999632e-06,9.999632e-06,9.999632e-06
0.04685527,0.9265297,0.026296813,0.00025821305,9.99949e-06,9.99949e-06,9.99949e-06,9.99949e-06,9.99949e-06,9.99949e-06
1.6032422e-05,0.011191273,0.5163705,0.4440885,0.028010301,0.00023061199,6.27775e-05,9.999758e-06,9.999758e-06,9.999758e-06
0.07299174,0.84275025,0.082783915,0.0013542396,6.9829744e-05,9.999524e-06,9.999524e-06,9.999524e-06,9.999524e-06,9.999524e-06
0.13781805,0.8592658,0.002841275,1.4836723e-05,9.999411e-06,9.999411e-06,9.999411e-06,9.999411e-06,9.999411e-06,9.999411e-06
0.0041653155,0.8718812,0.12149855,0.0023597926,4.5074175e-05,9.999501e-06,9.999501e-06,9.999501e-06,9.999501e-06,9.999501e-06
9.999589e-06,0.003567655,0.7407187,0.2471879,0.00846137,9.999589e-06,1.4327476e-05,9.999589e-06,9.999589e-06,9.999589e-06
0.24608026,0.739255,0.014564431,4.022001e-05,9.999416e-06,9.999416e-06,9.999416e-06,9.999416e-06,9.999416e-06,9.999416e-06
0.0009346462,0.08014455,0.49509522,0.3883224,0.03137452,0.001888283,0.0017831546,0.00042018126,1.5470427e-05,2.1532911e-05
0.99172497,0.008194924,9.999236e-06,9.999236e-06,9.999236e-06,9.999236e-06,9.999236e-06,9.999236e-06,9.999236e-06,9.999236e-06
9.999707e-06,0.0005561797,0.08416697,0.6231264,0.28537866,0.006392837,0.0003087448,4.023114e-05,9.999707e-06,9.999707e-06
0.00026745797,0.2929955,0.64364386,0.06176921,0.0012739742,9.999575e-06,9.999575e-06,9.999575e-06,9.999575e-06,9.999575e-06
9.999905e-06,0.00021457628,0.0032409928,0.14095914,0.64681077,0.18143114,0.023381965,0.0037876705,2.0598056e-05,0.00014312823
0.00080778066,0.3036608,0.65063953,0.04390064,0.0009411701,9.999588e-06,9.999588e-06,9.999588e-06,9.999588e-06,9.999588e-06
0.10824338,0.88431114,0.0073381145,4.728932e-05,9.999425e-06,9.999425e-06,9.999425e-06,9.999425e-06,9.999425e-06,9.999425e-06
0.08261818,0.913518,0.003789942,1.3781737e-05,9.999405e-06,9.999405e-06,9.999405e-06,9.999405e-06,9.999405e-06,9.999405e-06
0.0014576913,0.74211603,0.25226143,0.004067203,4.7667716e-05,9.999501e-06,9.999501e-06,9.999501e-06,9.999501e-06,9.999501e-06
0.027246501,0.9356415,0.03684343,0.00020843175,9.999459e-06,9.999459e-06,9.999459e-06,9.999459e-06,9.999459e-06,9.999459e-06
0.0023177739,0.41540304,0.5783537,0.0038472763,2.8226412e-05,9.999501e-06,9.999501e-06,9.999501e-06,9.999501e-06,9.999501e-06
9.99965e-06,0.013264055,0.5658298,0.3967259,0.02402541,4.62201e-05,6.8573485e-05,9.99965e-06,9.99965e-06,9.99965e-06
9.999701e-06,0.00010470486,0.025467522,0.52880394,0.43409956,0.009483849,0.0019587576,5.1680447e-05,9.999701e-06,9.999701e-06
0.00069348945,0.5572134,0.4319862,0.0098725725,0.00018431645,9.999504e-06,9.999504e-06,9.999504e-06,9.999504e-06,9.999504e-06
9.999713e-06,0.0007570267,0.042602558,0.6596888,0.28293306,0.012349357,0.001486526,0.00015261736,9.999713e-06,9.999713e-06
9.999632e-06,0.001751523,0.22945292,0.6979237,0.07040293,0.00024493973,0.00018391172,9.999632e-06,9.999632e-06,9.999632e-06
0.30798742,0.68828094,0.0036615208,9.999374e-06,9.999374e-06,9.999374e-06,9.999374e-06,9.999374e-06,9.999374e-06,9.999374e-06
0.0076428237,0.9314955,0.060502246,0.00029939646,9.999429e-06,9.999429e-06,9.999429e-06,9.999429e-06,9.999429e-06,9.999429e-06
0.009052205,0.72832924,0.2608831,0.0016677114,1.7768736e-05,9.9995e-06,9.9995e-06,9.9995e-06,9.9995e-06,9.9995e-06
9.99974e-06,0.011396574,0.38211957,0.5660245,0.039654687,0.0007309622,3.2296928e-05,1.1335765e-05,9.99974e-06,9.99974e-06
0.003283278,0.18647881,0.6588477,0.14406452,0.006896625,0.00022044343,0.00012423926,6.444649e-05,9.999855e-06,9.999855e-06
9.999619e-06,0.0033795564,0.3930053,0.55490965,0.048512843,8.472002e-05,6.795601e-05,9.999619e-06,9.999619e-06,9.999619e-06
9.999563e-06,0.0042011198,0.56311023,0.42955762,0.0030673093,1.3718764e-05,9.999563e-06,9.999563e-06,9.999563e-06,9.999563e-06
0.124598734,0.84816396,0.026971601,0.00020560234,9.999498e-06,9.999498e-06,9.999498e-06,9.999498e-06,9.999498e-06,9.999498e-06
0.0002535512,0.16041857,0.7053437,0.13151467,0.0024130344,1.6384247e-05,9.999681e-06,9.999681e-06,9.999681e-06,9.999681e-06
9.999679e-06,0.0008903727,0.07869372,0.8709019,0.04860066,0.0007878034,8.5549014e-05,9.999679e-06,9.999679e-06,9.999679e-06
1.2801172e-05,0.026599007,0.7957853,0.17389956,0.0036481405,1.5098722e-05,9.999628e-06,9.999628e-06,9.999628e-06,9.999628e-06
0.07747631,0.90061355,0.021693496,0.00015657938,9.999471e-06,9.999471e-06,9.999471e-06,9.999471e-06,9.999471e-06,9.999471e-06
9.999838e-06,9.999838e-06,6.4863576e-05,0.0012427351,0.23439382,0.700288,0.035890523,0.02337071,0.002315179,0.0024141436
0.045223475,0.92905587,0.025525376,0.0001352667,9.999436e-06,9.999436e-06,9.999436e-06,9.999436e-06,9.999436e-06,9.999436e-06
1.9420517e-05,0.027392164,0.9436266,0.02856837,0.00034339106,9.999502e-06,9.999502e-06,9.999502e-06,9.999502e-06,9.999502e-06
0.3303821,0.66092396,0.008574646,5.9218903e-05,9.99945e-06,9.99945e-06,9.99945e-06,9.99945e-06,9.99945e-06,9.99945e-06
9.999516e-06,0.002311881,0.7497589,0.23958513,0.008284014,9.999516e-06,9.999516e-06,9.999516e-06,9.999516e-06,9.999516e-06
9.999409e-06,0.004343092,0.9375444,0.05789508,0.00015741271,9.999409e-06,9.999409e-06,9.999409e-06,9.999409e-06,9.999409e-06
9.999905e-06,0.00010406211,0.00836768,0.27241832,0.5503392,0.15158804,0.015981935,0.0010407735,5.2621817e-05,9.7423086e-05
0.004065928,0.93734044,0.05791959,0.0006115072,1.2593538e-05,9.9995e-06,9.9995e-06,9.9995e-06,9.9995e-06,9.9995e-06
0.050223075,0.9352308,0.014431554,5.454044e-05,9.999421e-06,9.999421e-06,9.999421e-06,9.999421e-06,9.999421e-06,9.999421e-06
9.999715e-06,0.00013446843,0.020756846,0.36536056,0.58878624,0.022219438,0.0025741612,0.00013828052,9.999715e-06,9.999715e-06
0.00045043352,0.16425312,0.7655548,0.06514189,0.004546788,1.3039778e-05,9.9996805e-06,9.9996805e-06,9.9996805e-06,9.9996805e-06
2.1465477e-05,0.034578484,0.646095,0.30125928,0.017887298,0.0001044124,2.4119121e-05,9.999732e-06,9.999732e-06,9.999732e-06
9.999592e-06,0.011839712,0.7864341,0.19931567,0.0023447627,1.5701928e-05,9.999592e-06,9.999592e-06,9.999592e-06,9.999592e-06
9.999705e-06,7.4465795e-05,0.012709009,0.28061172,0.6819245,0.023305196,0.0012505599,9.4507595e-05,9.999705e-06,9.999705e-06
9.999452e-06,0.011586186,0.9120705,0.07578529,0.00049803266,9.999452e-06,9.999452e-06,9.999452e-06,9.999452e-06,9.999452e-06
0.000113019145,0.06332513,0.41187373,0.50541776,0.018022042,0.000557629,0.00059445517,7.623817e-05,9.99982e-06,9.99982e-06
0.011081451,0.95067084,0.037804592,0.00038307588,9.999493e-06,9.999493e-06,9.999493e-06,9.999493e-06,9.999493e-06,9.999493e-06
0.0002080051,0.22018375,0.7463296,0.033009723,0.00021891792,9.999511e-06,9.999511e-06,9.999511e-06,9.999511e-06,9.999511e-06
9.999606e-06,0.00037284542,0.18955976,0.7945935,0.015296592,0.000117660864,1.9642222e-05,9.999606e-06,9.999606e-06,9.999606e-06
9.999536e-06,0.0018073652,0.57767975,0.41399387,0.0064533083,1.5619315e-05,9.999536e-06,9.999536e-06,9.999536e-06,9.999536e-06
0.058586147,0.9249533,0.016231004,0.0001695163,9.999492e-06,9.999492e-06,9.999492e-06,9.999492e-06,9.999492e-06,9.999492e-06
9.999511e-06,0.007080916,0.73659515,0.25460088,0.0016629461,9.999511e-06,9.999511e-06,9.999511e-06,9.999511e-06,9.999511e-06
2.1413476e-05,0.02559165,0.9503357,0.023927119,7.40704e-05,9.9995e-06,9.9995e-06,9.9995e-06,9.9995e-06,9.9995e-06
9.999705e-06,0.0002011907,0.028001022,0.8813933,0.085253455,0.0043455763,0.00074268016,3.282795e-05,9.999705e-06,9.999705e-06
0.00079435477,0.832786,0.16368686,0.0026527364,3.0014364e-05,9.9995e-06,9.9995e-06,9.9995e-06,9.9995e-06,9.9995e-06
0.06569109,0.92641276,0.0078075924,2.8595405e-05,9.999412e-06,9.999412e-06,9.999412e-06,9.999412e-06,9.999412e-06,9.999412e-06
9.999605e-06,0.0148687055,0.7336079,0.24901015,0.002432307,3.0860705e-05,9.999605e-06,9.999605e-06,9.999605e-06,9.999605e-06
0.00069068104,0.14122778,0.7446313,0.110143654,0.0032201556,4.319688e-05,1.3213121e-05,9.999769e-06,9.999769e-06,9.999769e-06
9.999569e-06,0.0004627114,0.34618393,0.64225715,0.010994694,5.1534906e-05,9.999569e-06,9.999569e-06,9.999569e-06,9.999569e-06
0.0006464006,0.45776033,0.5282955,0.013013991,0.00023382975,9.999509e-06,9.999509e-06,9.999509e-06,9.999509e-06,9.999509e-06
9.999559e-06,0.00538719,0.5738028,0.41454545,0.0061785905,3.5945894e-05,9.999559e-06,9.999559e-06,9.999559e-06,9.999559e-06
0.0011635948,0.6504051,0.32732475,0.020578433,0.0004780904,9.999531e-06,9.999531e-06,9.999531e-06,9.999531e-06,9.999531e-06
9.9994895e-06,0.044794008,0.84458566,0.10987875,0.00068156066,9.9994895e-06,9.9994895e-06,9.9994895e-06,9.9994895e-06,9.9994895e-06
0.06517395,0.8213815,0.112321965,0.0010328545,3.97054e-05,9.999505e-06,9.999505e-06,9.999505e-06,9.999505e-06,9.999505e-06
0.8954785,0.10438304,6.8453424e-05,9.9993e-06,9.9993e-06,9.9993e-06,9.9993e-06,9.9993e-06,9.9993e-06,9.9993e-06
5.480702e-05,0.10379271,0.85620385,0.039599072,0.00029948098,9.999508e-06,9.999508e-06,9.999508e-06,9.999508e-06,9.999508e-06
9.999427e-06,0.0070710145,0.8778796,0.11412442,0.0008648312,9.999427e-06,9.999427e-06,9.999427e-06,9.999427e-06,9.999427e-06
0.05008714,0.93664074,0.013142506,6.9601374e-05,9.999429e-06,9.999429e-06,9.999429e-06,9.999429e-06,9.999429e-06,9.999429e-06
0.008275886,0.8926148,0.09772348,0.0013045076,3.138055e-05,9.999502e-06,9.999502e-06,9.999502e-06,9.999502e-06,9.999502e-06
0.0027526228,0.942386,0.053794276,0.0010008054,1.6297794e-05,9.9995e-06,9.9995e-06,9.9995e-06,9.9995e-06,9.9995e-06
0.96902925,0.030861719,3.8878803e-05,9.9993e-06,9.9993e-06,9.9993e-06,9.9993e-06,9.9993e-06,9.9993e-06,9.9993e-06
0.04298328,0.95423746,0.0027092127,9.999373e-06,9.999373e-06,9.999373e-06,9.999373e-06,9.999373e-06,9.999373e-06,9.999373e-06
9.9995395e-06,0.017325088,0.80780226,0.17397518,0.0008374582,9.9995395e-06,9.9995395e-06,9.9995395e-06,9.9995395e-06,9.9995395e-06
9.999584e-06,0.027964445,0.8245744,0.1441534,0.0032476594,9.999584e-06,9.999584e-06,9.999584e-06,9.999584e-06,9.999584e-06
0.10992518,0.88648254,0.0035222229,9.999354e-06,9.999354e-06,9.999354e-06,9.999354e-06,9.999354e-06,9.999354e-06,9.999354e-06
9.999892e-06,0.0034872293,0.06422437,0.6225552,0.28178602,0.022273384,0.0049122884,0.00073152676,9.999892e-06,9.999892e-06
8.0543185e-05,0.09240934,0.7479502,0.15713416,0.0023706476,1.50541e-05,9.999638e-06,9.999638e-06,9.999638e-06,9.999638e-06
0.29491857,0.630846,0.072995506,0.0010988198,9.1036956e-05,9.999555e-06,9.999555e-06,9.999555e-06,9.999555e-06,9.999555e-06
0.0011701327,0.4213741,0.56801987,0.009204208,0.00018157941,9.999504e-06,9.999504e-06,9.999504e-06,9.999504e-06,9.999504e-06
9.999444e-06,0.016460083,0.93890464,0.044425152,0.00015006198,9.999444e-06,9.999444e-06,9.999444e-06,9.999444e-06,9.999444e-06
0.052955247,0.8889652,0.057215586,0.0007679062,4.600864e-05,9.999509e-06,9.999509e-06,9.999509e-06,9.999509e-06,9.999509e-06
0.21086736,0.78611,0.0029525477,9.999345e-06,9.999345e-06,9.999345e-06,9.999345e-06,9.999345e-06,9.999345e-06,9.999345e-06
0.007786667,0.944656,0.04633127,0.0011438762,3.2185046e-05,9.999504e-06,9.999504e-06,9.999504e-06,9.999504e-06,9.999504e-06
9.999902e-06,9.9500416e-05,0.0007777653,0.015213043,0.5479059,0.3991827,0.016688,0.019596105,0.00038609063,0.00014078709
0.0016842467,0.44400233,0.5472767,0.006879808,0.00010690515,9.999502e-06,9.999502e-06,9.999502e-06,9.999502e-06,9.999502e-06
0.01688848,0.7332526,0.241885,0.0077154017,0.00020858721,9.999563e-06,9.999563e-06,9.999563e-06,9.999563e-06,9.999563e-06
0.0001518443,0.007754979,0.08390181,0.4859303,0.29912397,0.09642204,0.020249665,0.005274069,0.00046650504,0.000724785
9.999616e-06,0.0006262942,0.16573934,0.78528005,0.04803494,0.00021186408,6.75205e-05,9.999616e-06,9.999616e-06,9.999616e-06
9.999646e-06,0.003172827,0.66550833,0.30769387,0.023506759,6.2153405e-05,1.6007696e-05,9.999646e-06,9.999646e-06,9.999646e-06
9.999902e-06,7.409181e-05,0.0017635229,0.05065037,0.6912536,0.24877442,0.0047415122,0.0026380313,8.3766754e-05,1.07059495e-05
0.005266054,0.38273984,0.59727556,0.01434028,0.0003282494,9.999544e-06,9.999544e-06,9.999544e-06,9.999544e-06,9.999544e-06
0.9706613,0.029116074,0.00015261967,9.999308e-06,9.999308e-06,9.999308e-06,9.999308e-06,9.999308e-06,9.999308e-06,9.999308e-06
0.9292907,0.07047561,0.00016367335,9.999309e-06,9.999309e-06,9.999309e-06,9.999309e-06,9.999309e-06,9.999309e-06,9.999309e-06
0.0034227094,0.82435197,0.16927473,0.0028321347,6.848575e-05,9.999504e-06,9.999504e-06,9.999504e-06,9.999504e-06,9.999504e-06
9.999701e-06,0.00014493082,0.052613266,0.705273,0.23361869,0.008082907,0.00021322333,2.4000965e-05,9.999701e-06,9.999701e-06
9.9998415e-06,9.9998415e-06,4.679454e-05,0.0005519287,0.13606921,0.6932287,0.102297515,0.051673476,0.01065177,0.0054605915
9.999901e-06,1.0696714e-05,0.00026824695,0.0030755852,0.6115581,0.3654497,0.0104304515,0.0083832815,0.0007820817,3.1894368e-05
0.00017515726,0.09196435,0.85891557,0.048481084,0.0004138891,9.999536e-06,9.999536e-06,9.999536e-06,9.999536e-06,9.999536e-06
0.008757466,0.857408,0.13339368,0.00038082336,9.999435e-06,9.999435e-06,9.999435e-06,9.999435e-06,9.999435e-06,9.999435e-06
0.0126771135,0.97336185,0.0138218505,7.912228e-05,9.999414e-06,9.999414e-06,9.999414e-06,9.999414e-06,9.999414e-06,9.999414e-06
1.1825173e-05,0.024782155,0.6934978,0.26778027,0.013818659,1.9852338e-05,5.946073e-05,9.999708e-06,9.999708e-06,9.999708e-06
0.18104285,0.81361157,0.0052703125,1.51990525e-05,9.999408e-06,9.999408e-06,9.999408e-06,9.999408e-06,9.999408e-06,9.999408e-06
9.999713e-06,0.00042369132,0.1155429,0.63752544,0.23894486,0.006323262,0.001156519,5.3283904e-05,9.999713e-06,9.999713e-06
0.26235873,0.7352918,0.0022787359,1.06894195e-05,9.9994095e-06,9.9994095e-06,9.9994095e-06,9.9994095e-06,9.9994095e-06,9.9994095e-06
4.5594177e-05,0.0723366,0.87313163,0.051965192,0.0024709534,9.999539e-06,9.999539e-06,9.999539e-06,9.999539e-06,9.999539e-06
0.15866397,0.8081085,0.03295217,0.0002119508,1.334592e-05,9.999501e-06,9.999501e-06,9.999501e-06,9.999501e-06,9.999501e-06
9.999904e-06,0.00011502245,0.0025727374,0.08080652,0.7058877,0.1968456,0.010555493,0.0031005181,8.9880195e-05,1.6509779e-05
0.77842003,0.21984823,0.0016615972,1.0090987e-05,9.999413e-06,9.999413e-06,9.999413e-06,9.999413e-06,9.999413e-06,9.999413e-06
0.9601622,0.039584287,0.00018341336,9.99931e-06,9.99931e-06,9.99931e-06,9.99931e-06,9.99931e-06,9.99931e-06,9.99931e-06
0.003967146,0.5346411,0.34850264,0.1073494,0.005102026,0.00025267267,4.8465747e-05,0.00011648925,9.999847e-06,9.999847e-06
9.999622e-06,0.0014661489,0.4894155,0.4166275,0.09220499,0.00018573256,6.0066082e-05,9.999622e-06,9.999622e-06,9.999622e-06
9.999805e-06,0.0028372882,0.086524405,0.8014439,0.098654844,0.008732848,0.0016042868,0.00017244303,9.999805e-06,9.999805e-06
9.999478e-06,0.008780053,0.91140527,0.077738576,0.0020161476,9.999478e-06,9.999478e-06,9.999478e-06,9.999478e-06,9.999478e-06
9.999711e-06,0.00018365358,0.019394765,0.6238562,0.33700857,0.014634987,0.0047523836,0.00013941735,9.999711e-06,9.999711e-06
0.080522895,0.84382313,0.07425032,0.0012973334,5.635963e-05,9.999523e-06,9.999523e-06,9.999523e-06,9.999523e-06,9.999523e-06
9.999903e-06,2.7225156e-05,0.0006205305,0.02207888,0.49809587,0.39208812,0.07835249,0.0065702954,0.00054273783,0.0016138735
0.020615334,0.96840495,0.010848574,7.1103976e-05,9.9994195e-06,9.9994195e-06,9.9994195e-06,9.9994195e-06,9.9994195e-06,9.9994195e-06
9.0673035e-05,0.026339578,0.6996467,0.23853786,0.034534108,0.00012135488,0.0006996436,9.999781e-06,9.999781e-06,9.999781e-06
0.067238815,0.90513587,0.027377475,0.00018783002,9.999474e-06,9.999474e-06,9.999474e-06,9.999474e-06,9.999474e-06,9.999474e-06
0.1289278,0.8534861,0.01737464,0.00015131308,9.999486e-06,9.999486e-06,9.999486e-06,9.999486e-06,9.999486e-06,9.999486e-06
0.024772482,0.9610823,0.014027602,5.7556117e-05,9.999412e-06,9.999412e-06,9.999412e-06,9.999412e-06,9.999412e-06,9.999412e-06
9.999912e-06,0.0008788693,0.012430503,0.44380292,0.4093866,0.1282491,0.0030787773,0.0021285084,2.3781306e-05,1.0961545e-05
0.66123456,0.33465216,0.0040304014,2.2862572e-05,9.999421e-06,9.999421e-06,9.999421e-06,9.999421e-06,9.999421e-06,9.999421e-06
9.999429e-06,0.008042168,0.9440321,0.047634095,0.0002316564,9.999429e-06,9.999429e-06,9.999429e-06,9.999429e-06,9.999429e-06
9.999935e-06,3.2505108e-05,0.00011219082,0.0006175146,0.020915896,0.1570406,0.24123374,0.13961685,0.043180827,0.39723983
0.00309435,0.8686878,0.11697863,0.0108334515,0.0003557047,9.999582e-06,9.999582e-06,9.999582e-06,9.999582e-06,9.999582e-06
1.3619808e-05,0.034692395,0.9089495,0.056029417,0.00026500985,9.999506e-06,9.999506e-06,9.999506e-06,9.999506e-06,9.999506e-06
9.9999e-06,3.4629673e-05,0.007030575,0.17520396,0.7077927,0.10471422,0.0048357295,0.00035182477,1.4107186e-05,1.2179273e-05
0.0017330998,0.73739713,0.25405407,0.006648588,0.00011708028,9.999504e-06,9.999504e-06,9.999504e-06,9.999504e-06,9.999504e-06
9.999433e-06,0.0168664,0.94688344,0.036111012,7.9090474e-05,9.999433e-06,9.999433e-06,9.999433e-06,9.999433e-06,9.999433e-06
0.0030401284,0.8832156,0.11230593,0.0013748991,1.3508352e-05,9.999501e-06,9.999501e-06,9.999501e-06,9.999501e-06,9.999501e-06
1.4626929e-05,0.024868306,0.93416554,0.040750347,0.00015115703,9.999502e-06,9.999502e-06,9.999502e-06,9.999502e-06,9.999502e-06
0.0010035635,0.37585825,0.6126175,0.010306326,0.0001643502,9.999506e-06,9.999506e-06,9.999506e-06,9.999506e-06,9.999506e-06
0.003096988,0.53332233,0.45727545,0.0061689606,8.6214786e-05,9.999504e-06,9.999504e-06,9.999504e-06,9.999504e-06,9.999504e-06
9.999663e-06,0.01198767,0.75587815,0.22735623,0.0047001396,2.2919477e-05,1.4927534e-05,9.999663e-06,9.999663e-06,9.999663e-06
0.0010105077,0.518911,0.47221932,0.0077166352,9.2565e-05,9.999504e-06,9.999504e-06,9.999504e-06,9.999504e-06,9.999504e-06
0.12424872,0.87019604,0.0054656146,2.9568013e-05,9.999413e-06,9.999413e-06,9.999413e-06,9.999413e-06,9.999413e-06,9.999413e-06
9.999902e-06,8.5837615e-05,0.002651503,0.073888235,0.7721898,0.13995656,0.0092591755,0.0019242185,1.7141803e-05,1.756646e-05
9.9997105e-06,0.0005570835,0.1190965,0.45322135,0.41926888,0.0041057086,0.0036687024,5.167959e-05,9.9997105e-06,9.9997105e-06
0.006129336,0.9088841,0.08389134,0.0010212376,2.3893017e-05,9.9995e-06,9.9995e-06,9.9995e-06,9.9995e-06,9.9995e-06
0.0021556518,0.3449403,0.3195381,0.28922477,0.035523795,0.005930689,0.0008283751,0.0017431255,3.078895e-05,8.4400635e-05
0.023164017,0.9594761,0.01724533,5.453656e-05,9.999414e-06,9.999414e-06,9.999414e-06,9.999414e-06,9.999414e-06,9.999414e-06
0.004809494,0.65701544,0.336771,0.0013427626,1.1292772e-05,9.9995e-06,9.9995e-06,9.9995e-06,9.9995e-06,9.9995e-06
9.99992e-06,3.1479856e-05,0.00016375452,0.0004116095,0.046587188,0.28538162,0.40159503,0.22515494,0.03342971,0.0072347485
5.2383184e-05,0.037562553,0.7608477,0.19161725,0.009827278,3.0849715e-05,3.1924297e-05,9.999715e-06,9.999715e-06,9.999715e-06
0.0017549873,0.80516523,0.18134005,0.011432535,0.00025720627,9.999529e-06,9.999529e-06,9.999529e-06,9.999529e-06,9.999529e-06
9.999907e-06,0.00022876619,0.005063215,0.21383555,0.60557276,0.13218087,0.0407738,0.0021423385,2.0874708e-05,0.00017190064
0.9968183,0.0031016343,9.999229e-06,9.999229e-06,9.999229e-06,9.999229e-06,9.999229e-06,9.999229e-06,9.999229e-06,9.999229e-06
0.0006633701,0.4620346,0.51187164,0.025112806,0.00026751653,9.999518e-06,9.999518e-06,9.999518e-06,9.999518e-06,9.999518e-06
9.9997515e-06,0.007528167,0.47871345,0.48676524,0.026572037,0.00021635894,0.00016466991,9.9997515e-06,9.9997515e-06,9.9997515e-06
0.00047495603,0.17119221,0.7733705,0.0545115,0.00040077916,9.999565e-06,9.999565e-06,9.999565e-06,9.999565e-06,9.999565e-06
0.0008324157,0.22273456,0.5414502,0.21353091,0.020816652,0.00033363374,0.0002308291,5.0780294e-05,9.999815e-06,9.999815e-06
0.0040812907,0.77337986,0.22007538,0.0023841695,2.927236e-05,9.9995e-06,9.9995e-06,9.9995e-06,9.9995e-06,9.9995e-06
9.999428e-06,0.002984777,0.84021914,0.15549354,0.001242477,9.999428e-06,9.999428e-06,9.999428e-06,9.999428e-06,9.999428e-06
0.1894815,0.7954075,0.014942307,0.00010872374,9.999485e-06,9.999485e-06,9.999485e-06,9.999485e-06,9.999485e-06,9.999485e-06
9.999561e-06,0.028631115,0.8005728,0.16806711,0.002668951,9.999561e-06,9.999561e-06,9.999561e-06,9.999561e-06,9.999561e-06
9.99955e-06,0.003372031,0.7801446,0.20463535,0.011787484,1.051173e-05,9.99955e-06,9.99955e-06,9.99955e-06,9.99955e-06
9.999741e-06,3.9985665e-05,0.0031277735,0.13191704,0.78666615,0.06854424,0.009130204,0.0005445752,9.999741e-06,9.999741e-06
9.999772e-06,0.0016779593,0.1454437,0.81169343,0.03819836,0.0017084908,0.0011845102,6.355354e-05,9.999772e-06,9.999772e-06
9.999914e-06,1.2244313e-05,6.34002e-05,5.464709e-05,0.0051043867,0.10223985,0.04260466,0.2040087,0.5303559,0.11554629
9.9999115e-06,2.516113e-05,0.00015121634,0.0019828435,0.13495438,0.44513446,0.347942,0.052217353,0.015111261,0.002471361
0.0047939224,0.91147614,0.08287884,0.0007910791,9.999458e-06,9.999458e-06,9.999458e-06,9.999458e-06,9.999458e-06,9.999458e-06
9.99956e-06,0.0017841351,0.6015841,0.3890631,0.007501142,1.7555509e-05,9.99956e-06,9.99956e-06,9.99956e-06,9.99956e-06
0.10135399,0.8871589,0.011386963,4.0092007e-05,9.999412e-06,9.999412e-06,9.999412e-06,9.999412e-06,9.999412e-06,9.999412e-06
2.7767095e-05,0.0009993806,0.0056174407,0.0976503,0.33793572,0.17570193,0.3583915,0.021746708,0.001528593,0.0004006757
0.0042165704,0.9398289,0.054552477,0.0013297916,2.2245089e-05,9.999502e-06,9.999502e-06,9.999502e-06,9.999502e-06,9.999502e-06
9.999767e-06,0.006228359,0.36120087,0.58961695,0.04173071,0.0009825599,0.00018847993,2.2028842e-05,9.999767e-06,9.999767e-06
9.999612e-06,0.00064223417,0.17255603,0.8174122,0.009239775,7.235064e-05,3.7419246e-05,9.999612e-06,9.999612e-06,9.999612e-06
0.00025698205,0.23761144,0.7380502,0.023864733,0.00016661445,9.999505e-06,9.999505e-06,9.999505e-06,9.999505e-06,9.999505e-06
0.9718179,0.028023249,8.871061e-05,9.999301e-06,9.999301e-06,9.999301e-06,9.999301e-06,9.999301e-06,9.999301e-06,9.999301e-06
0.00088667165,0.7411688,0.2530738,0.0047673844,5.3234e-05,9.999501e-06,9.999501e-06,9.999501e-06,9.999501e-06,9.999501e-06
0.0011509077,0.23172696,0.6742443,0.09002561,0.0027640979,2.971467e-05,2.8406386e-05,9.999772e-06,9.999772e-06,9.999772e-06
0.0025224583,0.57850385,0.4128382,0.005968533,0.000116941905,9.999511e-06,9.999511e-06,9.999511e-06,9.999511e-06,9.999511e-06
9.999617e-06,0.001734948,0.481355,0.5009261,0.015807288,0.00012663237,1.0032881e-05,9.999617e-06,9.999617e-06,9.999617e-06
0.0024562436,0.9014381,0.094295144,0.0017305646,2.9958872e-05,9.999502e-06,9.999502e-06,9.999502e-06,9.999502e-06,9.999502e-06
0.47151974,0.5260027,0.002404511,1.2933532e-05,9.999412e-06,9.999412e-06,9.999412e-06,9.999412e-06,9.999412e-06,9.999412e-06
9.99942e-06,0.007975983,0.8860714,0.10554467,0.00034795946,9.99942e-06,9.99942e-06,9.99942e-06,9.99942e-06,9.99942e-06
0.0048996094,0.92158055,0.07286174,0.0005980285,9.999481e-06,9.999481e-06,9.999481e-06,9.999481e-06,9.999481e-06,9.999481e-06
0.0014225536,0.47989082,0.48756233,0.030562812,0.00051137863,9.999562e-06,9.999562e-06,9.999562e-06,9.999562e-06,9.999562e-06
9.999724e-06,0.0005851605,0.10742149,0.40995258,0.46926308,0.0054845745,0.0071843406,7.875686e-05,9.999724e-06,9.999724e-06
0.17405625,0.81592023,0.009907864,5.5615026e-05,9.9994395e-06,9.9994395e-06,9.9994395e-06,9.9994395e-06,9.9994395e-06,9.9994395e-06
0.016794112,0.93901414,0.04364067,0.0004910046,9.9994995e-06,9.9994995e-06,9.9994995e-06,9.9994995e-06,9.9994995e-06,9.9994995e-06
0.00011442806,0.050796714,0.7974248,0.14759971,0.004010258,1.4028344e-05,9.999674e-06,9.999674e-06,9.999674e-06,9.999674e-06
9.999792e-06,0.010966701,0.22767928,0.6997628,0.057765454,0.0034114174,0.0002991152,8.5162545e-05,9.999792e-06,9.999792e-06
0.0018898797,0.83357376,0.16268407,0.0017862708,1.5993766e-05,9.9995e-06,9.9995e-06,9.9995e-06,9.9995e-06,9.9995e-06
0.023333987,0.7922339,0.18170492,0.0026009874,7.620306e-05,9.999511e-06,9.999511e-06,9.999511e-06,9.999511e-06,9.999511e-06
9.999853e-06,9.999853e-06,0.00012168603,0.0021961979,0.5157826,0.37884536,0.09180678,0.0104330955,0.0007409016,5.337115e-05
0.018558396,0.96941966,0.01189614,6.570672e-05,9.999412e-06,9.999412e-06,9.999412e-06,9.999412e-06,9.999412e-06,9.999412e-06
0.75630915,0.24323055,0.00039025425,9.999309e-06,9.999309e-06,9.999309e-06,9.999309e-06,9.999309e-06,9.999309e-06,9.999309e-06
0.84962374,0.14993761,0.00036857836,9.9993085e-06,9.9993085e-06,9.9993085e-06,9.9993085e-06,9.9993085e-06,9.9993085e-06,9.9993085e-06
0.5528454,0.42896914,0.017911416,0.00020287553,2.1100172e-05,9.999518e-06,9.999518e-06,9.999518e-06,9.999518e-06,9.999518e-06
0.002774979,0.49160504,0.49748528,0.007908451,0.00017627799,9.999508e-06,9.999508e-06,9.999508e-06,9.999508e-06,9.999508e-06
0.028126074,0.9658202,0.0059733517,2.035529e-05,9.999404e-06,9.999404e-06,9.999404e-06,9.999404e-06,9.999404e-06,9.999404e-06
0.0073944824,0.9374472,0.05451494,0.0005791039,1.4241884e-05,9.9994995e-06,9.9994995e-06,9.9994995e-06,9.9994995e-06,9.9994995e-06
3.0770683e-05,0.008569908,0.3376184,0.5161885,0.13316722,0.004004474,0.00031665358,8.399599e-05,9.99982e-06,9.99982e-06
0.0007317536,0.4287601,0.49794918,0.070096664,0.0024093396,1.2722726e-05,1.0174346e-05,9.999726e-06,9.999726e-06,9.999726e-06
7.768733e-05,0.105246626,0.8107131,0.08253224,0.0013802667,9.999565e-06,9.999565e-06,9.999565e-06,9.999565e-06,9.999565e-06
0.009461509,0.97170347,0.018553907,0.0002211655,9.999461e-06,9.999461e-06,9.999461e-06,9.999461e-06,9.999461e-06,9.999461e-06
5.6260367e-05,0.11787469,0.857062,0.024689881,0.00026713026,9.999502e-06,9.999502e-06,9.999502e-06,9.999502e-06,9.999502e-06
0.0005088982,0.053268448,0.6096802,0.3205977,0.014712214,0.0010163564,9.6255186e-05,0.000100045574,9.999876e-06,9.999876e-06
1.811053e-05,0.02023269,0.45833087,0.45807374,0.062222447,0.00096741883,0.00011041439,2.4267963e-05,9.999801e-06,9.999801e-06
0.00024745052,0.22121508,0.77066946,0.0078018857,1.6164771e-05,9.9995e-06,9.9995e-06,9.9995e-06,9.9995e-06,9.9995e-06
1.0498039e-05,0.019014327,0.79608727,0.18412057,0.00071732624,9.999548e-06,9.999548e-06,9.999548e-06,9.999548e-06,9.999548e-06
0.46518075,0.53178024,0.0029689437,9.999368e-06,9.999368e-06,9.999368e-06,9.999368e-06,9.999368e-06,9.999368e-06,9.999368e-06
9.999559e-06,0.008519505,0.60580724,0.38129723,0.0042689354,5.706673e-05,9.999559e-06,9.999559e-06,9.999559e-06,9.999559e-06
9.999713e-06,0.0007564532,0.1836023,0.73446065,0.07951794,0.0012772296,0.0003383323,1.7039005e-05,9.999713e-06,9.999713e-06
9.99955e-06,0.0010757373,0.40366322,0.59118885,0.0040032063,1.902953e-05,9.99955e-06,9.99955e-06,9.99955e-06,9.99955e-06
0.0016535429,0.8613107,0.13341902,0.0035214217,4.5323646e-05,9.999502e-06,9.999502e-06,9.999502e-06,9.999502e-06,9.999502e-06
0.20633258,0.79098827,0.0026062601,1.2880157e-05,9.999409e-06,9.999409e-06,9.999409e-06,9.999409e-06,9.999409e-06,9.999409e-06
9.999796e-06,0.0012555198,0.053780638,0.32673538,0.5853253,0.028159462,0.0041291295,0.00058462564,9.999796e-06,9.999796e-06
9.999609e-06,0.0005025009,0.29490376,0.6721753,0.03222917,0.00012128868,2.8027702e-05,9.999609e-06,9.999609e-06,9.999609e-06
9.9994095e-06,0.0033028154,0.87192047,0.12424528,0.0004714411,9.9994095e-06,9.9994095e-06,9.9994095e-06,9.9994095e-06,9.9994095e-06
9.999501e-06,0.014494902,0.7540122,0.23060739,0.00082551624,9.999501e-06,9.999501e-06,9.999501e-06,9.999501e-06,9.999501e-06
0.86224705,0.1373441,0.0003387506,9.999313e-06,9.999313e-06,9.999313e-06,9.999313e-06,9.999313e-06,9.999313e-06,9.999313e-06
2.9702953e-05,0.07405608,0.765529,0.15809852,0.0022366976,9.999622e-06,9.999622e-06,9.999622e-06,9.999622e-06,9.999622e-06
0.40232286,0.58227223,0.0152613325,8.35191e-05,9.999439e-06,9.999439e-06,9.999439e-06,9.999439e-06,9.999439e-06,9.999439e-06
0.47951773,0.51234794,0.008041254,3.3075532e-05,9.9994195e-06,9.9994195e-06,9.9994195e-06,9.9994195e-06,9.9994195e-06,9.9994195e-06
9.999709e-06,0.0006777023,0.075018845,0.7691684,0.14876793,0.00223385,0.0040575815,4.5755834e-05,9.999709e-06,9.999709e-06
9.999608e-06,0.0005617091,0.36107093,0.62290525,0.015353898,5.091112e-05,1.7271755e-05,9.999608e-06,9.999608e-06,9.999608e-06
0.96478516,0.0351002,4.455328e-05,9.9993e-06,9.9993e-06,9.9993e-06,9.9993e-06,9.9993e-06,9.9993e-06,9.9993e-06
9.999905e-06,6.9648675e-05,0.00093680347,0.03592435,0.4191683,0.4938661,0.034647163,0.01105492,0.0010579167,0.00326478
0.0017458851,0.19101836,0.7726077,0.033355743,0.0012222889,9.999578e-06,9.999578e-06,9.999578e-06,9.999578e-06,9.999578e-06
0.06846523,0.9115514,0.019799275,0.00012410345,9.99945e-06,9.99945e-06,9.99945e-06,9.99945e-06,9.99945e-06,9.99945e-06
2.433176e-05,0.031835057,0.64703774,0.31081247,0.01010663,0.00013421118,1.9611978e-05,9.999751e-06,9.999751e-06,9.999751e-06
9.999479e-06,0.00094851863,0.5945131,0.39935118,0.0051271347,9.999479e-06,9.999479e-06,9.999479e-06,9.999479e-06,9.999479e-06
9.999642e-06,0.0006697799,0.1953995,0.7091974,0.09398598,0.0004906652,0.00021663474,9.999642e-06,9.999642e-06,9.999642e-06
9.999903e-06,0.00028872813,0.03284201,0.4752371,0.39495525,0.09531839,0.0008687043,0.00043545602,1.2520655e-05,3.1834392e-05
0.032738715,0.96327686,0.003914119,1.0325904e-05,9.999402e-06,9.999402e-06,9.999402e-06,9.999402e-06,9.999402e-06,9.999402e-06
0.0035839747,0.05966825,0.1900893,0.41862392,0.22959127,0.060552422,0.02014516,0.0138850035,0.0025699325,0.001290805
0.002051405,0.37871417,0.60157675,0.017486941,0.000120687735,9.99952e-06,9.99952e-06,9.99952e-06,9.99952e-06,9.99952e-06
0.023333548,0.95737225,0.01904901,0.00018513447,9.999452e-06,9.999452e-06,9.999452e-06,9.999452e-06,9.999452e-06,9.999452e-06
0.5615747,0.43687338,0.0014818095,9.999356e-06,9.999356e-06,9.999356e-06,9.999356e-06,9.999356e-06,9.999356e-06,9.999356e-06
0.0061114444,0.80155885,0.19048226,0.0017667506,3.071369e-05,9.999501e-06,9.999501e-06,9.999501e-06,9.999501e-06,9.999501e-06
9.999709e-06,0.0009866487,0.2654719,0.6864335,0.045717876,0.001274462,7.4985124e-05,1.0657731e-05,9.999709e-06,9.999709e-06
0.0049594226,0.5555331,0.43729398,0.0021476934,1.5796013e-05,9.9995e-06,9.9995e-06,9.9995e-06,9.9995e-06,9.9995e-06
0.021069758,0.9581666,0.020594683,0.00010890581,9.999424e-06,9.999424e-06,9.999424e-06,9.999424e-06,9.999424e-06,9.999424e-06
0.0005823176,0.5572785,0.4260181,0.015879117,0.00019190795,9.999506e-06,9.999506e-06,9.999506e-06,9.999506e-06,9.999506e-06
0.002349615,0.8533017,0.1433075,0.0009811383,9.999483e-06,9.999483e-06,9.999483e-06,9.999483e-06,9.999483e-06,9.999483e-06
0.88214225,0.11724827,0.00053938694,9.999342e-06,9.999342e-06,9.999342e-06,9.999342e-06,9.999342e-06,9.999342e-06,9.999342e-06
9.999409e-06,0.0032566302,0.8854276,0.11091402,0.00034177885,9.999409e-06,9.999409e-06,9.999409e-06,9.999409e-06,9.999409e-06
9.999921e-06,3.119462e-05,0.0001808856,0.0012289552,0.08490943,0.5239638,0.14908278,0.104491286,0.08281098,0.05329061
0.94744694,0.052396316,8.6611915e-05,9.999302e-06,9.999302e-06,9.999302e-06,9.999302e-06,9.999302e-06,9.999302e-06,9.999302e-06
9.999758e-06,0.0012266734,0.06421059,0.72699314,0.19071648,0.015297954,0.0013566562,0.000168531,9.999758e-06,9.999758e-06
9.999474e-06,0.0038185462,0.7744379,0.21820623,0.0034772616,9.999474e-06,9.999474e-06,9.999474e-06,9.999474e-06,9.999474e-06
9.999911e-06,0.00012767648,0.004663569,0.11591515,0.581938,0.07163208,0.22340088,0.0022639812,3.558388e-05,1.3096695e-05
0.000639263,0.13547288,0.77696997,0.08460307,0.0022547417,1.8523066e-05,1.1591769e-05,9.9997305e-06,9.9997305e-06,9.9997305e-06
9.99944e-06,0.020212768,0.95191836,0.02775471,5.4143988e-05,9.99944e-06,9.99944e-06,9.99944e-06,9.99944e-06,9.99944e-06
0.006435107,0.81483364,0.17398764,0.0045549953,0.00013855578,9.999517e-06,9.999517e-06,9.999517e-06,9.999517e-06,9.999517e-06
0.019249212,0.8233866,0.15549919,0.0017423407,7.264455e-05,9.999505e-06,9.999505e-06,9.999505e-06,9.999505e-06,9.999505e-06
9.999627e-06,0.001050102,0.1457615,0.8457066,0.0072593424,0.00016162747,2.089433e-05,9.999627e-06,9.999627e-06,9.999627e-06
1.2758069e-05,0.0206824,0.9216259,0.057369504,0.00025941673,9.999506e-06,9.999506e-06,9.999506e-06,9.999506e-06,9.999506e-06
9.999834e-06,9.999834e-06,3.8118105e-05,0.00078611216,0.049388196,0.2636682,0.6256722,0.027054658,0.023124618,0.010247861
9.9999e-06,1.9325096e-05,0.0012268706,0.10588046,0.6680299,0.19563857,0.0283525,0.00079275033,1.088731e-05,3.87652e-05
0.10530984,0.8663217,0.028207581,0.0001008906,9.999431e-06,9.999431e-06,9.999431e-06,9.999431e-06,9.999431e-06,9.999431e-06
0.8651464,0.13460928,0.00017428267,9.999302e-06,9.999302e-06,9.999302e-06,9.999302e-06,9.999302e-06,9.999302e-06,9.999302e-06
0.8011168,0.19851512,0.00029800672,9.999316e-06,9.999316e-06,9.999316e-06,9.999316e-06,9.999316e-06,9.999316e-06,9.999316e-06
0.00049206184,0.48697546,0.48174837,0.030288743,0.00044530502,9.999521e-06,9.999521e-06,9.999521e-06,9.999521e-06,9.999521e-06
9.999747e-06,0.003866654,0.28584814,0.63165087,0.076139525,0.0022395826,0.00019359619,3.160181e-05,9.999747e-06,9.999747e-06
0.005231943,0.9055606,0.08755984,0.0015735871,2.400277e-05,9.999501e-06,9.999501e-06,9.999501e-06,9.999501e-06,9.999501e-06
9.999489e-06,0.016521104,0.9503124,0.03298036,0.00012620028,9.999489e-06,9.999489e-06,9.999489e-06,9.999489e-06,9.999489e-06
0.009641555,0.5634569,0.41904998,0.0076546716,0.00014690094,9.999518e-06,9.999518e-06,9.999518e-06,9.999518e-06,9.999518e-06
6.0631195e-05,0.0020726444,0.019351317,0.22640711,0.3800447,0.09014482,0.2731065,0.0073487596,0.00045493915,0.0010085886
0.9660627,0.033794586,7.2561495e-05,9.9993e-06,9.9993e-06,9.9993e-06,9.9993e-06,9.9993e-06,9.9993e-06,9.9993e-06
0.007360879,0.728709,0.2596043,0.0042091124,6.671499e-05,9.999511e-06,9.999511e-06,9.999511e-06,9.999511e-06,9.999511e-06
0.008633259,0.91197044,0.07882239,0.0005138574,9.9994695e-06,9.9994695e-06,9.9994695e-06,9.9994695e-06,9.9994695e-06,9.9994695e-06
0.8795017,0.12014308,0.00028513686,9.999306e-06,9.999306e-06,9.999306e-06,9.999306e-06,9.999306e-06,9.999306e-06,9.999306e-06
6.5560096e-05,0.013169206,0.38798228,0.5661021,0.0303418,0.001718122,0.00047467538,0.00012623766,9.999872e-06,9.999872e-06
0.010012808,0.9745342,0.015326823,6.614264e-05,9.999412e-06,9.999412e-06,9.999412e-06,9.999412e-06,9.999412e-06,9.999412e-06
0.34672028,0.6513764,0.001833253,9.999328e-06,9.999328e-06,9.999328e-06,9.999328e-06,9.999328e-06,9.999328e-06,9.999328e-06
9.999535e-06,0.011789937,0.6082284,0.37829435,0.001627368,9.999535e-06,9.999535e-06,9.999535e-06,9.999535e-06,9.999535e-06
0.035991423,0.9099093,0.053336818,0.0006798184,3.2534965e-05,9.999504e-06,9.999504e-06,9.999504e-06,9.999504e-06,9.999504e-06
9.9998415e-06,9.9998415e-06,0.00012749317,0.0018223608,0.57654846,0.3979979,0.014911107,0.007818918,0.00071717106,3.662884e-05
0.023460066,0.82986,0.14338762,0.0031004988,0.00014178915,9.999539e-06,9.999539e-06,9.999539e-06,9.999539e-06,9.999539e-06
0.065500826,0.9296994,0.0047283582,1.1317051e-05,9.999402e-06,9.999402e-06,9.999402e-06,9.999402e-06,9.999402e-06,9.999402e-06
7.743482e-05,0.016822482,0.3708157,0.44304284,0.1609383,0.0013154991,0.006864888,0.000102775426,9.999815e-06,9.999815e-06
0.33700928,0.6496281,0.013210045,9.263831e-05,9.999492e-06,9.999492e-06,9.999492e-06,9.999492e-06,9.999492e-06,9.999492e-06
0.033829637,0.95582867,0.01023639,4.5202964e-05,9.999411e-06,9.999411e-06,9.999411e-06,9.999411e-06,9.999411e-06,9.999411e-06
0.96935797,0.030482877,8.90683e-05,9.9993e-06,9.9993e-06,9.9993e-06,9.9993e-06,9.9993e-06,9.9993e-06,9.9993e-06
0.015534073,0.9558846,0.028336784,0.00018450017,9.999458e-06,9.999458e-06,9.999458e-06,9.999458e-06,9.999458e-06,9.999458e-06
0.0035606062,0.9287012,0.06714424,0.0005335567,1.0377075e-05,9.9994995e-06,9.9994995e-06,9.9994995e-06,9.9994995e-06,9.9994995e-06
0.008495415,0.96960473,0.02168221,0.00015755325,9.999428e-06,9.999428e-06,9.999428e-06,9.999428e-06,9.999428e-06,9.999428e-06
0.0005637229,0.18832012,0.7801904,0.030192222,0.0006834563,9.999521e-06,9.999521e-06,9.999521e-06,9.999521e-06,9.999521e-06
9.999417e-06,0.003867884,0.8486515,0.14667004,0.00075050624,9.999417e-06,9.999417e-06,9.999417e-06,9.999417e-06,9.999417e-06
0.21868898,0.77207094,0.00912419,5.5847322e-05,9.999429e-06,9.999429e-06,9.999429e-06,9.999429e-06,9.999429e-06,9.999429e-06
0.9949183,0.0050016013,9.99926e-06,9.99926e-06,9.99926e-06,9.99926e-06,9.99926e-06,9.99926e-06,9.99926e-06,9.99926e-06
9.999608e-06,0.0014781067,0.4690549,0.5046479,0.024706056,2.8502896e-05,4.447042e-05,9.999608e-06,9.999608e-06,9.999608e-06
0.11303396,0.8733704,0.013420407,0.00011512569,9.999471e-06,9.999471e-06,9.999471e-06,9.999471e-06,9.999471e-06,9.999471e-06
0.010189322,0.7848366,0.20053865,0.0043100095,7.539109e-05,9.999513e-06,9.999513e-06,9.999513e-06,9.999513e-06,9.999513e-06
1.1428164e-05,0.0143722035,0.6953331,0.26717666,0.02300937,5.537322e-05,1.1798356e-05,9.9997105e-06,9.9997105e-06,9.9997105e-06
9.999555e-06,0.00068953575,0.40093413,0.584421,0.013832792,7.2550225e-05,9.999555e-06,9.999555e-06,9.999555e-06,9.999555e-06
0.0043753246,0.7911911,0.20387113,0.00050237495,9.9994195e-06,9.9994195e-06,9.9994195e-06,9.9994195e-06,9.9994195e-06,9.9994195e-06
0.0009830245,0.22552088,0.7551515,0.01817258,0.00012204152,9.999511e-06,9.999511e-06,9.999511e-06,9.999511e-06,9.999511e-06
0.76259726,0.2359658,0.0013668854,9.999387e-06,9.999387e-06,9.999387e-06,9.999387e-06,9.999387e-06,9.999387e-06,9.999387e-06
9.999727e-06,0.0034834114,0.22649315,0.72697353,0.042172864,0.0006944935,0.00013910217,1.349164e-05,9.999727e-06,9.999727e-06
9.999581e-06,0.01362969,0.737045,0.2475061,0.0017554852,1.3755156e-05,9.999581e-06,9.999581e-06,9.999581e-06,9.999581e-06
9.999629e-06,0.0060400795,0.47824636,0.488083,0.027419506,0.00014817654,2.2871778e-05,9.999629e-06,9.999629e-06,9.999629e-06
0.0015749421,0.28589988,0.61223507,0.09707957,0.0030332718,4.3264015e-05,9.9094475e-05,1.4985418e-05,9.999808e-06,9.999808e-06
9.999449e-06,0.012968143,0.8959871,0.09043067,0.0005540545,9.999449e-06,9.999449e-06,9.999449e-06,9.999449e-06,9.999449e-06
0.24623466,0.74024314,0.013435553,2.6693717e-05,9.999409e-06,9.999409e-06,9.999409e-06,9.999409e-06,9.999409e-06,9.999409e-06
9.999902e-06,3.6549627e-05,0.00036826872,0.0020671948,0.37352902,0.53899735,0.02709718,0.04906965,0.0083576245,0.00046709445
0.21436061,0.66857237,0.113144085,0.0034122465,0.00046049556,9.999732e-06,1.0114032e-05,9.999732e-06,9.999732e-06,9.999732e-06
0.0003159422,0.20305876,0.6644644,0.12885499,0.0032414861,2.434538e-05,9.9997005e-06,9.9997005e-06,9.9997005e-06,9.9997005e-06
9.99964e-06,0.013818605,0.68879265,0.27951425,0.017799824,1.8870845e-05,1.57915e-05,9.99964e-06,9.99964e-06,9.99964e-06
0.018943844,0.9690741,0.011809194,0.00011279803,9.999432e-06,9.999432e-06,9.999432e-06,9.999432e-06,9.999432e-06,9.999432e-06
0.00031941247,0.23647904,0.7407473,0.022283418,0.000120807636,9.999504e-06,9.999504e-06,9.999504e-06,9.999504e-06,9.999504e-06
2.1983098e-05,0.028986895,0.8802461,0.08851052,0.0021844811,9.999559e-06,9.999559e-06,9.999559e-06,9.999559e-06,9.999559e-06
0.00019133485,0.27730194,0.71172047,0.010590833,0.00014532282,9.999501e-06,9.999501e-06,9.999501e-06,9.999501e-06,9.999501e-06
3.4481087e-05,0.078615345,0.65092045,0.26499048,0.0053612897,3.6205063e-05,1.1753784e-05,9.9997205e-06,9.9997205e-06,9.9997205e-06
0.05007627,0.94617647,0.0036761507,1.1084431e-05,9.999402e-06,9.999402e-06,9.999402e-06,9.999402e-06,9.999402e-06,9.999402e-06
9.999414e-06,0.0061651445,0.8727306,0.1206075,0.0004366421,9.999414e-06,9.999414e-06,9.999414e-06,9.999414e-06,9.999414e-06
0.9329138,0.06689063,0.00012543434,9.999304e-06,9.999304e-06,9.999304e-06,9.999304e-06,9.999304e-06,9.999304e-06,9.999304e-06
0.16701126,0.80684656,0.026003592,7.8494464e-05,9.999425e-06,9.999425e-06,9.999425e-06,9.999425e-06,9.999425e-06,9.999425e-06
0.001924619,0.89974195,0.09701499,0.0012550171,1.3373328e-05,9.9994995e-06,9.9994995e-06,9.9994995e-06,9.9994995e-06,9.9994995e-06
9.999901e-06,3.053292e-05,0.00065819005,0.02257856,0.5914927,0.36851138,0.01155825,0.0048175803,0.00026022625,8.255312e-05
0.005415172,0.94622856,0.04817206,0.00012419139,9.9994095e-06,9.9994095e-06,9.9994095e-06,9.9994095e-06,9.9994095e-06,9.9994095e-06
9.999902e-06,1.4003189e-05,9.51389e-05,0.001188917,0.1307649,0.4286832,0.3773265,0.053898215,0.0073126317,0.00070638047
0.0066141994,0.88120013,0.108785935,0.0032470434,0.00010264339,9.999512e-06,9.999512e-06,9.999512e-06,9.999512e-06,9.999512e-06
0.36591485,0.62917113,0.0048306216,2.3353e-05,9.9994195e-06,9.9994195e-06,9.9994195e-06,9.9994195e-06,9.9994195e-06,9.9994195e-06
0.0036358917,0.8817751,0.113299556,0.0012240197,1.5406267e-05,9.9995e-06,9.9995e-06,9.9995e-06,9.9995e-06,9.9995e-06
0.11438694,0.88067925,0.004823828,4.9930353e-05,9.999447e-06,9.999447e-06,9.999447e-06,9.999447e-06,9.999447e-06,9.999447e-06
0.0010088241,0.56922704,0.39185137,0.03709178,0.00077099045,9.999569e-06,9.999569e-06,9.999569e-06,9.999569e-06,9.999569e-06
0.0016189265,0.58226335,0.40840057,0.007480485,0.00018667142,9.999508e-06,9.999508e-06,9.999508e-06,9.999508e-06,9.999508e-06
0.94872314,0.05115662,5.0131985e-05,9.9993e-06,9.9993e-06,9.9993e-06,9.9993e-06,9.9993e-06,9.9993e-06,9.9993e-06
0.9938662,0.0060536936,9.999248e-06,9.999248e-06,9.999248e-06,9.999248e-06,9.999248e-06,9.999248e-06,9.999248e-06,9.999248e-06
0.14635028,0.8505376,0.0030401878,1.18495e-05,9.999405e-06,9.999405e-06,9.999405e-06,9.999405e-06,9.999405e-06,9.999405e-06
0.0016477668,0.28474143,0.68617153,0.027157212,0.0002320644,9.999548e-06,9.999548e-06,9.999548e-06,9.999548e-06,9.999548e-06
0.0052205343,0.9532662,0.041119035,0.0003341768,9.999466e-06,9.999466e-06,9.999466e-06,9.999466e-06,9.999466e-06,9.999466e-06
9.9996705e-06,0.002542143,0.2061843,0.7695934,0.02111248,0.00016747507,0.0003602197,9.9996705e-06,9.9996705e-06,9.9996705e-06
0.02346257,0.9638767,0.012533087,6.747746e-05,9.999416e-06,9.999416e-06,9.999416e-06,9.999416e-06,9.999416e-06,9.999416e-06
9.999826e-06,3.6507503e-05,0.0021902842,0.1626389,0.7083269,0.08435223,0.041781373,0.0006437947,9.999826e-06,9.999826e-06
0.97175354,0.02813914,3.719607e-05,9.9992985e-06,9.9992985e-06,9.9992985e-06,9.9992985e-06,9.9992985e-06,9.9992985e-06,9.9992985e-06
0.031823974,0.9417199,0.026225204,0.00017093014,9.9994395e-06,9.9994395e-06,9.9994395e-06,9.9994395e-06,9.9994395e-06,9.9994395e-06
9.999615e-06,0.0018659836,0.5562904,0.4029562,0.03875709,6.7984074e-05,2.2367236e-05,9.999615e-06,9.999615e-06,9.999615e-06
9.999731e-06,0.00020633244,0.013244368,0.3834298,0.5583958,0.040753998,0.0035287875,0.00041088613,9.999731e-06,9.999731e-06
9.999859e-06,9.999859e-06,9.997595e-05,0.0018860947,0.24568321,0.62180763,0.10249484,0.0217543,0.003585588,0.0026683158
0.014584859,0.93132454,0.052594,0.0013797953,6.6890665e-05,9.999509e-06,9.999509e-06,9.999509e-06,9.999509e-06,9.999509e-06
0.017316267,0.9700188,0.012530358,7.445651e-05,9.999421e-06,9.999421e-06,9.999421e-06,9.999421e-06,9.999421e-06,9.999421e-06
9.999942e-06,0.0010390977,0.009805631,0.28887647,0.36283952,0.031157915,0.30302536,0.003217138,1.4417776e-05,1.4368417e-05
0.003525953,0.8727497,0.122333236,0.001321003,2.0050185e-05,9.9994995e-06,9.9994995e-06,9.9994995e-06,9.9994995e-06,9.9994995e-06
0.0057929493,0.81820303,0.17472693,0.0012095607,1.7532566e-05,9.9995e-06,9.9995e-06,9.9995e-06,9.9995e-06,9.9995e-06
9.999836e-06,9.999836e-06,4.6008146e-05,0.00019155389,0.06339698,0.5407609,0.19548255,0.09683576,0.08870436,0.014561915
9.999506e-06,0.0006541422,0.54108536,0.4543348,0.0038656313,9.999506e-06,9.999506e-06,9.999506e-06,9.999506e-06,9.999506e-06
0.02864355,0.94244146,0.028542602,0.00030989968,1.2465384e-05,9.999501e-06,9.999501e-06,9.999501e-06,9.999501e-06,9.999501e-06
0.013073512,0.6876582,0.28844178,0.0100361165,0.00074045657,9.999588e-06,9.999588e-06,9.999588e-06,9.999588e-06,9.999588e-06
1.6567541e-05,0.014398561,0.6227703,0.35005674,0.012640463,6.2666724e-05,2.4683866e-05,9.999719e-06,9.999719e-06,9.999719e-06
5.6025154e-05,0.04318742,0.88201153,0.074155614,0.0005393904,9.999528e-06,9.999528e-06,9.999528e-06,9.999528e-06,9.999528e-06
0.05682663,0.93660504,0.006479381,2.8945902e-05,9.999409e-06,9.999409e-06,9.999409e-06,9.999409e-06,9.999409e-06,9.999409e-06
2.3410057e-05,0.035951424,0.7320806,0.22786883,0.0040211035,1.4690366e-05,9.999658e-06,9.999658e-06,9.999658e-06,9.999658e-06
9.999857e-06,0.0018612057,0.057368305,0.6071181,0.3009914,0.017770452,0.014327986,0.0005325352,9.999857e-06,9.999857e-06
9.999558e-06,0.006394951,0.60350955,0.38430044,0.0057064146,3.8653867e-05,9.999558e-06,9.999558e-06,9.999558e-06,9.999558e-06
0.0013506323,0.009057319,0.012618303,0.067881055,0.16379614,0.25991637,0.19053224,0.108316176,0.030267945,0.15626383
9.999429e-06,0.00680269,0.89163876,0.100659624,0.00083898613,9.999429e-06,9.999429e-06,9.999429e-06,9.999429e-06,9.999429e-06
9.999617e-06,0.0005675428,0.15877569,0.81387866,0.026434587,0.0002573927,4.6037196e-05,9.999617e-06,9.999617e-06,9.999617e-06
0.78222656,0.21688695,0.0008164228,9.9993085e-06,9.9993085e-06,9.9993085e-06,9.9993085e-06,9.9993085e-06,9.9993085e-06,9.9993085e-06
0.0057312995,0.64828914,0.342814,0.0030481536,6.74168e-05,9.999502e-06,9.999502e-06,9.999502e-06,9.999502e-06,9.999502e-06
9.9995805e-06,0.0007857058,0.4459602,0.5448153,0.008350152,3.86091e-05,9.9995805e-06,9.9995805e-06,9.9995805e-06,9.9995805e-06
9.999454e-06,0.007414099,0.89631975,0.09433704,0.001869084,9.999454e-06,9.999454e-06,9.999454e-06,9.999454e-06,9.999454e-06
0.0014903693,0.6589403,0.3265553,0.012701059,0.00026295343,9.999515e-06,9.999515e-06,9.999515e-06,9.999515e-06,9.999515e-06
9.999719e-06,0.0053635114,0.22317883,0.69003755,0.08040036,0.0007149592,0.0002599636,1.473027e-05,9.999719e-06,9.999719e-06
0.10625146,0.79011816,0.102812044,0.0007521309,1.614018e-05,9.9995e-06,9.9995e-06,9.9995e-06,9.9995e-06,9.9995e-06
0.34950456,0.643469,0.0069549973,1.1386293e-05,9.999401e-06,9.999401e-06,9.999401e-06,9.999401e-06,9.999401e-06,9.999401e-06
9.999629e-06,0.0035041475,0.48622605,0.47729838,0.032736454,0.00017161565,2.3329378e-05,9.999629e-06,9.999629e-06,9.999629e-06
0.010086294,0.7111113,0.27280554,0.0058379867,0.00010877631,9.99952e-06,9.99952e-06,9.99952e-06,9.99952e-06,9.99952e-06
0.007180258,0.6085336,0.3769646,0.007142698,0.00012874525,9.999517e-06,9.999517e-06,9.999517e-06,9.999517e-06,9.999517e-06
0.5451398,0.44855195,0.006238181,9.999374e-06,9.999374e-06,9.999374e-06,9.999374e-06,9.999374e-06,9.999374e-06,9.999374e-06
0.0009472608,0.54496646,0.4169411,0.035312433,0.0017827891,9.999628e-06,9.999628e-06,9.999628e-06,9.999628e-06,9.999628e-06
0.029211117,0.9604812,0.010209585,3.805475e-05,9.999409e-06,9.999409e-06,9.999409e-06,9.999409e-06,9.999409e-06,9.999409e-06
9.999429e-06,0.0018712755,0.7627937,0.23349848,0.0017765422,9.999429e-06,9.999429e-06,9.999429e-06,9.999429e-06,9.999429e-06
0.008040582,0.8288332,0.15910472,0.0038068302,0.00016465639,9.999513e-06,9.999513e-06,9.999513e-06,9.999513e-06,9.999513e-06
0.017635705,0.9572999,0.02475156,0.00025273982,9.9994695e-06,9.9994695e-06,9.9994695e-06,9.9994695e-06,9.9994695e-06,9.9994695e-06
8.836746e-05,0.012412481,0.2769771,0.63192904,0.0727028,0.004037201,0.0015058975,0.00032706163,9.999988e-06,9.999988e-06
0.00036616658,0.1790918,0.7674717,0.052241594,0.00077868224,9.999559e-06,9.999559e-06,9.999559e-06,9.999559e-06,9.999559e-06
9.99965e-06,0.0010899546,0.100494914,0.879278,0.018589083,0.0003500137,0.00015804045,9.99965e-06,9.99965e-06,9.99965e-06
0.0037876344,0.91702205,0.078265235,0.0008494573,2.5657944e-05,9.999501e-06,9.999501e-06,9.999501e-06,9.999501e-06,9.999501e-06
0.009795916,0.96657205,0.023466911,0.000105060375,9.999414e-06,9.999414e-06,9.999414e-06,9.999414e-06,9.999414e-06,9.999414e-06
0.0010333698,0.10253415,0.72821426,0.15683496,0.011043976,9.8196055e-05,0.00020594214,1.5115686e-05,9.999807e-06,9.999807e-06
9.999811e-06,9.999811e-06,1.0681668e-05,3.5046593e-05,0.006761048,0.16948494,0.46789286,0.07055828,0.2652207,0.020016406
9.999613e-06,0.0038571756,0.44912827,0.530705,0.016213188,4.107091e-05,1.5337508e-05,9.999613e-06,9.999613e-06,9.999613e-06
0.02566067,0.87155586,0.10195318,0.000763681,1.6562084e-05,9.9995e-06,9.9995e-06,9.9995e-06,9.9995e-06,9.9995e-06
3.61153e-05,0.07577641,0.9086361,0.015388322,0.000113069924,9.9995e-06,9.9995e-06,9.9995e-06,9.9995e-06,9.9995e-06
4.6082663e-05,0.030622695,0.786545,0.1780397,0.004663041,2.0217007e-05,3.3295382e-05,9.999716e-06,9.999716e-06,9.999716e-06
0.00030539933,0.43419665,0.5424607,0.022822715,0.00016448832,9.999502e-06,9.999502e-06,9.999502e-06,9.999502e-06,9.999502e-06
9.999628e-06,0.0005990119,0.11181245,0.8777281,0.00958458,0.00020461477,3.117259e-05,9.999628e-06,9.999628e-06,9.999628e-06
0.058324676,0.9226066,0.018931523,7.7158584e-05,9.999418e-06,9.999418e-06,9.999418e-06,9.999418e-06,9.999418e-06,9.999418e-06
0.14735265,0.8182098,0.03360824,0.0007113983,6.783689e-05,9.9995395e-06,9.9995395e-06,9.9995395e-06,9.9995395e-06,9.9995395e-06
0.70802087,0.2909361,0.00097299356,9.999329e-06,9.999329e-06,9.999329e-06,9.999329e-06,9.999329e-06,9.999329e-06,9.999329e-06
0.90605843,0.09362799,0.00024350497,9.999305e-06,9.999305e-06,9.999305e-06,9.999305e-06,9.999305e-06,9.999305e-06,9.999305e-06
0.71649486,0.27917656,0.0042218682,4.669008e-05,9.999485e-06,9.999485e-06,9.999485e-06,9.999485e-06,9.999485e-06,9.999485e-06
9.999903e-06,0.00029402506,0.005743814,0.16231301,0.66271144,0.16386938,0.0025039485,0.0025237435,2.068569e-05,9.999903e-06
0.0023799324,0.5141289,0.4778007,0.0055404813,9.996071e-05,9.999502e-06,9.999502e-06,9.999502e-06,9.999502e-06,9.999502e-06
9.999781e-06,0.00091480004,0.03373208,0.71792394,0.21757182,0.01319951,0.016336773,0.00029107212,9.999781e-06,9.999781e-06
0.9228601,0.07701932,5.0511822e-05,9.9993e-06,9.9993e-06,9.9993e-06,9.9993e-06,9.9993e-06,9.9993e-06,9.9993e-06
0.19972932,0.78625304,0.0139227,3.4816505e-05,9.999416e-06,9.999416e-06,9.999416e-06,9.999416e-06,9.999416e-06,9.999416e-06
0.5429594,0.4547108,0.002259755,9.999362e-06,9.999362e-06,9.999362e-06,9.999362e-06,9.999362e-06,9.999362e-06,9.999362e-06
2.0130909e-05,0.043090716,0.67493117,0.2669556,0.014881694,7.921145e-05,1.1350882e-05,9.999722e-06,9.999722e-06,9.999722e-06
0.00013939162,0.10032733,0.7329105,0.15631486,0.010227801,3.662901e-05,1.3433052e-05,9.999723e-06,9.999723e-06,9.999723e-06
0.015288551,0.94726074,0.036957864,0.00042906252,1.37245e-05,9.9995e-06,9.9995e-06,9.9995e-06,9.9995e-06,9.9995e-06
0.02233724,0.76583153,0.20066994,0.010389247,0.0007124728,9.999771e-06,1.9558922e-05,9.999771e-06,9.999771e-06,9.999771e-06
0.0020359273,0.8460813,0.14991456,0.0018867078,3.1490417e-05,9.9995e-06,9.9995e-06,9.9995e-06,9.9995e-06,9.9995e-06
0.013298216,0.933348,0.052866444,0.00042733984,9.999487e-06,9.999487e-06,9.999487e-06,9.999487e-06,9.999487e-06,9.999487e-06
0.0046704807,0.87611365,0.11708556,0.002044507,3.5702127e-05,9.9995e-06,9.9995e-06,9.9995e-06,9.9995e-06,9.9995e-06
0.013901979,0.89971155,0.08400298,0.0021785672,0.0001549299,9.999521e-06,9.999521e-06,9.999521e-06,9.999521e-06,9.999521e-06
0.016602747,0.9724204,0.010867466,4.9313243e-05,9.999409e-06,9.999409e-06,9.999409e-06,9.999409e-06,9.999409e-06,9.999409e-06
0.0005384624,0.065655574,0.62723774,0.28172633,0.023854703,0.00056720595,0.00033403374,6.5936496e-05,9.9998315e-06,9.9998315e-06
9.999611e-06,0.0010913741,0.38523695,0.5665237,0.046936855,0.00015909017,1.2050324e-05,9.999611e-06,9.999611e-06,9.999611e-06
9.999479e-06,0.003750097,0.69174254,0.29839006,0.0060573136,9.999479e-06,9.999479e-06,9.999479e-06,9.999479e-06,9.999479e-06
4.3259468e-05,0.039208047,0.7558925,0.20118676,0.0036113982,1.7933588e-05,9.999684e-06,9.999684e-06,9.999684e-06,9.999684e-06
1.0798898e-05,0.014418373,0.9278588,0.05683431,0.0008276266,9.999515e-06,9.999515e-06,9.999515e-06,9.999515e-06,9.999515e-06
9.999907e-06,4.4960623e-05,0.0002892192,0.004933141,0.25172392,0.2342733,0.4492638,0.052053023,0.0003833509,0.0070252228
0.0014703446,0.5575641,0.43307173,0.0076593743,0.00018433502,9.999505e-06,9.999505e-06,9.999505e-06,9.999505e-06,9.999505e-06
0.07654949,0.91924465,0.004135824,9.999396e-06,9.999396e-06,9.999396e-06,9.999396e-06,9.999396e-06,9.999396e-06,9.999396e-06
9.999588e-06,0.0004984789,0.40415373,0.5845877,0.010682201,2.7883996e-05,9.999588e-06,9.999588e-06,9.999588e-06,9.999588e-06
9.999627e-06,0.0018842197,0.31688893,0.6200055,0.060827345,0.00031263157,4.1376723e-05,9.999627e-06,9.999627e-06,9.999627e-06
9.999738e-06,0.00036594932,0.029621866,0.60008454,0.34536472,0.02019822,0.0041524163,0.00018219634,9.999738e-06,9.999738e-06
9.99944e-06,0.01947638,0.9124615,0.06782917,0.00017283502,9.99944e-06,9.99944e-06,9.99944e-06,9.99944e-06,9.99944e-06
0.00028026832,0.09843638,0.67588806,0.22108255,0.00419631,5.3914042e-05,3.2433298e-05,9.99979e-06,9.99979e-06,9.99979e-06
5.7418474e-05,0.04967021,0.8130516,0.13282515,0.004341832,1.3831743e-05,9.999689e-06,9.999689e-06,9.999689e-06,9.999689e-06
9.9999115e-06,0.00020039492,0.0016155334,0.08416265,0.44960663,0.41523197,0.040005673,0.008372414,0.00039090356,0.0004038718
0.4585348,0.54022676,0.0011684082,9.999319e-06,9.999319e-06,9.999319e-06,9.999319e-06,9.999319e-06,9.999319e-06,9.999319e-06
9.999708e-06,0.003309571,0.122116715,0.81919867,0.054035082,0.0010755713,0.00021460351,1.9849029e-05,9.999708e-06,9.999708e-06
9.999629e-06,0.0064721536,0.5984999,0.388757,0.006202628,1.831253e-05,9.999629e-06,9.999629e-06,9.999629e-06,9.999629e-06
0.073302634,0.9158178,0.010653064,0.0001641871,1.2268634e-05,9.9995e-06,9.9995e-06,9.9995e-06,9.9995e-06,9.9995e-06
0.06307062,0.90503556,0.03161428,0.00021945754,9.999465e-06,9.999465e-06,9.999465e-06,9.999465e-06,9.999465e-06,9.999465e-06
2.7394837e-05,0.038365405,0.7624446,0.19676788,0.0023444453,1.0224545e-05,9.999646e-06,9.999646e-06,9.999646e-06,9.999646e-06
0.9551534,0.0447012,7.538021e-05,9.999301e-06,9.999301e-06,9.999301e-06,9.999301e-06,9.999301e-06,9.999301e-06,9.999301e-06
9.999437e-06,0.008642386,0.9179614,0.07294339,0.00039280084,9.999437e-06,9.999437e-06,9.999437e-06,9.999437e-06,9.999437e-06
9.999905e-06,0.00016814006,0.0050511146,0.1817224,0.57158196,0.21626976,0.02245504,0.0024679413,6.1971e-05,0.00021169102
0.0529724,0.9328434,0.014078592,4.5502235e-05,9.9994095e-06,9.9994095e-06,9.9994095e-06,9.9994095e-06,9.9994095e-06,9.9994095e-06
0.008302947,0.91237485,0.0779115,0.0013325947,2.8070268e-05,9.999502e-06,9.999502e-06,9.999502e-06,9.999502e-06,9.999502e-06
0.73101354,0.26863545,0.00028100054,9.999313e-06,9.999313e-06,9.999313e-06,9.999313e-06,9.999313e-06,9.999313e-06,9.999313e-06
0.041630633,0.9333793,0.02472847,0.00020159702,9.999466e-06,9.999466e-06,9.999466e-06,9.999466e-06,9.999466e-06,9.999466e-06
9.999704e-06,0.00060138403,0.059221372,0.7134284,0.22147606,0.004402409,0.0007947389,4.5587927e-05,9.999704e-06,9.999704e-06
0.99764407,0.0022757975,9.99922e-06,9.99922e-06,9.99922e-06,9.99922e-06,9.99922e-06,9.99922e-06,9.99922e-06,9.99922e-06
0.028444687,0.96398205,0.007462888,5.0254795e-05,9.999414e-06,9.999414e-06,9.999414e-06,9.999414e-06,9.999414e-06,9.999414e-06
0.000109502995,0.2882322,0.63249165,0.078359835,0.0007568616,9.999544e-06,9.999544e-06,9.999544e-06,9.999544e-06,9.999544e-06
9.999732e-06,0.0034281588,0.07228383,0.7720839,0.1437255,0.006539802,0.0017429744,0.00016585618,9.999732e-06,9.999732e-06
0.9839263,0.015989354,1.42971785e-05,9.9993e-06,9.9993e-06,9.9993e-06,9.9993e-06,9.9993e-06,9.9993e-06,9.9993e-06
0.00863939,0.708284,0.27948865,0.0034493336,8.864828e-05,9.999508e-06,9.999508e-06,9.999508e-06,9.999508e-06,9.999508e-06
9.999905e-06,6.410862e-05,0.0016791672,0.03966859,0.6930071,0.22110929,0.04097925,0.003214568,0.00021468163,5.3265077e-05
0.9823104,0.017591886,2.7595232e-05,9.9993e-06,9.9993e-06,9.9993e-06,9.9993e-06,9.9993e-06,9.9993e-06,9.9993e-06
0.020702736,0.9379115,0.040487744,0.00081751856,3.0458299e-05,9.999506e-06,9.999506e-06,9.999506e-06,9.999506e-06,9.999506e-06
9.999416e-06,0.0039475127,0.8451782,0.15013857,0.0006756239,9.999416e-06,9.999416e-06,9.999416e-06,9.999416e-06,9.999416e-06
0.123669095,0.86706877,0.0091577135,4.4335568e-05,9.999416e-06,9.999416e-06,9.999416e-06,9.999416e-06,9.999416e-06,9.999416e-06
1.2486735e-05,0.0006469031,0.0058335946,0.11869737,0.48329833,0.27611968,0.10202451,0.010893747,0.000945319,0.0015280629
0.00021406049,0.26523006,0.6956961,0.038426694,0.00038309803,9.999513e-06,9.999513e-06,9.999513e-06,9.999513e-06,9.999513e-06
9.999962e-06,0.0019383474,0.066358335,0.63881916,0.23613438,0.052846603,0.0029158706,0.00087412196,2.169364e-05,8.147231e-05
9.99975e-06,0.01375393,0.50593156,0.46746215,0.012576522,0.0002027636,3.3069417e-05,9.99975e-06,9.99975e-06,9.99975e-06
0.0039508366,0.3518647,0.57608783,0.060657237,0.0072982735,6.66194e-05,3.9840776e-05,1.464111e-05,9.999804e-06,9.999804e-06
9.999729e-06,9.999729e-06,0.0016248927,0.100492254,0.80753356,0.07683159,0.0132502625,0.0002273793,9.999729e-06,9.999729e-06
2.0806912e-05,0.013609145,0.46732458,0.49506256,0.023402356,0.00019012993,0.00036024846,1.0171968e-05,9.999801e-06,9.999801e-06
1.5401381e-05,0.057446793,0.8385994,0.10276846,0.0011198799,9.999521e-06,9.999521e-06,9.999521e-06,9.999521e-06,9.999521e-06
9.9999e-06,0.0004257852,0.011753527,0.34190804,0.5510672,0.07499929,0.018386068,0.0014258856,1.4185275e-05,9.9999e-06
2.1094085e-05,0.030213859,0.3574255,0.5247873,0.08511368,0.0022037318,0.00014413899,7.0754686e-05,9.999804e-06,9.999804e-06
9.999492e-06,0.0067824307,0.8667742,0.12344278,0.0029405495,9.999492e-06,9.999492e-06,9.999492e-06,9.999492e-06,9.999492e-06
0.03440871,0.960046,0.0054463567,3.8940063e-05,9.999413e-06,9.999413e-06,9.999413e-06,9.999413e-06,9.999413e-06,9.999413e-06
9.999903e-06,1.5599066e-05,0.00014794423,0.0023000652,0.16772409,0.24216512,0.5448251,0.037231155,0.00066202396,0.004918898
9.999933e-06,1.083432e-05,5.01102e-05,7.860694e-05,0.0031386914,0.07165218,0.4193022,0.14779428,0.21936482,0.1385983
9.999715e-06,0.0001931765,0.0098495865,0.35852885,0.58916795,0.036388654,0.0054155686,0.00042611832,9.999715e-06,9.999715e-06
3.7315065e-05,0.118861094,0.77629596,0.10254034,0.0022152807,9.999565e-06,9.999565e-06,9.999565e-06,9.999565e-06,9.999565e-06
0.7859729,0.2135741,0.0003829724,9.999309e-06,9.999309e-06,9.999309e-06,9.999309e-06,9.999309e-06,9.999309e-06,9.999309e-06
0.32154092,0.6708708,0.007480051,4.8212096e-05,9.99944e-06,9.99944e-06,9.99944e-06,9.99944e-06,9.99944e-06,9.99944e-06
9.999911e-06,2.5899386e-05,0.00014228914,0.005835593,0.0972921,0.28085616,0.5841061,0.023194319,0.004235116,0.004302396
0.0017214516,0.63059676,0.35786626,0.009618038,0.00014746567,9.999505e-06,9.999505e-06,9.999505e-06,9.999505e-06,9.999505e-06
0.0043338514,0.9650704,0.030100625,0.0004350288,9.999486e-06,9.999486e-06,9.999486e-06,9.999486e-06,9.999486e-06,9.999486e-06
2.8687668e-05,0.04088832,0.46179238,0.44616985,0.05058771,0.00028657756,0.00021543432,1.10350065e-05,9.9998e-06,9.9998e-06
0.3972745,0.5872022,0.015316813,0.00014247901,1.3898107e-05,9.999504e-06,9.999504e-06,9.999504e-06,9.999504e-06,9.999504e-06
9.999631e-06,0.019311827,0.7077778,0.26881078,0.0040277815,2.1841137e-05,9.999631e-06,9.999631e-06,9.999631e-06,9.999631e-06
9.999619e-06,0.003914247,0.47514293,0.48391283,0.03688226,8.699529e-05,2.0730678e-05,9.999619e-06,9.999619e-06,9.999619e-06
9.999527e-06,0.008529423,0.7315664,0.25659823,0.003245978,9.999527e-06,9.999527e-06,9.999527e-06,9.999527e-06,9.999527e-06
0.015785705,0.9413355,0.041880783,0.00089980644,4.8174446e-05,9.999506e-06,9.999506e-06,9.999506e-06,9.999506e-06,9.999506e-06
0.008364451,0.9672464,0.024141954,0.00018710441,9.999449e-06,9.999449e-06,9.999449e-06,9.999449e-06,9.999449e-06,9.999449e-06
0.00031338178,0.110506244,0.71647143,0.16578859,0.006763036,0.00011229243,1.373369e-05,1.1217452e-05,9.9998015e-06,9.9998015e-06
9.999766e-06,0.00769096,0.2839151,0.66618776,0.039682403,0.0024161465,3.2015956e-05,4.557777e-05,9.999766e-06,9.999766e-06
0.86835814,0.13136894,0.00020282758,9.999308e-06,9.999308e-06,9.999308e-06,9.999308e-06,9.999308e-06,9.999308e-06,9.999308e-06
0.00017712181,0.10637784,0.8770559,0.01605432,0.0002847952,9.999502e-06,9.999502e-06,9.999502e-06,9.999502e-06,9.999502e-06
9.999516e-06,0.0023280967,0.67919654,0.31501704,0.0033982717,9.999516e-06,9.999516e-06,9.999516e-06,9.999516e-06,9.999516e-06
