0.00064154435,0.07630336,0.8385118,0.08052286,0.0038552473,4.6691795e-05,9.999753e-06,9.999753e-06,9.999753e-06,8.8497116e-05
0.03628071,0.8059213,0.1531589,0.004577181,1.1801096e-05,9.999565e-06,9.999565e-06,9.999565e-06,9.999565e-06,9.999565e-06
4.4497156e-05,0.0022185724,0.027822133,0.22227643,0.66685617,0.029049605,0.031135341,0.0009152529,0.0043836967,0.015298275
0.002538361,0.33409622,0.63745296,0.025789013,7.350498e-05,9.999578e-06,9.999578e-06,9.999578e-06,9.999578e-06,9.999578e-06
9.999815e-06,0.001489558,0.21226315,0.65068823,0.1259682,0.009136531,0.00012983968,9.999815e-06,9.999815e-06,0.00029449628
0.90535384,0.094453186,0.00012295104,9.999309e-06,9.999309e-06,9.999309e-06,9.999309e-06,9.999309e-06,9.999309e-06,9.999309e-06
0.30966133,0.66166884,0.02819375,0.00041603672,9.999421e-06,9.999421e-06,9.999421e-06,9.999421e-06,9.999421e-06,9.999421e-06
0.6408688,0.3567019,0.0023417613,2.7473929e-05,9.999402e-06,9.999402e-06,9.999402e-06,9.999402e-06,9.999402e-06,9.999402e-06
0.4632716,0.5349194,0.0017372317,1.1759307e-05,9.9994e-06,9.9994e-06,9.9994e-06,9.9994e-06,9.9994e-06,9.9994e-06
0.00058192585,0.082967706,0.85954165,0.056010704,0.00082853565,2.321963e-05,9.999701e-06,9.999701e-06,9.999701e-06,1.6257942e-05
0.3947672,0.5919458,0.012936296,0.00029065475,9.999435e-06,9.999435e-06,9.999435e-06,9.999435e-06,9.999435e-06,9.999435e-06
0.007918272,0.08951554,0.7097619,0.17554885,0.014168118,0.0015134823,3.6795846e-05,9.999969e-06,1.3677775e-05,0.0015133842
0.0009073504,0.2535708,0.7083084,0.036716413,0.0004462831,9.999705e-06,9.999705e-06,9.999705e-06,9.999705e-06,1.07517035e-05
0.96857375,0.03133845,1.7720035e-05,9.9992985e-06,9.9992985e-06,9.9992985e-06,9.9992985e-06,9.9992985e-06,9.9992985e-06,9.9992985e-06
0.04346323,0.80964005,0.14203474,0.004794763,1.717351e-05,9.999596e-06,9.999596e-06,9.999596e-06,9.999596e-06,9.999596e-06
9.9999115e-06,0.00034384817,0.014987439,0.29416397,0.60720944,0.06162918,0.01768524,0.00014852581,0.0013372552,0.0024851
0.002754032,0.2800469,0.6937059,0.023256455,0.00018660772,9.99964e-06,9.99964e-06,9.99964e-06,9.99964e-06,9.99964e-06
9.999914e-06,0.00026376566,0.01194979,0.14391911,0.7412625,0.09355997,0.003985344,0.00035150244,0.00083965174,0.0038583921
9.999911e-06,8.609007e-05,0.0001307255,0.00866021,0.11610927,0.16963768,0.4650598,0.2056546,0.022493476,0.012158107
0.035523273,0.75843966,0.19709507,0.008841762,4.3873897e-05,9.999632e-06,9.999632e-06,9.999632e-06,9.999632e-06,1.6298076e-05
0.00039637202,0.08878684,0.85427314,0.054449446,0.0019989896,3.3987762e-05,9.999715e-06,9.999715e-06,9.999715e-06,3.1238545e-05
0.013209824,0.6425503,0.32678154,0.017362373,4.5918103e-05,9.999616e-06,9.999616e-06,9.999616e-06,9.999616e-06,9.999616e-06
0.11938173,0.8549564,0.025193965,0.0004078113,9.999432e-06,9.999432e-06,9.999432e-06,9.999432e-06,9.999432e-06,9.999432e-06
0.048011202,0.914839,0.03652963,0.0005601194,9.999413e-06,9.999413e-06,9.999413e-06,9.999413e-06,9.999413e-06,9.999413e-06
0.52672166,0.39207277,0.07258397,0.007548357,0.0004885114,0.00018300895,9.999952e-06,9.999952e-06,1.5763748e-05,0.0003659298
0.33948657,0.6443011,0.015930586,0.00022158152,9.999428e-06,9.999428e-06,9.999428e-06,9.999428e-06,9.999428e-06,9.999428e-06
0.000114250026,0.0044008386,0.06665706,0.16283935,0.71027464,0.02005268,0.01106643,0.0014084597,0.0022474146,0.02093892
0.0038938278,0.39188907,0.58481747,0.01921623,0.00013296078,9.999648e-06,9.999648e-06,9.999648e-06,9.999648e-06,1.0546875e-05
0.033057734,0.7960334,0.1680103,0.002827311,2.1254993e-05,9.999524e-06,9.999524e-06,9.999524e-06,9.999524e-06,9.999524e-06
0.00038724847,0.07596751,0.8633742,0.059200156,0.000991036,3.399483e-05,9.999703e-06,9.999703e-06,9.999703e-06,1.5860905e-05
0.37552682,0.61801755,0.006315332,8.023165e-05,9.999411e-06,9.999411e-06,9.999411e-06,9.999411e-06,9.999411e-06,9.999411e-06
9.9999725e-06,0.000904231,0.054396894,0.39388317,0.48789075,0.058586378,0.0015310545,6.153428e-05,0.00041557912,0.0023203834
0.08264588,0.8750737,0.041685645,0.0005347618,9.999424e-06,9.999424e-06,9.999424e-06,9.999424e-06,9.999424e-06,9.999424e-06
0.07647365,0.8760794,0.046679646,0.00070722995,9.999421e-06,9.999421e-06,9.999421e-06,9.999421e-06,9.999421e-06,9.999421e-06
0.026835978,0.83434254,0.13455644,0.004195866,1.9062669e-05,9.999578e-06,9.999578e-06,9.999578e-06,9.999578e-06,9.999578e-06
0.259616,0.7258467,0.014275878,0.00020138903,9.999423e-06,9.999423e-06,9.999423e-06,9.999423e-06,9.999423e-06,9.999423e-06
0.007795868,0.58123356,0.3962489,0.014580471,8.813502e-05,9.999646e-06,9.999646e-06,9.999646e-06,9.999646e-06,1.2955943e-05
0.00025639244,0.005960615,0.10039633,0.35122025,0.3748523,0.12512524,0.010995237,0.0010489273,0.009870426,0.020274317
8.856336e-05,0.013435512,0.7578138,0.22259851,0.005834569,0.00010321118,9.999732e-06,9.999732e-06,9.999732e-06,9.581188e-05
1.5421016e-05,0.00070614344,0.039430276,0.3406949,0.48496324,0.123606585,0.0019764348,7.885908e-05,0.0012283754,0.0072997375
0.887798,0.11173921,0.000392645,9.999351e-06,9.999351e-06,9.999351e-06,9.999351e-06,9.999351e-06,9.999351e-06,9.999351e-06
0.7128925,0.28656274,0.00047468336,9.999321e-06,9.999321e-06,9.999321e-06,9.999321e-06,9.999321e-06,9.999321e-06,9.999321e-06
0.08510931,0.9003436,0.014239547,0.00024752753,9.9994095e-06,9.9994095e-06,9.9994095e-06,9.9994095e-06,9.9994095e-06,9.9994095e-06
0.013596515,0.5673342,0.40546006,0.013501171,5.530925e-05,9.999632e-06,9.999632e-06,9.999632e-06,9.999632e-06,1.2702324e-05
0.69846076,0.30026075,0.0012083186,9.999389e-06,9.999389e-06,9.999389e-06,9.999389e-06,9.999389e-06,9.999389e-06,9.999389e-06
0.67559713,0.32358488,0.0007479212,9.999368e-06,9.999368e-06,9.999368e-06,9.999368e-06,9.999368e-06,9.999368e-06,9.999368e-06
3.5442376e-05,0.0050673163,0.32591072,0.4391769,0.21676637,0.011921997,0.00010239466,2.95205e-05,9.999972e-06,0.0009793763
7.803909e-05,0.005469288,0.2604967,0.2332996,0.4896905,0.00569823,0.0007024902,0.000104793384,8.866937e-05,0.004371664
0.08340974,0.811858,0.09930572,0.0053523565,2.414807e-05,9.9996405e-06,9.9996405e-06,9.9996405e-06,9.9996405e-06,9.9996405e-06
0.00019440307,0.033016864,0.84012496,0.124055184,0.0024777588,6.390078e-05,9.999709e-06,9.999709e-06,9.999709e-06,3.6945214e-05
6.2109284e-05,0.011199329,0.6792465,0.29198375,0.016729556,0.00050371635,2.1902883e-05,9.999822e-06,9.999822e-06,0.00023314708
0.017480373,0.34968787,0.5407579,0.08856477,0.002639839,0.0005811624,1.8200319e-05,9.999858e-06,9.999858e-06,0.0002499547
0.15237392,0.8064598,0.040432427,0.0006738123,9.999461e-06,9.999461e-06,9.999461e-06,9.999461e-06,9.999461e-06,9.999461e-06
0.2399219,0.7562632,0.0037166702,3.8190406e-05,9.999402e-06,9.999402e-06,9.999402e-06,9.999402e-06,9.999402e-06,9.999402e-06
0.0010231826,0.16668469,0.7735039,0.057956472,0.00075069687,1.5924672e-05,9.999724e-06,9.999724e-06,9.999724e-06,3.5096466e-05
0.00012115349,0.014040355,0.39282987,0.49049604,0.09327933,0.008624242,0.00011625657,1.8715678e-05,9.999924e-06,0.00046405118
0.9331448,0.06645543,0.0003296239,9.999377e-06,9.999377e-06,9.999377e-06,9.999377e-06,9.999377e-06,9.999377e-06,9.999377e-06
0.000954249,0.07580344,0.75454026,0.15731166,0.010804095,0.00020203424,4.0403767e-05,9.999912e-06,9.999912e-06,0.00032386914
0.652923,0.33865514,0.008258038,0.00010373248,9.999444e-06,9.999444e-06,9.999444e-06,9.999444e-06,9.999444e-06,9.999444e-06
0.8567493,0.14137393,0.0017646893,5.200616e-05,9.9994195e-06,9.9994195e-06,9.9994195e-06,9.9994195e-06,9.9994195e-06,9.9994195e-06
0.35681897,0.64118785,0.0019203566,1.2781144e-05,9.9994e-06,9.9994e-06,9.9994e-06,9.9994e-06,9.9994e-06,9.9994e-06
0.51204526,0.48134556,0.0064349566,0.000114196475,9.9994095e-06,9.9994095e-06,9.9994095e-06,9.9994095e-06,9.9994095e-06,9.9994095e-06
5.9992944e-05,0.0060254848,0.401176,0.52544355,0.06307133,0.003512727,7.8307436e-05,9.999918e-06,1.1985757e-05,0.00061057386
0.11084706,0.78907233,0.09682596,0.0031674174,3.718253e-05,9.999616e-06,9.999616e-06,9.999616e-06,9.999616e-06,9.999616e-06
0.94896096,0.050916318,5.260002e-05,9.999302e-06,9.999302e-06,9.999302e-06,9.999302e-06,9.999302e-06,9.999302e-06,9.999302e-06
9.999956e-06,0.0006328761,0.05026117,0.50832975,0.37811142,0.05836868,0.001375188,2.021213e-05,0.00038320717,0.0025074529
9.999797e-06,0.0026260193,0.43166387,0.5215846,0.04259384,0.0012484784,3.988379e-05,9.999797e-06,9.999797e-06,0.00021326286
0.29069558,0.70289356,0.006264959,8.583619e-05,9.9994095e-06,9.9994095e-06,9.9994095e-06,9.9994095e-06,9.9994095e-06,9.9994095e-06
0.8818412,0.11798679,0.00010188294,9.999304e-06,9.999304e-06,9.999304e-06,9.999304e-06,9.999304e-06,9.999304e-06,9.999304e-06
0.0006228427,0.07542171,0.83861417,0.08451976,0.00071756705,1.2808005e-05,9.999709e-06,9.999709e-06,9.999709e-06,6.1079634e-05
0.024678925,0.13077231,0.62093997,0.20198084,0.015242732,0.002908274,9.8509794e-05,1.673508e-05,8.9475994e-05,0.003272211
0.9639346,0.03596707,2.8255181e-05,9.999301e-06,9.999301e-06,9.999301e-06,9.999301e-06,9.999301e-06,9.999301e-06,9.999301e-06
0.0017286197,0.272078,0.66101396,0.06388536,0.0011147889,3.0815405e-05,2.3876537e-05,9.999819e-06,9.999819e-06,0.00010453031
0.022191914,0.74639803,0.2219199,0.009377056,6.306953e-05,9.99962e-06,9.99962e-06,9.99962e-06,9.99962e-06,9.99962e-06
2.2154272e-05,0.0009275347,0.08021791,0.4583176,0.3343585,0.12121433,0.00041763275,1.6953594e-05,0.00033935075,0.0041680774
0.029083768,0.7114215,0.24824941,0.010975068,0.00020346994,1.0068416e-05,9.9997205e-06,9.9997205e-06,9.9997205e-06,2.673936e-05
0.000107171036,0.009825227,0.24754709,0.5019099,0.21718626,0.021282263,0.00058308267,8.525325e-05,1.5167114e-05,0.0014586267
0.0006470847,0.036075275,0.78769505,0.16475068,0.010359922,0.00027037226,9.999792e-06,9.999792e-06,9.999792e-06,0.00017154033
0.04993765,0.84898335,0.099056676,0.0019623335,9.99948e-06,9.99948e-06,9.99948e-06,9.99948e-06,9.99948e-06,9.99948e-06
0.0019515358,0.19958605,0.75949854,0.038511578,0.00039490347,1.553427e-05,9.999703e-06,9.999703e-06,9.999703e-06,1.1899773e-05
0.010613646,0.5602901,0.4098079,0.019125624,9.849624e-05,9.99965e-06,9.99965e-06,9.99965e-06,9.99965e-06,2.42297e-05
0.30668867,0.6843596,0.008778816,0.00011284731,9.999408e-06,9.999408e-06,9.999408e-06,9.999408e-06,9.999408e-06,9.999408e-06
0.37797773,0.61915165,0.0027941025,1.6489772e-05,9.9994e-06,9.9994e-06,9.9994e-06,9.9994e-06,9.9994e-06,9.9994e-06
0.0421409,0.8214405,0.13261785,0.003728625,2.2024846e-05,9.999565e-06,9.999565e-06,9.999565e-06,9.999565e-06,9.999565e-06
0.21146175,0.6429715,0.13705297,0.008324133,0.00010965081,1.8158444e-05,9.999711e-06,9.999711e-06,9.999711e-06,3.1832493e-05
7.924406e-05,0.006910393,0.42475358,0.5069309,0.054834805,0.0061572636,2.4670377e-05,9.999831e-06,9.999831e-06,0.00028910657
0.0006038549,0.013912976,0.23708363,0.6176196,0.10477199,0.014371845,0.0018174907,3.3101504e-05,0.0009112008,0.0088744
0.00048102962,0.06949607,0.80657893,0.12071893,0.0025289094,5.4565236e-05,9.999777e-06,9.999777e-06,9.999777e-06,0.00011157346
0.17992173,0.8133428,0.0066266595,4.8801376e-05,9.9994e-06,9.9994e-06,9.9994e-06,9.9994e-06,9.9994e-06,9.9994e-06
0.051505275,0.6789913,0.2547377,0.014625012,8.2753526e-05,1.0319464e-05,9.999707e-06,9.999707e-06,9.999707e-06,1.7640867e-05
0.25278467,0.7415074,0.005595438,5.2403528e-05,9.999401e-06,9.999401e-06,9.999401e-06,9.999401e-06,9.999401e-06,9.999401e-06
0.04677229,0.5847932,0.32574293,0.040723898,0.0014365833,0.00013204043,3.5326633e-05,9.999945e-06,1.9818599e-05,0.00033381116
0.010797192,0.84804606,0.13667902,0.0044074897,2.0186799e-05,9.999536e-06,9.999536e-06,9.999536e-06,9.999536e-06,9.999536e-06
0.1652453,0.8194723,0.01502568,0.00019661998,9.999411e-06,9.999411e-06,9.999411e-06,9.999411e-06,9.999411e-06,9.999411e-06
0.0009126938,0.124137,0.80507785,0.06828203,0.0014946786,3.530937e-05,9.99972e-06,9.99972e-06,9.99972e-06,3.0469015e-05
0.9947665,0.005153437,9.999237e-06,9.999237e-06,9.999237e-06,9.999237e-06,9.999237e-06,9.999237e-06,9.999237e-06,9.999237e-06
0.024320146,0.9351222,0.03978053,0.0007170866,9.999416e-06,9.999416e-06,9.999416e-06,9.999416e-06,9.999416e-06,9.999416e-06
0.009583066,0.5780189,0.3958695,0.016439496,3.839611e-05,9.999616e-06,9.999616e-06,9.999616e-06,9.999616e-06,1.0632978e-05
0.9440987,0.055693675,0.00013752663,9.999316e-06,9.999316e-06,9.999316e-06,9.999316e-06,9.999316e-06,9.999316e-06,9.999316e-06
0.0007342954,0.05194703,0.6302963,0.30764186,0.007651103,0.00047595912,0.000113899,9.999919e-06,2.8325487e-05,0.0011011994
0.009526809,0.49905896,0.4659758,0.025225908,0.00014385452,9.999651e-06,9.999651e-06,9.999651e-06,9.999651e-06,2.8741886e-05
0.94765204,0.052235212,4.262157e-05,9.999301e-06,9.999301e-06,9.999301e-06,9.999301e-06,9.999301e-06,9.999301e-06,9.999301e-06
0.0002984174,0.024149586,0.7898352,0.17649668,0.008685234,0.00029959582,9.99977e-06,9.99977e-06,9.99977e-06,0.00020527502
0.00010550536,0.037166566,0.85083884,0.11009748,0.0016940292,4.127498e-05,9.9997105e-06,9.9997105e-06,9.9997105e-06,2.626281e-05
0.11594157,0.8050937,0.0772408,0.0016638022,9.999485e-06,9.999485e-06,9.999485e-06,9.999485e-06,9.999485e-06,9.999485e-06
0.2251273,0.65203893,0.11908943,0.0034574948,0.00019457897,9.999727e-06,9.999727e-06,9.999727e-06,9.999727e-06,5.2264044e-05
0.0020651717,0.12092961,0.75299466,0.115213804,0.007879792,0.00016180413,0.00011731101,9.999989e-06,9.999989e-06,0.0006178517
0.002560158,0.21459012,0.71999604,0.06205579,0.0006635882,1.4708402e-05,9.999757e-06,9.999757e-06,9.999757e-06,8.947353e-05
0.00185397,0.20047125,0.74829304,0.048331954,0.000963871,2.6224601e-05,9.999715e-06,9.999715e-06,9.999715e-06,2.9612966e-05
9.99993e-06,0.00038250012,0.015272352,0.26214793,0.40184096,0.3035053,0.013256501,0.00031427585,0.00076403416,0.0025062265
0.26706064,0.7117006,0.020813761,0.00036499405,9.999452e-06,9.999452e-06,9.999452e-06,9.999452e-06,9.999452e-06,9.999452e-06
0.0022318722,0.2992815,0.66847616,0.029583426,0.0003712729,9.999663e-06,9.999663e-06,9.999663e-06,9.999663e-06,1.5785568e-05
4.510269e-05,0.013817103,0.816055,0.16298778,0.006876503,0.0001200198,9.999736e-06,9.999736e-06,9.999736e-06,6.847627e-05
0.35597667,0.63926005,0.004647634,5.5548615e-05,9.999402e-06,9.999402e-06,9.999402e-06,9.999402e-06,9.999402e-06,9.999402e-06
0.00089671864,0.015374196,0.49446428,0.34310725,0.12594974,0.015002081,7.026192e-05,1.03949815e-05,0.00014053167,0.0049845455
0.8479187,0.15181439,0.00019684038,9.999309e-06,9.999309e-06,9.999309e-06,9.999309e-06,9.999309e-06,9.999309e-06,9.999309e-06
0.43556345,0.5616547,0.0027043421,1.7459972e-05,9.999401e-06,9.999401e-06,9.999401e-06,9.999401e-06,9.999401e-06,9.999401e-06
0.3401749,0.647687,0.011900693,0.00017732673,9.999416e-06,9.999416e-06,9.999416e-06,9.999416e-06,9.999416e-06,9.999416e-06
0.020809155,0.3996599,0.53428483,0.04350796,0.0014082217,7.381107e-05,9.999845e-06,9.999845e-06,9.999845e-06,0.00022608385
0.00029060742,0.00888436,0.25833982,0.35258585,0.35243943,0.0098209595,0.0014608528,0.00015100703,0.0011593171,0.014867869
0.26975274,0.7277235,0.0024446489,1.9022202e-05,9.999399e-06,9.999399e-06,9.999399e-06,9.999399e-06,9.999399e-06,9.999399e-06
0.00019276519,0.0050545773,0.21176665,0.5315846,0.18604869,0.062984064,0.00017860156,1.10682595e-05,7.1176895e-05,0.0021077718
0.022251649,0.8073803,0.16540769,0.004888062,2.228633e-05,9.99955e-06,9.99955e-06,9.99955e-06,9.99955e-06,9.99955e-06
0.23014508,0.72740746,0.04165325,0.00073416997,9.999447e-06,9.999447e-06,9.999447e-06,9.999447e-06,9.999447e-06,9.999447e-06
0.8496091,0.1494602,0.00085914735,1.158335e-05,9.999401e-06,9.999401e-06,9.999401e-06,9.999401e-06,9.999401e-06,9.999401e-06
0.035084322,0.7253228,0.2240228,0.015289889,0.00019684658,1.6262178e-05,9.999739e-06,9.999739e-06,9.999739e-06,3.6994104e-05
0.13815598,0.8541845,0.0074975896,0.0001018314,9.999406e-06,9.999406e-06,9.999406e-06,9.999406e-06,9.999406e-06,9.999406e-06
0.040837202,0.66351455,0.28123066,0.014209275,0.00013930404,1.6114976e-05,9.999707e-06,9.999707e-06,9.999707e-06,2.2864975e-05
0.0028777863,0.19094151,0.69736654,0.10753534,0.0010512265,5.3531334e-05,9.9998115e-06,9.9998115e-06,9.9998115e-06,0.00014409983
0.22848669,0.7667332,0.0046843006,3.5726418e-05,9.999401e-06,9.999401e-06,9.999401e-06,9.999401e-06,9.999401e-06,9.999401e-06
0.37161773,0.4465873,0.16869941,0.0117364675,0.0010284637,6.429391e-05,9.999858e-06,9.999858e-06,1.9307348e-05,0.00022702273
0.6160905,0.38109913,0.0027150284,3.52527e-05,9.999405e-06,9.999405e-06,9.999405e-06,9.999405e-06,9.999405e-06,9.999405e-06
0.0027020006,0.11210529,0.787408,0.09352069,0.0038929945,0.00023084329,9.999738e-06,9.999738e-06,9.999738e-06,0.00011023167
0.0153385885,0.38635933,0.5782009,0.019875541,0.0001717258,9.999692e-06,9.999692e-06,9.999692e-06,9.999692e-06,1.3897413e-05
0.00011466836,0.003086335,0.13718118,0.4556145,0.2920513,0.10880318,0.0002921381,4.0255796e-05,0.00010029547,0.0027161965
9.999918e-06,0.00022753644,0.009011552,0.08921466,0.7951924,0.092736766,0.0040093227,0.0013223563,0.00077803136,0.007497462
0.00015571927,0.01630117,0.6913239,0.25186393,0.038299862,0.0018027544,9.999831e-06,9.999831e-06,9.999831e-06,0.00022272194
0.07413261,0.7809497,0.14059936,0.004140929,0.000121025645,9.999658e-06,9.999658e-06,9.999658e-06,9.999658e-06,1.6495134e-05
0.881149,0.11862228,0.0001586348,9.99931e-06,9.99931e-06,9.99931e-06,9.99931e-06,9.99931e-06,9.99931e-06,9.99931e-06
0.87232256,0.12733456,0.00027281418,9.999324e-06,9.999324e-06,9.999324e-06,9.999324e-06,9.999324e-06,9.999324e-06,9.999324e-06
0.93748736,0.06240681,3.570347e-05,9.9993e-06,9.9993e-06,9.9993e-06,9.9993e-06,9.9993e-06,9.9993e-06,9.9993e-06
0.18009001,0.71500367,0.09887797,0.005842564,8.9978974e-05,1.767107e-05,9.999732e-06,9.999732e-06,9.999732e-06,4.8071233e-05
1.1447003e-05,0.0011274081,0.01898291,0.19488591,0.7001436,0.06345512,0.012835022,0.0010335582,0.00074003485,0.0067850375
0.00014798883,0.017269107,0.6668669,0.2630302,0.05031501,0.0020715252,1.5804739e-05,9.999877e-06,9.999877e-06,0.00026347642
0.6808937,0.31839037,0.0006458292,9.999344e-06,9.999344e-06,9.999344e-06,9.999344e-06,9.999344e-06,9.999344e-06,9.999344e-06
0.42811877,0.5657272,0.0060140328,7.999058e-05,9.999411e-06,9.999411e-06,9.999411e-06,9.999411e-06,9.999411e-06,9.999411e-06
0.83352077,0.1660099,0.00039921977,9.999329e-06,9.999329e-06,9.999329e-06,9.999329e-06,9.999329e-06,9.999329e-06,9.999329e-06
0.0054700295,0.24804752,0.68508726,0.059925,0.0013101492,2.6015998e-05,9.9997915e-06,9.9997915e-06,9.9997915e-06,0.00010406181
0.043545514,0.8241089,0.12939472,0.0028888332,1.1917028e-05,9.999524e-06,9.999524e-06,9.999524e-06,9.999524e-06,9.999524e-06
0.0002501153,0.061639044,0.85763246,0.079473294,0.0009320594,2.2597145e-05,9.999705e-06,9.999705e-06,9.999705e-06,2.0545816e-05
0.5374567,0.4589077,0.0035318402,4.3606164e-05,9.999402e-06,9.999402e-06,9.999402e-06,9.999402e-06,9.999402e-06,9.999402e-06
0.005650959,0.26953563,0.64125335,0.08229208,0.0010300012,8.3806524e-05,9.999784e-06,9.999784e-06,9.999784e-06,0.00012419916
0.13967855,0.85360223,0.0066039595,5.5209122e-05,9.999401e-06,9.999401e-06,9.999401e-06,9.999401e-06,9.999401e-06,9.999401e-06
0.00018348962,0.020411035,0.7444442,0.21350582,0.020145608,0.0011416953,9.999748e-06,9.999748e-06,9.999748e-06,0.00013810478
0.0013031008,0.13452905,0.79499954,0.067760155,0.0012724735,3.369377e-05,9.999736e-06,9.999736e-06,9.999736e-06,7.206001e-05
0.04142514,0.91347057,0.044235907,0.0008083289,9.999436e-06,9.999436e-06,9.999436e-06,9.999436e-06,9.999436e-06,9.999436e-06
0.37488642,0.62198704,0.0030461831,2.0362499e-05,9.999401e-06,9.999401e-06,9.999401e-06,9.999401e-06,9.999401e-06,9.999401e-06
0.003964485,0.27538025,0.6456799,0.07440492,0.00044424392,2.0495321e-05,9.999734e-06,9.999734e-06,9.999734e-06,7.5634984e-05
0.5070307,0.48167267,0.011001937,0.00023458479,9.99945e-06,9.99945e-06,9.99945e-06,9.99945e-06,9.99945e-06,9.99945e-06
0.7186998,0.27455068,0.006534495,0.00015493904,9.999442e-06,9.999442e-06,9.999442e-06,9.999442e-06,9.999442e-06,9.999442e-06
0.9725966,0.02727626,5.7075264e-05,9.999304e-06,9.999304e-06,9.999304e-06,9.999304e-06,9.999304e-06,9.999304e-06,9.999304e-06
0.660787,0.33795562,0.0011872582,9.999382e-06,9.999382e-06,9.999382e-06,9.999382e-06,9.999382e-06,9.999382e-06,9.999382e-06
0.008840985,0.42788106,0.535087,0.027973067,0.0001639857,9.999685e-06,9.999685e-06,9.999685e-06,9.999685e-06,1.3779492e-05
0.08835971,0.87304765,0.03810496,0.0004276033,9.999425e-06,9.999425e-06,9.999425e-06,9.999425e-06,9.999425e-06,9.999425e-06
0.9395507,0.060326673,5.259275e-05,9.999302e-06,9.999302e-06,9.999302e-06,9.999302e-06,9.999302e-06,9.999302e-06,9.999302e-06
0.03291379,0.8492946,0.11390962,0.003809733,2.2269433e-05,9.9995505e-06,9.9995505e-06,9.9995505e-06,9.9995505e-06,9.9995505e-06
0.00011923982,0.049714994,0.845787,0.1031633,0.0011373902,3.7613117e-05,9.999701e-06,9.999701e-06,9.999701e-06,1.0410537e-05
0.0022543366,0.11942853,0.6672596,0.20540275,0.004652058,0.00065388385,3.8579397e-05,9.9998515e-06,9.9998515e-06,0.00029038492
0.000806997,0.03638373,0.6216529,0.27017236,0.06633503,0.0012847607,0.0007033084,6.427762e-05,5.072999e-05,0.0025459449
0.057412308,0.79626465,0.14101346,0.005130396,0.000115424824,9.999686e-06,9.999686e-06,9.999686e-06,9.999686e-06,2.3775592e-05
0.0123004895,0.56933093,0.3963703,0.021801604,0.00012383849,9.999691e-06,9.999691e-06,9.999691e-06,9.999691e-06,3.2841795e-05
9.999957e-06,8.114437e-05,0.00052828767,0.009250281,0.07439033,0.8768831,0.01944931,0.007560015,0.0066077863,0.005239809
0.039444793,0.66865015,0.28583062,0.0059788525,4.5550903e-05,9.999577e-06,9.999577e-06,9.999577e-06,9.999577e-06,9.999577e-06
9.999903e-06,6.75544e-05,0.0005292319,0.043659568,0.46683472,0.33007497,0.14024897,0.010074787,0.0044968375,0.0040034237
6.9737514e-05,0.0064090025,0.38125426,0.5548111,0.051846035,0.0044634035,0.00014456591,9.9999315e-06,1.3101404e-05,0.0009787633
0.00035798652,0.009132057,0.3690991,0.43555328,0.17048427,0.0077432976,0.00025094612,2.0071735e-05,0.0006060368,0.006752871
0.00018534735,0.01410275,0.5222342,0.4233467,0.037914928,0.0008463551,0.0001084761,9.999918e-06,6.798964e-05,0.0011832566
2.9535708e-05,0.0034124444,0.2402037,0.6702181,0.08027739,0.003948041,0.00021075644,9.9999115e-06,0.00020457589,0.0014854801
6.252395e-05,0.004689464,0.16435683,0.26527193,0.54684615,0.014550591,0.0010260922,0.00014580533,9.604471e-05,0.002954679
0.7817025,0.21763353,0.00059386244,9.999359e-06,9.999359e-06,9.999359e-06,9.999359e-06,9.999359e-06,9.999359e-06,9.999359e-06
0.9692912,0.030615663,2.3112038e-05,9.999301e-06,9.999301e-06,9.999301e-06,9.999301e-06,9.999301e-06,9.999301e-06,9.999301e-06
0.0018291996,0.19196732,0.76947504,0.036337342,0.00033722282,1.1619616e-05,9.999703e-06,9.999703e-06,9.999703e-06,1.2331421e-05
0.006048954,0.3548642,0.6112625,0.027311955,0.00044692412,2.198292e-05,9.999704e-06,9.999704e-06,9.999704e-06,1.3499351e-05
0.033232592,0.18575555,0.60829496,0.15477622,0.01228201,0.0025907236,9.402803e-05,1.7768303e-05,8.17006e-05,0.0028744068
0.00034204402,0.0047275866,0.11856905,0.38904336,0.39287433,0.062141247,0.00062246155,4.472223e-05,0.0031663615,0.028468834
0.0022115137,0.22901015,0.67629355,0.09148686,0.0008607144,5.7633344e-05,9.999739e-06,9.999739e-06,9.999739e-06,4.960129e-05
0.035522837,0.88392854,0.0782969,0.0021916416,9.999494e-06,9.999494e-06,9.999494e-06,9.999494e-06,9.999494e-06,9.999494e-06
0.16196966,0.82198906,0.015798377,0.00018280417,9.9994195e-06,9.9994195e-06,9.9994195e-06,9.9994195e-06,9.9994195e-06,9.9994195e-06
0.026831806,0.87351376,0.0970799,0.0025144755,9.999461e-06,9.999461e-06,9.999461e-06,9.999461e-06,9.999461e-06,9.999461e-06
1.4026954e-05,0.0006886107,0.0119477445,0.1469835,0.33218843,0.49989116,0.0035142566,0.0017310393,0.0002623811,0.002778961
8.1426544e-05,0.029565413,0.80571526,0.15770295,0.006664794,0.00018723025,9.999736e-06,9.999736e-06,9.999736e-06,5.298461e-05
0.9036208,0.096181534,0.00012760484,9.99931e-06,9.99931e-06,9.99931e-06,9.99931e-06,9.99931e-06,9.99931e-06,9.99931e-06
0.00023599748,0.033730943,0.7774805,0.18210691,0.0060822573,0.0002737941,9.999734e-06,9.999734e-06,9.999734e-06,5.9553477e-05
0.4009512,0.5842441,0.014499341,0.00024534558,9.999421e-06,9.999421e-06,9.999421e-06,9.999421e-06,9.999421e-06,9.999421e-06
0.0001598391,0.01283215,0.5217949,0.3325616,0.1288004,0.0018618231,0.00045283724,3.2207667e-05,3.097913e-05,0.0014731571
0.85892576,0.14058518,0.00041902112,9.999329e-06,9.999329e-06,9.999329e-06,9.999329e-06,9.999329e-06,9.999329e-06,9.999329e-06
8.517924e-05,0.0020746365,0.0607112,0.24218746,0.45131668,0.22993949,0.0010126681,0.00013916945,0.00088564603,0.011647858
0.8803662,0.11934931,0.00021441233,9.9993085e-06,9.9993085e-06,9.9993085e-06,9.9993085e-06,9.9993085e-06,9.9993085e-06,9.9993085e-06
0.023193592,0.7101434,0.2574196,0.009175628,1.779065e-05,9.999596e-06,9.999596e-06,9.999596e-06,9.999596e-06,9.999596e-06
0.00042767765,0.023656517,0.63300884,0.30884507,0.03146728,0.0017054311,5.839063e-05,9.999899e-06,9.999899e-06,0.00081077067
0.60072845,0.39300856,0.006082297,0.00012064576,9.999418e-06,9.999418e-06,9.999418e-06,9.999418e-06,9.999418e-06,9.999418e-06
0.9233018,0.07650685,0.0001211928,9.999309e-06,9.999309e-06,9.999309e-06,9.999309e-06,9.999309e-06,9.999309e-06,9.999309e-06
0.3982364,0.58544326,0.015916068,0.0003441924,9.999451e-06,9.999451e-06,9.999451e-06,9.999451e-06,9.999451e-06,9.999451e-06
0.012110753,0.49618432,0.4623035,0.028567968,0.0006715288,4.316823e-05,9.999755e-06,9.999755e-06,9.999755e-06,8.8768946e-05
0.025957314,0.6569827,0.2972656,0.019357985,0.00029401746,1.9544967e-05,9.999782e-06,9.999782e-06,9.999782e-06,9.290192e-05
0.40690243,0.5896302,0.0033732268,3.40837e-05,9.999401e-06,9.999401e-06,9.999401e-06,9.999401e-06,9.999401e-06,9.999401e-06
0.0001559276,0.0111325225,0.622356,0.31242675,0.049542267,0.0040003858,9.999831e-06,9.999831e-06,9.999831e-06,0.00035615813
0.012893944,0.53066695,0.43181512,0.024346814,0.00018644513,1.0126256e-05,9.999715e-06,9.999715e-06,9.999715e-06,5.0571387e-05
0.41285276,0.5837441,0.00331392,2.9151079e-05,9.9994e-06,9.9994e-06,9.9994e-06,9.9994e-06,9.9994e-06,9.9994e-06
0.41465774,0.58182955,0.003412726,3.993631e-05,9.999411e-06,9.999411e-06,9.999411e-06,9.999411e-06,9.999411e-06,9.999411e-06
0.022831677,0.6532943,0.30528277,0.018143676,0.0002801413,1.9961455e-05,9.999788e-06,9.999788e-06,9.999788e-06,0.00011736588
3.144576e-05,0.003012381,0.17997368,0.57563794,0.21283016,0.023922827,0.0011919148,4.13719e-05,0.0001951848,0.0031631112
0.00015525147,0.030921018,0.81244123,0.14887853,0.007316662,0.00017708694,9.99975e-06,9.99975e-06,9.99975e-06,8.017737e-05
0.48941135,0.5077772,0.0027280175,2.3288187e-05,9.999401e-06,9.999401e-06,9.999401e-06,9.999401e-06,9.999401e-06,9.999401e-06
0.08984951,0.76719236,0.13724065,0.0056169205,4.7213627e-05,9.999666e-06,9.999666e-06,9.999666e-06,9.999666e-06,1.3376031e-05
6.016018e-05,0.0048954096,0.40365764,0.53142595,0.05573178,0.003480446,4.4521443e-05,9.999881e-06,9.999881e-06,0.0006840874
1.1931377e-05,0.00083169667,0.012522168,0.16986145,0.58904207,0.17337735,0.037521042,0.0018053432,0.0053536254,0.009673337
3.775263e-05,0.0038816307,0.30870143,0.6329604,0.051020596,0.0017266423,0.00014508626,9.999912e-06,4.7340753e-05,0.0014692255
0.77787435,0.2211922,0.0008605395,1.2882893e-05,9.999401e-06,9.999401e-06,9.999401e-06,9.999401e-06,9.999401e-06,9.999401e-06
0.39528438,0.6029771,0.0016654573,1.2971898e-05,9.999399e-06,9.999399e-06,9.999399e-06,9.999399e-06,9.999399e-06,9.999399e-06
0.04891178,0.7003888,0.24045004,0.0101579465,4.1431533e-05,9.999623e-06,9.999623e-06,9.999623e-06,9.999623e-06,9.999623e-06
0.52707326,0.46277595,0.010000995,8.971016e-05,9.99942e-06,9.99942e-06,9.99942e-06,9.99942e-06,9.99942e-06,9.99942e-06
3.300999e-05,0.006287712,0.46811277,0.35197467,0.16943075,0.0033807952,9.587624e-05,2.1424958e-05,9.999931e-06,0.00065293844
0.0038255723,0.24950945,0.7073686,0.038875382,0.0003476274,1.3563547e-05,9.999705e-06,9.999705e-06,9.999705e-06,2.9766094e-05
0.7972814,0.20233506,0.00031349476,9.999318e-06,9.999318e-06,9.999318e-06,9.999318e-06,9.999318e-06,9.999318e-06,9.999318e-06
0.16009264,0.8266954,0.013007995,0.00014395166,9.999406e-06,9.999406e-06,9.999406e-06,9.999406e-06,9.999406e-06,9.999406e-06
0.79331404,0.20284186,0.0036924782,9.156083e-05,9.99943e-06,9.99943e-06,9.99943e-06,9.99943e-06,9.99943e-06,9.99943e-06
0.13165754,0.8274865,0.039870657,0.00092519587,9.999444e-06,9.999444e-06,9.999444e-06,9.999444e-06,9.999444e-06,9.999444e-06
4.8756152e-05,0.004044473,0.4162428,0.49415448,0.082599595,0.0018247787,4.472324e-05,9.999911e-06,3.9988434e-05,0.0009904025
0.0009535214,0.1281713,0.80637234,0.06368138,0.000749702,1.6318172e-05,9.9997105e-06,9.9997105e-06,9.9997105e-06,2.5374935e-05
0.00047643424,0.07234529,0.8566512,0.069937035,0.00053464284,1.0125868e-05,9.999701e-06,9.999701e-06,9.999701e-06,1.5213971e-05
0.21032491,0.7845635,0.004985336,6.6208464e-05,9.999402e-06,9.999402e-06,9.999402e-06,9.999402e-06,9.999402e-06,9.999402e-06
0.0024409282,0.22811484,0.7064138,0.060603954,0.0022427593,8.1343096e-05,9.999766e-06,9.999766e-06,9.999766e-06,7.239581e-05
0.008209838,0.7018394,0.28104743,0.008839043,1.424272e-05,9.999524e-06,9.999524e-06,9.999524e-06,9.999524e-06,9.999524e-06
5.1750332e-05,0.0045797783,0.49007216,0.43931627,0.06411378,0.0009830847,2.9710915e-05,9.999909e-06,1.4008247e-05,0.00082946
0.9772547,0.022660913,1.4259918e-05,9.9992985e-06,9.9992985e-06,9.9992985e-06,9.9992985e-06,9.9992985e-06,9.9992985e-06,9.9992985e-06
0.0013108135,0.13606875,0.7571197,0.10381847,0.0014843035,9.1561255e-05,9.999757e-06,9.999757e-06,9.999757e-06,7.6368095e-05
9.999939e-06,0.00035730307,0.022099247,0.31921154,0.40701213,0.2459544,0.0022734278,5.076155e-05,0.00057154783,0.0024596446
0.7144279,0.28269982,0.0027592783,5.3026593e-05,9.999409e-06,9.999409e-06,9.999409e-06,9.999409e-06,9.999409e-06,9.999409e-06
0.14991345,0.79508567,0.053591613,0.0013492359,9.999481e-06,9.999481e-06,9.999481e-06,9.999481e-06,9.999481e-06,9.999481e-06
0.9954919,0.0044280086,9.999228e-06,9.999228e-06,9.999228e-06,9.999228e-06,9.999228e-06,9.999228e-06,9.999228e-06,9.999228e-06
0.0068749967,0.47557378,0.5025827,0.014847912,7.0506816e-05,9.999619e-06,9.999619e-06,9.999619e-06,9.999619e-06,9.999619e-06
0.5664739,0.43000513,0.003421054,3.9945455e-05,9.999408e-06,9.999408e-06,9.999408e-06,9.999408e-06,9.999408e-06,9.999408e-06
0.00023599203,0.009921559,0.3712087,0.32156992,0.2834854,0.009823362,0.00028566862,6.7189256e-05,4.0805196e-05,0.0033614356
0.004260529,0.103860356,0.6865592,0.19487399,0.008286868,0.0007389827,7.9446385e-05,9.999968e-06,1.9871864e-05,0.001310788
0.00019977079,0.03186648,0.75202245,0.2109796,0.004545917,0.00030158708,9.999728e-06,9.999728e-06,9.999728e-06,5.421518e-05
0.8592384,0.13955894,0.0011266419,1.5955331e-05,9.999409e-06,9.999409e-06,9.999409e-06,9.999409e-06,9.999409e-06,9.999409e-06
0.00021705343,0.039962888,0.77633035,0.17720184,0.0059826663,0.00022153818,9.999747e-06,9.999747e-06,9.999747e-06,5.3597418e-05
0.0017503023,0.13054514,0.7351928,0.12833005,0.0037151172,0.0001588525,1.7444016e-05,9.999846e-06,9.999846e-06,0.0002702002
0.45870027,0.5372342,0.003962053,4.3438555e-05,9.999402e-06,9.999402e-06,9.999402e-06,9.999402e-06,9.999402e-06,9.999402e-06
0.000574336,0.028240144,0.72055507,0.23611979,0.013463098,0.00047551052,2.044838e-05,9.999853e-06,9.999853e-06,0.0005316149
0.66654664,0.31877345,0.014187746,0.00043207334,9.9995195e-06,9.9995195e-06,9.9995195e-06,9.9995195e-06,9.9995195e-06,9.9995195e-06
0.70397425,0.29514354,0.00081208185,9.999368e-06,9.999368e-06,9.999368e-06,9.999368e-06,9.999368e-06,9.999368e-06,9.999368e-06
0.5021835,0.49052188,0.007160251,7.4367825e-05,9.999414e-06,9.999414e-06,9.999414e-06,9.999414e-06,9.999414e-06,9.999414e-06
0.00093361555,0.09589255,0.7998816,0.10090326,0.0022095074,0.00011154792,9.999716e-06,9.999716e-06,9.999716e-06,3.800363e-05
0.77904487,0.22000118,0.00088386354,9.99937e-06,9.99937e-06,9.99937e-06,9.99937e-06,9.99937e-06,9.99937e-06,9.99937e-06
0.024250945,0.2609182,0.55774254,0.14563508,0.0073388433,0.0015632022,0.00015276641,2.0878791e-05,0.0001012657,0.0022762925
0.97144836,0.028461298,2.0238387e-05,9.9993e-06,9.9993e-06,9.9993e-06,9.9993e-06,9.9993e-06,9.9993e-06,9.9993e-06
6.634958e-05,0.009848181,0.49224702,0.4655832,0.030716823,0.000533582,0.00018409378,9.999915e-06,4.6061512e-05,0.0007646552
0.050597288,0.7790915,0.16578175,0.0044195354,5.9928327e-05,9.9996305e-06,9.9996305e-06,9.9996305e-06,9.9996305e-06,9.9996305e-06
9.999958e-06,0.0008337693,0.10307762,0.5856621,0.26376647,0.044823166,0.00032372665,9.999958e-06,0.00014723992,0.0013458421
0.043337304,0.7146637,0.2277277,0.014118111,8.813084e-05,1.2185606e-05,9.9997105e-06,9.9997105e-06,9.9997105e-06,2.283446e-05
0.6454799,0.35342404,0.0010259293,9.999393e-06,9.999393e-06,9.999393e-06,9.999393e-06,9.999393e-06,9.999393e-06,9.999393e-06
0.6404493,0.35886532,0.00061534886,9.999336e-06,9.999336e-06,9.999336e-06,9.999336e-06,9.999336e-06,9.999336e-06,9.999336e-06
0.102382034,0.87415296,0.02304989,0.00035504965,9.999454e-06,9.999454e-06,9.999454e-06,9.999454e-06,9.999454e-06,9.999454e-06
0.39873138,0.5954995,0.0056357966,7.3321055e-05,9.999404e-06,9.999404e-06,9.999404e-06,9.999404e-06,9.999404e-06,9.999404e-06
0.036655653,0.63659567,0.3182731,0.008349371,7.618573e-05,9.999635e-06,9.999635e-06,9.999635e-06,9.999635e-06,9.999635e-06
0.00019334373,0.06551946,0.8407015,0.09224556,0.0012617722,3.0367453e-05,9.999711e-06,9.999711e-06,9.999711e-06,1.7978982e-05
9.99997e-06,0.0012518634,0.106077105,0.55008763,0.3033051,0.03818443,0.00039174088,2.2310769e-05,2.1379035e-05,0.0006483449
0.040555768,0.87418234,0.08338078,0.0018210257,9.999456e-06,9.999456e-06,9.999456e-06,9.999456e-06,9.999456e-06,9.999456e-06
9.999985e-06,0.0012458874,0.12757453,0.6133616,0.21975748,0.03653406,0.000443208,1.2438162e-05,7.137478e-05,0.0009894454
6.939881e-05,0.009451578,0.60137624,0.2876782,0.098551236,0.0022206549,3.5047862e-05,9.999915e-06,9.999915e-06,0.0005977097
0.7772867,0.22225316,0.00039009468,9.99934e-06,9.99934e-06,9.99934e-06,9.99934e-06,9.99934e-06,9.99934e-06,9.99934e-06
0.31973717,0.66742617,0.012625377,0.00015121119,9.999411e-06,9.999411e-06,9.999411e-06,9.999411e-06,9.999411e-06,9.999411e-06
0.16190618,0.7976799,0.039753422,0.0006005058,9.999443e-06,9.999443e-06,9.999443e-06,9.999443e-06,9.999443e-06,9.999443e-06
0.00027770686,0.01566344,0.7124075,0.24279417,0.02759691,0.00055360445,2.5203632e-05,9.999864e-06,9.999864e-06,0.00066145137
0.04079356,0.47902066,0.42566988,0.052886445,0.001042391,0.000146283,2.106942e-05,9.999903e-06,9.999903e-06,0.00039967883
2.6884522e-05,0.009792875,0.74854356,0.22902484,0.012189998,0.00033714555,9.9997305e-06,9.9997305e-06,9.9997305e-06,5.4632008e-05
0.00012667007,0.020502958,0.7179843,0.25323498,0.007732885,0.00024398496,1.2921873e-05,9.999809e-06,9.999809e-06,0.00014125947
0.70514876,0.29330343,0.0014668801,2.0878513e-05,9.9994e-06,9.9994e-06,9.9994e-06,9.9994e-06,9.9994e-06,9.9994e-06
0.26973543,0.5953688,0.13069415,0.0040022433,0.000121990124,1.4891304e-05,9.999715e-06,9.999715e-06,9.999715e-06,3.2476997e-05
7.757664e-05,0.014049202,0.64436764,0.29974884,0.0402732,0.0011758235,3.1935797e-05,9.999861e-06,9.999861e-06,0.00025578635
0.0027466102,0.21924998,0.714018,0.061870705,0.0019408804,5.1230814e-05,9.99978e-06,9.99978e-06,9.99978e-06,9.2628325e-05
0.75967914,0.23901218,0.0012291154,1.9569932e-05,9.999402e-06,9.999402e-06,9.999402e-06,9.999402e-06,9.999402e-06,9.999402e-06
9.999905e-06,0.00012262604,0.009750189,0.17722122,0.56700486,0.2386555,0.004006602,0.0002597484,0.0005312336,0.0024379354
0.7456141,0.2529714,0.0013361922,1.8261902e-05,9.999401e-06,9.999401e-06,9.999401e-06,9.999401e-06,9.999401e-06,9.999401e-06
0.0048246835,0.3057166,0.6534866,0.034977753,0.00089740084,4.1236348e-05,9.9997105e-06,9.9997105e-06,9.9997105e-06,2.5742318e-05
0.8837191,0.11561731,0.00059357315,9.999374e-06,9.999374e-06,9.999374e-06,9.999374e-06,9.999374e-06,9.999374e-06,9.999374e-06
0.00041060502,0.049676694,0.8697969,0.07676596,0.0032159842,5.0223738e-05,9.999716e-06,9.999716e-06,9.999716e-06,5.3654025e-05
0.0017103035,0.16177091,0.7640497,0.0716873,0.0006867956,3.2847795e-05,9.999709e-06,9.999709e-06,9.999709e-06,3.2111704e-05
7.546387e-05,0.0015012629,0.053799238,0.20242032,0.46597683,0.26898897,0.00043750365,0.00031670587,0.00035537127,0.006128302
0.17241757,0.815971,0.011404683,0.00014667684,9.999408e-06,9.999408e-06,9.999408e-06,9.999408e-06,9.999408e-06,9.999408e-06
0.6707442,0.3278565,0.001328039,1.1225647e-05,9.999401e-06,9.999401e-06,9.999401e-06,9.999401e-06,9.999401e-06,9.999401e-06
9.999918e-06,0.00047916127,0.012432273,0.21414785,0.68775696,0.056120623,0.023108099,0.0004266555,0.0018886983,0.0036296097
0.022072248,0.6421116,0.32264143,0.013082396,3.932845e-05,9.9996305e-06,9.9996305e-06,9.9996305e-06,9.9996305e-06,1.2872712e-05
0.0005034086,0.037723027,0.71641505,0.21608612,0.027931098,0.0004584658,0.00017986863,1.0575489e-05,1.254556e-05,0.0006799215
0.00082919345,0.12471879,0.7528155,0.12058494,0.0009270846,4.3656622e-05,9.999738e-06,9.999738e-06,9.999738e-06,5.0849358e-05
9.999908e-06,0.0002305724,0.02389364,0.30342394,0.61157054,0.0554995,0.002651024,5.9923055e-05,0.00040921982,0.0022516474
0.0025663057,0.24841757,0.6855089,0.06317978,0.00025381215,9.999686e-06,9.999686e-06,9.999686e-06,9.999686e-06,3.360626e-05
0.07321157,0.51789,0.36421296,0.042656004,0.0013192705,0.0002807014,1.5164476e-05,9.99989e-06,9.99989e-06,0.0003943483
0.35587186,0.6325277,0.01136215,0.00017825862,9.99942e-06,9.99942e-06,9.99942e-06,9.99942e-06,9.99942e-06,9.99942e-06
0.01258716,0.6314583,0.33622673,0.019592406,8.250059e-05,9.999661e-06,9.999661e-06,9.999661e-06,9.999661e-06,1.2907073e-05
1.759611e-05,0.0048266803,0.5514085,0.42393267,0.019100891,0.00053495774,1.4167487e-05,9.9998115e-06,9.9998115e-06,0.00014450616
4.5718378e-05,0.018656284,0.8133124,0.16611545,0.0017773669,3.2293996e-05,9.999717e-06,9.999717e-06,9.999717e-06,3.0403146e-05
0.39610058,0.6005575,0.0032209412,6.0974377e-05,9.999405e-06,9.999405e-06,9.999405e-06,9.999405e-06,9.999405e-06,9.999405e-06
0.0012030808,0.06308664,0.72965497,0.1974036,0.007671867,0.0006545976,1.4170632e-05,9.999824e-06,9.999824e-06,0.0002910259
0.0016305665,0.16856588,0.76211107,0.06693456,0.00067315967,1.6187898e-05,9.999715e-06,9.999715e-06,9.999715e-06,3.861653e-05
0.00013024404,0.008258566,0.5504267,0.3837804,0.054333374,0.0025620614,2.2168968e-05,9.999847e-06,9.999847e-06,0.00046647972
0.0446428,0.8991279,0.05525724,0.0009120959,9.999433e-06,9.999433e-06,9.999433e-06,9.999433e-06,9.999433e-06,9.999433e-06
0.6408499,0.3581288,0.000951276,9.9993695e-06,9.9993695e-06,9.9993695e-06,9.9993695e-06,9.9993695e-06,9.9993695e-06,9.9993695e-06
0.0010729695,0.14392234,0.7752046,0.079320066,0.00041431154,1.1405493e-05,9.9997105e-06,9.9997105e-06,9.9997105e-06,2.4276715e-05
0.012993777,0.317445,0.5932392,0.07498545,0.001011034,7.2046394e-05,9.999849e-06,9.999849e-06,9.999849e-06,0.00022342626
6.320459e-05,0.0063996026,0.4961378,0.45165917,0.043410104,0.0019017997,2.6069232e-05,9.999833e-06,9.999833e-06,0.00038218035
0.011304834,0.72672254,0.24981314,0.012068538,4.0871782e-05,9.999611e-06,9.999611e-06,9.999611e-06,9.999611e-06,9.999611e-06
0.00015288271,0.029426659,0.8148382,0.15180267,0.0035536517,0.000102117556,9.999747e-06,9.999747e-06,9.999747e-06,9.382629e-05
0.2163589,0.7259767,0.056643173,0.00096112455,9.999531e-06,9.999531e-06,9.999531e-06,9.999531e-06,9.999531e-06,9.999531e-06
0.0011789463,0.13698722,0.78864205,0.07162291,0.0014254744,6.76856e-05,9.9997205e-06,9.9997205e-06,9.9997205e-06,4.5731675e-05
0.123576656,0.8140378,0.06047399,0.0018489392,1.2514797e-05,9.999547e-06,9.999547e-06,9.999547e-06,9.999547e-06,9.999547e-06
0.9644217,0.03547397,3.4276487e-05,9.999301e-06,9.999301e-06,9.999301e-06,9.999301e-06,9.999301e-06,9.999301e-06,9.999301e-06
0.0053928657,0.5221223,0.4579016,0.014503451,2.9733148e-05,9.9995395e-06,9.9995395e-06,9.9995395e-06,9.9995395e-06,9.9995395e-06
0.00038175628,0.056640234,0.8186277,0.12160907,0.0025962011,5.3006162e-05,9.99974e-06,9.99974e-06,9.99974e-06,6.197929e-05
0.6746824,0.3234884,0.0017493295,1.9733192e-05,9.9994e-06,9.9994e-06,9.9994e-06,9.9994e-06,9.9994e-06,9.9994e-06
0.4275017,0.56277543,0.009483011,0.00017981934,9.999429e-06,9.999429e-06,9.999429e-06,9.999429e-06,9.999429e-06,9.999429e-06
0.034539893,0.93155396,0.033306185,0.0005398909,9.999417e-06,9.999417e-06,9.999417e-06,9.999417e-06,9.999417e-06,9.999417e-06
0.73414856,0.26472637,0.0010508928,1.419166e-05,9.999404e-06,9.999404e-06,9.999404e-06,9.999404e-06,9.999404e-06,9.999404e-06
0.42337954,0.57510906,0.0014413537,9.999394e-06,9.999394e-06,9.999394e-06,9.999394e-06,9.999394e-06,9.999394e-06,9.999394e-06
0.0027231146,0.23631757,0.70780975,0.05271932,0.00035971552,2.5812435e-05,9.999703e-06,9.999703e-06,9.999703e-06,1.4633623e-05
0.00039434398,0.17326929,0.79128873,0.03477358,0.0002240827,9.999596e-06,9.999596e-06,9.999596e-06,9.999596e-06,9.999596e-06
0.7752821,0.22409336,0.0005543968,9.999336e-06,9.999336e-06,9.999336e-06,9.999336e-06,9.999336e-06,9.999336e-06,9.999336e-06
0.0005402608,0.022912875,0.39730266,0.4869991,0.0813836,0.005114653,0.0015748169,5.248188e-05,0.00023950367,0.003879984
0.023486175,0.7332291,0.23631167,0.0069025853,2.0471158e-05,9.99955e-06,9.99955e-06,9.99955e-06,9.99955e-06,9.99955e-06
0.7141668,0.27762568,0.007880755,0.00026665904,9.999481e-06,9.999481e-06,9.999481e-06,9.999481e-06,9.999481e-06,9.999481e-06
0.01226882,0.5724288,0.40560728,0.009530536,0.00011449574,9.999596e-06,9.999596e-06,9.999596e-06,9.999596e-06,9.999596e-06
0.0023576256,0.28237218,0.6899661,0.02519295,6.120862e-05,9.99956e-06,9.99956e-06,9.99956e-06,9.99956e-06,9.99956e-06
0.24170765,0.6847688,0.06943663,0.0039453213,6.71624e-05,1.1250315e-05,9.999738e-06,9.999738e-06,9.999738e-06,3.323375e-05
0.7411906,0.2583576,0.00038173946,9.99932e-06,9.99932e-06,9.99932e-06,9.99932e-06,9.99932e-06,9.99932e-06,9.99932e-06
0.25666466,0.7342484,0.008934678,9.215019e-05,9.9994095e-06,9.9994095e-06,9.9994095e-06,9.9994095e-06,9.9994095e-06,9.9994095e-06
9.999918e-06,0.00033752003,0.012292247,0.16356431,0.6947698,0.11898662,0.0055702203,0.0006474114,0.00052450725,0.003297311
0.008902767,0.552106,0.4270179,0.011805486,0.00011779203,9.999597e-06,9.999597e-06,9.999597e-06,9.999597e-06,9.999597e-06
0.23374113,0.70353776,0.06121933,0.0014416402,9.999532e-06,9.999532e-06,9.999532e-06,9.999532e-06,9.999532e-06,9.999532e-06
0.00617309,0.13124679,0.5964068,0.25392762,0.009465886,0.0008954556,0.00020447797,9.999961e-06,0.00010709737,0.0015628196
5.3506836e-05,0.008187724,0.4326532,0.46624833,0.085604176,0.006830328,4.584965e-05,9.999888e-06,9.999888e-06,0.00035693665
0.00026661696,0.033134393,0.8305222,0.12803842,0.0077563,0.00017259126,9.99974e-06,9.99974e-06,9.99974e-06,7.950044e-05
9.999934e-06,0.00056292245,0.015257999,0.15125689,0.7845189,0.033171274,0.008672569,0.0005194947,0.00081363117,0.00521627
0.043954577,0.667241,0.27624434,0.012377527,0.00012275892,9.999691e-06,9.999691e-06,9.999691e-06,9.999691e-06,1.9751087e-05
0.9846373,0.0152826235,9.999289e-06,9.999289e-06,9.999289e-06,9.999289e-06,9.999289e-06,9.999289e-06,9.999289e-06,9.999289e-06
0.93284804,0.06672595,0.00035598787,9.999358e-06,9.999358e-06,9.999358e-06,9.999358e-06,9.999358e-06,9.999358e-06,9.999358e-06
0.18151096,0.77074724,0.046649095,0.00103263,9.999474e-06,9.999474e-06,9.999474e-06,9.999474e-06,9.999474e-06,9.999474e-06
9.99982e-06,0.0021833708,0.4229793,0.5017356,0.07132463,0.0014126066,2.6683088e-05,9.99982e-06,9.99982e-06,0.0003076955
9.999909e-06,0.0001718575,0.0053419597,0.12304038,0.61538875,0.23355886,0.015876269,0.00084579684,0.0015514183,0.004214617
9.9999115e-06,0.00019664627,0.004970247,0.10582719,0.7979421,0.066059776,0.015580597,0.0004745581,0.0029227631,0.00601611
0.024867954,0.56977516,0.37849987,0.026422026,0.00030466626,1.4147634e-05,9.999747e-06,9.999747e-06,9.999747e-06,8.6154e-05
0.07648183,0.8947897,0.028224133,0.00044435574,9.999439e-06,9.999439e-06,9.999439e-06,9.999439e-06,9.999439e-06,9.999439e-06
0.25757328,0.73762596,0.004692254,4.8464637e-05,9.999402e-06,9.999402e-06,9.999402e-06,9.999402e-06,9.999402e-06,9.999402e-06
0.00018507797,0.057169873,0.8025262,0.13632162,0.0036279093,0.00010149642,9.999748e-06,9.999748e-06,9.999748e-06,3.7763955e-05
0.80649024,0.19312656,0.0003131254,9.999325e-06,9.999325e-06,9.999325e-06,9.999325e-06,9.999325e-06,9.999325e-06,9.999325e-06
0.0001275931,0.009585797,0.27272832,0.4185938,0.2815585,0.009629365,0.0022208737,0.00020251815,0.00019035781,0.005162822
0.6831667,0.3158185,0.00094482565,9.99937e-06,9.99937e-06,9.99937e-06,9.99937e-06,9.99937e-06,9.99937e-06,9.99937e-06
0.0018400293,0.25198752,0.7016385,0.044062763,0.00041367245,9.999694e-06,9.999694e-06,9.999694e-06,9.999694e-06,1.7484894e-05
0.47140563,0.51861984,0.009759705,0.00015481621,9.999437e-06,9.999437e-06,9.999437e-06,9.999437e-06,9.999437e-06,9.999437e-06
9.999972e-06,0.0011314887,0.01299969,0.14202699,0.60863763,0.21208772,0.0068168994,0.010305738,0.0004300289,0.0055537554
0.78151274,0.21151194,0.00668156,0.00023372279,9.999529e-06,9.999529e-06,9.999529e-06,9.999529e-06,9.999529e-06,9.999529e-06
0.9689329,0.0309229,7.4055315e-05,9.999313e-06,9.999313e-06,9.999313e-06,9.999313e-06,9.999313e-06,9.999313e-06,9.999313e-06
0.06407956,0.66667336,0.24469063,0.022732897,0.0013967996,0.00016799882,2.1791737e-05,9.999992e-06,1.37008465e-05,0.00021327747
3.821827e-05,0.009191918,0.7458751,0.21854468,0.02578406,0.0004248654,9.999801e-06,9.999801e-06,9.999801e-06,0.00011115328
0.00043839915,0.029174589,0.6498896,0.30658397,0.012276896,0.0005796569,7.8384466e-05,9.999927e-06,9.999927e-06,0.0009585514
0.00087515515,0.071914405,0.8131572,0.108325,0.0054096156,0.00022137276,9.999727e-06,9.999727e-06,9.999727e-06,6.7276545e-05
6.125341e-05,0.0089484975,0.37500998,0.49216816,0.11667138,0.006294908,0.00022797525,1.6900152e-05,9.999942e-06,0.0005909913
0.1733005,0.733049,0.088864625,0.004683915,4.3646167e-05,9.999681e-06,9.999681e-06,9.999681e-06,9.999681e-06,1.837468e-05
1.3640589e-05,0.00032379283,0.016415892,0.16733043,0.37499884,0.43453515,0.00082499406,4.668332e-05,0.0008436365,0.004667008
0.3796549,0.61813366,0.0021375616,1.3809021e-05,9.999399e-06,9.999399e-06,9.999399e-06,9.999399e-06,9.999399e-06,9.999399e-06
0.009258801,0.27247116,0.66356033,0.04993708,0.0044635697,0.00014210297,9.999795e-06,9.999795e-06,9.999795e-06,0.00013692223
0.6849374,0.31347775,0.0015092791,1.5436854e-05,9.9994e-06,9.9994e-06,9.9994e-06,9.9994e-06,9.9994e-06,9.9994e-06
0.7564484,0.24239,0.0010832712,1.82807e-05,9.999402e-06,9.999402e-06,9.999402e-06,9.999402e-06,9.999402e-06,9.999402e-06
0.69018793,0.30857137,0.001170624,9.9993695e-06,9.9993695e-06,9.9993695e-06,9.9993695e-06,9.9993695e-06,9.9993695e-06,9.9993695e-06
0.0001007906,0.0043526324,0.077281065,0.2686436,0.55673647,0.069514215,0.0054325256,0.00117114,0.0006428159,0.016124813
0.91428256,0.085304946,0.00034246,9.999355e-06,9.999355e-06,9.999355e-06,9.999355e-06,9.999355e-06,9.999355e-06,9.999355e-06
0.0017886494,0.12341057,0.7983098,0.07535746,0.0010181591,4.903089e-05,9.999707e-06,9.999707e-06,9.999707e-06,3.62456e-05
9.999915e-06,0.00019530475,0.0070303073,0.1522505,0.45910788,0.34960386,0.023058286,0.0003999046,0.003896327,0.004447607
0.03347021,0.88619846,0.07788642,0.0023848314,9.999525e-06,9.999525e-06,9.999525e-06,9.999525e-06,9.999525e-06,9.999525e-06
0.0035405534,0.43979,0.53164834,0.024919365,5.162809e-05,9.999569e-06,9.999569e-06,9.999569e-06,9.999569e-06,9.999569e-06
2.0209392e-05,0.0016519194,0.11304814,0.57907647,0.24980535,0.054902747,0.00034390792,1.6457312e-05,2.7078537e-05,0.001107696
0.05369679,0.84476066,0.09869223,0.0027903472,9.999517e-06,9.999517e-06,9.999517e-06,9.999517e-06,9.999517e-06,9.999517e-06
0.0011609868,0.2039631,0.7480987,0.046539385,0.00018774421,9.999682e-06,9.999682e-06,9.999682e-06,9.999682e-06,1.018971e-05
0.10833973,0.8040644,0.086021654,0.0015058906,1.8304696e-05,9.999537e-06,9.999537e-06,9.999537e-06,9.999537e-06,9.999537e-06
0.0044917106,0.34421954,0.61719173,0.033859845,0.00018435148,9.999692e-06,9.999692e-06,9.999692e-06,9.999692e-06,1.2891236e-05
0.006426674,0.5645434,0.41043097,0.018511213,3.766204e-05,9.999565e-06,9.999565e-06,9.999565e-06,9.999565e-06,9.999565e-06
0.11045793,0.830172,0.058059733,0.001250282,9.999515e-06,9.999515e-06,9.999515e-06,9.999515e-06,9.999515e-06,9.999515e-06
0.00081908575,0.10294704,0.7995156,0.09597197,0.00064930046,2.9017265e-05,9.999712e-06,9.999712e-06,9.999712e-06,3.7911865e-05
0.011256044,0.72538215,0.2508894,0.012346458,7.336233e-05,9.999654e-06,9.999654e-06,9.999654e-06,9.999654e-06,1.24903245e-05
0.7196498,0.27934244,0.0009376452,9.999374e-06,9.999374e-06,9.999374e-06,9.999374e-06,9.999374e-06,9.999374e-06,9.999374e-06
9.999931e-06,0.00022167734,0.008322776,0.117937945,0.75432783,0.08821148,0.00656889,0.00021579693,0.008310388,0.015873227
0.00020552162,0.011477401,0.47360313,0.4189288,0.09000693,0.0042176433,0.0001643375,9.999978e-06,0.0001005989,0.0012856676
0.04569596,0.8565269,0.095045485,0.002671602,9.999527e-06,9.999527e-06,9.999527e-06,9.999527e-06,9.999527e-06,9.999527e-06
0.0028925308,0.11710411,0.6300963,0.21078731,0.03496697,0.0020838252,0.0006310022,8.583384e-05,4.87256e-05,0.001303348
0.31978396,0.6742211,0.0058390354,9.581234e-05,9.999405e-06,9.999405e-06,9.999405e-06,9.999405e-06,9.999405e-06,9.999405e-06
0.029054824,0.7987262,0.1670254,0.0051227887,2.0698726e-05,9.999537e-06,9.999537e-06,9.999537e-06,9.999537e-06,9.999537e-06
9.999985e-06,0.00025071416,0.00328186,0.048281696,0.4787095,0.4344746,0.012442166,0.007098677,0.0045263735,0.010924559
0.027845696,0.47347105,0.45980325,0.038326163,0.0004174195,3.047792e-05,9.999742e-06,9.999742e-06,9.999742e-06,7.590538e-05
0.06917066,0.8824723,0.047262195,0.0010347356,9.99948e-06,9.99948e-06,9.99948e-06,9.99948e-06,9.99948e-06,9.99948e-06
3.3319015e-05,0.0030016457,0.25391886,0.57513356,0.15490156,0.010614993,0.0002663393,9.999977e-06,7.040638e-05,0.0020493255
0.9801554,0.01974291,3.164241e-05,9.999302e-06,9.999302e-06,9.999302e-06,9.999302e-06,9.999302e-06,9.999302e-06,9.999302e-06
0.06328782,0.85038567,0.0843792,0.0018868492,1.0437316e-05,9.999532e-06,9.999532e-06,9.999532e-06,9.999532e-06,9.999532e-06
0.0028447607,0.06704057,0.7373181,0.16397443,0.026134713,0.0020957906,1.5749061e-05,1.1405279e-05,9.999914e-06,0.00055450946
0.010354494,0.46031615,0.5018406,0.027016185,0.000391891,2.4534402e-05,9.999712e-06,9.999712e-06,9.999712e-06,2.6229909e-05
0.038649615,0.6732091,0.2720327,0.0159834,6.793294e-05,9.999672e-06,9.999672e-06,9.999672e-06,9.999672e-06,1.7273416e-05
0.39100784,0.6007503,0.008075896,0.000105841464,9.999405e-06,9.999405e-06,9.999405e-06,9.999405e-06,9.999405e-06,9.999405e-06
0.0019300581,0.20843115,0.7369234,0.052425705,0.00022802265,9.999657e-06,9.999657e-06,9.999657e-06,9.999657e-06,2.1618343e-05
0.6440258,0.3527402,0.0031242392,4.9742153e-05,9.999406e-06,9.999406e-06,9.999406e-06,9.999406e-06,9.999406e-06,9.999406e-06
0.004104374,0.35516778,0.5964214,0.04387192,0.00035970117,2.1792408e-05,9.999713e-06,9.999713e-06,9.999713e-06,2.3015986e-05
0.00036131812,0.053395316,0.8353181,0.1072156,0.0035186736,0.000102441,9.999727e-06,9.999727e-06,9.999727e-06,5.860277e-05
9.999907e-06,0.00032182725,0.018722108,0.2757082,0.6568254,0.039905414,0.0067212493,0.00011571415,0.00020020477,0.0014699099
0.00038499356,0.0139715625,0.34830877,0.5377284,0.08267083,0.014889355,0.00033714442,1.018488e-05,8.74639e-05,0.0016113623
9.999921e-06,0.00014446222,0.0012289574,0.062241364,0.55683255,0.18286218,0.11856207,0.0047261915,0.04330476,0.030087441
1.2830878e-05,0.00052287715,0.00788101,0.095701344,0.310879,0.570341,0.0061770296,0.003253429,0.000945488,0.0042859423
0.21270612,0.772349,0.0146979205,0.00018693028,9.9994195e-06,9.9994195e-06,9.9994195e-06,9.9994195e-06,9.9994195e-06,9.9994195e-06
0.0011856866,0.06289239,0.82793057,0.1033594,0.00438502,0.00010167717,9.999727e-06,9.999727e-06,9.999727e-06,0.00011532624
0.8479798,0.15138723,0.00056283793,9.999345e-06,9.999345e-06,9.999345e-06,9.999345e-06,9.999345e-06,9.999345e-06,9.999345e-06
0.00014581252,0.008098726,0.14665231,0.2632841,0.549134,0.02145957,0.0039496715,0.0004902875,0.00061296934,0.0061725015
0.18152851,0.810681,0.0076528783,7.761138e-05,9.999405e-06,9.999405e-06,9.999405e-06,9.999405e-06,9.999405e-06,9.999405e-06
0.00074500014,0.04829808,0.74737173,0.1967308,0.0063086976,0.00028910933,1.4573881e-05,9.999826e-06,9.999826e-06,0.00022201044
0.00041793197,0.040286683,0.7914904,0.16356505,0.0039285705,0.00022244961,9.9997205e-06,9.9997205e-06,9.9997205e-06,5.900622e-05
0.03978474,0.8890396,0.06986791,0.0012477172,9.999421e-06,9.999421e-06,9.999421e-06,9.999421e-06,9.999421e-06,9.999421e-06
0.9879572,0.011962756,9.999248e-06,9.999248e-06,9.999248e-06,9.999248e-06,9.999248e-06,9.999248e-06,9.999248e-06,9.999248e-06
0.025518233,0.88864183,0.08407227,0.0017076099,9.999473e-06,9.999473e-06,9.999473e-06,9.999473e-06,9.999473e-06,9.999473e-06
0.05426538,0.5868016,0.33516467,0.023404052,0.00025375088,2.7290916e-05,9.999728e-06,9.999728e-06,9.999728e-06,5.3280713e-05
0.09644179,0.8196004,0.08245068,0.001447083,9.9995e-06,9.9995e-06,9.9995e-06,9.9995e-06,9.9995e-06,9.9995e-06
0.00062802405,0.06974712,0.79803956,0.1298289,0.0015732641,4.4749653e-05,9.999739e-06,9.999739e-06,9.999739e-06,0.00010833203
0.104014345,0.83723783,0.05683309,0.0018538518,1.07737105e-05,9.99955e-06,9.99955e-06,9.99955e-06,9.99955e-06,9.99955e-06
0.32899418,0.66683584,0.0040579066,5.2021307e-05,9.999404e-06,9.999404e-06,9.999404e-06,9.999404e-06,9.999404e-06,9.999404e-06
0.0006737292,0.15759696,0.7888849,0.052598946,0.00019519313,9.999658e-06,9.999658e-06,9.999658e-06,9.999658e-06,1.0203832e-05
0.15590163,0.8228827,0.020847255,0.00030833742,9.999424e-06,9.999424e-06,9.999424e-06,9.999424e-06,9.999424e-06,9.999424e-06
0.07606281,0.8217131,0.10032079,0.0018373063,1.5984479e-05,9.999562e-06,9.999562e-06,9.999562e-06,9.999562e-06,9.999562e-06
8.040123e-05,0.0059697498,0.3034066,0.45429692,0.22912587,0.004247637,0.00064471725,1.8286657e-05,0.00011655036,0.002093261
0.4835712,0.50357544,0.012589362,0.0002039885,9.999467e-06,9.999467e-06,9.999467e-06,9.999467e-06,9.999467e-06,9.999467e-06
0.35492578,0.63673085,0.008161087,0.00012215122,9.999409e-06,9.999409e-06,9.999409e-06,9.999409e-06,9.999409e-06,9.999409e-06
0.040399842,0.80541384,0.14853169,0.005587023,1.7565559e-05,9.9995805e-06,9.9995805e-06,9.9995805e-06,9.9995805e-06,9.9995805e-06
0.0014578803,0.123493746,0.8001006,0.07373492,0.0010821624,2.1827665e-05,9.99974e-06,9.99974e-06,9.99974e-06,7.875602e-05
0.18670961,0.798423,0.014559726,0.0002476303,9.9994195e-06,9.9994195e-06,9.9994195e-06,9.9994195e-06,9.9994195e-06,9.9994195e-06
0.6316746,0.3464339,0.02106583,0.0007519101,2.3869003e-05,9.999604e-06,9.999604e-06,9.999604e-06,9.999604e-06,9.999604e-06
9.999927e-06,0.00019643288,0.009456135,0.09252098,0.7408024,0.14494559,0.0021915522,0.0004828001,0.0011115147,0.008282655
0.49071842,0.50677997,0.0024253384,1.615989e-05,9.9994e-06,9.9994e-06,9.9994e-06,9.9994e-06,9.9994e-06,9.9994e-06
0.9748011,0.025117217,1.166116e-05,9.9993e-06,9.9993e-06,9.9993e-06,9.9993e-06,9.9993e-06,9.9993e-06,9.9993e-06
0.84306645,0.1526388,0.0041207816,0.00011390642,9.999513e-06,9.999513e-06,9.999513e-06,9.999513e-06,9.999513e-06,9.999513e-06
0.71611786,0.27296975,0.010443951,0.0004084597,9.99955e-06,9.99955e-06,9.99955e-06,9.99955e-06,9.99955e-06,9.99955e-06
0.013111165,0.6860502,0.29390535,0.0068364334,4.6839057e-05,9.999546e-06,9.999546e-06,9.999546e-06,9.999546e-06,9.999546e-06
0.3005566,0.69733113,0.0020374334,1.4745422e-05,9.999399e-06,9.999399e-06,9.999399e-06,9.999399e-06,9.999399e-06,9.999399e-06
0.28192145,0.68784183,0.029795071,0.00038157133,9.999487e-06,9.999487e-06,9.999487e-06,9.999487e-06,9.999487e-06,9.999487e-06
0.0006071111,0.024322476,0.5257124,0.37987295,0.064413846,0.0016086021,0.00063939777,2.4792047e-05,0.00012866945,0.0026697938
0.050691083,0.8759265,0.0709289,0.0023915903,1.1960539e-05,9.999543e-06,9.999543e-06,9.999543e-06,9.999543e-06,9.999543e-06
0.006575584,0.38330102,0.5675017,0.04133151,0.0010697851,3.8655104e-05,9.999823e-06,9.999823e-06,9.999823e-06,0.00015178835
0.13138661,0.86253136,0.00596809,5.391836e-05,9.999401e-06,9.999401e-06,9.999401e-06,9.999401e-06,9.999401e-06,9.999401e-06
0.009813343,0.6613532,0.3217601,0.0069713695,5.1998544e-05,9.999584e-06,9.999584e-06,9.999584e-06,9.999584e-06,9.999584e-06
0.035434294,0.34596014,0.48055163,0.12128721,0.010140767,0.0011566619,0.0006735155,0.00010492789,0.00019197441,0.004498892
0.00040021108,0.056668762,0.7951501,0.14282297,0.0046624676,0.00012888589,1.0941161e-05,9.999822e-06,9.999822e-06,0.0001356718
0.017039739,0.72501665,0.2505759,0.0072913924,2.6216423e-05,9.999577e-06,9.999577e-06,9.999577e-06,9.999577e-06,9.999577e-06
0.0036648402,0.23017186,0.7003622,0.06475445,0.00087863987,5.5766104e-05,9.999739e-06,9.999739e-06,9.999739e-06,8.214891e-05
0.8731391,0.12659043,0.0002004128,9.999314e-06,9.999314e-06,9.999314e-06,9.999314e-06,9.999314e-06,9.999314e-06,9.999314e-06
0.0005503684,0.09166868,0.7917078,0.114949636,0.001014036,3.2524298e-05,9.999735e-06,9.999735e-06,9.999735e-06,4.6855712e-05
0.006445288,0.2322943,0.6891756,0.070993274,0.00090689055,6.770347e-05,9.999732e-06,9.999732e-06,9.999732e-06,8.6935695e-05
0.0010402105,0.05613217,0.82043344,0.11611151,0.0058173332,0.00033526888,9.999724e-06,9.999724e-06,9.999724e-06,9.999038e-05
0.04562061,0.9121051,0.041534055,0.0006801594,9.999425e-06,9.999425e-06,9.999425e-06,9.999425e-06,9.999425e-06,9.999425e-06
0.28051826,0.71354043,0.0058045955,7.664024e-05,9.999411e-06,9.999411e-06,9.999411e-06,9.999411e-06,9.999411e-06,9.999411e-06
2.106645e-05,0.0027577346,0.11349936,0.5303434,0.33174098,0.00954326,0.0076410645,0.00010222343,0.00076644105,0.0035844606
5.9442096e-05,0.008118804,0.6392265,0.31642947,0.035064664,0.0008391114,1.367309e-05,9.999822e-06,9.999822e-06,0.00022830714
0.00027591473,0.07276801,0.85354424,0.073017254,0.00034349426,9.999701e-06,9.999701e-06,9.999701e-06,9.999701e-06,1.10764995e-05
0.0031382304,0.25071126,0.7095581,0.036216494,0.00031564213,1.8699777e-05,9.999701e-06,9.999701e-06,9.999701e-06,1.1482952e-05
0.91612077,0.08358683,0.00022233039,9.9993285e-06,9.9993285e-06,9.9993285e-06,9.9993285e-06,9.9993285e-06,9.9993285e-06,9.9993285e-06
0.0051137917,0.53386325,0.43943954,0.021338316,0.00018886468,9.999691e-06,9.999691e-06,9.999691e-06,9.999691e-06,1.6183913e-05
0.5171136,0.4256853,0.05487059,0.0021935345,7.21871e-05,9.9997005e-06,9.9997005e-06,9.9997005e-06,9.9997005e-06,2.478631e-05
0.67926687,0.31937012,0.0012911843,1.173468e-05,9.999399e-06,9.999399e-06,9.999399e-06,9.999399e-06,9.999399e-06,9.999399e-06
0.0002694731,0.017045239,0.58538836,0.33437788,0.05814292,0.0043336754,2.40674e-05,9.999873e-06,9.999873e-06,0.00039841075
0.00013353553,0.014077125,0.53462243,0.42110848,0.027534382,0.0022622447,2.4040713e-05,9.999831e-06,9.999831e-06,0.00021776895
0.957047,0.042824756,5.8190835e-05,9.999302e-06,9.999302e-06,9.999302e-06,9.999302e-06,9.999302e-06,9.999302e-06,9.999302e-06
4.446238e-05,0.0022535191,0.121071815,0.4887277,0.273776,0.1124949,0.00016842429,4.241558e-05,2.4008468e-05,0.0013967033
0.041354675,0.6924641,0.25421995,0.011876681,3.368951e-05,9.999632e-06,9.999632e-06,9.999632e-06,9.999632e-06,1.089019e-05
0.8579148,0.14168324,0.0003318855,9.999328e-06,9.999328e-06,9.999328e-06,9.999328e-06,9.999328e-06,9.999328e-06,9.999328e-06
0.0019484641,0.19373411,0.7646369,0.038526848,0.001034554,2.209314e-05,9.999727e-06,9.999727e-06,9.999727e-06,6.7016445e-05
0.0001246101,0.03103837,0.8229206,0.14276649,0.0030367286,4.7845184e-05,9.999726e-06,9.999726e-06,9.999726e-06,3.5234945e-05
4.5471006e-05,0.0060968106,0.4777389,0.46212658,0.050356947,0.0032851298,2.9009172e-05,9.999831e-06,9.999831e-06,0.0003011797
7.858353e-05,0.0027001682,0.15704726,0.42607698,0.34877878,0.061214663,0.00029154558,4.313692e-05,0.00010846845,0.0036604663
0.437059,0.560669,0.002197177,1.4797468e-05,9.9994e-06,9.9994e-06,9.9994e-06,9.9994e-06,9.9994e-06,9.9994e-06
0.2586702,0.2922566,0.3532617,0.06527988,0.017923765,0.003586376,0.00018224117,0.00014407723,0.00032816714,0.008367021
0.04549002,0.7623618,0.1881507,0.003926812,2.0619022e-05,9.999543e-06,9.999543e-06,9.999543e-06,9.999543e-06,9.999543e-06
0.50265163,0.49321303,0.004035071,4.0209405e-05,9.999401e-06,9.999401e-06,9.999401e-06,9.999401e-06,9.999401e-06,9.999401e-06
0.7277417,0.26439154,0.0076773413,0.00012926788,9.999512e-06,9.999512e-06,9.999512e-06,9.999512e-06,9.999512e-06,9.999512e-06
0.64267814,0.35082108,0.00633193,0.000108797765,9.999416e-06,9.999416e-06,9.999416e-06,9.999416e-06,9.999416e-06,9.999416e-06
0.00015478331,0.014519563,0.63154364,0.33547127,0.016875487,0.00042542286,4.752873e-05,9.999885e-06,9.999885e-06,0.00094222033
0.093558416,0.7520757,0.15162659,0.0026684292,2.093781e-05,9.999546e-06,9.999546e-06,9.999546e-06,9.999546e-06,9.999546e-06
0.35984206,0.6363938,0.0036762739,2.7861093e-05,9.999401e-06,9.999401e-06,9.999401e-06,9.999401e-06,9.999401e-06,9.999401e-06
0.046240244,0.77324444,0.17345582,0.0069328453,7.666601e-05,9.9996705e-06,9.9996705e-06,9.9996705e-06,9.9996705e-06,9.9996705e-06
0.2155361,0.77138406,0.0128379,0.00018184914,9.999406e-06,9.999406e-06,9.999406e-06,9.999406e-06,9.999406e-06,9.999406e-06
0.88710225,0.11159075,0.001211989,3.4996123e-05,9.999427e-06,9.999427e-06,9.999427e-06,9.999427e-06,9.999427e-06,9.999427e-06
0.0010577083,0.09424762,0.803462,0.099020824,0.0020199225,0.00012195447,9.999713e-06,9.999713e-06,9.999713e-06,3.9985214e-05
2.6992933e-05,0.0006832776,0.016325712,0.2659749,0.32312745,0.3747716,0.01057898,0.00011861384,0.0021456704,0.006246828
0.97625476,0.023665087,1.0117475e-05,9.9993e-06,9.9993e-06,9.9993e-06,9.9993e-06,9.9993e-06,9.9993e-06,9.9993e-06
9.980043e-05,0.007870328,0.5486986,0.33318552,0.10692611,0.0013111691,0.00010432964,9.999995e-06,2.3573766e-05,0.0017705214
0.00023536256,0.027134473,0.7517433,0.21400996,0.00654064,0.0001754027,9.99979e-06,9.99979e-06,9.99979e-06,0.00013080823
8.78052e-05,0.003107897,0.12097801,0.33082485,0.48720652,0.049030725,0.0012585764,0.00021636025,0.0007191438,0.006570144
0.032498017,0.54267806,0.39389056,0.030695835,0.00012519449,1.287089e-05,9.9997305e-06,9.9997305e-06,9.9997305e-06,6.953287e-05
0.0025628814,0.2821975,0.6912459,0.023861052,8.263722e-05,9.999588e-06,9.999588e-06,9.999588e-06,9.999588e-06,9.999588e-06
0.43352634,0.5594898,0.006825604,9.823593e-05,9.999406e-06,9.999406e-06,9.999406e-06,9.999406e-06,9.999406e-06,9.999406e-06
0.16750902,0.75647646,0.073830605,0.0021158934,1.8016019e-05,9.999556e-06,9.999556e-06,9.999556e-06,9.999556e-06,9.999556e-06
0.00013310662,0.012557472,0.68667877,0.2668714,0.032090854,0.0013210442,1.3244317e-05,9.9998315e-06,9.9998315e-06,0.0003140794
0.008907276,0.35511744,0.5942438,0.041331664,0.00030690472,2.8925162e-05,9.999708e-06,9.999708e-06,9.999708e-06,3.3931465e-05
2.118016e-05,0.0008639194,0.030583033,0.37996155,0.38288292,0.19288696,0.0049901498,8.514612e-05,0.0016614196,0.006063685
1.4069248e-05,0.000969734,0.07712512,0.52521557,0.33625385,0.054846484,0.00062931055,1.788173e-05,0.00016059169,0.004767425
0.57323796,0.4236174,0.0030515972,3.3058343e-05,9.999402e-06,9.999402e-06,9.999402e-06,9.999402e-06,9.999402e-06,9.999402e-06
0.9722876,0.027632281,9.999286e-06,9.999286e-06,9.999286e-06,9.999286e-06,9.999286e-06,9.999286e-06,9.999286e-06,9.999286e-06
0.95516235,0.044702135,6.540206e-05,9.999305e-06,9.999305e-06,9.999305e-06,9.999305e-06,9.999305e-06,9.999305e-06,9.999305e-06
0.06975442,0.7255007,0.19614804,0.008123323,0.0003782168,1.7472847e-05,9.999743e-06,9.999743e-06,9.999743e-06,4.7779336e-05
0.0032136205,0.10999322,0.71992195,0.16245352,0.003563845,0.00022121589,2.4376892e-05,9.999881e-06,9.999881e-06,0.00058834435
0.14365017,0.8465195,0.009634636,0.00013563872,9.999408e-06,9.999408e-06,9.999408e-06,9.999408e-06,9.999408e-06,9.999408e-06
0.012186818,0.5944098,0.38359067,0.009716674,4.5981775e-05,9.999556e-06,9.999556e-06,9.999556e-06,9.999556e-06,9.999556e-06
0.21661079,0.6829586,0.09533815,0.0049994555,3.5910223e-05,9.999675e-06,9.999675e-06,9.999675e-06,9.999675e-06,1.7066166e-05
0.016993834,0.0881316,0.4345669,0.27190006,0.12849696,0.024519498,0.0016924471,0.0005303082,0.0025468343,0.030621586
0.7229776,0.27585497,0.0010936433,1.3753886e-05,9.999402e-06,9.999402e-06,9.999402e-06,9.999402e-06,9.999402e-06,9.999402e-06
0.54079163,0.45097184,0.0080033,0.00017311983,9.99942e-06,9.99942e-06,9.99942e-06,9.99942e-06,9.99942e-06,9.99942e-06
0.13191395,0.84970915,0.01798739,0.00032943796,9.999416e-06,9.999416e-06,9.999416e-06,9.999416e-06,9.999416e-06,9.999416e-06
0.9792171,0.020697806,1.4940015e-05,9.9993e-06,9.9993e-06,9.9993e-06,9.9993e-06,9.9993e-06,9.9993e-06,9.9993e-06
0.11190436,0.45733017,0.39558667,0.034071542,0.0006734031,0.00010594284,9.999836e-06,9.999836e-06,1.3522896e-05,0.00029432063
0.19257279,0.8017777,0.0055434783,4.595895e-05,9.999401e-06,9.999401e-06,9.999401e-06,9.999401e-06,9.999401e-06,9.999401e-06
0.9538574,0.046054605,1.7913322e-05,9.999301e-06,9.999301e-06,9.999301e-06,9.999301e-06,9.999301e-06,9.999301e-06,9.999301e-06
0.00037842238,0.06504331,0.8546636,0.0781124,0.001709434,3.6886828e-05,9.9997105e-06,9.9997105e-06,9.9997105e-06,2.603056e-05
0.84233946,0.15694626,0.0006442255,9.999379e-06,9.999379e-06,9.999379e-06,9.999379e-06,9.999379e-06,9.999379e-06,9.999379e-06
9.999901e-06,6.644674e-05,0.0011550799,0.07682217,0.6758646,0.12638593,0.10180941,0.0013015583,0.01085006,0.005734694
0.55415195,0.44151825,0.0042016855,6.802521e-05,9.999408e-06,9.999408e-06,9.999408e-06,9.999408e-06,9.999408e-06,9.999408e-06
0.5403518,0.45769888,0.0018714117,1.7867407e-05,9.9994e-06,9.9994e-06,9.9994e-06,9.9994e-06,9.9994e-06,9.9994e-06
0.00027780706,0.025299381,0.7786479,0.17168622,0.023479149,0.00030608464,2.3040373e-05,9.999854e-06,9.999854e-06,0.00026038973
0.62336916,0.36177346,0.0141622,0.0006165972,1.2649146e-05,9.99964e-06,9.99964e-06,9.99964e-06,9.99964e-06,2.5913158e-05
0.39029035,0.60586256,0.0037570149,3.0085184e-05,9.999401e-06,9.999401e-06,9.999401e-06,9.999401e-06,9.999401e-06,9.999401e-06
0.93674636,0.062953696,0.00022979645,9.999326e-06,9.999326e-06,9.999326e-06,9.999326e-06,9.999326e-06,9.999326e-06,9.999326e-06
0.2238974,0.75954664,0.016307082,0.00018892034,9.999409e-06,9.999409e-06,9.999409e-06,9.999409e-06,9.999409e-06,9.999409e-06
0.048559822,0.9120593,0.03861893,0.00070192595,9.999417e-06,9.999417e-06,9.999417e-06,9.999417e-06,9.999417e-06,9.999417e-06
0.16411586,0.825448,0.010234933,0.0001411466,9.999416e-06,9.999416e-06,9.999416e-06,9.999416e-06,9.999416e-06,9.999416e-06
0.01183361,0.52924097,0.44391328,0.014700171,0.00026024948,9.999693e-06,9.999693e-06,9.999693e-06,9.999693e-06,1.1645045e-05
0.00033207485,0.082479365,0.8452918,0.07149978,0.00034157286,1.5349911e-05,9.999688e-06,9.999688e-06,9.999688e-06,9.999688e-06
0.7075648,0.29108492,0.0012802717,9.999393e-06,9.999393e-06,9.999393e-06,9.999393e-06,9.999393e-06,9.999393e-06,9.999393e-06
0.9474403,0.052338865,0.00015077346,9.999318e-06,9.999318e-06,9.999318e-06,9.999318e-06,9.999318e-06,9.999318e-06,9.999318e-06
0.0003120839,0.046954256,0.76330745,0.18301314,0.0060032564,0.0003027805,9.9997615e-06,9.9997615e-06,9.9997615e-06,7.6974095e-05
0.6197702,0.37751156,0.0026252945,3.2863933e-05,9.999404e-06,9.999404e-06,9.999404e-06,9.999404e-06,9.999404e-06,9.999404e-06
0.23791623,0.72805804,0.033062536,0.000903175,9.999509e-06,9.999509e-06,9.999509e-06,9.999509e-06,9.999509e-06,9.999509e-06
0.00046398462,0.029087715,0.6429333,0.273057,0.051471926,0.000985815,0.00043935608,2.6333739e-05,5.182289e-05,0.0014827767
1.709008e-05,0.008584913,0.74827373,0.23846856,0.0045108367,6.852003e-05,9.99974e-06,9.99974e-06,9.99974e-06,4.6379642e-05
0.0984501,0.8676595,0.033499617,0.00033067242,9.9994095e-06,9.9994095e-06,9.9994095e-06,9.9994095e-06,9.9994095e-06,9.9994095e-06
0.020712188,0.66063976,0.30894467,0.009606625,4.680194e-05,9.999584e-06,9.999584e-06,9.999584e-06,9.999584e-06,9.999584e-06
0.8208969,0.17647588,0.0025346342,3.2530188e-05,9.999413e-06,9.999413e-06,9.999413e-06,9.999413e-06,9.999413e-06,9.999413e-06
0.0034959964,0.09309845,0.70015806,0.175488,0.024741685,0.0010471302,0.00018063952,2.926324e-05,5.084119e-05,0.0017099549
0.0035925636,0.3657757,0.59788674,0.032488983,0.00019224829,9.999685e-06,9.999685e-06,9.999685e-06,9.999685e-06,2.3757308e-05
0.00013700152,0.01910547,0.77366096,0.19550778,0.0111656375,0.00012697338,2.6363057e-05,9.999824e-06,9.999824e-06,0.00024985656
0.18594706,0.65782654,0.14680174,0.009238304,9.393445e-05,1.969642e-05,9.999723e-06,9.999723e-06,9.999723e-06,4.2758584e-05
0.0012104835,0.120574415,0.7909368,0.08603628,0.001130003,3.6100344e-05,9.999715e-06,9.999715e-06,9.999715e-06,4.5933684e-05
0.5492895,0.447429,0.0031936767,2.7816677e-05,9.999402e-06,9.999402e-06,9.999402e-06,9.999402e-06,9.999402e-06,9.999402e-06
9.99995e-06,0.00043309206,0.0044218167,0.07168302,0.7650182,0.0949286,0.029857012,0.011647709,0.003444145,0.018556455
0.2933092,0.57481265,0.12144657,0.010035432,0.00018399318,3.847585e-05,9.999826e-06,9.999826e-06,9.999826e-06,0.0001436854
0.019450458,0.6320304,0.33179122,0.016460499,0.00018930133,9.9997205e-06,9.9997205e-06,9.9997205e-06,9.9997205e-06,3.809885e-05
0.00023037357,0.039227206,0.825547,0.1303368,0.0043892157,0.00019444205,9.999713e-06,9.999713e-06,9.999713e-06,4.4974186e-05
0.10157123,0.8725038,0.025329335,0.0005356291,9.999431e-06,9.999431e-06,9.999431e-06,9.999431e-06,9.999431e-06,9.999431e-06
0.05489086,0.8404635,0.10240459,0.0021809838,9.999504e-06,9.999504e-06,9.999504e-06,9.999504e-06,9.999504e-06,9.999504e-06
0.008934521,0.7017275,0.2810458,0.008224896,1.7242946e-05,9.9995395e-06,9.9995395e-06,9.9995395e-06,9.9995395e-06,9.9995395e-06
0.009053227,0.66734934,0.31573746,0.007776338,3.3616e-05,9.999543e-06,9.999543e-06,9.999543e-06,9.999543e-06,9.999543e-06
0.016013728,0.5678458,0.39457604,0.021184372,0.00029287828,1.3050453e-05,9.999724e-06,9.999724e-06,9.999724e-06,4.407196e-05
0.27489826,0.7206659,0.004339393,3.6464528e-05,9.999401e-06,9.999401e-06,9.999401e-06,9.999401e-06,9.999401e-06,9.999401e-06
0.00036443365,0.07336929,0.8649379,0.060855836,0.00041852213,1.1082272e-05,9.9997005e-06,9.9997005e-06,9.9997005e-06,1.2843113e-05
0.8965909,0.10321592,0.00012309878,9.9993085e-06,9.9993085e-06,9.9993085e-06,9.9993085e-06,9.9993085e-06,9.9993085e-06,9.9993085e-06
0.70069265,0.29811803,0.0011191628,9.999382e-06,9.999382e-06,9.999382e-06,9.999382e-06,9.999382e-06,9.999382e-06,9.999382e-06
0.030715844,0.9104789,0.057616293,0.0011288472,9.99947e-06,9.99947e-06,9.99947e-06,9.99947e-06,9.99947e-06,9.99947e-06
9.999912e-06,0.00021810859,0.00575838,0.15641594,0.5023703,0.2989672,0.031595528,0.0005064096,0.0013829797,0.00277513
0.19036198,0.7991123,0.010400023,6.561211e-05,9.999401e-06,9.999401e-06,9.999401e-06,9.999401e-06,9.999401e-06,9.999401e-06
9.99993e-06,0.0005873256,0.006629683,0.15297098,0.53824914,0.18355057,0.105838485,0.0035612348,0.0033456113,0.0052570044
0.13865235,0.8366373,0.024068283,0.00058199384,9.99944e-06,9.99944e-06,9.99944e-06,9.99944e-06,9.99944e-06,9.99944e-06
0.90817887,0.09162113,0.00012983206,9.999309e-06,9.999309e-06,9.999309e-06,9.999309e-06,9.999309e-06,9.999309e-06,9.999309e-06
0.1579553,0.82726204,0.014538042,0.0001845666,9.9994095e-06,9.9994095e-06,9.9994095e-06,9.9994095e-06,9.9994095e-06,9.9994095e-06
0.31743735,0.6770511,0.0053709964,8.048588e-05,9.999413e-06,9.999413e-06,9.999413e-06,9.999413e-06,9.999413e-06,9.999413e-06
0.007174735,0.61675197,0.34914976,0.026508437,0.0003151269,1.2815565e-05,1.195701e-05,9.999817e-06,9.999817e-06,5.5224795e-05
0.07931978,0.8862184,0.033603195,0.0007984512,9.999432e-06,9.999432e-06,9.999432e-06,9.999432e-06,9.999432e-06,9.999432e-06
0.8282652,0.1714016,0.00026309813,9.999335e-06,9.999335e-06,9.999335e-06,9.999335e-06,9.999335e-06,9.999335e-06,9.999335e-06
0.97210044,0.027764782,6.469498e-05,9.999304e-06,9.999304e-06,9.999304e-06,9.999304e-06,9.999304e-06,9.999304e-06,9.999304e-06
0.3663041,0.63164264,0.001977498,1.574724e-05,9.9994e-06,9.9994e-06,9.9994e-06,9.9994e-06,9.9994e-06,9.9994e-06
0.022866102,0.6031996,0.36315855,0.010658544,6.7192246e-05,9.999605e-06,9.999605e-06,9.999605e-06,9.999605e-06,9.999605e-06
0.23393944,0.76172334,0.0042460114,3.1110005e-05,9.999401e-06,9.999401e-06,9.999401e-06,9.999401e-06,9.999401e-06,9.999401e-06
0.0024378276,0.111202635,0.7846844,0.097413056,0.003921935,0.00021778108,9.999738e-06,9.999738e-06,9.999738e-06,9.241292e-05
0.15340854,0.80638343,0.039349943,0.0007980288,9.999489e-06,9.999489e-06,9.999489e-06,9.999489e-06,9.999489e-06,9.999489e-06
9.999973e-06,0.0008088299,0.07343623,0.5238852,0.34950766,0.049546745,0.0007414303,1.5746333e-05,0.00023485644,0.0018133118
0.72367054,0.27530217,0.00095436996,1.2859885e-05,9.999402e-06,9.999402e-06,9.999402e-06,9.999402e-06,9.999402e-06,9.999402e-06
0.5801419,0.41735315,0.0024212988,2.3514114e-05,9.9994e-06,9.9994e-06,9.9994e-06,9.9994e-06,9.9994e-06,9.9994e-06
2.9475901e-05,0.008017778,0.62371516,0.32349512,0.043907713,0.00057055935,5.806815e-05,9.9998415e-06,9.9998415e-06,0.00018606563
9.999959e-06,0.0014430005,0.050681025,0.24349464,0.6452233,0.053042646,0.0023830954,0.0008346789,0.00012965473,0.0027578457
9.9999115e-06,6.966461e-05,0.0045911805,0.10670707,0.5845038,0.29348147,0.0029737258,8.115171e-05,0.002725964,0.0048558637
0.3719394,0.6179385,0.00997034,9.1696376e-05,9.999416e-06,9.999416e-06,9.999416e-06,9.999416e-06,9.999416e-06,9.999416e-06
0.14766672,0.8413191,0.010775386,0.00017875111,9.999408e-06,9.999408e-06,9.999408e-06,9.999408e-06,9.999408e-06,9.999408e-06
9.864577e-05,0.00887958,0.42891538,0.41551805,0.14064288,0.003970543,0.00043514845,2.5571971e-05,5.505875e-05,0.0014590849
0.15074918,0.80161995,0.046680816,0.00088237866,1.767711e-05,9.99954e-06,9.99954e-06,9.99954e-06,9.99954e-06,9.99954e-06
0.13278288,0.81097704,0.05513505,0.001045012,9.9995e-06,9.9995e-06,9.9995e-06,9.9995e-06,9.9995e-06,9.9995e-06
9.99992e-06,6.206899e-05,0.001341581,0.031563736,0.45973295,0.46187252,0.008494811,0.0022497305,0.011507946,0.023164654
9.326112e-05,0.009876494,0.508004,0.4503051,0.029403813,0.0019114026,3.4080476e-05,9.9998315e-06,9.9998315e-06,0.0003518084
0.4169387,0.5784288,0.004504537,6.7913745e-05,9.999409e-06,9.999409e-06,9.999409e-06,9.999409e-06,9.999409e-06,9.999409e-06
0.46191317,0.5160996,0.021268513,0.00065865036,9.999566e-06,9.999566e-06,9.999566e-06,9.999566e-06,9.999566e-06,9.999566e-06
0.004003146,0.24365498,0.68928146,0.062694825,0.0002796347,1.6079524e-05,9.999712e-06,9.999712e-06,9.999712e-06,3.9849652e-05
0.003282474,0.32165748,0.6462456,0.028597923,0.00016645202,9.999642e-06,9.999642e-06,9.999642e-06,9.999642e-06,9.999642e-06
0.42596942,0.571875,0.002079459,1.6176933e-05,9.999401e-06,9.999401e-06,9.999401e-06,9.999401e-06,9.999401e-06,9.999401e-06
0.0064523653,0.61198586,0.36435905,0.017116025,3.668297e-05,9.999605e-06,9.999605e-06,9.999605e-06,9.999605e-06,9.999605e-06
5.190656e-05,0.002776924,0.13940418,0.2865561,0.55136716,0.013461825,0.0010059751,7.8272526e-05,0.00044283463,0.0048548337
0.00025149147,0.030088576,0.7430945,0.21945249,0.0067623015,0.00012496533,1.4098906e-05,9.9998315e-06,9.9998315e-06,0.00019154746
0.027142249,0.19243753,0.53492606,0.20794164,0.022222966,0.00443994,0.0006201784,8.9925634e-05,0.00085328834,0.009326197
0.0009273328,0.12107141,0.8028452,0.0739348,0.001129065,2.1769598e-05,9.999719e-06,9.999719e-06,9.999719e-06,4.042699e-05
9.999782e-06,0.0034629197,0.5186717,0.46160027,0.015820276,0.0002859366,2.0192e-05,9.999782e-06,9.999782e-06,0.00010867746
0.8757218,0.12408761,0.00012047135,9.999306e-06,9.999306e-06,9.999306e-06,9.999306e-06,9.999306e-06,9.999306e-06,9.999306e-06
0.07952555,0.7351819,0.18229952,0.0028911722,5.1801635e-05,9.999566e-06,9.999566e-06,9.999566e-06,9.999566e-06,9.999566e-06
0.00021191394,0.021287242,0.7495772,0.22040868,0.008021445,0.00031344529,9.999758e-06,9.999758e-06,9.999758e-06,0.00015006082
0.0007132712,0.06768179,0.8062534,0.11742804,0.0075402656,0.0002724017,9.999739e-06,9.999739e-06,9.999739e-06,8.087083e-05
0.032151207,0.8433724,0.12083713,0.0035723476,1.6826332e-05,9.99953e-06,9.99953e-06,9.99953e-06,9.99953e-06,9.99953e-06
8.5570195e-05,0.02084401,0.74460053,0.2120328,0.021632852,0.00048044656,2.8780287e-05,9.999857e-06,9.999857e-06,0.0002750622
0.49613097,0.49464846,0.009027636,0.00013289502,9.999411e-06,9.999411e-06,9.999411e-06,9.999411e-06,9.999411e-06,9.999411e-06
0.5521186,0.4367185,0.010869486,0.00023333191,9.999432e-06,9.999432e-06,9.999432e-06,9.999432e-06,9.999432e-06,9.999432e-06
0.00019130127,0.032938253,0.83859,0.12384206,0.004283646,6.505992e-05,9.999728e-06,9.999728e-06,9.999728e-06,5.9563226e-05
0.17488271,0.7138672,0.10572451,0.0053812857,7.348466e-05,1.2568411e-05,9.999719e-06,9.999719e-06,9.999719e-06,2.8361786e-05
0.3017892,0.65218306,0.044782005,0.0011856589,9.999548e-06,9.999548e-06,9.999548e-06,9.999548e-06,9.999548e-06,9.999548e-06
0.82432866,0.1749931,0.00060819695,9.999348e-06,9.999348e-06,9.999348e-06,9.999348e-06,9.999348e-06,9.999348e-06,9.999348e-06
0.013663418,0.6451663,0.3232647,0.01775041,9.6899515e-05,9.999665e-06,9.999665e-06,9.999665e-06,9.999665e-06,1.821907e-05
0.7114176,0.28768936,0.000822942,9.999352e-06,9.999352e-06,9.999352e-06,9.999352e-06,9.999352e-06,9.999352e-06,9.999352e-06
0.00048525157,0.07753516,0.8070608,0.1128755,0.0018871784,9.618547e-05,9.999712e-06,9.999712e-06,9.999712e-06,2.9950515e-05
0.094747506,0.8839759,0.020698605,0.0005178877,9.999427e-06,9.999427e-06,9.999427e-06,9.999427e-06,9.999427e-06,9.999427e-06
0.32557142,0.670686,0.0036515717,3.0918512e-05,9.999401e-06,9.999401e-06,9.999401e-06,9.999401e-06,9.999401e-06,9.999401e-06
0.012048172,0.28815827,0.5829712,0.11438115,0.001678864,0.00024470064,3.362998e-05,9.9998815e-06,9.9998815e-06,0.00046407932
0.07373525,0.7186656,0.20270875,0.0047930316,3.9014634e-05,9.999623e-06,9.999623e-06,9.999623e-06,9.999623e-06,1.8340543e-05
2.6605365e-05,0.0062238546,0.4805638,0.4829957,0.028893586,0.0010730462,5.102531e-05,9.99982e-06,9.99982e-06,0.00015246394
0.23708256,0.7540153,0.0087424815,9.95247e-05,9.999402e-06,9.999402e-06,9.999402e-06,9.999402e-06,9.999402e-06,9.999402e-06
0.32312068,0.67294055,0.003852362,2.6333584e-05,9.999401e-06,9.999401e-06,9.999401e-06,9.999401e-06,9.999401e-06,9.999401e-06
0.15326451,0.7037484,0.13425048,0.008585125,7.0145405e-05,1.6314078e-05,9.999715e-06,9.999715e-06,9.999715e-06,3.5042594e-05
9.999902e-06,2.5931431e-05,0.00027710618,0.025751518,0.29211715,0.5082796,0.15706171,0.0020222005,0.011258322,0.0031964902
0.00012580943,0.01188187,0.63043296,0.28768203,0.06680196,0.0022483582,3.8016362e-05,9.999905e-06,9.999905e-06,0.0007690092
0.3349808,0.65833205,0.0065539656,7.309566e-05,9.999401e-06,9.999401e-06,9.999401e-06,9.999401e-06,9.999401e-06,9.999401e-06
0.012680041,0.44922608,0.5190245,0.018844767,0.00016988676,1.0323427e-05,9.999701e-06,9.999701e-06,9.999701e-06,1.428746e-05
0.0011656975,0.11787979,0.82833743,0.05174315,0.00080231245,1.9321442e-05,9.999705e-06,9.999705e-06,9.999705e-06,2.231588e-05
0.13458303,0.8020341,0.062342554,0.0009783109,1.199794e-05,9.999542e-06,9.999542e-06,9.999542e-06,9.999542e-06,9.999542e-06
0.00011365236,0.010103582,0.54191023,0.40699062,0.037567552,0.0030419694,1.5710215e-05,9.999822e-06,9.999822e-06,0.00023674403
0.42925802,0.56381655,0.006786455,7.894253e-05,9.999405e-06,9.999405e-06,9.999405e-06,9.999405e-06,9.999405e-06,9.999405e-06
0.6400667,0.34330574,0.016101614,0.00046595893,9.9995805e-06,9.9995805e-06,9.9995805e-06,9.9995805e-06,9.9995805e-06,9.9995805e-06
0.94456786,0.05530111,6.0960523e-05,9.999302e-06,9.999302e-06,9.999302e-06,9.999302e-06,9.999302e-06,9.999302e-06,9.999302e-06
0.91848356,0.081360206,8.617556e-05,9.999308e-06,9.999308e-06,9.999308e-06,9.999308e-06,9.999308e-06,9.999308e-06,9.999308e-06
0.82989794,0.16568922,0.0042491234,0.00010370549,9.999443e-06,9.999443e-06,9.999443e-06,9.999443e-06,9.999443e-06,9.999443e-06
9.999922e-06,0.0008588319,0.040612344,0.29147968,0.6244889,0.034328092,0.005192454,0.00032800203,0.00029737668,0.0024044318
0.042257838,0.7523894,0.20122023,0.004025733,5.675109e-05,9.999565e-06,9.999565e-06,9.999565e-06,9.999565e-06,9.999565e-06
6.1168874e-05,0.005094255,0.17133476,0.53197587,0.27001777,0.014309888,0.0031135029,7.336038e-05,0.00044684016,0.0035724773
0.97104514,0.028865246,1.954332e-05,9.999301e-06,9.999301e-06,9.999301e-06,9.999301e-06,9.999301e-06,9.999301e-06,9.999301e-06
0.5746679,0.422714,0.0025339106,2.4171502e-05,9.9994e-06,9.9994e-06,9.9994e-06,9.9994e-06,9.9994e-06,9.9994e-06
0.5107001,0.48755893,0.0016664108,1.4464977e-05,9.9994e-06,9.9994e-06,9.9994e-06,9.9994e-06,9.9994e-06,9.9994e-06
0.00084385986,0.07106541,0.78523654,0.13209087,0.009960059,0.0003109713,4.8983366e-05,9.999902e-06,9.999902e-06,0.00042329702
0.034446318,0.59923476,0.35240364,0.013615186,0.00022720515,1.2712557e-05,9.999712e-06,9.999712e-06,9.999712e-06,3.006789e-05
0.37584326,0.61969155,0.0043605464,4.464722e-05,9.999401e-06,9.999401e-06,9.999401e-06,9.999401e-06,9.999401e-06,9.999401e-06
0.1601909,0.65582645,0.16867627,0.014826283,0.00031734264,5.2000352e-05,9.999778e-06,9.999778e-06,9.999778e-06,8.081495e-05
0.11691501,0.85033035,0.032061044,0.00063344074,9.999433e-06,9.999433e-06,9.999433e-06,9.999433e-06,9.999433e-06,9.999433e-06
0.5346333,0.4606392,0.0046082176,5.9308953e-05,9.999406e-06,9.999406e-06,9.999406e-06,9.999406e-06,9.999406e-06,9.999406e-06
0.1472957,0.83929247,0.013091097,0.00026067684,9.9994195e-06,9.9994195e-06,9.9994195e-06,9.9994195e-06,9.9994195e-06,9.9994195e-06
0.578419,0.41667762,0.0047593364,8.3974264e-05,9.99943e-06,9.99943e-06,9.99943e-06,9.99943e-06,9.99943e-06,9.99943e-06
0.14955826,0.83426684,0.015951078,0.00016372156,9.999408e-06,9.999408e-06,9.999408e-06,9.999408e-06,9.999408e-06,9.999408e-06
0.015981626,0.24883369,0.6036785,0.12569334,0.0046288883,0.0004542729,3.2377975e-05,9.999927e-06,3.2216456e-05,0.0006551043
9.853137e-05,0.011098293,0.7088954,0.23922652,0.039758988,0.00037062322,2.9847983e-05,9.999873e-06,9.999873e-06,0.0005017861
0.00010881215,0.02191289,0.8266144,0.14569496,0.0054605496,0.00012646952,9.999722e-06,9.999722e-06,9.999722e-06,5.1889074e-05
0.032575794,0.73849684,0.22271366,0.006146477,1.7165154e-05,9.999543e-06,9.999543e-06,9.999543e-06,9.999543e-06,9.999543e-06
0.0029486027,0.17042421,0.7451689,0.07599407,0.0050743413,0.00024329465,9.99977e-06,9.99977e-06,9.99977e-06,0.00011655239
9.999982e-06,0.00037924334,0.022153623,0.2712513,0.5114113,0.18200578,0.0030487243,7.099138e-05,0.003399405,0.0062696594
0.082711324,0.69360983,0.21338926,0.010088961,0.00013180828,1.6177226e-05,9.999709e-06,9.999709e-06,9.999709e-06,2.267228e-05
0.48146597,0.5141113,0.0043083504,5.4369415e-05,9.999409e-06,9.999409e-06,9.999409e-06,9.999409e-06,9.999409e-06,9.999409e-06
0.00010436938,0.009427775,0.5826686,0.37811086,0.027617268,0.0018021001,1.10797e-05,9.999822e-06,9.999822e-06,0.0002379961
7.284142e-05,0.015581621,0.70053864,0.25750962,0.025404809,0.00058614835,2.9236118e-05,9.9998415e-06,9.9998415e-06,0.00025708028
9.9999e-06,0.00081548025,0.11857643,0.65603626,0.20687903,0.015839737,0.00043091102,9.9999e-06,0.00013019492,0.0012720189
0.0013496188,0.3258268,0.6492507,0.023468228,5.460829e-05,9.999554e-06,9.999554e-06,9.999554e-06,9.999554e-06,9.999554e-06
0.03141246,0.68655616,0.26002058,0.021755695,0.00015872098,2.7076743e-05,9.999724e-06,9.999724e-06,9.999724e-06,3.9220802e-05
0.0012118095,0.12374247,0.69944,0.1616197,0.012785329,0.00031336094,0.0002798359,9.999981e-06,5.9253456e-05,0.00053821073
4.6080808e-05,0.0024679396,0.071589425,0.25235182,0.5876158,0.07629185,0.0015722406,0.00049902627,0.00013200036,0.007433832
0.79025704,0.20900165,0.000671241,9.999373e-06,9.999373e-06,9.999373e-06,9.999373e-06,9.999373e-06,9.999373e-06,9.999373e-06
2.7944237e-05,0.0056264694,0.35006553,0.5320351,0.10233407,0.009563736,3.8955008e-05,9.999886e-06,9.999886e-06,0.00028818776
0.0013979608,0.045650788,0.7529213,0.15624675,0.04134644,0.0015976202,1.697682e-05,1.1021392e-05,9.999946e-06,0.0008011518
0.35479584,0.6354248,0.009465016,0.00025437213,9.99945e-06,9.99945e-06,9.99945e-06,9.99945e-06,9.99945e-06,9.99945e-06
0.74991715,0.2480182,0.0019728518,3.1718104e-05,9.999404e-06,9.999404e-06,9.999404e-06,9.999404e-06,9.999404e-06,9.999404e-06
0.01802969,0.6476078,0.3222817,0.011987956,4.288205e-05,9.999574e-06,9.999574e-06,9.999574e-06,9.999574e-06,9.999574e-06
0.9722234,0.027668243,3.8218728e-05,9.999304e-06,9.999304e-06,9.999304e-06,9.999304e-06,9.999304e-06,9.999304e-06,9.999304e-06
0.0020877735,0.17174485,0.76358783,0.061937645,0.00055441924,2.4966319e-05,9.999705e-06,9.999705e-06,9.999705e-06,3.248511e-05
3.7896552e-05,0.0018006107,0.13343097,0.48007452,0.28935373,0.09359624,0.0001294805,2.3231427e-05,3.6705318e-05,0.0015165714
0.73115027,0.26767647,0.0011031277,9.999383e-06,9.999383e-06,9.999383e-06,9.999383e-06,9.999383e-06,9.999383e-06,9.999383e-06
0.40121964,0.5792199,0.019215565,0.000284962,9.999487e-06,9.999487e-06,9.999487e-06,9.999487e-06,9.999487e-06,9.999487e-06
0.83305067,0.16593842,0.00093518477,1.5780814e-05,9.999409e-06,9.999409e-06,9.999409e-06,9.999409e-06,9.999409e-06,9.999409e-06
0.3040743,0.68320805,0.012484921,0.00017276862,9.999411e-06,9.999411e-06,9.999411e-06,9.999411e-06,9.999411e-06,9.999411e-06
4.19885e-05,0.007247159,0.62075585,0.31940487,0.051188517,0.001122842,2.0673584e-05,9.9998315e-06,9.9998315e-06,0.00019812421
0.9649435,0.034908578,7.790851e-05,9.999309e-06,9.999309e-06,9.999309e-06,9.999309e-06,9.999309e-06,9.999309e-06,9.999309e-06
0.12683913,0.86515874,0.0077877655,0.00015426606,9.999411e-06,9.999411e-06,9.999411e-06,9.999411e-06,9.999411e-06,9.999411e-06
0.0023595355,0.3847748,0.5851034,0.027447589,0.0002578129,9.999666e-06,9.999666e-06,9.999666e-06,9.999666e-06,1.679135e-05
0.0003399572,0.014278104,0.26951298,0.3748515,0.29801372,0.03532549,0.001245723,0.00034737278,0.00017391122,0.0059112054
0.8378958,0.16123615,0.0007921225,1.5906586e-05,9.999413e-06,9.999413e-06,9.999413e-06,9.999413e-06,9.999413e-06,9.999413e-06
0.15142678,0.7749931,0.0714159,0.0020798568,3.4368666e-05,9.999574e-06,9.999574e-06,9.999574e-06,9.999574e-06,9.999574e-06
3.2426633e-05,0.0017591385,0.08257395,0.53469527,0.3543442,0.017856093,0.0032826366,4.096672e-05,0.00089550525,0.004519846
0.77144825,0.22479658,0.0036057709,8.9369634e-05,9.999468e-06,9.999468e-06,9.999468e-06,9.999468e-06,9.999468e-06,9.999468e-06
0.14682764,0.84163344,0.011317043,0.00016176852,9.999408e-06,9.999408e-06,9.999408e-06,9.999408e-06,9.999408e-06,9.999408e-06
0.00079581793,0.08501405,0.77634096,0.13478996,0.002804546,0.00013973562,9.999745e-06,9.999745e-06,9.999745e-06,8.489647e-05
0.84747565,0.15177444,0.00067981664,9.999359e-06,9.999359e-06,9.999359e-06,9.999359e-06,9.999359e-06,9.999359e-06,9.999359e-06
0.0013665674,0.039962385,0.546256,0.38930926,0.019420855,0.001985817,0.00017392257,9.999969e-06,1.4426659e-05,0.001500855
0.096869744,0.7679115,0.13062201,0.0045176907,2.9039255e-05,9.999579e-06,9.999579e-06,9.999579e-06,9.999579e-06,9.999579e-06
0.0012200972,0.024179893,0.37560946,0.47330603,0.1040819,0.012893809,0.0008586355,3.9988317e-05,0.00042455873,0.007385666
0.013145767,0.5868248,0.38386762,0.016025906,7.799138e-05,9.9996505e-06,9.9996505e-06,9.9996505e-06,9.9996505e-06,1.7935568e-05
0.01164423,0.2114692,0.6247308,0.13008809,0.019567927,0.00092136103,0.00019116375,3.3852804e-05,7.989894e-05,0.0012735
9.999919e-06,0.0002738851,0.034402147,0.41738608,0.4452147,0.09854751,0.0005884101,9.999919e-06,0.00062359887,0.002943579
0.0012545057,0.11154625,0.76840365,0.11342323,0.005108152,0.00010957312,1.2664308e-05,9.999828e-06,9.999828e-06,0.00012191912
0.0012427757,0.17967488,0.7784762,0.040106334,0.0004387236,2.0555493e-05,9.9997005e-06,9.9997005e-06,9.9997005e-06,1.0468944e-05
0.0001836385,0.0051024957,0.12938274,0.3872844,0.355228,0.11917592,0.0003982219,0.00023542544,4.058659e-05,0.0029684496
0.000540405,0.024856921,0.57101154,0.32034028,0.07735958,0.0037548048,0.00024874162,4.093772e-05,2.1087932e-05,0.0018256872
0.0008594906,0.06256551,0.8144812,0.11413107,0.007543924,0.0003009716,9.999729e-06,9.999729e-06,9.999729e-06,8.782728e-05
0.12935828,0.8604969,0.009947243,0.00013756994,9.999411e-06,9.999411e-06,9.999411e-06,9.999411e-06,9.999411e-06,9.999411e-06
9.999909e-06,0.00010075467,0.0028265147,0.12866841,0.35379967,0.3675609,0.11929981,0.00021049159,0.021651408,0.005872049
1.1507993e-05,6.672047e-05,0.00039667488,0.006712326,0.09938932,0.13397959,0.036124296,0.003001165,0.6467468,0.073571615
9.999922e-06,0.0008272234,0.08241638,0.3658406,0.5246316,0.024182586,0.0007666828,6.381329e-05,5.95763e-05,0.0012013982
0.001044522,0.23873553,0.72081506,0.03923231,0.00012247557,9.999588e-06,9.999588e-06,9.999588e-06,9.999588e-06,9.999588e-06
0.9361039,0.063677646,0.00014839796,9.999316e-06,9.999316e-06,9.999316e-06,9.999316e-06,9.999316e-06,9.999316e-06,9.999316e-06
0.85754746,0.1420133,0.00036906352,9.999337e-06,9.999337e-06,9.999337e-06,9.999337e-06,9.999337e-06,9.999337e-06,9.999337e-06
9.26514e-05,0.002538007,0.13611671,0.4918943,0.2819625,0.084877014,0.00022386438,1.9371862e-05,7.9469624e-05,0.0021961203
0.06286,0.8907061,0.045533616,0.0008401856,9.999443e-06,9.999443e-06,9.999443e-06,9.999443e-06,9.999443e-06,9.999443e-06
0.10325324,0.8756627,0.020747196,0.00027673363,9.999413e-06,9.999413e-06,9.999413e-06,9.999413e-06,9.999413e-06,9.999413e-06
0.002418163,0.15119539,0.7365372,0.10791528,0.0016880138,0.00011155754,9.99978e-06,9.99978e-06,9.99978e-06,0.000104297396
0.9222354,0.07746285,0.00023164638,9.999345e-06,9.999345e-06,9.999345e-06,9.999345e-06,9.999345e-06,9.999345e-06,9.999345e-06
0.004357032,0.39349294,0.5555658,0.046366252,0.00014562189,9.9996705e-06,9.9996705e-06,9.9996705e-06,9.9996705e-06,3.2400705e-05
0.00026121427,0.028763877,0.81000715,0.14014849,0.020337095,0.00017710768,2.674941e-05,9.999853e-06,9.999853e-06,0.00025828186
0.00027335546,0.078924306,0.8238699,0.096444,0.00043012397,9.999704e-06,9.999704e-06,9.999704e-06,9.999704e-06,1.8279386e-05
0.23952293,0.747317,0.0129129775,0.00018700668,9.99942e-06,9.99942e-06,9.99942e-06,9.99942e-06,9.99942e-06,9.99942e-06
0.31687364,0.6747147,0.008279163,7.250086e-05,9.999405e-06,9.999405e-06,9.999405e-06,9.999405e-06,9.999405e-06,9.999405e-06
0.035646822,0.72733516,0.22968493,0.0072210664,4.8042748e-05,9.9996405e-06,9.9996405e-06,9.9996405e-06,9.9996405e-06,2.392755e-05
0.0013595003,0.13736407,0.7404726,0.119680785,0.0009298477,4.7423015e-05,9.999785e-06,9.999785e-06,9.999785e-06,0.00011571054
0.86696804,0.13277102,0.00019089773,9.999314e-06,9.999314e-06,9.999314e-06,9.999314e-06,9.999314e-06,9.999314e-06,9.999314e-06
0.011809982,0.6706763,0.30709136,0.010344352,2.6673131e-05,9.999613e-06,9.999613e-06,9.999613e-06,9.999613e-06,1.134814e-05
0.0011778065,0.1513036,0.7320944,0.11421895,0.0010504224,9.588342e-05,9.999719e-06,9.999719e-06,9.999719e-06,2.880711e-05
