0.063670166,0.058839656,0.12654252,0.12445773,0.015837442,0.01516185,0.019792197,0.57569844
0.013324798,0.012329953,0.039696336,0.11439133,0.24626492,0.116621055,0.33286566,0.12450601
0.03503859,0.119903825,0.37011555,0.1899851,0.05839395,0.14976813,0.03387078,0.04292412
0.3544304,0.48873731,0.078303225,0.03919307,0.0061146254,0.012021727,0.0036903666,0.017509263
0.34912345,0.2998895,0.19353332,0.08757121,0.008927013,0.019071616,0.007184315,0.034699548
0.041162297,0.03316342,0.08091592,0.101762384,0.020663401,0.015898136,0.026844928,0.67958957
0.013231409,0.013615626,0.056394365,0.16932179,0.26945344,0.12686251,0.25050542,0.10061549
0.09685493,0.42830884,0.3257014,0.08243623,0.008465861,0.03383491,0.00552272,0.01887515
0.038587365,0.101496935,0.20247892,0.23056863,0.03216038,0.046049755,0.033642996,0.31501505
0.75658107,0.19570243,0.022781683,0.013201495,0.0021170855,0.0030880708,0.0013503842,0.005177825
0.015177591,0.023627596,0.13186628,0.25827888,0.06296175,0.0519693,0.061966754,0.3941519
0.02778547,0.18200599,0.46652535,0.16545779,0.025168052,0.08773054,0.01407502,0.031251762
0.6664229,0.24875109,0.04468708,0.021468053,0.00301145,0.004904598,0.0018988323,0.0088559985
0.7154125,0.212749,0.036491375,0.018720275,0.0027567958,0.004292837,0.0018206682,0.0077565284
0.017471764,0.02113393,0.09713029,0.21639478,0.20115565,0.14592993,0.2020791,0.09870454
0.025050122,0.10072883,0.21640359,0.18265063,0.09637468,0.24524845,0.055264674,0.078279085
0.008798852,0.043141622,0.22807793,0.1744621,0.10882652,0.3713117,0.034105565,0.031275738
0.3656498,0.44111803,0.10400857,0.046404745,0.0060380893,0.012579244,0.0037535327,0.020448059
0.34771886,0.3555461,0.13542221,0.07309445,0.011855876,0.023224782,0.008979785,0.04415799
0.57114136,0.3101004,0.060644615,0.03035983,0.0044303546,0.007704774,0.0028035133,0.012815128
0.009606997,0.029149799,0.07906647,0.11570693,0.22790943,0.37758005,0.10161918,0.05936116
0.6315195,0.3021534,0.034865443,0.016959665,0.0023301532,0.004035219,0.0013937221,0.0067429137
0.01236444,0.010474572,0.034790415,0.10239699,0.25943458,0.10713658,0.34287348,0.13052897
0.012756054,0.020600343,0.115052775,0.26050985,0.23479232,0.14792109,0.12861283,0.07975477
0.010098352,0.036191393,0.12016268,0.14587215,0.22713353,0.3376151,0.066955395,0.055971354
0.0149247935,0.016771533,0.07596048,0.21112297,0.27000052,0.11395527,0.18959174,0.107672706
0.01636345,0.04527766,0.29761374,0.30651185,0.091808945,0.1258373,0.051370826,0.0652163
0.043048017,0.24331968,0.42510274,0.15218845,0.01817052,0.06788069,0.011521436,0.038768508
0.056892417,0.3299076,0.38608125,0.11924207,0.013785641,0.055501163,0.008923333,0.029666496
0.02195876,0.092589155,0.3375662,0.20740342,0.06652231,0.18667746,0.040081207,0.047201533
0.010680701,0.03484166,0.21616559,0.28321627,0.15400788,0.19313699,0.053076036,0.0548749
0.011190249,0.023971489,0.12763605,0.23868936,0.20968929,0.21220367,0.10547673,0.07114316
0.008023116,0.02099902,0.07907686,0.14876267,0.27593064,0.29409817,0.111791186,0.061318357
0.015502716,0.01695392,0.07237221,0.19062582,0.23172401,0.13737752,0.23179074,0.10365299
0.7167108,0.20939986,0.037442546,0.019234404,0.0028795707,0.0044026747,0.0018837675,0.008046435
0.010684888,0.024087826,0.14193355,0.26868844,0.20766199,0.19297901,0.091641344,0.062322922
0.011123759,0.024494253,0.14121427,0.2675959,0.20855784,0.18878749,0.09338819,0.06483831
0.58382607,0.31198502,0.057591937,0.025294434,0.0032582928,0.005884859,0.001996748,0.010162651
0.012357954,0.044498544,0.092874065,0.10792364,0.1903285,0.40395433,0.08941,0.058653
0.011354505,0.017441632,0.08691231,0.189936,0.09424097,0.07289089,0.07364954,0.45357418
0.014947767,0.02918914,0.14903693,0.2641291,0.20640662,0.15633294,0.09487291,0.08508464
0.7106379,0.22314231,0.033924196,0.01728797,0.0024734028,0.0039335154,0.001563323,0.0070373793
0.030218557,0.18255937,0.45618317,0.14433782,0.02532427,0.12419759,0.012445434,0.024733832
0.011276292,0.057145525,0.37816983,0.23427533,0.067116216,0.19227877,0.024765182,0.034972854
0.024428124,0.10840351,0.23535657,0.18327148,0.08778733,0.24391961,0.047407445,0.06942595
0.6973169,0.22761849,0.038944043,0.01928723,0.002753306,0.0043894663,0.0017599534,0.0079306485
0.04958295,0.28618094,0.41375268,0.12598726,0.018607661,0.071310416,0.01065197,0.02392608
0.012083233,0.011777472,0.04095139,0.124718376,0.2706823,0.11785114,0.30735654,0.11457959
0.2898887,0.30598286,0.20094338,0.09568122,0.012778695,0.025790395,0.009372786,0.059561964
0.011712986,0.044443823,0.09540028,0.108788386,0.18636237,0.4164127,0.08309304,0.053786453
0.12031117,0.4435419,0.29356405,0.077192836,0.008803504,0.032646473,0.0056676553,0.018272411
0.017747708,0.050979428,0.24627392,0.26283422,0.10236069,0.19584024,0.065117426,0.058846347
0.019200105,0.08510389,0.3812207,0.21300536,0.054289375,0.18446556,0.026358083,0.036356915
0.69135743,0.2304891,0.040740848,0.02001862,0.0027937358,0.0046118717,0.0018321575,0.008156224
0.66485,0.26990548,0.033481862,0.017056556,0.0024443914,0.0041198293,0.0015146772,0.0066272616
0.018168041,0.026118284,0.08719261,0.15784271,0.051272936,0.049570553,0.060346924,0.54948795
0.031605866,0.20704107,0.3468007,0.16582672,0.034396254,0.15498762,0.019494012,0.039847787
0.022534324,0.053098228,0.19383378,0.27179897,0.057907518,0.06650326,0.041979805,0.29234412
0.01526548,0.04734621,0.3311013,0.2955515,0.07869246,0.13512006,0.039685916,0.057237096
0.12855673,0.4054262,0.2612863,0.08720296,0.016583728,0.06615352,0.012140361,0.022650272
0.010504499,0.027629793,0.17769417,0.28254914,0.17094061,0.20256387,0.07201961,0.056098312
0.6001495,0.31996286,0.038643796,0.021366006,0.0034364844,0.0056772856,0.0020339333,0.008730029
0.009753385,0.012152475,0.047680166,0.13328241,0.33026555,0.14809974,0.2288728,0.089893535
0.048786573,0.23897442,0.46151552,0.12738676,0.017385243,0.074858926,0.009211135,0.021881416
0.007844314,0.039001748,0.16862707,0.15388212,0.15171525,0.40679237,0.040318467,0.03181867
0.045478642,0.27435175,0.43852237,0.11825581,0.016786018,0.0763609,0.009183027,0.021061502
0.19458972,0.45076656,0.23699228,0.062846676,0.0078092236,0.025263427,0.005276925,0.016455187
0.01040128,0.018370558,0.088273615,0.20570083,0.29300117,0.17313935,0.1325308,0.07858238
0.16737197,0.12404041,0.12069172,0.11276557,0.013224039,0.014583892,0.017584488,0.42973793
0.23604009,0.38564494,0.22848941,0.08482534,0.0080370745,0.01878169,0.0053703347,0.032811154
0.015808037,0.06574846,0.36718145,0.25028804,0.065917104,0.15266035,0.032463778,0.049932826
0.00888398,0.02174647,0.11210247,0.21244605,0.2592702,0.23591746,0.091001324,0.058632046
0.22315268,0.4067066,0.19289482,0.09205685,0.01092148,0.02583278,0.0072176554,0.04121707
0.010073846,0.019235678,0.09359456,0.2051684,0.28664193,0.18719935,0.12143353,0.0766527
0.012958599,0.011068087,0.03663173,0.10524719,0.24394147,0.11139742,0.34904957,0.12970589
0.031375844,0.19566318,0.4809075,0.15517123,0.017717144,0.082785286,0.010095473,0.026284322
0.5099471,0.38333693,0.049791865,0.028141253,0.0049234275,0.008363184,0.002966908,0.012529328
0.012840806,0.030955778,0.16941239,0.292823,0.18232942,0.16102384,0.08032731,0.0702875
0.024185928,0.11298282,0.38862023,0.22611266,0.047252584,0.12883128,0.027450794,0.04456374
0.00980206,0.024128675,0.11132051,0.21063815,0.23524854,0.23631485,0.105836615,0.06671061
0.40793365,0.37092417,0.12181512,0.051477667,0.005854251,0.0122060785,0.004036974,0.02575214
0.030739084,0.06388836,0.23666243,0.25331375,0.037813827,0.03830884,0.032908637,0.30636513
0.36493763,0.45422742,0.09660964,0.04328509,0.005539446,0.011610115,0.0034709245,0.020319762
0.6518125,0.28471932,0.033156592,0.01642568,0.0022931332,0.0038834019,0.0013610893,0.006348336
0.36873958,0.4747168,0.086798966,0.037011534,0.004612026,0.009802761,0.0026937674,0.015624514
0.6408508,0.2723321,0.046969227,0.021685898,0.0028285733,0.004752192,0.0017485039,0.008832728
0.03813371,0.15590836,0.45278695,0.17956251,0.027039308,0.09993678,0.01635575,0.030276546
0.02418157,0.16511719,0.37137914,0.17363194,0.046959702,0.162144,0.01999163,0.036594857
0.12201622,0.15556231,0.3447744,0.20125729,0.023353094,0.041424807,0.022234626,0.08937722
0.25111905,0.4157919,0.20390421,0.07313089,0.0072241565,0.017300718,0.0045680436,0.026961034
0.013514123,0.056417353,0.19553143,0.15928711,0.09973945,0.38662803,0.04911977,0.039762776
0.13304107,0.40799937,0.25689662,0.08603374,0.016408945,0.064943954,0.0121413665,0.022534985
0.013271706,0.078340925,0.44037992,0.20025033,0.04954312,0.16546072,0.019071408,0.03368189
0.6688524,0.27036628,0.031054603,0.015920183,0.0023505585,0.003859317,0.0013856399,0.00621104
0.026396979,0.1616536,0.4456932,0.15869391,0.029561115,0.13760035,0.0135455495,0.02685533
0.7133389,0.21281584,0.037759427,0.019158304,0.0028170254,0.0043920297,0.001833736,0.007884722
0.31662306,0.4656963,0.12626956,0.049383834,0.0057066195,0.012965811,0.0034059566,0.019948887
0.012481648,0.060980786,0.2394641,0.20765342,0.11193472,0.2729493,0.041765366,0.052770667
0.011438635,0.07014563,0.40330917,0.19256115,0.058463566,0.2129814,0.019334858,0.031765636
0.021736879,0.10581362,0.45170918,0.20318429,0.03467525,0.13255922,0.017496817,0.032824818
0.14731014,0.27576256,0.25435284,0.15490916,0.021047194,0.04631721,0.016495075,0.08380586
0.040374387,0.064950265,0.25213164,0.25699162,0.089677475,0.11217807,0.094617985,0.0890786
0.010202521,0.033763062,0.2130339,0.2871384,0.14747119,0.2030139,0.054066297,0.05131072
0.6890843,0.23819077,0.03767872,0.018702175,0.0026520796,0.004238868,0.0016810724,0.0077720145
0.0128584,0.011259874,0.037767965,0.11097473,0.25061497,0.1121889,0.34104028,0.123294905
0.013813969,0.0377288,0.20787342,0.29921538,0.1461249,0.1648153,0.065487936,0.06494031
0.008017462,0.021867152,0.09139129,0.16771826,0.27075568,0.30194154,0.08920428,0.04910433
0.013437744,0.011349151,0.037622184,0.11261326,0.2563995,0.10228574,0.3379855,0.12830696
0.013167857,0.031015184,0.18082675,0.26921698,0.15924913,0.19535911,0.08660057,0.06456448
0.4975023,0.35817057,0.0723096,0.03674552,0.005500823,0.009901559,0.0035280448,0.016341561
0.015846055,0.016268404,0.07137319,0.1952656,0.2557266,0.11006161,0.21469969,0.12075884
0.012205978,0.010477638,0.034165412,0.09701234,0.2540463,0.10954071,0.3486482,0.13390346
0.0082747415,0.021345548,0.11357716,0.21184886,0.26799577,0.23777394,0.083781645,0.055402316
0.03810344,0.23807088,0.37702948,0.15416029,0.025216889,0.119881354,0.015217236,0.03232035
0.013926645,0.036924932,0.20016463,0.2984162,0.15171154,0.16429354,0.068032734,0.06652977
0.09568715,0.46448898,0.2502509,0.08203608,0.0141903665,0.06401151,0.009701356,0.019633655
0.013960523,0.050560914,0.3079401,0.27526987,0.09072799,0.1686256,0.041507527,0.05140749
0.046692554,0.28405568,0.35885787,0.13122405,0.022073155,0.11383,0.013913359,0.029353335
0.011973908,0.010683383,0.034339093,0.095676914,0.25928703,0.11412262,0.34268233,0.13123478
0.1111424,0.1751037,0.32815266,0.20559898,0.024113689,0.044102065,0.020496244,0.091290325
0.011880142,0.04338613,0.23976031,0.24703783,0.11252882,0.23878998,0.053643,0.05297374
0.008562006,0.035352718,0.15375158,0.16971733,0.2000507,0.34246096,0.048707686,0.041397043
0.012982978,0.0118836025,0.042586744,0.13206172,0.28499532,0.1149123,0.28830913,0.11226822
0.43770173,0.4062409,0.08876385,0.036640942,0.00434709,0.008908233,0.0026703016,0.014726977
0.012543479,0.044037156,0.091263935,0.10638129,0.1896346,0.40725857,0.08986131,0.059019618
0.42238644,0.40717527,0.0986513,0.03950974,0.004484322,0.009306645,0.0027374162,0.015748871
0.467756,0.34589034,0.08662188,0.047674615,0.008188457,0.014495885,0.0057706446,0.0236022
0.008839597,0.049472824,0.27621394,0.18303017,0.098499976,0.3258548,0.029164858,0.02892377
0.43200698,0.41473126,0.08244018,0.037254702,0.005005169,0.009850559,0.0030450032,0.01566619
0.011950355,0.014909341,0.060781732,0.17657344,0.2839831,0.1402012,0.2180138,0.09358699
0.11441963,0.4396695,0.3134137,0.07383853,0.0074676154,0.029006205,0.0049449685,0.017239833
0.013216179,0.0143723255,0.05430376,0.1667702,0.27788243,0.12745143,0.24726786,0.09873587
0.014077102,0.014832016,0.059132043,0.16936426,0.25824946,0.12909271,0.25237677,0.10287566
0.012190067,0.043112166,0.29019436,0.26226544,0.10353326,0.20431985,0.040100966,0.044283893
0.011702755,0.04768255,0.105674416,0.11356399,0.17629535,0.42646167,0.07205883,0.04656043
0.010039795,0.022638546,0.08135121,0.16005851,0.29771295,0.24548548,0.11593476,0.066778794
0.4685076,0.40080708,0.06255463,0.033911817,0.005631036,0.010028582,0.0035245751,0.015034762
0.017889462,0.027399812,0.12912849,0.2460273,0.17781441,0.16519767,0.15342227,0.08312062
0.29412803,0.33769864,0.1876015,0.08645235,0.011549738,0.024454271,0.008314692,0.049800795
0.015538587,0.067913726,0.37240243,0.24520493,0.06513008,0.15530744,0.030386785,0.048115987
0.09373786,0.38798708,0.33780602,0.09363241,0.012357768,0.04832632,0.0071780286,0.018974494
0.026866406,0.10960708,0.22203012,0.18063433,0.09011049,0.24130313,0.05309636,0.076352045
0.056462906,0.30722418,0.34499848,0.12455131,0.020962644,0.10189555,0.014008247,0.02989671
0.028614154,0.18345413,0.34557155,0.1715557,0.038583014,0.16828725,0.021607442,0.042326745
0.12453087,0.18274607,0.25565532,0.18984206,0.034954786,0.054679852,0.027731992,0.12985903
0.015808215,0.10153573,0.35430676,0.15154518,0.056400195,0.27089968,0.02297453,0.026529767
0.07266492,0.13266018,0.2040591,0.20300996,0.028960807,0.042658456,0.032838654,0.2831479
0.019159772,0.038672097,0.20246415,0.2982155,0.04683561,0.043026455,0.039495386,0.31213105
0.07228613,0.3681289,0.39420715,0.09397635,0.008562342,0.03590329,0.0056962348,0.021239603
0.009083382,0.013572547,0.050031822,0.12754034,0.32350263,0.19085714,0.20323725,0.0821749
0.011127277,0.007971998,0.039340615,0.10330088,0.09721317,0.040515006,0.1299693,0.5705617
0.041954383,0.25337267,0.43545678,0.13660014,0.019908886,0.07650209,0.011399268,0.024805795
0.018359495,0.029334359,0.1623085,0.29727072,0.1725421,0.13383622,0.10345217,0.082896404
0.47431648,0.3143559,0.107922375,0.052360028,0.0071348124,0.013360732,0.004990359,0.025559347
0.12215582,0.19183028,0.2704357,0.19122776,0.0313383,0.05232312,0.024170171,0.11651884
0.01492114,0.030526888,0.20411411,0.3024877,0.14569755,0.15515503,0.079859145,0.0672385
0.010188397,0.017730458,0.0807605,0.19617717,0.3004106,0.17430148,0.14405464,0.07637676
0.40294954,0.45890796,0.07446666,0.033561904,0.004446493,0.008999384,0.0025748026,0.01409314
0.24354248,0.46990088,0.1669921,0.06372206,0.0069792196,0.017697701,0.0043528243,0.026812762
0.017541928,0.0468826,0.32686785,0.2976727,0.07940209,0.12348969,0.04498233,0.0631608
0.07443733,0.3966143,0.3517279,0.096177354,0.010200378,0.042182315,0.006598797,0.02206161
0.011290326,0.011394693,0.039569113,0.11427886,0.27999485,0.1329471,0.29775605,0.112769015
0.33403724,0.45715806,0.12244296,0.046875555,0.0053176563,0.01224719,0.0032589019,0.018662393
0.013038927,0.015636979,0.06804944,0.19194286,0.26993513,0.14278358,0.20611624,0.09249684
0.015320851,0.04585734,0.26885656,0.29039297,0.10744965,0.16056722,0.0525054,0.05905002
0.009364936,0.027134264,0.10584927,0.16540326,0.27032292,0.28033376,0.07981758,0.061774027
0.33243465,0.44195774,0.11056148,0.055078495,0.00858688,0.017217632,0.0058942675,0.028268855
0.019578146,0.0962879,0.45341867,0.2011242,0.036878567,0.14251082,0.017101366,0.033100333
0.015714759,0.08067542,0.43816602,0.21692286,0.05094131,0.1363879,0.021850264,0.039341513
0.037639406,0.26323068,0.41438386,0.14515188,0.022002656,0.07924235,0.011989433,0.026359737
0.011460255,0.013434413,0.049251497,0.13954674,0.29351762,0.13939163,0.25583175,0.09756613
0.15512756,0.24059781,0.3262744,0.15758698,0.014931562,0.033567548,0.013566215,0.058347896
0.012875712,0.013835153,0.051780414,0.15309617,0.26218638,0.13552172,0.26907519,0.101629324
0.013913923,0.01566014,0.060276944,0.17168723,0.2825845,0.11988107,0.23283206,0.10316413
0.5068145,0.35987332,0.065143004,0.034246426,0.005438897,0.009559839,0.003423431,0.015500598
0.56429356,0.32081372,0.061990637,0.02855328,0.0037596736,0.0069216792,0.0023408697,0.011326525
0.011366027,0.01443929,0.059139118,0.17085743,0.29089525,0.14613764,0.21581511,0.09135019
0.2720362,0.35755336,0.19440742,0.08882668,0.01003305,0.023130974,0.0069944384,0.04701795
0.016579373,0.028648023,0.17665552,0.3044639,0.16424306,0.14136861,0.09363467,0.07440688
0.007652905,0.033335708,0.15990975,0.17030355,0.17210786,0.37659207,0.045160513,0.03493771
0.015113071,0.05256664,0.3156286,0.2743855,0.0869392,0.16192204,0.041546065,0.05189887
0.015181318,0.08014924,0.31585336,0.2009908,0.085211694,0.2225121,0.03205764,0.048043862
0.4505628,0.3917949,0.09350968,0.03578626,0.003967759,0.007957978,0.0024237384,0.013996893
0.48674488,0.40106556,0.06324979,0.02690838,0.0033839478,0.0067389137,0.001931497,0.009977007
0.10775761,0.43358463,0.26444253,0.0844792,0.014602756,0.063966915,0.010270352,0.020895978
0.010797741,0.03858871,0.26595876,0.28205532,0.11214712,0.20309904,0.041833602,0.04551973
0.01323306,0.020713277,0.107380144,0.23885842,0.22264938,0.17184122,0.14484167,0.08048288
0.019488962,0.13201874,0.43816337,0.1823509,0.033615597,0.1431439,0.015450696,0.035767816
0.011664522,0.013883061,0.05699051,0.17129534,0.29248148,0.13665332,0.22285731,0.094174474
0.022559622,0.16428374,0.47252825,0.16570903,0.02657642,0.10592154,0.013357864,0.02906347
0.5807207,0.3155343,0.057485346,0.025165195,0.0032473675,0.0059259804,0.0019950473,0.009926043
0.02132236,0.04434521,0.13826624,0.23570654,0.045293413,0.05005926,0.04424197,0.42076507
0.015611313,0.03472934,0.18414313,0.30083612,0.1357949,0.16542038,0.08564723,0.077817604
0.008161071,0.030867912,0.114463046,0.14162077,0.24359968,0.35200647,0.06510348,0.044177614
0.0067970157,0.029376691,0.15403923,0.17235573,0.18370321,0.37753007,0.04486207,0.031336024
0.008341452,0.036031004,0.14206119,0.14856486,0.19497317,0.38536972,0.048824634,0.035834014
0.013414392,0.09417949,0.4395955,0.17351913,0.044076912,0.19199774,0.015741836,0.027475018
0.010556774,0.013848665,0.04815241,0.12442453,0.3098283,0.16821498,0.23816638,0.08680791
0.41131914,0.43801576,0.07420906,0.038377136,0.0061631165,0.011378846,0.0038002285,0.016736751
0.017944654,0.062939145,0.3385525,0.23500024,0.079159394,0.1814278,0.03982458,0.04515172
0.008583319,0.033820543,0.11387328,0.13096207,0.22792734,0.38136882,0.061297596,0.042166978
0.009529641,0.028745458,0.10511357,0.15540434,0.26188347,0.30035663,0.07799157,0.0609753
0.012730847,0.011223541,0.038662113,0.11441772,0.26607466,0.10636687,0.32620755,0.124316655
0.48468605,0.36605522,0.081030674,0.03580002,0.0045670113,0.0087763965,0.0030573094,0.016027302
0.4144093,0.45356363,0.064916044,0.033784937,0.0053779604,0.010010043,0.0032374104,0.01470057
0.00991823,0.029221997,0.10606758,0.15695018,0.2628432,0.2901004,0.08063967,0.064258724
0.22903709,0.33137172,0.24445474,0.1096743,0.010617041,0.025491863,0.008813411,0.040539823
0.022773577,0.08830949,0.27002454,0.20824693,0.09365187,0.21285099,0.052260045,0.051882584
0.008660825,0.019336438,0.08505622,0.17393123,0.3017915,0.22978023,0.113025576,0.06841798
0.018499076,0.1131862,0.38634855,0.20346108,0.05586664,0.15481682,0.025605109,0.042216532
0.58971673,0.3087108,0.056239493,0.024724038,0.0031721066,0.005745091,0.0019473943,0.009744293
0.018922063,0.027451254,0.0884328,0.15998456,0.052275036,0.050777912,0.060624797,0.5415316
0.2197172,0.39807668,0.2233219,0.08526205,0.008731085,0.022868495,0.005915406,0.036107097
0.0120581845,0.013325922,0.053873327,0.16253933,0.29640412,0.12444101,0.2433926,0.09396555
0.012305154,0.058414485,0.2612513,0.18963028,0.11339246,0.28478545,0.0356901,0.044530798
0.020178303,0.02282835,0.11923936,0.2506141,0.19366027,0.1294071,0.171531,0.092541456
0.32996705,0.50475705,0.08786285,0.040175144,0.0056608063,0.011993648,0.0032634782,0.016320013
0.014832403,0.06085494,0.29230747,0.22358423,0.08804049,0.22539829,0.04548062,0.049501494
0.017235506,0.10636649,0.42930746,0.2049856,0.045436125,0.13645293,0.020635903,0.039580032
0.014810056,0.060141858,0.3576368,0.2559638,0.07296593,0.15810336,0.0330483,0.04732995
0.011986483,0.011013175,0.03472902,0.0966144,0.26392865,0.11859105,0.3382903,0.124846935
0.55620277,0.3391654,0.05890935,0.025157034,0.003137914,0.005821483,0.0018473376,0.009758684
0.033941608,0.077628456,0.18748198,0.22980611,0.034994725,0.045205716,0.036316574,0.35462484
0.009187901,0.03469369,0.1251895,0.15281507,0.23403284,0.33593398,0.05977089,0.048376128
0.12225413,0.110593826,0.14069302,0.11971347,0.013419062,0.015293416,0.017116878,0.4609162
0.014073567,0.015243618,0.05708172,0.1623111,0.27872455,0.11717398,0.24662891,0.108762585
0.014751338,0.015193985,0.056736566,0.16514327,0.25568208,0.12344436,0.2610402,0.10800819
0.010792308,0.013592817,0.05885352,0.17255674,0.2954541,0.14948009,0.20869519,0.09057523
0.010480521,0.0073211514,0.034817483,0.085947275,0.085394055,0.037886675,0.12038595,0.617767
0.013702293,0.011411418,0.038798768,0.11656731,0.26058578,0.100796014,0.33626673,0.12187167
0.009432289,0.024344664,0.10409841,0.1907979,0.27013025,0.2629541,0.085227296,0.053015117
0.011621475,0.04695072,0.10167536,0.109954946,0.17596976,0.43011913,0.075484104,0.048224535
0.02208175,0.16309471,0.47313017,0.15846515,0.026054414,0.11740472,0.012363949,0.02740522
0.64032656,0.27136847,0.047407612,0.022115933,0.0029918295,0.005080154,0.0018712957,0.008838182
0.2985392,0.43336153,0.15997544,0.05948881,0.0061199972,0.014536885,0.003938564,0.024039548
0.012160806,0.012211578,0.045025807,0.13569205,0.29499513,0.11391777,0.2804399,0.10555697
0.021655867,0.094667874,0.37394413,0.20291826,0.0641415,0.1722518,0.03104776,0.039372887
0.010799438,0.03415113,0.20391995,0.28029796,0.16316213,0.19782785,0.055844672,0.0539969
0.018548897,0.034538496,0.20663676,0.30189416,0.14098355,0.13927531,0.082128845,0.075994
0.013991534,0.016742276,0.06750305,0.1892355,0.27777252,0.124433935,0.21287976,0.097441405
0.017443256,0.0603259,0.3145034,0.26975158,0.08170421,0.15490887,0.04387694,0.057485867
0.016537193,0.033221904,0.16757888,0.28637782,0.15604429,0.1690562,0.09260276,0.07858097
0.00815908,0.040321425,0.24754246,0.19442071,0.1201961,0.32364497,0.034348194,0.031367064
0.34449038,0.433293,0.12968813,0.050192967,0.0054895394,0.012597877,0.0034992122,0.020748876
0.4452431,0.40916315,0.07823806,0.03555394,0.0047258353,0.0092906365,0.0028571694,0.014928101
0.009829554,0.012330182,0.046082046,0.12819622,0.30980474,0.15682645,0.23808499,0.09884588
0.012574946,0.01485012,0.061735332,0.18265384,0.28153077,0.13473247,0.21607065,0.095851876
0.43302947,0.40497938,0.09581649,0.036545705,0.004087071,0.008692222,0.002542565,0.014307023
0.010871003,0.008906592,0.04928967,0.11894601,0.08986669,0.039043747,0.10145196,0.5816244
0.011335634,0.040223368,0.26918674,0.26048964,0.11412088,0.21791422,0.045284897,0.04144458
0.016957186,0.0971603,0.34636778,0.20735191,0.07162601,0.18248017,0.031092484,0.04696417
0.13307652,0.4218937,0.25293845,0.08304678,0.014986019,0.061608776,0.011143364,0.02130645
0.014334119,0.023138434,0.10314027,0.2412303,0.2217314,0.1574438,0.13972658,0.09925513
