0.013701508,0.10767538,0.10797567,0.10071881,0.00237912,0.0027841455,0.0006318477,0.6641335
0.0003556824,0.0033772723,0.00322764,0.032798693,0.35865626,0.35416463,0.22352839,0.023891475
0.014688752,0.27057448,0.5680869,0.12720253,0.009335938,0.005578519,0.00045270025,0.0040802206
0.22085567,0.67351925,0.06069475,0.029100163,0.0009038406,0.0012071977,0.0003873291,0.013331853
0.10771214,0.32637596,0.46349722,0.08984779,0.00083739613,0.0008557694,0.00031177688,0.010561911
0.0023687829,0.012367734,0.009755293,0.03506905,0.0019084653,0.0026138842,0.00070364116,0.9352132
0.0005533292,0.010615885,0.073271096,0.43983006,0.3635273,0.089741014,0.01384622,0.008615114
0.062552646,0.5702384,0.32238036,0.041704644,0.00057659467,0.00064226997,9.3950264e-05,0.0018112073
0.021488506,0.2947341,0.21784465,0.25026596,0.009414955,0.011821941,0.0028216217,0.19160834
0.94640625,0.043680742,0.006915621,0.0016276025,4.3993256e-05,9.517208e-05,3.718713e-05,0.0011933822
0.0032092868,0.08098452,0.32560772,0.40947276,0.05738724,0.049097747,0.004155602,0.07008513
0.0039506783,0.3374535,0.5688825,0.08476789,0.0019796551,0.0013109614,7.028506e-05,0.0015844512
0.88007194,0.08729363,0.024827674,0.0047260025,8.401765e-05,0.00015576878,6.071965e-05,0.0027803264
0.92003566,0.058211163,0.016074568,0.0032268285,6.81499e-05,0.0001265417,5.0330487e-05,0.0022067782
0.0010785067,0.019585826,0.2260407,0.55770475,0.12934034,0.051575948,0.008051067,0.0066228504
0.0029974126,0.016506582,0.016473904,0.12207651,0.09225081,0.13615525,0.0800753,0.5334642
0.0011698024,0.031162929,0.38373524,0.44023854,0.0637789,0.04457237,0.004425689,0.030916542
0.17707376,0.6083694,0.15530269,0.045254327,0.00075770327,0.0008096907,0.00021736114,0.012215074
0.11257585,0.33495715,0.14180753,0.11604464,0.006932075,0.0077421553,0.002349438,0.2775912
0.69704765,0.23774837,0.047959335,0.011552756,0.00025264596,0.00034994245,0.00012322508,0.0049660634
0.00031908622,0.0020964348,0.0008867269,0.0086256005,0.09815971,0.2084543,0.58347374,0.09798443
0.8165955,0.15664427,0.02074396,0.004217614,6.7807465e-05,0.0001299583,4.6010435e-05,0.0015549336
0.00027901007,0.00233162,0.001622391,0.017578306,0.22484991,0.36058396,0.36041886,0.032336004
0.00049333245,0.019392356,0.215147,0.6247185,0.10450814,0.029058188,0.0021934973,0.0044890144
0.000795084,0.004838185,0.0076193917,0.049670625,0.13787977,0.2236444,0.048466824,0.5270857
0.00053874694,0.007640755,0.027736636,0.25044087,0.5034324,0.1520367,0.026356865,0.03181706
0.0006043197,0.03178505,0.59714794,0.3576562,0.007150296,0.0033959465,0.00020134856,0.002058972
0.006089214,0.2958978,0.50356585,0.18244845,0.0026954259,0.0018405607,0.00019517957,0.007267524
0.012125039,0.4442921,0.42417693,0.1115408,0.0019606655,0.0014788472,0.00016245298,0.0042631784
0.0036759279,0.16950452,0.5680226,0.23314358,0.015864054,0.006357413,0.0005861421,0.0028457483
0.00042022442,0.030386249,0.3585115,0.55334395,0.036433667,0.013099593,0.00067680085,0.007128071
0.00057505263,0.022922385,0.266153,0.5514888,0.122781575,0.027774142,0.0020672902,0.0062377723
0.00039350436,0.0050712363,0.008440241,0.085556395,0.41546163,0.28775522,0.14008321,0.057238568
0.0008903647,0.015122135,0.1549823,0.54668593,0.19986567,0.06392535,0.011162128,0.0073661124
0.9216474,0.055897858,0.016339706,0.0033520344,7.127143e-05,0.00013434811,5.375747e-05,0.0025036468
0.00046966606,0.014287719,0.27490017,0.6371837,0.047440406,0.018845791,0.0013807873,0.005491762
0.00053028937,0.014494874,0.2719349,0.63627905,0.048371542,0.02030295,0.0016466976,0.006439751
0.7722807,0.17111951,0.045311734,0.007815439,0.000116076655,0.00019541653,7.362788e-05,0.003087553
0.0006255777,0.003729712,0.001473508,0.011084931,0.12578021,0.24992193,0.45443937,0.1529448
0.0009546609,0.008501679,0.010038647,0.08927916,0.07258743,0.15589572,0.015716212,0.64702654
0.0005865403,0.045512978,0.26645765,0.5234856,0.13545752,0.020112,0.0009976292,0.0073901457
0.91436404,0.06636115,0.0145955775,0.0028770985,5.5857337e-05,0.00010429455,4.1604093e-05,0.0016004274
0.007581842,0.20399915,0.66161704,0.1180171,0.0025794269,0.0022155677,0.00019689418,0.0037930456
0.0007280156,0.05049232,0.6282001,0.3046449,0.008225632,0.0044261487,0.0003029686,0.0029799049
0.003075247,0.025827117,0.03150481,0.23618789,0.12406327,0.12547715,0.046439182,0.40742543
0.90089613,0.07324153,0.019589694,0.0037683516,7.039684e-05,0.0001308131,5.087884e-05,0.0022522316
0.023934167,0.5217933,0.40289307,0.046836935,0.0013104782,0.0013319019,0.000113277376,0.0017868044
0.0004355705,0.0050395466,0.010223464,0.12604737,0.47317338,0.26729023,0.09981355,0.017976938
0.084737115,0.26117718,0.41687682,0.14091256,0.0019545928,0.0021537605,0.0007052449,0.09148273
0.0005569916,0.003771755,0.0016391649,0.012710136,0.16473956,0.2842053,0.39846563,0.13391149
0.13242348,0.56793606,0.26052812,0.035828732,0.0005512173,0.00068506715,0.00011414312,0.001933175
0.0017050332,0.044249553,0.49100766,0.4241243,0.02328349,0.010910069,0.0018183005,0.0029015734
0.0019046048,0.048804954,0.6355995,0.29114744,0.008286286,0.007145907,0.0011528394,0.005958467
0.8945893,0.07863316,0.020670455,0.0037943036,7.605353e-05,0.00013536717,5.1947063e-05,0.0020493069
0.85733134,0.12123527,0.016326284,0.0034151245,7.5082746e-05,0.00014612764,5.148814e-05,0.0014192715
0.0019057186,0.007836527,0.0048926333,0.047017775,0.01583289,0.046310525,0.022565482,0.85363847
0.0049249316,0.16635504,0.40023047,0.39747873,0.008126657,0.0062873256,0.0010359485,0.015560819
0.012670396,0.21642366,0.32708701,0.25578195,0.020828571,0.02042727,0.0022896018,0.14449158
0.00047698867,0.025391817,0.5944058,0.36893085,0.005214113,0.002833418,0.00016119915,0.0025858707
0.26761112,0.3493034,0.28589576,0.08100492,0.002774523,0.0034405852,0.0014594782,0.008510221
0.00048164945,0.018077279,0.38340363,0.5458249,0.033707574,0.013372296,0.00086748594,0.0042652227
0.761457,0.20990813,0.019509226,0.005986682,0.00015084888,0.0002719771,8.892151e-05,0.0026272107
0.00026533808,0.002805002,0.0035948427,0.04661612,0.342011,0.3854545,0.17648518,0.04276799
0.033888534,0.344539,0.54790956,0.06727989,0.0016100722,0.0016427663,0.00023570696,0.0028945669
0.00079669664,0.030793883,0.16133454,0.4478418,0.19370672,0.09469758,0.0059760404,0.06485276
0.01853088,0.456742,0.47156748,0.048985597,0.0011000013,0.0011612325,9.0570524e-05,0.0018222639
0.37233022,0.41450214,0.18465191,0.024383776,0.00045612606,0.00071814086,0.00016666856,0.0027910934
0.00044793633,0.0052773436,0.0132606495,0.11662709,0.47504723,0.25950986,0.048457306,0.081372574
0.1184624,0.29431313,0.11207042,0.05563011,0.001440709,0.0023004047,0.00068191026,0.4151009
0.04666153,0.4534824,0.4139761,0.077942125,0.00057160895,0.0005069531,0.00010802428,0.006751238
0.0011266357,0.07462046,0.6455694,0.26274803,0.007183423,0.0042098314,0.00034265776,0.0041995863
0.00035139342,0.012569883,0.07045523,0.4088431,0.38092306,0.09849723,0.007823371,0.020536741
0.03786058,0.5647017,0.26121473,0.11493147,0.0014734381,0.0014164633,0.0003041763,0.018097537
0.00043003596,0.00549206,0.013374073,0.103977054,0.49087048,0.25276932,0.037786644,0.09530043
0.00027894412,0.0025250334,0.0019500188,0.020211454,0.26434806,0.35300484,0.3319037,0.025777983
0.007164315,0.192811,0.659282,0.13247947,0.0027603342,0.0021054372,0.00026483863,0.0031326418
0.61777866,0.33105913,0.027404534,0.012473276,0.00050280755,0.00085815927,0.0003084126,0.009615062
0.0004593401,0.02063905,0.25703675,0.6542498,0.044205543,0.015764529,0.0011576173,0.0064874184
0.0028349026,0.13618952,0.64107186,0.20769218,0.0046301405,0.003768983,0.00043106667,0.003381354
0.0005109857,0.011474942,0.072120905,0.44568524,0.31714508,0.105857894,0.012920054,0.034284893
0.19009292,0.440567,0.28206158,0.062747434,0.00073278573,0.00093970005,0.0002862132,0.022572327
0.023835981,0.29445034,0.41427994,0.16193382,0.009327137,0.00977035,0.0011880236,0.0852144
0.13811086,0.65354204,0.1495734,0.04597769,0.00065046066,0.0007024617,0.00018394602,0.0112591805
0.85007006,0.128626,0.016345393,0.0033921988,6.320588e-05,0.0001293093,4.4815453e-05,0.0013290074
0.20320019,0.6566562,0.10737031,0.027048903,0.00033197185,0.00040431166,0.00010837193,0.0048797885
0.83196515,0.12722956,0.032422587,0.005603946,8.5648724e-05,0.00015109083,5.6860536e-05,0.0024851928
0.00944777,0.15836184,0.69259995,0.13244006,0.002395821,0.0021046142,0.000396611,0.002253377
0.0038787858,0.3615157,0.40962696,0.20469588,0.0074044243,0.0053194356,0.000285319,0.0072734905
0.007945625,0.10006081,0.61996007,0.25762516,0.0015989566,0.0011618383,0.00026914958,0.01137838
0.06646858,0.5136701,0.35248703,0.060829416,0.00049501663,0.0004687741,9.948765e-05,0.0054816166
0.002944734,0.035112686,0.15103097,0.3591431,0.19995295,0.12876561,0.07451451,0.048535366
0.27588207,0.34724224,0.28072432,0.07983687,0.002755992,0.0034406711,0.0014647432,0.008653111
0.0012390532,0.079442546,0.66910124,0.23251285,0.0072034495,0.004425514,0.0002835664,0.005791759
0.86901045,0.112426236,0.013912436,0.003112065,6.0348742e-05,0.00012519836,4.4189743e-05,0.0013090698
0.0052893916,0.16919997,0.6753587,0.1410357,0.0027776703,0.0023420274,0.00022690657,0.0037695738
0.9177604,0.059659917,0.016799888,0.0033469133,6.812115e-05,0.00012597092,5.072899e-05,0.0021881314
0.14237761,0.61260504,0.19556096,0.042235848,0.0004761611,0.0005032247,0.00012870305,0.00611245
0.00086987746,0.030490432,0.12633735,0.5403529,0.14506589,0.06343838,0.0060836705,0.08736156
0.0009969381,0.06197602,0.61971325,0.29126698,0.010385877,0.0066286093,0.00043475893,0.008597579
0.0021192236,0.07580468,0.7133092,0.1996326,0.0033441314,0.0025811617,0.00035563597,0.002853373
0.013997395,0.18815094,0.20609576,0.3227064,0.012856773,0.009572195,0.0027276382,0.24389291
0.003476627,0.14815184,0.64813346,0.17852233,0.013924733,0.00579816,0.00052505144,0.0014678377
0.00034859817,0.016379029,0.304442,0.6326111,0.027322987,0.012744308,0.00081483356,0.0053372285
0.8972381,0.076990634,0.019429613,0.0038025756,6.970763e-05,0.00013014025,5.089915e-05,0.0022883017
0.0003221879,0.003071811,0.0030511979,0.03331194,0.3603758,0.35688376,0.22123082,0.021752492
0.00060599664,0.035276555,0.39631563,0.5236488,0.029667133,0.009537849,0.00070940435,0.004238704
0.0005006508,0.006034543,0.022816606,0.2725156,0.2865548,0.2561979,0.0757653,0.07961454
0.00036665105,0.0031321766,0.003162828,0.036063217,0.32251307,0.36865574,0.23838744,0.027718933
0.00081631704,0.0171899,0.3806948,0.5436177,0.030227296,0.018766364,0.0018624881,0.00682508
0.4923752,0.40023276,0.07177292,0.022746861,0.00059174676,0.0007310673,0.00024609437,0.011303408
0.0008005234,0.0076935156,0.020348746,0.1585818,0.43861884,0.23548605,0.070590876,0.06787968
0.00024281684,0.0018736616,0.00088708446,0.010096799,0.13431016,0.30027723,0.5196353,0.032676913
0.00037101298,0.010396648,0.055532,0.3505125,0.3918103,0.1363744,0.009028205,0.045974873
0.010962628,0.21814387,0.49682453,0.25585827,0.0041760937,0.0039907,0.0008704225,0.00917339
0.00062436546,0.033904977,0.3785115,0.5379737,0.03282008,0.010571685,0.000834712,0.0047590197
0.10065138,0.53884,0.26510245,0.08460541,0.0021240318,0.00280283,0.0007451936,0.0051287157
0.0008546999,0.051384766,0.5909128,0.3328985,0.0132011585,0.0066187936,0.0004731576,0.003656123
0.013020764,0.24270867,0.49940115,0.22720172,0.0047467225,0.0038877006,0.00078418344,0.008248992
0.00024150815,0.0018095605,0.00082602835,0.009488421,0.12161289,0.29657638,0.5341193,0.035325933
0.0061786277,0.13555756,0.5104527,0.3286596,0.002314203,0.0014214299,0.00029884087,0.015117002
0.00081449054,0.037263364,0.4241539,0.47921428,0.03839539,0.01388282,0.0013347215,0.004941082
0.00066192803,0.017821942,0.06696432,0.3374116,0.28756273,0.13050647,0.00891541,0.15015565
0.00036829218,0.0039893286,0.008107125,0.08180548,0.5797071,0.2344462,0.07241782,0.01915865
0.3386457,0.5025795,0.12751892,0.025127886,0.00030981674,0.00039812725,0.00011953126,0.0053005326
0.0006268387,0.0035082847,0.0013204115,0.009976168,0.11070437,0.22999465,0.49087062,0.15299867
0.29732895,0.51322734,0.15475452,0.028237317,0.00031861037,0.00040367412,0.000115340765,0.0056142765
0.41268677,0.38053545,0.09200939,0.043180056,0.002609899,0.0033681612,0.0011614555,0.064448856
0.0009877097,0.06417929,0.52295506,0.33635604,0.043707855,0.022166556,0.0011101752,0.008537271
0.32335284,0.53759867,0.10224842,0.027438287,0.00044920656,0.00054497726,0.00016410215,0.008203512
0.00038439382,0.0067419517,0.044978425,0.4988999,0.31288117,0.107446566,0.014850095,0.013817503
0.09505457,0.52773964,0.33578715,0.03784556,0.000504025,0.0006420278,0.00011070069,0.002316328
0.00038385365,0.006938972,0.038717005,0.39012635,0.42772034,0.11068398,0.014306654,0.011122877
0.00066738017,0.010308691,0.07838647,0.5178901,0.2689054,0.09543604,0.017587151,0.010818723
0.00074972695,0.028149445,0.5329013,0.40234956,0.017547004,0.010966542,0.00088671217,0.0064496305
0.000617271,0.0054006777,0.0034440055,0.025535004,0.28508377,0.33090147,0.22686163,0.12215618
0.00060777133,0.0036858432,0.0054438044,0.06499185,0.13344,0.3140279,0.21690044,0.2609024
0.45641112,0.45367473,0.0465593,0.021072468,0.00086100877,0.0013010507,0.0004433632,0.019676957
0.0010799674,0.02561861,0.34160152,0.52856624,0.068870686,0.02678234,0.0034627325,0.0040178974
0.08475249,0.28827888,0.3939495,0.14083071,0.002033093,0.0022087356,0.0007094459,0.08723711
0.0010244646,0.08060554,0.6327132,0.26870236,0.0077259443,0.0041801166,0.00029301998,0.004755424
0.12324179,0.45425352,0.36132246,0.05379208,0.0015211909,0.001778901,0.00031632945,0.0037737351
0.003089209,0.016789036,0.016878983,0.12026564,0.080047116,0.12303336,0.06801291,0.57188374
0.019998495,0.24173085,0.49559984,0.21795349,0.004750948,0.0045589614,0.0011452951,0.014262151
0.0033146676,0.11785556,0.35939857,0.4731029,0.012171398,0.008829133,0.0014297073,0.023898097
0.0069423947,0.08583946,0.12630899,0.31734776,0.016431669,0.012428227,0.0026651195,0.43203646
0.0031714432,0.11255318,0.6207016,0.21493022,0.019413812,0.014850808,0.0012315258,0.013147451
0.124536335,0.27939644,0.19842964,0.13308994,0.0072599235,0.011839797,0.0044583236,0.24098961
0.004578904,0.10199246,0.45889714,0.3391811,0.013846882,0.014025521,0.0014720442,0.066005945
0.026130693,0.44332683,0.46806386,0.058568742,0.00066875044,0.00066695816,9.795085e-05,0.002476217
0.00022404401,0.00209046,0.0020449187,0.031837597,0.24669643,0.3749424,0.2926615,0.049502674
0.0008751428,0.0058479337,0.0050856476,0.057207733,0.14092782,0.50483376,0.12587428,0.15934774
0.014823921,0.4955332,0.43305963,0.052235104,0.0013772617,0.0012492043,9.100396e-05,0.0016306592
0.0007246724,0.030611068,0.39982915,0.51288956,0.040916096,0.010739923,0.0008782224,0.0034112462
0.29357427,0.428067,0.19649862,0.053432405,0.0010548398,0.001499778,0.0005201418,0.025352905
0.0067999144,0.12056767,0.21291922,0.3921621,0.013044001,0.008076004,0.0014613303,0.2449697
0.0006148821,0.024345424,0.4703958,0.46525052,0.026606444,0.009205742,0.00063608045,0.0029451526
0.00043199593,0.005752568,0.024189161,0.28275338,0.4018384,0.2009528,0.028767847,0.055313874
0.270441,0.62373203,0.077212125,0.022137875,0.00032338954,0.0004171234,0.000120589655,0.0056158826
0.055119194,0.56053543,0.2972698,0.07480841,0.0007253372,0.00070240773,0.00015051173,0.010688945
0.0005635931,0.021477938,0.6035462,0.36304554,0.0050319238,0.0029796949,0.00021252282,0.0031426111
0.027192384,0.5430306,0.3640965,0.06151222,0.00089708983,0.00082210184,0.00010344334,0.0023456293
0.00023437155,0.0022138192,0.001838131,0.020240182,0.29459047,0.35749,0.2866842,0.03670888
0.1587992,0.58346456,0.20712683,0.04200505,0.00046817146,0.0005212816,0.0001339859,0.007480995
0.00046262637,0.010069635,0.10725804,0.5666218,0.24548028,0.055921417,0.006277598,0.007908595
0.00079254387,0.040604938,0.5320982,0.39871636,0.016274054,0.00706194,0.0005703408,0.0038817173
0.00054997584,0.0043628975,0.007672239,0.06710412,0.22691311,0.2564869,0.049236063,0.38767478
0.15840423,0.5194562,0.123799786,0.074754365,0.0034487373,0.0041375947,0.0013338638,0.114665255
0.001792073,0.06580825,0.7009155,0.21795483,0.0042023235,0.003336245,0.00043452252,0.0055562477
0.0012040567,0.108684584,0.6813748,0.19443786,0.0068243872,0.0033975749,0.00014424745,0.0039325394
0.00814433,0.55090743,0.37994543,0.057333793,0.0013154858,0.0010576403,6.0465183e-05,0.0012354765
0.00042007669,0.004905596,0.012403479,0.16220978,0.3721152,0.3114261,0.10571436,0.030805422
0.016260264,0.1794616,0.6130998,0.18099307,0.0010701816,0.0008542458,0.00024769828,0.00801315
0.00046693286,0.007989653,0.040551864,0.35667193,0.43128327,0.12849306,0.024003709,0.010539594
0.00046072342,0.006223923,0.012715463,0.11786649,0.49851558,0.27756393,0.05870173,0.027952237
0.5375754,0.36473814,0.057097282,0.021277161,0.00069265976,0.00093074044,0.00031764168,0.017370977
0.68113124,0.24688327,0.055874284,0.011171168,0.00018782831,0.00027796312,9.5008814e-05,0.004379261
0.00032167882,0.005493505,0.026561694,0.33231112,0.44279402,0.15126503,0.022234913,0.01901804
0.049000878,0.3498035,0.39828452,0.1446392,0.0016810641,0.0015737553,0.00036031436,0.054656744
0.00058531715,0.026543278,0.42976472,0.4957884,0.03507636,0.008960657,0.00061556126,0.0026657542
0.0007374218,0.021685684,0.15541518,0.48058712,0.17568941,0.09118621,0.0077160997,0.06698288
0.0008858535,0.050543863,0.60125464,0.3231699,0.013212715,0.0064552,0.0004764603,0.0040013473
0.0013024821,0.085639745,0.25429186,0.44305006,0.08444839,0.045844562,0.0025842215,0.082838625
0.38499308,0.42887786,0.15521944,0.023989834,0.0002465558,0.00036842073,0.00011276399,0.006192109
0.57655853,0.3619068,0.048831843,0.009808352,0.00013649826,0.00024732167,7.8164514e-05,0.0024324872
0.16009375,0.41949716,0.32128608,0.0865204,0.0022668256,0.00277111,0.00092724035,0.0066374526
0.00040935923,0.018791448,0.44774923,0.50509876,0.015066917,0.007927377,0.00052631635,0.0044306275
0.000661786,0.013219168,0.20136125,0.637875,0.101574995,0.03438913,0.004476064,0.0064426376
0.0018835376,0.14017774,0.6227159,0.2188183,0.0054821027,0.0037935895,0.00030439094,0.006824419
0.000388259,0.0064718137,0.0415541,0.46191996,0.35109314,0.10822399,0.01635719,0.013991511
0.0026914463,0.2749413,0.6069038,0.10881805,0.0025996512,0.0017266825,8.6271335e-05,0.0022327828
0.7533092,0.18570782,0.048650607,0.008402966,0.00012402805,0.00020604668,7.730569e-05,0.003522066
0.0040424024,0.04931897,0.07794464,0.29856354,0.015374536,0.022662539,0.005669586,0.5264238
0.00048662772,0.011662776,0.32291642,0.6328916,0.01788666,0.00884495,0.00086712633,0.004443851
0.000517006,0.0056617293,0.009321434,0.058447298,0.31498381,0.3310295,0.035617016,0.24442221
0.0005368456,0.020408917,0.14741342,0.46633908,0.21795459,0.09890511,0.0058556963,0.04258632
0.0007127101,0.018383306,0.052603208,0.22391368,0.37137407,0.19210927,0.011612194,0.12929158
0.0013020735,0.09660056,0.6451682,0.23567249,0.0080805775,0.005211384,0.00029376094,0.007670934
0.00025012245,0.0024869426,0.0029980266,0.03760723,0.25576347,0.42189175,0.23755753,0.041444987
0.33818972,0.55748075,0.057081584,0.026054073,0.00094854314,0.0013702691,0.00044810513,0.018426992
0.0019907607,0.093060516,0.67194396,0.21166304,0.012646918,0.0055995593,0.00033871894,0.002756561
0.0005626186,0.004959586,0.006577103,0.039971225,0.25768238,0.35320827,0.045015633,0.29202318
0.00064105575,0.0040096203,0.006388264,0.050374974,0.14954352,0.24143383,0.06827437,0.4793344
0.00029766012,0.0024066742,0.0022163966,0.026384823,0.22059733,0.3811998,0.32788265,0.039014738
0.3747931,0.4439864,0.13388745,0.031519383,0.00052409957,0.0008019021,0.0002978503,0.0141898515
0.34060356,0.5767144,0.046691004,0.021701664,0.00069469726,0.0010107887,0.00033947531,0.012244462
0.0006754747,0.004115879,0.00643658,0.049449295,0.14710349,0.23241352,0.06403956,0.4957662
0.04348374,0.3123184,0.50901294,0.1248218,0.00088482216,0.0008387791,0.00029828775,0.008341199
0.0043368456,0.19503611,0.43377018,0.31111115,0.038306348,0.011977207,0.0010779254,0.0043842522
0.0004202265,0.0042153965,0.00863624,0.079806425,0.35239974,0.31551704,0.054976698,0.18402822
0.0012771857,0.21709292,0.47130537,0.28181309,0.015445787,0.0061884485,0.000235122,0.006642105
0.77637964,0.16690384,0.04509075,0.007741737,0.000115444804,0.00019748893,7.38572e-05,0.003497277
0.0018364656,0.0077886954,0.004738004,0.04684274,0.0156569,0.044352967,0.020655172,0.8581291
0.042394195,0.4082154,0.421966,0.10831965,0.0010160751,0.00090750307,0.00021519112,0.016965898
0.00039903965,0.0064854124,0.021669134,0.21782002,0.4942894,0.20642078,0.036131147,0.016785024
0.0010312195,0.0319741,0.121244036,0.41797543,0.15536761,0.09022346,0.0071285777,0.17505564
0.0011397138,0.024557987,0.35256502,0.5024231,0.08257188,0.028800147,0.0031875344,0.0047546285
0.18869253,0.70829326,0.07034736,0.025181018,0.00048562986,0.00064546143,0.0001839436,0.006170779
0.0011673056,0.06989164,0.50531137,0.37887657,0.02897747,0.010144319,0.00079140835,0.0048399693
0.0013692392,0.16657802,0.60990804,0.20853682,0.0059517696,0.0031473963,0.00014181435,0.004366927
0.000977462,0.07782283,0.6325506,0.26750565,0.012033197,0.0050355084,0.00029260866,0.003782112
0.00023462942,0.001820763,0.0008872039,0.010257312,0.13392,0.3204503,0.49475536,0.037674375
0.7117891,0.22514506,0.050947327,0.008619288,0.00010910835,0.00019395503,6.6866385e-05,0.0031293458
0.013166837,0.11831266,0.14596874,0.2580646,0.013047259,0.018547902,0.005056367,0.4278356
0.00061409257,0.005627419,0.010099572,0.078137,0.23313072,0.24450661,0.032349218,0.3955353
0.049268674,0.20274387,0.13393429,0.06939282,0.0016466603,0.0024513216,0.00066431734,0.53989804
0.00046616342,0.0052152616,0.007878603,0.070260935,0.4249357,0.35519812,0.09766442,0.038380772
0.00066387566,0.00993474,0.06633502,0.48434305,0.30493385,0.101761125,0.020146089,0.011882305
0.00035792292,0.0057591735,0.034728147,0.4101273,0.39877057,0.114882365,0.019603426,0.015771072
0.0009597341,0.0050406745,0.0022589862,0.028075414,0.09672628,0.43144876,0.22939797,0.20609216
0.00039316225,0.0034120292,0.004054606,0.03904925,0.33109486,0.39802995,0.19339718,0.03056899
0.00057020126,0.007207775,0.03851766,0.42106944,0.2340405,0.17128389,0.033376794,0.09393377
0.00056554936,0.0042020907,0.0021473723,0.015938366,0.21200058,0.31941095,0.3124753,0.1332598
0.0025088552,0.23787642,0.6294433,0.12268508,0.0026016836,0.0018260572,8.7897555e-05,0.0029707216
0.8490397,0.11140717,0.030492844,0.005577023,9.386153e-05,0.00016922955,6.505754e-05,0.003155153
0.0955888,0.5075724,0.3219919,0.06320456,0.0005943567,0.00061213906,0.00015994803,0.010275981
0.00033725429,0.0033968098,0.0038265754,0.040403936,0.3527246,0.399276,0.16754065,0.032494217
0.0038903616,0.20639677,0.61487114,0.15810893,0.00950889,0.004471376,0.00021503292,0.0025374745
0.00038240207,0.0256974,0.3013971,0.5945195,0.05012151,0.017547661,0.00091728015,0.009417193
0.0008465972,0.04239939,0.5030627,0.40953198,0.031552754,0.008765954,0.0006423188,0.003198332
0.00047601238,0.009562136,0.038551208,0.3077315,0.45769048,0.1517362,0.019020319,0.015232137
0.0010448023,0.045856863,0.58225125,0.3510647,0.008583805,0.005692132,0.0006405016,0.004866007
0.0006694846,0.015876565,0.26300815,0.6580624,0.036440097,0.018010007,0.0022493906,0.005683915
0.00066066993,0.04369008,0.47631565,0.38868982,0.05252874,0.02595188,0.0010334635,0.0111297155
0.14211646,0.53385514,0.25812596,0.053059097,0.0005849922,0.00064545916,0.00017041298,0.011442572
0.37082613,0.50193304,0.093699165,0.024569564,0.00039961163,0.00050715293,0.00015556286,0.007909776
0.0002336414,0.0020873044,0.0019329446,0.028964752,0.26633602,0.36624566,0.28399774,0.050201945
0.0004671449,0.007986018,0.067908786,0.56808287,0.25973123,0.07409695,0.010812669,0.01091438
0.35957134,0.44211006,0.1636769,0.026782654,0.00029870885,0.00042125967,0.00013238374,0.0070065837
0.0010414636,0.006471545,0.0055808695,0.052008267,0.11708321,0.41192335,0.08963244,0.31625888
0.0006811291,0.03698177,0.55845344,0.368008,0.021335084,0.010532429,0.0005773057,0.0034309411
0.0013050848,0.15972811,0.3458365,0.39716312,0.050903592,0.020605912,0.00095529633,0.023502368
0.24393627,0.36913598,0.29100454,0.08081912,0.0024635128,0.003071317,0.0012116634,0.008357585
0.00045248916,0.0068570436,0.055629134,0.6115505,0.19852498,0.08279108,0.010425688,0.033769
