2.0553983e-08,5.4754514e-06,0.0066597583,0.98446584,1.1598674e-05,6.168486e-06,5.4748734e-09,0.008851042
0.0016386529,0.00043659747,0.0016298285,0.005488923,0.12443264,0.47712833,0.38597503,0.0032699672
9.566661e-08,0.0027894164,0.99721044,5.225287e-08,1.768711e-10,1.5815485e-13,3.7872662e-16,5.406806e-16
0.0002645268,0.9893162,0.007140015,0.00073801144,1.5045032e-05,0.00017653395,2.631876e-06,0.0023470824
1.2644922e-05,0.00011159462,0.9820431,0.017787507,1.6420313e-06,1.454157e-06,1.2195523e-08,4.21364e-05
3.5309675e-11,3.3815876e-08,9.121337e-05,0.0029108569,4.482327e-07,2.1842203e-05,2.221965e-10,0.99697566
6.9351886e-06,0.0014278601,0.06587148,0.9260422,0.0065050614,0.00014626572,9.79993e-08,6.7484e-08
0.000713499,0.9209435,0.078285486,5.750511e-05,1.953158e-08,7.918838e-09,1.0704826e-09,3.0822975e-09
2.0549037e-06,2.2558042e-05,0.0068461625,0.992394,0.00072467467,1.0441396e-05,3.559787e-08,1.16560976e-07
0.712471,3.4805416e-05,0.2874942,1.3279301e-10,1.1703177e-09,2.146131e-10,1.5398853e-10,1.2761361e-12
2.5874553e-07,9.0827845e-05,0.14743511,0.835723,0.016746808,4.0136124e-06,2.8563202e-08,2.1364633e-08
1.959242e-06,0.99727327,0.0027247763,4.481384e-08,7.510902e-09,2.8793795e-10,1.4538001e-11,2.7523631e-11
0.9686341,0.030797807,0.00056800223,1.5871413e-08,6.3347914e-09,3.6165443e-10,1.3856347e-11,5.145568e-11
0.57668513,0.3814052,0.041909523,2.2762093e-08,1.1875704e-07,7.1179582e-09,6.884709e-10,1.445089e-09
3.810547e-07,5.6400564e-05,0.9796479,0.02027989,1.5187361e-05,3.0009267e-07,1.3068178e-10,3.377147e-10
9.4664266e-08,1.0722315e-05,0.0022813308,0.19247979,0.000102986516,0.06766638,1.9573959e-06,0.7374568
1.8989625e-09,4.502848e-07,0.04939805,0.9500993,0.00050176046,4.1210072e-07,5.547206e-10,3.4430578e-10
0.0012234856,0.914233,0.026727404,0.0558311,5.3709886e-05,8.499957e-05,7.5349944e-06,0.0018387393
0.0009569942,0.011256964,0.0013278221,0.0002839148,2.01756e-05,0.0011154017,0.00011083021,0.9849279
0.9994808,4.6739577e-05,0.00045675543,2.8794361e-06,2.3456043e-06,1.1779713e-06,8.214508e-06,1.2096023e-06
2.0795164e-07,1.2196757e-07,2.6410427e-07,2.167726e-08,1.9069245e-06,0.0019479423,0.0005514197,0.9974981
0.9947509,0.0050408994,0.00020119255,2.736388e-06,2.520102e-06,8.6036954e-07,5.6409885e-07,4.1040317e-07
1.590226e-05,3.7227387e-06,1.897744e-06,4.3148048e-06,0.0009643323,0.028429851,0.96829087,0.0022891317
2.3265923e-08,1.9141075e-06,0.0068262084,0.9767705,0.01639581,5.5416817e-06,3.927555e-09,3.5331569e-09
1.47476635e-08,6.638237e-08,2.0453628e-07,2.8427788e-08,8.515801e-08,0.0011117959,1.1008531e-05,0.99887687
4.7225096e-10,7.294252e-09,2.9933897e-05,0.98939663,0.0105685955,4.8423917e-06,1.523447e-10,9.2766617e-10
2.488186e-11,1.1360713e-08,0.8815493,0.1184506,8.892146e-08,1.7505648e-10,1.9537718e-14,8.1247574e-13
2.1580391e-07,0.02701067,0.96607745,0.0069116023,1.6326585e-08,1.38580685e-08,3.196239e-10,1.47655195e-08
2.636686e-06,0.066359274,0.9279096,0.005728473,2.956177e-08,2.1331934e-08,1.5422738e-09,1.269352e-08
8.599314e-09,1.7687535e-05,0.9992692,0.0007129046,2.137334e-07,1.3899982e-09,1.1222894e-12,8.427879e-12
1.6277802e-08,7.020616e-06,0.0104703,0.9850793,0.0044406336,2.6967791e-06,7.3726962e-09,1.012933e-08
2.4040679e-08,5.1236457e-05,0.94753575,0.052248284,0.00016437154,3.8805726e-07,3.495667e-10,2.0100757e-09
5.1094344e-07,6.6873395e-06,0.0010392917,0.18892889,0.7976864,0.012324905,8.946959e-06,4.4296826e-06
6.29101e-07,0.00025298842,0.9104188,0.08927259,5.286494e-05,2.069166e-06,5.0111476e-10,2.0787951e-09
0.34658256,0.6381478,0.015269671,2.9441952e-10,4.7194065e-10,1.2897138e-11,1.1094736e-13,8.932287e-13
1.0225157e-11,3.5446993e-10,0.0021567575,0.99781406,2.9164874e-05,3.4897458e-09,3.9694908e-13,1.1099551e-12
1.0817364e-11,4.2855236e-10,0.0014511452,0.99847335,7.546358e-05,6.2332393e-09,4.8030774e-13,1.6848116e-12
0.9450679,0.05460723,0.00032124782,2.6076048e-06,6.257851e-07,1.1927155e-07,1.2923606e-08,1.0696736e-07
1.3765612e-07,2.1822434e-07,3.0284943e-07,5.5829133e-08,3.0253523e-06,0.004891916,0.00030012388,0.9948042
4.797378e-06,1.7142202e-05,0.00029542632,0.021243107,0.9488023,0.029075334,0.0004551333,0.00010673674
2.718891e-07,0.00074834365,0.012757482,0.8721413,0.114272624,7.973955e-05,7.2970984e-08,1.8603433e-07
0.9985145,4.80879e-07,0.0014849096,2.7910758e-08,4.2213298e-08,2.3932927e-08,1.537681e-07,2.5899523e-09
2.879738e-07,8.649086e-05,0.9997719,0.00014130998,4.7052907e-08,2.1789452e-09,3.0839525e-11,6.89717e-11
7.773124e-08,2.7420723e-05,0.8976739,0.10229007,8.438467e-06,7.96259e-08,8.8043484e-10,1.2299848e-09
4.572539e-09,5.1000393e-07,0.0025788255,0.9971396,1.6255159e-05,0.00014981088,1.574749e-08,0.00011493182
0.99794203,0.0018353903,0.00022229338,4.9928513e-08,6.385746e-08,4.0010533e-09,1.6275951e-09,7.3849876e-10
1.1221612e-05,0.9982476,0.0017412178,1.3890407e-09,4.5284998e-10,1.5630114e-11,8.0218e-13,6.2025157e-13
1.110649e-05,2.2688917e-05,0.00022840658,0.0074458085,0.956271,0.035382465,0.0006338945,4.6802834e-06
2.4095751e-12,1.0349451e-06,0.9993069,0.0006918878,7.2177625e-10,2.757777e-10,6.436232e-15,1.9297269e-07
1.0172317e-05,2.0294883e-05,4.740921e-05,0.00011042984,0.007836113,0.90276974,0.0026853217,0.08652046
0.03765814,0.92635226,0.03593711,5.242017e-05,4.8679695e-08,1.1419781e-08,2.9101852e-09,2.0914193e-09
5.9850025e-10,2.2939151e-08,0.84859437,0.1514051,4.789672e-07,2.7069311e-09,6.5111507e-13,4.3432415e-12
8.802143e-10,2.511972e-06,0.99992096,7.6481396e-05,4.4983217e-09,3.697252e-11,3.2286236e-14,7.1868574e-13
0.99729997,2.2294995e-09,0.002699826,3.9146233e-10,2.8196365e-09,4.437087e-09,2.0535998e-07,6.4725886e-10
0.9966397,6.952802e-11,0.003358939,1.3541265e-11,9.989132e-10,1.7171025e-08,1.3676105e-06,2.7992193e-09
9.183883e-10,2.5459203e-08,1.7108393e-07,1.1010103e-07,1.5791464e-08,0.001133581,5.360239e-08,0.9988661
1.0342536e-07,6.0139923e-06,0.04728922,0.9526897,1.1494506e-05,3.2664848e-06,6.015085e-09,1.8169554e-07
1.6448055e-06,4.2262574e-05,0.4078299,0.5899881,0.002136518,1.2976141e-06,2.3893477e-07,1.4371019e-08
1.15191516e-10,5.1626092e-08,0.98385173,0.016148226,2.494561e-08,5.9296557e-10,3.1820518e-13,1.7056728e-11
0.024218688,0.019026859,0.9566038,0.00014995635,7.3673357e-07,2.993533e-10,3.185154e-13,2.1369843e-13
2.3046345e-09,1.0210426e-06,0.50997716,0.48990825,0.000113521215,8.252407e-08,4.7676595e-11,1.9817754e-10
0.9975199,6.220302e-05,0.0024110542,6.872742e-07,9.1077015e-07,1.134669e-06,3.84874e-06,1.9640548e-07
2.3104355e-06,6.565738e-06,2.6265083e-05,0.0010085074,0.9518241,0.046931524,0.0001783821,2.225902e-05
1.068913e-05,0.0033562733,0.99661463,1.8431383e-05,1.9093024e-08,2.8949562e-10,2.716441e-12,8.9128835e-12
4.9525163e-08,3.5880855e-06,0.006718807,0.98027724,0.012963975,3.5829136e-05,5.102098e-07,3.2491474e-08
8.5620895e-06,0.08200839,0.9179797,3.3658098e-06,1.6847908e-08,9.321043e-10,7.938656e-11,7.3385e-11
0.6848793,0.31475842,0.00036229249,1.6516727e-10,9.556645e-12,6.246906e-13,7.459468e-15,1.5719871e-14
1.2693413e-08,1.3937351e-07,1.2389077e-06,0.00047518464,0.99774015,0.001782121,1.0197899e-06,1.5657908e-07
0.004891965,0.19135278,0.0053981906,0.039222445,0.0005802417,0.0005519373,5.1477065e-05,0.7579509
9.544051e-09,1.2140406e-05,0.96535915,0.03462756,4.9562384e-08,5.1015647e-08,8.97752e-11,1.0210546e-06
1.3775394e-07,0.016493684,0.9826434,0.0008606541,2.1276287e-06,1.9240725e-08,8.719886e-11,8.6776814e-10
1.0070702e-06,4.9004026e-05,0.0017437815,0.35481006,0.64293313,0.00045631034,6.298326e-06,4.3953114e-07
2.5119423e-05,0.027657285,0.2649627,0.091531366,0.00012213794,0.0020030849,4.4590256e-06,0.61369383
1.5162763e-07,1.4389569e-06,6.1536675e-06,0.0011082938,0.99160063,0.007263497,1.8445438e-05,1.4150601e-06
0.00041011273,0.00011413395,0.0002838331,0.000987578,0.026283877,0.35272628,0.61270046,0.006493675
8.921694e-09,2.9118994e-05,0.99824154,0.0017293582,4.4383626e-09,1.3801343e-10,2.1820276e-12,1.5898094e-11
0.98959243,0.0073872395,0.0028914888,2.7317697e-05,1.2354077e-05,3.0911346e-05,3.0827912e-05,2.7428146e-05
2.6392144e-11,1.4130428e-09,0.00019248099,0.99956256,0.00024493522,1.9896763e-08,2.974725e-12,1.38792745e-11
4.3817738e-07,0.006620896,0.99306726,0.00031081168,6.2443434e-07,1.1616243e-08,4.1259517e-11,5.6372945e-10
3.88841e-08,2.674956e-06,0.0730322,0.92650735,0.0004472781,1.0414006e-05,7.2819257e-09,2.3130527e-08
0.00042464567,0.13725516,0.84073925,0.0031538052,2.0726233e-05,4.2690943e-05,1.4923328e-06,0.018362196
2.6355116e-07,0.0038815844,0.9961175,7.5520086e-07,8.640331e-09,5.5290675e-11,8.227176e-13,3.1675983e-12
0.00086212973,0.9771195,0.009243896,0.006671521,4.2156804e-05,0.00013176106,9.29105e-06,0.0059198155
0.97297716,0.004625148,0.02236676,6.3739653e-06,6.6182247e-06,1.1265079e-05,5.045868e-06,1.744411e-06
0.00070125045,0.9190803,0.01656972,0.06319316,3.072116e-05,4.0146628e-05,1.7789736e-06,0.0003829676
0.29289868,0.640286,0.066806555,4.327892e-06,2.7676062e-06,8.159951e-07,7.98107e-08,7.2638426e-07
1.2431166e-08,2.9112618e-07,0.88534534,0.11465423,7.289199e-08,6.976587e-10,1.3641457e-12,7.0984043e-12
0.0004774198,0.949978,0.043944992,0.004372785,0.000768712,0.00035578216,4.3543212e-05,5.8812017e-05
3.2615065e-13,4.314657e-10,0.8791822,0.120817766,3.1895886e-10,1.601175e-11,1.8398035e-16,5.13893e-11
1.3223261e-08,1.7306564e-05,0.9637659,0.036215905,4.3856776e-08,4.6549165e-08,1.16922e-10,8.105086e-07
2.3760838e-10,1.564082e-08,0.00409098,0.99292916,0.0029792702,5.6237457e-07,4.016477e-11,1.6279682e-11
0.030245028,0.027731141,0.94192404,9.908477e-05,7.168602e-07,2.8995398e-10,3.3913557e-13,2.1617209e-13
5.360827e-08,0.0011966741,0.9987128,9.0321555e-05,1.388611e-07,2.033269e-09,1.674368e-11,7.4828865e-11
0.99994636,2.4008348e-05,2.942692e-05,6.817223e-08,9.184256e-08,2.2809457e-08,3.8075576e-08,1.3556231e-09
3.0093616e-07,2.9117735e-05,0.99753416,0.0024359191,3.6793838e-07,2.6714442e-08,2.1898279e-10,9.0651653e-10
0.99783057,0.0012378189,0.00093157205,2.8364342e-08,3.7307554e-08,2.244586e-09,7.9084933e-10,2.642917e-10
4.47826e-05,0.0336262,0.15256877,0.81362873,1.0742904e-05,9.931091e-06,1.8907735e-07,0.0001106328
1.0212225e-08,1.0075822e-06,0.005625916,0.99429506,7.674001e-05,1.2202541e-06,1.9555959e-08,2.4023151e-08
1.164504e-07,0.0005027603,0.9909638,0.008527542,5.6818976e-06,7.856325e-08,1.2350179e-09,1.8282204e-09
1.7067332e-08,1.5280992e-06,0.85505766,0.14494015,7.246412e-07,9.229254e-09,4.3673433e-11,1.6067087e-10
1.4445886e-09,2.6928506e-06,0.02780372,0.97141606,1.3759258e-06,7.0999813e-06,1.9306894e-09,0.0007690061
2.4652978e-05,0.38467902,0.615137,0.00015923606,7.9712535e-08,3.5438e-08,1.6916132e-11,7.619211e-10
5.4233873e-10,1.9605622e-08,0.0049757445,0.99498713,3.7184203e-05,3.6691684e-08,8.065328e-11,1.4725257e-10
0.8033768,0.1946257,0.0019974173,2.8621642e-08,5.2422116e-08,3.466118e-09,1.9054432e-10,7.221389e-10
0.0005635264,0.000120232195,0.0001228538,0.0010447166,0.04212893,0.11708745,0.8382922,0.00064016634
1.505639e-08,1.547968e-05,0.00485257,0.9571703,0.03795891,2.7616325e-06,2.2339577e-09,3.3373406e-09
3.168462e-08,1.4036821e-07,0.0002600102,0.3379326,0.66079116,0.001015295,5.8295416e-07,2.9143027e-07
0.0003459308,7.619639e-05,0.00018126894,0.0013450796,0.034850888,0.5886879,0.37252787,0.0019848982
2.0242284e-11,3.3807277e-09,0.9503757,0.04962418,5.9538838e-08,6.074585e-10,3.3469074e-14,9.364107e-13
0.9814091,0.016978119,0.0013331812,0.00010458149,3.331766e-05,2.1141286e-05,4.3483404e-05,7.704468e-05
1.4527507e-06,1.6046353e-06,8.685734e-06,0.0015107464,0.020336578,0.9697224,0.00011406774,0.008304329
3.3705198e-06,5.0421073e-07,3.9903318e-07,1.2733766e-07,5.4114247e-05,0.013614886,0.94509697,0.04122962
8.169382e-08,2.8299078e-06,0.0002351405,0.11493331,0.8844535,0.00037310124,1.9059515e-06,1.3068824e-07
4.787648e-07,2.3374334e-05,0.34290224,0.6570548,1.6376174e-05,2.5964523e-06,4.2181227e-09,9.985497e-08
8.297351e-09,7.514682e-06,0.0021961352,0.9240807,0.07371212,3.4648942e-06,1.9678712e-09,2.9627696e-09
0.0060609733,0.48770082,0.48255867,0.022723623,0.00093361584,2.2143377e-05,6.4890465e-08,7.725669e-08
1.2787615e-07,0.0009577123,0.8727358,0.12555541,0.00075052964,4.6602705e-07,1.6861663e-09,1.9595345e-09
4.084851e-07,1.6085694e-05,0.021934278,0.9780191,2.9768815e-05,3.7245312e-07,5.1889887e-10,9.951039e-10
1.0269175e-06,8.5580915e-08,5.4863584e-08,1.6871017e-08,1.2213506e-05,0.004502913,0.98105687,0.014426901
6.22994e-12,7.397429e-09,0.12576059,0.87423944,1.9202922e-08,2.8162754e-09,1.6736525e-13,2.320852e-08
1.9892417e-09,6.2714224e-07,0.90879494,0.091200165,4.2383062e-06,2.7133979e-08,1.1325874e-11,9.9684386e-11
2.8760442e-07,1.3507376e-05,0.0027541453,0.8930093,0.10366951,0.00054544874,6.036841e-06,1.6869147e-06
5.664275e-07,9.941037e-05,0.001151139,0.9230135,0.0753494,0.00038592334,8.8718984e-08,4.6776417e-08
0.042354677,0.9502676,0.0031767748,0.0039461507,4.1168467e-05,2.44852e-05,4.1909657e-06,0.00018494591
1.0219229e-08,1.2019098e-08,1.9288661e-08,1.549597e-09,1.0471798e-07,0.0006186826,6.019654e-05,0.999321
0.013052962,0.74783856,0.22473712,0.011992267,7.246294e-05,0.00012331677,1.2210758e-05,0.002171167
0.999902,2.9617248e-13,1.7772314e-05,2.2056161e-12,6.832417e-10,1.7281863e-08,8.006046e-05,4.5754245e-08
2.3024468e-07,7.176621e-05,0.07281775,0.9037533,0.02335023,6.379601e-06,3.7100318e-07,5.911997e-09
0.037341118,0.96000904,0.0007261772,0.0017588888,3.2489366e-05,1.8662946e-05,4.9652917e-06,0.000108693566
4.4067542e-07,9.736597e-07,0.0077443174,0.9721457,0.01989522,0.00021291929,2.722426e-07,9.620414e-08
0.0009983669,0.9963558,0.0026457182,9.441049e-08,3.8618378e-10,2.175068e-10,6.331569e-12,8.372753e-11
6.7938445e-06,2.6544545e-05,0.015558349,0.96221316,0.021523487,0.00066932855,1.8086147e-06,4.920661e-07
1.896223e-05,9.390526e-05,0.009024578,0.74980277,0.23525591,0.005788194,1.5171229e-05,5.0686504e-07
2.8073956e-09,4.1570606e-06,0.87500733,0.124960594,2.784675e-05,2.8535442e-08,2.4371475e-11,1.07217214e-10
1.1832457e-06,1.1329465e-05,0.00055899366,0.037173565,0.661247,0.30088887,6.215028e-05,5.686389e-05
9.093187e-06,5.7040415e-06,2.567897e-05,0.00025835604,0.015928803,0.70388144,0.0015780622,0.27831286
0.10686001,0.40083322,0.45056063,0.0011490763,0.00019043815,0.002325878,0.0008489286,0.037231904
3.491123e-10,2.5724592e-07,0.9996774,0.0003223104,8.124544e-09,1.5659467e-10,2.688946e-14,5.161221e-13
3.9454043e-12,0.00016883844,0.9998311,6.722131e-09,5.823621e-14,6.5047133e-15,1.825401e-19,1.7723665e-12
5.281526e-07,0.06887309,0.92886686,0.002248589,1.0766204e-05,9.448164e-08,6.777065e-10,4.1964836e-09
0.00035003747,0.0069961506,0.9926415,1.2322199e-05,5.7642078e-09,9.304525e-11,7.658027e-12,2.1727641e-12
7.1919e-08,6.591224e-06,0.00014578218,0.0012099001,5.4335014e-06,0.019084513,1.7515813e-06,0.97954595
3.4462137e-06,0.0015392974,0.94888735,0.049564417,5.5217006e-06,7.263435e-08,3.4746282e-11,2.5756922e-10
5.470484e-08,2.7743142e-06,0.037081543,0.9629056,8.092605e-06,1.8691615e-06,3.5166416e-09,9.375713e-08
2.9997851e-10,7.814416e-07,0.05872977,0.93408936,2.6565579e-06,2.977885e-05,5.912453e-10,0.0071477112
1.982343e-09,1.1378147e-05,0.99963367,0.00035462604,3.1580774e-07,4.802269e-10,1.9979524e-12,1.8874175e-12
0.052426584,0.009298533,0.8761408,0.061350808,0.00078290753,3.97196e-07,3.3696377e-09,1.5686239e-09
2.6061737e-09,2.0674932e-07,0.07133185,0.9286422,2.5708123e-05,1.551287e-08,6.186649e-11,2.3293947e-10
4.4247492e-05,0.97212243,0.027830785,2.5655083e-06,1.0513528e-09,7.044582e-10,1.6260346e-11,5.2748705e-10
8.42602e-07,1.0565493e-06,4.2451404e-05,0.00086672907,0.9062451,0.09268154,0.00011045963,5.179697e-05
2.52042e-07,4.0120975e-07,1.9661961e-06,0.00014850704,0.96692353,0.03288885,3.3692744e-05,2.8815425e-06
1.0814017e-05,0.9974152,0.0025739577,9.161387e-09,1.8290929e-09,5.5518472e-11,5.596157e-12,2.492913e-12
2.1546116e-09,1.9770255e-06,0.023297124,0.976141,0.00055964757,2.1211144e-07,1.857889e-11,3.1801198e-10
0.6642834,5.417791e-06,0.3350679,8.322596e-08,2.2847732e-06,0.00014878922,0.000113878144,0.00037827532
1.2104548e-10,2.7653618e-07,0.10169028,0.89801764,1.0552491e-06,2.5786958e-06,8.609858e-11,0.00028820295
4.9631882e-11,1.881505e-07,0.9970853,0.0029145712,5.1137068e-08,2.9917013e-10,2.6242468e-14,1.5351495e-12
9.141492e-10,5.1914992e-09,6.288488e-05,0.911347,0.0885822,7.924555e-06,2.0451467e-09,1.1576136e-09
0.001640832,0.99395496,0.0019697545,0.00230118,1.2177812e-05,1.6749203e-05,1.6125157e-06,0.000102820435
1.1767177e-07,0.0004929744,0.031745713,0.9677411,9.753627e-07,8.812087e-07,4.147873e-09,1.8202434e-05
3.5942952e-12,4.4459183e-09,0.997474,0.0025259687,8.895432e-10,1.4409315e-11,1.6418926e-15,3.22408e-13
0.00010934257,0.6713351,0.3277335,0.00082203536,4.7041123e-08,2.3666173e-08,2.7052258e-09,1.0421386e-08
9.9990924e-05,0.0001329504,0.00060986244,0.004271085,0.15711012,0.8138661,0.013455839,0.010454084
0.0005100971,0.29531184,0.11057277,0.593286,3.1062413e-05,2.4009443e-05,7.7666584e-07,0.00026348606
3.779533e-07,3.8134403e-05,0.21374844,0.7838668,0.0023284473,1.7745715e-05,1.2156962e-08,3.3991476e-08
2.160978e-08,9.173294e-05,0.39742216,0.60087466,0.0016110821,3.346744e-07,2.2389139e-10,8.71435e-10
1.7098228e-05,8.840188e-05,0.0006433533,0.007629373,0.076489404,0.8420635,0.00096657145,0.072102234
3.0343837e-05,0.5082606,0.051575772,0.37989244,4.672948e-05,0.00077907986,1.6295693e-05,0.05939874
5.9143868e-09,5.507878e-06,0.99803835,0.0019560412,5.3649885e-08,1.15028e-09,3.5721005e-12,3.726619e-11
1.0590006e-07,0.01768909,0.9822719,3.8517963e-05,3.4650319e-07,3.0553349e-09,2.7406891e-11,1.4728231e-10
2.4100375e-05,0.99849474,0.0014807129,3.4589124e-07,1.0543695e-07,7.2005335e-09,1.2922778e-09,5.565932e-10
2.5309626e-05,2.938436e-05,0.003047474,0.102754116,0.7069523,0.18672958,0.00041157502,5.0307186e-05
1.269759e-11,7.601769e-09,0.72376424,0.27623576,1.6608562e-09,1.5657564e-10,1.1195954e-14,5.9110644e-10
1.8266247e-06,1.9643574e-05,0.13244869,0.8634548,0.0039399527,0.000134802,1.6566791e-07,8.335488e-08
9.477648e-06,2.1015492e-05,1.0160113e-05,0.0010782793,0.846788,0.15070915,0.0013777863,6.0427087e-06
0.9934822,0.0056514074,0.0006894958,6.588709e-05,1.985445e-05,1.332422e-05,3.6212354e-05,4.153723e-05
0.99804485,0.0012386208,0.000683975,1.1176148e-05,7.71704e-06,2.9991625e-06,6.6843727e-06,3.9780407e-06
1.2141425e-06,5.1731804e-06,0.01974682,0.9656285,0.014283346,0.00033358182,7.275201e-07,5.667997e-07
3.6505037e-07,0.0008641097,0.5800316,0.2951495,1.1014534e-05,9.195781e-05,2.1269109e-07,0.12385122
3.395788e-09,5.4776874e-06,0.7709577,0.2290239,1.2830913e-05,4.9782006e-08,5.759677e-12,2.638615e-10
1.8754081e-08,1.169798e-06,0.002039173,0.9111483,0.08669726,0.00011372281,1.7699767e-07,6.8058206e-08
4.7867974e-08,0.0010835615,0.9786189,0.020183764,0.000113538656,8.249638e-08,1.8745064e-10,4.95191e-10
1.0414241e-07,0.00041708784,0.07224082,0.9272549,8.458894e-05,2.2411732e-06,1.54486e-07,4.3276682e-08
0.0003112632,0.09044366,0.90907216,0.0001652435,4.5748908e-07,4.3284342e-07,7.632177e-09,6.8469058e-06
0.05325956,0.9135817,0.03267451,0.0002684029,3.319624e-05,9.8814606e-05,5.8630003e-06,7.793565e-05
0.0044017155,0.008846396,0.93859226,0.04804338,0.000115896,3.128322e-07,1.003656e-09,5.0016313e-10
2.1172182e-09,3.7774393e-07,0.17964712,0.8203283,2.4165009e-05,4.4701665e-08,8.6190055e-11,2.820565e-10
6.4336053e-10,1.367003e-07,0.6180089,0.3819597,3.118225e-05,3.780308e-08,4.1433194e-12,2.6228374e-11
4.2371666e-06,0.5019671,0.49412918,0.003891886,7.430759e-06,2.0228005e-07,2.2987521e-08,1.5183856e-08
1.08015485e-07,5.6831453e-07,0.0029801375,0.91462123,0.08224521,0.00015260508,8.0426e-08,4.3658854e-08
4.139381e-06,0.982463,0.017531624,1.1931096e-06,9.374586e-08,2.696478e-09,3.0148803e-10,2.5992422e-10
0.9763346,0.02349959,0.000157458,6.231285e-06,1.5259475e-06,2.977345e-07,5.0667335e-08,3.334815e-07
2.5386928e-09,1.0149093e-07,0.0025607804,0.9972894,9.354871e-05,3.350305e-05,5.331745e-09,2.2548187e-05
2.154636e-12,1.2890668e-10,0.20790331,0.79209656,1.3354942e-07,2.7682362e-10,1.41143e-14,5.6853215e-13
2.7607484e-06,0.000113879585,0.0011729456,0.28333172,0.69504744,0.0183682,0.0019486124,1.4508033e-05
9.889516e-08,5.899142e-06,0.004322776,0.9606164,0.035009746,4.4039018e-05,1.0078113e-06,3.023147e-08
6.7220975e-07,0.00027296497,0.0023315235,0.2144967,0.78100586,0.00168793,0.00020396468,4.1437266e-07
5.15981e-07,0.0033544835,0.99572045,0.0009222728,2.1959172e-06,4.023996e-08,2.2590434e-09,1.3057045e-09
0.0001518557,0.00010860382,0.0020912245,0.018024642,0.31834224,0.65344477,0.006768954,0.0010677391
0.0048892964,0.8403243,0.13735217,0.00076301116,6.239021e-05,0.0010688773,7.4954914e-05,0.015464989
1.1927073e-10,4.175602e-06,0.99997663,1.9211948e-05,3.3917906e-09,1.0356904e-11,9.878559e-15,1.0102726e-13
8.945925e-06,0.00010317493,0.00046128096,0.029240314,0.6529167,0.12691408,0.19027099,8.447887e-05
1.1810096e-07,4.827605e-07,1.2619018e-06,3.694146e-07,1.6072202e-06,0.0067662993,2.0769827e-05,0.99320906
4.6076915e-05,2.1412945e-05,0.0001375907,0.0009155833,0.018519279,0.95753807,0.009343862,0.013478092
3.138949e-07,0.95291287,0.047086872,3.4619455e-10,1.6855001e-10,1.0425482e-10,1.6210847e-13,3.7146943e-09
0.007487164,0.9855555,0.005518157,0.00023355041,2.5194955e-05,0.00019394404,1.3171842e-05,0.00097327423
3.7378264e-08,1.8901356e-07,5.492685e-07,1.4843629e-07,6.850551e-07,0.0068667084,6.7897545e-06,0.99312496
1.5781431e-09,4.769222e-07,0.61680436,0.38319516,2.2643324e-08,4.000407e-09,1.6904681e-12,2.9836333e-08
7.727603e-07,0.00021584771,0.99556917,0.004208359,5.876342e-06,2.3985535e-08,1.2653925e-10,1.6566369e-10
1.33303e-06,1.0343704e-05,0.0001469811,0.025403906,0.9317187,0.042535845,9.5691874e-05,8.717507e-05
1.08438635e-05,0.96970505,0.030005487,0.0002703185,7.935038e-06,2.0406625e-07,1.16238425e-07,1.4296062e-08
0.93464136,0.064933784,0.0004200997,3.1172985e-06,1.1200046e-06,2.1788343e-07,3.0525992e-08,2.3279419e-07
4.982045e-09,2.2235808e-07,6.733958e-06,4.1590716e-05,1.0942146e-06,0.010872039,1.8921456e-07,0.9890781
5.1479923e-09,9.797654e-06,0.030344337,0.9696442,1.7218062e-07,7.914173e-08,1.2844506e-10,1.4900656e-06
3.2059143e-06,1.2704839e-05,1.3762868e-05,0.0021609445,0.98545504,0.012206363,0.00014755064,5.039056e-07
4.2620528e-08,6.321618e-06,0.048760224,0.9512014,2.9790257e-05,2.0315451e-06,3.9535305e-08,6.6917096e-08
1.217541e-09,6.3310545e-06,0.9939638,0.0060299365,3.6920575e-08,2.2371505e-09,3.333635e-14,4.062084e-12
0.00012506596,0.96485186,0.025904706,0.007816541,2.0579664e-05,0.00012465454,1.2523458e-06,0.0011553256
2.4776052e-09,5.5124283e-06,0.99514425,0.004849501,7.514242e-07,5.2310534e-09,3.212198e-12,3.442305e-11
2.4989108e-06,0.9720544,0.027908916,3.234699e-05,1.8340223e-06,3.5693862e-08,3.146194e-09,3.631934e-09
4.860623e-07,0.041310925,0.9533517,0.0051628435,0.00017383037,1.9964017e-07,1.3659508e-09,2.3178683e-09
1.6772398e-06,1.4616225e-07,8.652397e-08,4.2214932e-08,3.2149303e-05,0.003964244,0.99151015,0.0044914642
0.77052367,0.21647102,0.012967121,3.083339e-05,3.7873256e-06,1.6552829e-06,1.7987118e-07,1.7403605e-06
1.9700171e-07,0.00010438419,0.78584564,0.21403617,1.3602397e-05,6.496129e-08,2.7026603e-11,2.4834594e-09
4.6779638e-05,0.0003475895,0.0032974852,0.08832171,0.37569278,0.51338154,0.0053020082,0.013610075
3.0759018e-06,0.00042094188,0.06236033,0.87614983,5.656368e-05,2.530427e-05,1.461138e-07,0.060983803
3.221284e-05,2.406497e-05,6.9413936e-06,0.00024354832,0.19162653,0.77523494,0.03269591,0.00013591141
8.165871e-06,3.4124092e-05,0.02203748,0.9387542,0.035743043,0.0034193252,3.0790864e-06,5.178881e-07
1.0092417e-08,1.2616889e-07,0.0012781646,0.91926533,0.07942801,2.8378525e-05,8.237756e-09,6.956376e-09
7.186058e-07,9.3199674e-07,2.5766383e-06,4.0092286e-07,0.00018233887,0.13059165,0.00049644505,0.86872494
0.00043495517,7.5429125e-05,4.209071e-05,0.0009649855,0.010966996,0.3817244,0.60495365,0.00083756767
7.790021e-09,3.256769e-08,0.00012678807,0.55748016,0.44214436,0.0002484953,5.474573e-08,1.02750896e-07
7.667352e-06,1.7988792e-05,0.00012872566,0.0010625003,0.080032386,0.9155383,0.00081051065,0.0024018348
1.0840101e-06,0.039247885,0.96065485,9.598159e-05,1.9927668e-07,1.2202461e-08,1.0896688e-09,1.2890402e-09
0.53351146,0.4645858,0.0019021431,3.2014057e-07,2.1754748e-07,2.9172142e-08,1.3080893e-09,2.035965e-08
6.3454127e-06,0.0025259068,0.33370367,0.66365844,4.2455927e-06,3.7307275e-06,3.5810164e-08,9.759697e-05
2.1204425e-05,1.1575599e-05,4.2839692e-06,0.00014224614,0.40376517,0.54450023,0.051484764,7.051505e-05
5.045708e-08,0.0008958666,0.99903935,6.448523e-05,2.1682317e-07,7.0198436e-10,1.3108378e-11,1.1252982e-11
1.1261623e-08,3.101139e-06,0.005435913,0.99073863,0.003820264,2.149207e-06,6.1471424e-09,7.2577766e-09
2.817048e-08,0.00030992672,0.93560904,0.06398332,9.7545824e-05,1.5518917e-07,5.1784407e-11,1.0772648e-09
4.1195526e-06,1.8367034e-05,1.7145972e-05,0.0047249966,0.9782128,0.016920257,0.00010179517,5.4370645e-07
8.172321e-09,4.052644e-05,0.849301,0.15063842,2.0043739e-05,3.0880393e-08,1.9875355e-11,4.2084258e-10
2.032059e-09,5.9902504e-08,0.00660954,0.99328125,0.00010894358,1.3516978e-07,1.8711271e-10,4.719264e-10
9.585518e-08,6.576e-05,0.5921424,0.40690055,0.00088960765,1.5923721e-06,2.942488e-08,4.162444e-09
0.0005639581,0.16051812,0.34288323,0.48994473,7.3133524e-05,0.00011658406,4.5617085e-06,0.005895597
0.06682709,0.930594,0.0013834769,0.0009914169,3.5605386e-05,2.2517432e-05,8.314828e-06,0.00013753351
3.3657725e-06,5.180104e-06,0.000113357244,0.0011677777,0.6968057,0.30071792,0.00040926365,0.00077733735
7.1014865e-09,5.063594e-08,0.0019141176,0.98943675,0.008639869,9.198939e-06,1.450389e-09,1.6134709e-09
0.048169557,0.65400267,0.27547476,0.022070115,3.9477207e-05,1.7741955e-05,8.8305205e-07,0.00022479487
6.761314e-06,6.864286e-06,8.006244e-06,1.976022e-05,0.004496121,0.9605071,0.0021969571,0.032758404
5.8374696e-09,2.7304059e-06,0.65148526,0.34845397,5.7961537e-05,5.490077e-08,1.4466611e-10,1.1855733e-10
4.411299e-05,0.7854862,0.13943107,0.07435533,0.00065594754,1.5266894e-05,1.1399185e-05,5.66584e-07
0.120077476,0.026491798,0.8468539,0.006504991,7.176128e-05,4.670987e-08,3.0504602e-10,4.954161e-11
3.3424617e-11,7.3512496e-10,0.0016139341,0.9983595,2.6597123e-05,5.468265e-08,7.767657e-12,2.2911568e-10
