0.6573831,0.0077512194,0.014735232,0.110545196,0.005107045,0.014868388,0.0009827816,0.0041961838,0.18443087
0.1160226,0.062718965,0.18885443,0.45617512,0.012730792,0.092616126,0.019628601,0.009697548,0.04155578
0.9046185,0.0022635043,0.019044075,0.0015105478,0.00079624075,0.00015194435,0.00016710865,0.00015194839,0.071296126
0.19382282,0.011428776,0.00231592,0.0034055233,0.0024051499,0.0192505,0.00051545666,0.00075155275,0.76610434
0.22093913,0.09124395,0.31400055,0.14429274,0.014078343,0.018337702,0.006788253,0.0052500307,0.18506926
0.9980134,2.4544663e-05,0.00018317014,0.00038083646,3.2718008e-06,3.412279e-06,2.35997e-06,8.7844177e-07,0.0013881419
0.31341726,0.3923984,0.017624117,0.0031583423,0.0052757217,0.0041027456,0.00351642,0.0006856716,0.2598214
0.79542494,5.6799956e-05,0.1892783,4.3253345e-05,0.00018327383,6.757056e-06,0.00010471449,1.7654322e-06,0.014900156
0.17267035,0.009962989,0.7587311,0.004784921,0.0023172984,0.00024470006,0.0014157805,0.00021587619,0.049656928
0.30225685,0.40115014,0.020738892,0.003367699,0.0064660897,0.0038091796,0.004396473,0.0007803659,0.25703436
0.10023999,0.07645502,0.042264637,0.0053813113,0.0021603568,0.010275469,0.0013501311,0.00081441534,0.76105875
0.12255992,0.228107,0.1737441,0.0077436627,0.0043920693,0.007613563,0.0031945473,0.0015009934,0.45114422
0.0051193805,0.005949225,0.0014294025,0.00021762324,0.00011152494,0.002450781,0.00013810329,1.6436474e-05,0.9845675
0.47267592,0.082094975,0.12557623,0.063369244,0.009752489,0.008130749,0.0052506602,0.0043898113,0.22875993
0.004971801,0.010171809,0.006405028,0.006120805,0.31388235,0.0022371206,0.0025765721,0.62911737,0.024517229
0.17697294,0.10010794,0.41337663,0.1185796,0.014914094,0.011257346,0.0088690985,0.0059853885,0.14993696
0.24846528,0.027717229,0.02235713,0.025885256,0.013377435,0.0145459995,0.0015771341,0.0053956714,0.6406788
0.085661195,0.40952453,0.32391006,0.008134606,0.0047079264,0.005628922,0.004646586,0.0014700748,0.15631609
0.036038924,0.14242615,0.021805385,0.22110516,0.09583466,0.26790363,0.067117,0.049177222,0.098591894
0.17135902,0.067685366,0.1648453,0.43325406,0.009989813,0.08604615,0.01727672,0.0066092405,0.042934388
0.0402853,0.13306808,0.017683871,0.20435122,0.0680266,0.34178916,0.046538617,0.033341717,0.114915445
0.14013533,0.10908618,0.0528335,0.0054199067,0.0020982495,0.008122099,0.001315972,0.0007535175,0.6802353
0.6425099,0.0023248824,0.00329402,0.32829183,0.00034804508,0.0008224215,0.00020092042,0.00013810545,0.022069922
0.17794889,0.55132645,0.03770622,0.02154719,0.015234515,0.0211062,0.011017869,0.0042627403,0.15984996
0.02214938,0.008606503,0.00027146694,0.00062500755,0.0011616141,0.014886338,0.00015752605,0.0002496484,0.95189244
0.02686851,0.16353704,0.02004297,0.17892903,0.1781952,0.19256109,0.091686144,0.057206657,0.09097329
0.0015214504,3.5055745e-08,5.0337015e-08,8.9999537e-07,1.5635017e-08,2.3536852e-07,1.07744135e-11,1.3415153e-09,0.9984774
0.18327072,0.09835574,0.3602925,0.15485434,0.014201398,0.018997073,0.008436591,0.0063396324,0.15525208
0.7530476,0.0034793392,0.0012562838,0.08522787,0.0002865249,0.002770171,6.002375e-05,0.0001542556,0.15371796
0.000107060536,6.134727e-05,8.261501e-05,9.848038e-05,6.5626814e-08,0.0004372406,3.4203477e-08,6.59123e-09,0.999213
0.13656795,0.011518538,0.80412054,0.0075930944,0.0023989838,0.00030584008,0.0016946266,0.00023059154,0.035569873
0.7840303,0.0029172432,0.000839683,0.07880656,0.00020066695,0.002395335,4.1652005e-05,0.00010186982,0.13066669
0.044012263,0.024979573,0.05485013,0.0064583076,0.0031740768,0.02114354,0.0049529537,0.00044494693,0.8399842
0.68727285,0.007364682,0.011224606,0.10978195,0.004045412,0.013768912,0.0008278187,0.003141684,0.16257203
0.1406116,0.02973885,0.030886294,0.024776954,0.019264363,0.0166972,0.002083308,0.009084151,0.7268572
0.99020314,4.6855425e-06,0.0069444715,8.061768e-06,1.2600141e-05,8.171758e-07,5.5034493e-06,1.3822218e-07,0.002820631
0.59434634,0.008711611,0.017286826,0.15569831,0.0067833965,0.017625472,0.0012358138,0.0064734905,0.1918387
0.618627,0.007782432,0.013685243,0.14157355,0.0045786365,0.015436426,0.0010016549,0.003839697,0.19347537
0.40020025,0.064212166,0.1355715,0.0035074835,0.002577575,0.0023136712,0.0011008572,0.00053431373,0.38998216
0.0037862796,0.0012825424,0.00020841297,6.315505e-05,2.0686455e-05,0.0010570228,1.6728756e-05,3.3440608e-06,0.99356186
0.047683436,0.04283049,0.06666411,0.012218354,0.005541193,0.044483494,0.008774685,0.0008144272,0.7709898
0.18600507,0.08879576,0.36318827,0.13542832,0.015148425,0.016969522,0.007153599,0.0060748905,0.18123612
0.9847476,7.166401e-06,0.011840514,1.3337662e-05,2.2157781e-05,1.3382963e-06,1.1278944e-05,2.3814144e-07,0.0033563543
0.09567899,0.053097162,0.0661502,0.048832692,0.03635461,0.034451865,0.003944987,0.015654888,0.6458346
0.9314537,0.0013765382,0.0010614916,0.0010666492,0.0004962764,0.00040370077,4.1280062e-05,0.000106807776,0.06399355
0.77593637,0.08652047,0.004009088,0.007128232,0.00078335474,0.00474376,0.0015444077,0.00025943472,0.11907473
0.8660764,0.0009896171,0.065233015,0.0009052378,0.0038166044,0.00041268708,0.0009867324,0.00022684329,0.06135288
0.035333306,0.13567935,0.021468649,0.24136534,0.099567845,0.2619234,0.05806634,0.04381328,0.10278253
0.0042638993,0.0018693308,0.0008798882,0.00010871325,7.096743e-05,0.0010459204,5.768973e-05,8.007061e-06,0.9916956
0.024773346,0.0067755664,0.0011731336,0.0017533374,0.003902246,0.0045043733,0.0001298338,0.0017192569,0.9552689
0.23633204,0.15800117,0.21919544,0.0051027783,0.00403159,0.0041840384,0.0023873537,0.0011054092,0.3696601
0.6325718,0.0118479915,0.018690571,0.0079081915,0.0063933562,0.003399142,0.0007874067,0.0026612727,0.3157403
0.0794911,0.36842763,0.37587485,0.007940456,0.0067232344,0.0049218386,0.0061358856,0.0022023916,0.14828253
0.00488016,0.008059079,0.006886163,0.0048045665,0.32178786,0.001683025,0.0023033016,0.62603813,0.02355768
0.06788571,0.3825906,0.32371017,0.007085052,0.0076468955,0.005151428,0.0050308695,0.002191613,0.19870773
0.020825228,0.012935813,0.14064866,0.7249918,0.0069202883,0.056449264,0.0056818626,0.004258143,0.027288958
0.14309931,0.124269195,0.047964584,0.005887403,0.00221578,0.009340129,0.0013821202,0.00078310806,0.66505843
0.004637919,0.007234769,0.0052834773,0.004223143,0.34028092,0.0016129,0.0018989408,0.6094852,0.025342764
0.9962197,8.663489e-05,0.0001555317,0.001062316,8.008785e-06,1.4545638e-05,5.0576036e-06,3.0538904e-06,0.0024451832
0.58570516,0.0057315356,0.0060348734,0.0031085107,0.003284274,0.008277478,0.00076859305,0.00071128056,0.38637838
0.6897054,0.007223164,0.01133322,0.1093447,0.0035174466,0.0127524035,0.0007663546,0.0029044766,0.16245288
0.40907085,0.08453869,0.16450562,0.0826121,0.009972173,0.010359831,0.0057467106,0.003985998,0.22920795
0.93241805,0.0025477912,0.007791758,0.001064744,0.00031348004,0.0001972681,0.00014819417,7.137815e-05,0.05544729
0.8598397,0.015796268,0.0034175827,0.0049204105,0.0067657754,0.0011617376,0.00049037265,0.0024431597,0.10516496
0.011816,0.013607984,0.014149876,0.015420645,0.30072227,0.006040171,0.004384913,0.5932386,0.040619563
0.55407816,0.10453506,0.007952411,0.023015259,0.019558012,0.025031814,0.008203251,0.00813319,0.24949276
0.6241976,0.00928014,0.015358306,0.14220478,0.005010613,0.017952228,0.0011927992,0.004523149,0.18028031
0.10731336,0.01183397,0.8304929,0.006163964,0.0027507967,0.00024754906,0.0018090818,0.00021685092,0.03917148
0.0888127,0.0036205843,0.80699027,0.002242266,0.0064550536,0.0014922451,0.006620794,0.00019344364,0.08357261
0.9698756,0.0002525668,0.0133722,0.00015139888,4.2569347e-05,9.173962e-06,1.6603946e-05,4.148608e-06,0.016275758
9.836728e-05,6.579569e-05,9.969741e-05,0.00010887248,9.062584e-08,0.00038639657,3.9970804e-08,1.0231866e-08,0.99924076
0.21716337,0.50251716,0.03952506,0.023557581,0.0117057385,0.021768779,0.010980747,0.0031545977,0.16962697
0.0047240644,0.0025215943,0.0006788909,0.00014426727,5.2718085e-05,0.0017898175,5.763038e-05,8.1996695e-06,0.9900227
0.14278738,0.007014802,0.6644665,0.005719107,0.00804452,0.0041165734,0.008791412,0.0004208827,0.15863879
0.95084494,4.5888606e-05,0.039695084,0.0013249575,5.358075e-05,3.300276e-06,2.1420436e-05,1.8996695e-06,0.008008818
0.93342566,0.0011965898,0.00080560223,0.00089050556,0.00035119537,0.00031892996,3.092623e-05,7.498061e-05,0.06290552
0.7305484,0.0038609335,0.0012234908,0.14137635,0.00028059195,0.0041682217,7.127641e-05,0.00015448683,0.1183163
0.0044871103,0.0046650907,0.0009829021,0.00014960371,7.2399394e-05,0.0016356516,8.053016e-05,9.36326e-06,0.98791724
0.117268786,0.06526593,0.49193949,0.16677271,0.012022979,0.017794281,0.0055505964,0.003610702,0.11977456
0.0046086162,0.0072998637,0.0058483654,0.0041143503,0.34322184,0.001523035,0.001983641,0.6077651,0.023635143
0.24482028,0.040330775,0.030888971,0.04459832,0.016173005,0.021045374,0.0024117578,0.007540629,0.5921909
0.57920325,0.0031273812,0.050371263,0.33418822,0.0012715213,0.0007011284,0.00076645694,0.00021109713,0.030159654
0.037093144,0.025403803,0.060342263,0.0070226453,0.004558977,0.022120465,0.0060952706,0.0006859396,0.8366775
0.44666794,0.10497817,0.010960542,0.026816221,0.032458305,0.03084117,0.011119451,0.015146518,0.32101175
0.029057391,0.19885203,0.021424172,0.16326785,0.17906517,0.15381545,0.1189658,0.056284837,0.07926727
0.035294082,0.13587797,0.018876335,0.20537293,0.10046927,0.2825834,0.054370753,0.043347485,0.12380782
0.008174188,0.00037711512,0.0009373881,0.00063755637,0.00020873819,0.00017834872,4.8443326e-06,7.9308214e-05,0.9894024
0.98693997,5.197151e-06,0.009558386,9.336405e-06,1.8252216e-05,9.903142e-07,7.9397705e-06,1.8923816e-07,0.0034597204
0.13009733,0.0060835015,0.68662035,0.004757389,0.010094119,0.0031724225,0.008795553,0.00043624433,0.14994308
0.20619905,0.49838868,0.0051713157,0.25877059,0.002715172,0.009417361,0.0039748577,0.0009773604,0.01438568
0.13371474,0.010692307,0.8075989,0.005713303,0.0021504473,0.00023317111,0.0015527769,0.00019750494,0.03814685
0.005651883,0.008800124,0.0060961945,0.005440201,0.35594428,0.0019971093,0.0023444653,0.5875863,0.026139533
0.99362844,0.00017268558,0.00030685548,0.0028408156,1.5984053e-05,3.701749e-05,1.2259631e-05,6.851708e-06,0.002978974
0.0049771722,0.0099905785,0.0063635875,0.005980672,0.32131863,0.0022319746,0.002541962,0.62214303,0.024452427
0.33401552,0.002868496,0.0028655091,0.6400874,0.00045168272,0.0014539708,0.00023868971,0.00014001994,0.017878618
0.45992544,0.14409193,0.012153403,0.040331032,0.027934901,0.04604411,0.014281971,0.014120907,0.24111627
0.61541766,0.014591461,0.021206083,0.00981665,0.005441496,0.0038186791,0.00090714474,0.0019253768,0.32687542
0.06491802,0.050764784,0.6447419,0.116903715,0.009259189,0.011728926,0.0038436854,0.0027909058,0.09504886
0.281742,0.0034380152,0.0041733696,0.69095296,0.00064453133,0.0014889502,0.00035869947,0.00022176589,0.016979828
0.08843028,0.48030317,0.31067485,0.033557963,0.012951574,0.0071569253,0.013904329,0.0039940956,0.0490268
0.18791188,0.010205373,0.73872966,0.0048961574,0.0021771886,0.00022990663,0.0013388904,0.00019129364,0.054319594
0.27921247,0.43960068,0.021018593,0.003539635,0.007914778,0.003905451,0.0048829457,0.0008897992,0.23903565
0.00010070018,5.537683e-05,9.3717e-05,9.386843e-05,7.689745e-08,0.00035465448,3.2811734e-08,8.269911e-09,0.99930155
0.045008853,0.14464664,0.016561147,0.19944939,0.06576928,0.3429149,0.046594724,0.03551032,0.103544734
0.023699809,0.0061943475,0.0009875236,0.0015707528,0.0030191923,0.0050160275,0.00010300836,0.0010936207,0.95831585
0.9676175,0.00034706978,0.015167164,0.00022659487,5.923501e-05,1.4335926e-05,2.5446332e-05,7.0911424e-06,0.016535468
0.09997056,0.094240166,0.18811111,0.4476379,0.013161484,0.089867264,0.02049978,0.0082209315,0.038290743
0.89577955,2.8903416e-05,0.09314566,2.2126555e-05,6.8736896e-05,3.424896e-06,3.685848e-05,7.9232865e-07,0.01091403
0.5012366,0.015139484,0.022354983,0.01253455,0.0053126975,0.004411252,0.0007941318,0.0019066179,0.4363097
0.9978382,2.5733969e-05,0.00020241467,0.0003581985,4.1716467e-06,3.7369123e-06,2.793954e-06,1.1223864e-06,0.001563698
0.9361718,6.397807e-05,0.05362965,0.0019235413,6.2367304e-05,4.405474e-06,2.94104e-05,2.4128547e-06,0.008112403
0.18560337,0.053756595,0.0057345745,0.014471498,0.0040773633,0.029786184,0.0028092344,0.00084714865,0.70291406
0.11785049,0.03648228,0.050618965,0.032541633,0.026488507,0.021224752,0.0025609836,0.012742341,0.69949
0.0032225437,0.003965375,0.0003936417,9.665939e-05,4.7497742e-05,0.001501428,4.50568e-05,6.7123774e-06,0.990721
0.0073320526,0.046029996,0.0009526257,0.0062408033,0.0017182392,0.8760401,0.0009940026,0.0007094463,0.059982717
0.43781096,0.0045837127,0.052498586,0.47181132,0.0018776397,0.0009747074,0.001174523,0.0002945028,0.028974105
0.0008632501,0.0031044895,0.0011025707,0.00028813432,0.00030057132,0.0040431586,0.0003678526,2.235021e-05,0.9899076
0.4894428,0.06771363,0.11110191,0.044915788,0.0071559413,0.006656793,0.0033813927,0.0030897262,0.26654202
0.15254094,0.023542091,0.0043937946,0.0076296586,0.004309935,0.046406403,0.0014178371,0.0015615646,0.7581978
0.015338301,0.043724895,0.1186185,0.057550706,0.41956407,0.0156018585,0.23051894,0.020173328,0.07890946
0.01576834,0.03201841,0.15267825,0.0713106,0.35503808,0.018635385,0.27026024,0.01682904,0.067461655
0.003948176,0.0035933983,0.00061197823,9.811646e-05,4.7959813e-05,0.0011358006,4.8759783e-05,5.834972e-06,0.9905099
0.47452557,0.14838538,0.008244583,0.04413688,0.0058064233,0.03874101,0.005164088,0.002565219,0.2724309
0.099338695,0.06991037,0.008053924,0.002708745,0.003047049,0.005595155,0.0025535997,0.00036837347,0.80842394
0.12484712,0.22523403,0.16593477,0.006505753,0.004315804,0.006849703,0.002737114,0.0015080532,0.4620676
0.9999075,1.0968039e-08,2.0266486e-06,1.7274172e-07,1.3809291e-08,4.2757327e-09,1.1286879e-09,8.7876656e-10,9.01845e-05
0.8892512,0.00264347,0.0024541926,0.001139336,0.0019371279,0.00048337993,4.5893532e-05,0.0005078502,0.10153756
0.9937058,0.00017005303,0.00027288898,0.0019576512,1.6786129e-05,3.4267614e-05,1.0855928e-05,7.242975e-06,0.003824482
0.36137226,0.1048667,0.19171211,0.076888174,0.015812544,0.010007485,0.0073308293,0.0069867386,0.22502314
0.10396482,0.059018046,0.51932216,0.15087196,0.012279645,0.01864216,0.005787143,0.0035958742,0.12651816
0.028048592,0.17713644,0.018878913,0.17987788,0.16276449,0.1954064,0.08712592,0.05824962,0.09251167
0.0042953966,0.010853071,0.0068401434,0.0054742335,0.3337371,0.0018654951,0.002626115,0.6101233,0.024185192
0.13284478,0.24520828,0.16679649,0.008078201,0.0039771986,0.008472366,0.0032377595,0.001475974,0.42990896
0.025430921,0.16824235,0.018966403,0.19440795,0.15904924,0.20376077,0.087064944,0.05194135,0.091136076
0.8366481,0.045711413,0.0025625513,0.0045634108,0.0003955164,0.0032997988,0.00075286406,0.00014158084,0.105924636
0.9936156,0.00015918943,0.00039342148,0.0021036686,2.1472035e-05,2.8882981e-05,1.5308347e-05,7.297477e-06,0.0036550618
0.020002222,0.005451194,0.001061511,0.0015373246,0.0027812754,0.0038059694,0.00010204674,0.0010763534,0.9641821
0.057371136,0.03341704,0.7215809,0.08391062,0.0055611073,0.009319735,0.001883369,0.0010539177,0.08590218
0.0771715,0.15534073,0.00075343205,0.00042983095,0.00028427952,0.0022265345,0.00021560391,2.4613968e-05,0.7635535
0.8839316,0.0024834522,0.0014771936,0.0010461499,0.001598921,0.00050487503,3.470046e-05,0.00033507185,0.10858798
0.025384301,0.0009044983,0.0009231263,0.0002445673,0.0003534652,0.00023456682,1.1516334e-05,0.00012008227,0.9718238
0.10127679,0.058816653,0.53050035,0.13592502,0.01169407,0.016936898,0.0051770103,0.0038390944,0.13583411
0.18310553,0.23570433,0.15875731,0.012108357,0.006690911,0.003562661,0.008160215,0.0010838521,0.3908268
0.06549396,0.03275911,0.06400629,0.01266804,0.009818618,0.0037709603,0.0016291618,0.004211445,0.80564237
0.0952233,0.059783816,0.5491231,0.14595829,0.012381653,0.015300333,0.0053602755,0.0039264723,0.112942696
0.0039780666,0.0018261927,0.00023412245,9.9983255e-05,2.6645055e-05,0.001846886,2.4680841e-05,4.2095403e-06,0.9919592
0.4963173,0.01935721,0.040136356,0.017299086,0.008294202,0.0055557922,0.0013888944,0.0031599966,0.40849113
0.99584514,0.0023692192,0.00034367974,0.0002840748,3.2585617e-06,1.5961548e-05,1.427641e-05,8.154153e-07,0.0011236813
0.0011491594,0.0038927018,0.0019541588,0.00042222545,0.00038476326,0.004153308,0.00056473777,2.6348129e-05,0.98745257
0.11139469,0.050430026,0.061391447,0.063384175,0.031739857,0.046867,0.0037027653,0.014126041,0.616964
0.0032380908,0.002127417,0.00036997956,8.8047964e-05,3.151921e-05,0.0012071071,3.1837233e-05,4.197194e-06,0.99290186
0.017832562,0.0049113305,0.00023970612,0.0004154041,0.00091018336,0.009499917,0.00010687034,0.00018096247,0.96590304
0.24677584,0.03194265,0.026524097,0.028007891,0.0169592,0.0136559745,0.002166566,0.008221797,0.62574595
0.005829376,0.042376455,0.0009197474,0.005577553,0.0017422872,0.8789992,0.0009465391,0.00074422784,0.06286463
0.1620104,0.23867309,0.26650348,0.0051087374,0.003728824,0.003565943,0.00283128,0.00093710213,0.31664112
0.99423075,0.00013030745,0.00022999436,0.0019251986,1.3943738e-05,2.9609058e-05,8.980219e-06,5.085984e-06,0.0034260713
0.17902455,0.54835993,0.0013119609,0.00086326397,0.00042243296,0.0016236065,0.00026578613,3.6274803e-05,0.2680922
0.13423865,0.6269975,0.0014989243,0.0012204974,0.0005226588,0.002375254,0.0003494004,5.256435e-05,0.23274453
0.30361846,0.116640925,0.23266357,0.10183146,0.012818681,0.010903478,0.0076633897,0.005235266,0.20862478
0.009537933,0.0112224035,0.012059941,0.011863298,0.28667912,0.0047562825,0.0034957083,0.62123436,0.039150927
0.90200204,0.0033136976,0.0018821622,0.001565286,0.0016383425,0.0006420053,4.776714e-05,0.0004762863,0.088432394
0.008310523,0.0020664895,0.0011733219,0.00015491342,8.420802e-05,0.0022504039,7.759914e-05,1.2596263e-05,0.9858699
0.94266033,0.0029521708,0.0070888596,0.0013169984,0.00033495764,0.0002453011,0.00018686206,9.7945085e-05,0.04511655
0.60609186,0.009034722,0.01574941,0.1863525,0.0047027105,0.020818017,0.0011724536,0.0041873315,0.15189093
0.05923065,0.051139105,0.6214405,0.17037177,0.009043001,0.0145614,0.0044158436,0.0028047026,0.06699306
0.032281354,0.14524436,0.022294244,0.20867296,0.14001678,0.2077081,0.07562983,0.06295554,0.10519678
0.0005506779,4.9904196e-05,8.025966e-08,4.0574246e-06,4.234914e-09,2.968533e-05,9.721157e-10,2.391678e-10,0.9993656
0.031700265,0.14817643,0.020277653,0.20426115,0.12343796,0.2410586,0.06865771,0.056902308,0.10552796
0.00010085785,5.3253578e-05,7.3647374e-05,7.5119635e-05,5.8351475e-08,0.00030830965,2.6326413e-08,6.1018963e-09,0.9993888
0.9922461,0.00023193439,0.0003583056,0.0028078386,2.6987645e-05,4.9655206e-05,1.724426e-05,1.2047761e-05,0.00424997
0.021729436,0.05174222,0.111721925,0.06861205,0.335533,0.020704467,0.28520283,0.024452511,0.08030164
0.632578,0.00297628,0.041254893,0.29307252,0.0011407897,0.00066060683,0.0006927882,0.00020498106,0.027419087
0.034556862,0.14022316,0.0197786,0.20235822,0.1204578,0.24172233,0.061803397,0.061386645,0.11771298
0.9946709,0.003879315,0.00019873155,0.0002839158,1.5633913e-06,1.2971486e-05,1.0578379e-05,3.776601e-07,0.0009417596
0.079066835,0.06721067,0.5403753,0.16231072,0.016633606,0.016885504,0.00699536,0.005946007,0.10457601
0.71571565,0.0035340253,0.0013136584,0.106396735,0.0002920597,0.0031742712,6.427287e-05,0.00015909797,0.16935031
0.11604658,0.11551588,0.4909989,0.11917127,0.015315726,0.009092563,0.009535733,0.005864786,0.11845859
0.99638546,0.0024163309,0.00014107196,0.00021126212,9.633914e-07,8.7673e-06,6.780067e-06,2.1935324e-07,0.0008291741
0.0004961905,3.855896e-05,1.0143409e-07,3.385055e-06,4.6443343e-09,1.9971643e-05,1.0376181e-09,2.6818237e-10,0.9994417
0.10680296,0.838609,0.030394338,0.0072735124,0.00053749897,0.0008651887,0.00128807,9.406432e-05,0.014135435
0.994396,0.00012323083,0.00021868292,0.0015198028,1.1296585e-05,2.1956615e-05,7.4127784e-06,4.5490756e-06,0.0036971334
0.034961004,0.14202291,0.020993905,0.25205556,0.08530108,0.27537486,0.05987107,0.03815636,0.09126317
0.00525817,0.0074434318,0.0055562924,0.0044771484,0.34486228,0.0017662535,0.0020855959,0.5997962,0.028754728
0.018592853,0.032974884,0.21069773,0.07944328,0.3108233,0.017455837,0.2543052,0.0136687895,0.062038124
0.025702387,0.001298543,0.0012276624,0.00035247783,0.0005948546,0.00030626537,1.857495e-05,0.00021910353,0.97028023
0.061664943,0.5370587,0.29084072,0.037595175,0.012836145,0.008325976,0.013655238,0.004040284,0.03398279
0.004614856,0.005204759,0.0009578235,0.00015545951,9.575746e-05,0.00200528,0.00010188751,1.2421782e-05,0.98685175
0.000109167406,6.436419e-05,0.00010812208,0.00011945354,8.013894e-08,0.0003955492,4.1021234e-08,8.425824e-09,0.99920326
0.0761672,0.03672351,0.0660981,0.0147378035,0.009177133,0.0045755664,0.0018387008,0.00399497,0.786687
0.01603178,0.054977085,0.123152725,0.06257171,0.36074725,0.015522734,0.27693155,0.015570598,0.07449464
0.019952301,0.036814388,0.16108264,0.07856184,0.3169889,0.022028163,0.26764068,0.014807922,0.08212319
0.9998859,1.06864055e-08,2.4818007e-06,1.6944121e-07,1.5351603e-08,4.7904996e-09,1.2226129e-09,1.0082599e-09,0.0001113247
0.82079357,0.014726427,0.0043549505,0.004697734,0.009355288,0.0012510016,0.00060675875,0.0035356807,0.14067857
0.27573732,0.025368104,0.022228625,0.021078873,0.010101464,0.009818076,0.0012709346,0.004371272,0.6300253
0.03157952,0.0008681382,0.00079644984,0.00021767964,0.0002437687,0.0002060582,9.102827e-06,7.817753e-05,0.96600115
0.06484194,0.034586903,0.7062869,0.0848319,0.004917979,0.009779971,0.0018561966,0.0009560851,0.09194213
0.12732325,0.0301761,0.0033250323,0.007803558,0.0046632066,0.05057769,0.0014204715,0.0014419631,0.77326876
0.2512544,0.027667409,0.028513134,0.0245419,0.012628191,0.011147564,0.0017812001,0.0055165826,0.63694954
0.004651464,0.0014025638,0.00083406613,7.089869e-05,3.9154165e-05,0.0007037581,3.3260716e-05,4.578657e-06,0.9922603
0.08057798,0.12610207,0.0009126204,0.00039773295,0.00030269154,0.0019070428,0.00020044004,2.6470641e-05,0.78957295
0.42894343,0.09089127,0.15806375,0.08134686,0.008951132,0.008918952,0.004988015,0.0035350577,0.2143615
0.45342836,0.016014257,0.024569731,0.013407845,0.007801013,0.005000878,0.0010068018,0.0028573957,0.4759137
0.06536785,0.12705377,0.00085152,0.00042416036,0.00038044632,0.0020622571,0.00022414277,3.1650357e-05,0.8036042
0.029990902,0.14903547,0.026024964,0.20325272,0.17356223,0.17364368,0.08938104,0.056775555,0.09833341
0.00093729974,0.0035879745,0.0018385352,0.00040260312,0.0004095302,0.004077572,0.00060564344,2.7193937e-05,0.9881136
0.017384985,0.041872177,0.14201574,0.08160165,0.33462918,0.021686386,0.274765,0.014908427,0.07113645
0.12019528,0.34799185,0.3223473,0.006564186,0.0043522217,0.0042251586,0.0040117493,0.0011589781,0.18915325
0.8426908,0.017010618,0.0058980663,0.0056598033,0.009114194,0.0012747917,0.0007322084,0.0035769949,0.11404248
0.87277466,2.9183419e-05,0.11469496,2.2556384e-05,7.9380676e-05,3.98298e-06,4.1763073e-05,9.627411e-07,0.012352639
0.028468214,0.17546381,0.023958234,0.15223473,0.2053397,0.14194271,0.11395981,0.07145764,0.0871752
0.17611642,0.22927499,0.29274938,0.0052733943,0.00382541,0.0036167118,0.0029469659,0.00092810066,0.28526875
0.28985578,0.1508179,0.100357376,0.008594883,0.0034548368,0.0025442126,0.004462454,0.00059693796,0.43931553
0.8162718,0.039722826,0.0021206273,0.0046172915,0.0004162023,0.0042046933,0.0006454461,0.00016136892,0.13183986
0.10447044,0.032392126,0.038947843,0.02899729,0.026674492,0.020113409,0.0021842634,0.013124768,0.73309535
0.8290072,0.013795924,0.0034849008,0.0042888396,0.0068943547,0.0010901703,0.00047571724,0.0025076105,0.13845524
0.013321044,0.0035420246,0.001981344,0.00032447572,0.00018833863,0.0038147778,0.00020003796,3.2631793e-05,0.9765953
0.01838599,0.03945982,0.118040755,0.07694727,0.33320117,0.022685373,0.30470183,0.020424554,0.06615318
0.94928396,4.636051e-05,0.042484336,0.0014047179,4.1637268e-05,3.1378709e-06,1.9112716e-05,1.5625409e-06,0.0067152153
0.36640504,0.0030243236,0.002887648,0.60881746,0.00041355303,0.0012257472,0.0002288361,0.00013523418,0.01686221
0.9591166,0.0031306532,0.000837791,7.661897e-05,4.8079964e-06,2.2167294e-05,1.0659481e-05,1.933508e-07,0.036800474
0.2356025,0.47190022,0.004844497,0.2541399,0.002654873,0.009760542,0.004044856,0.0010341059,0.016018497
0.009143834,0.011886204,0.0120084835,0.012757621,0.27614188,0.004730332,0.0039927675,0.63571745,0.033621512
0.0034821003,0.003945434,0.0006135166,0.00010545305,5.7537643e-05,0.0015937141,5.4852197e-05,8.106161e-06,0.99013925
0.027641427,0.0004270507,0.00085055537,0.0041551255,0.0006276996,0.0011424933,1.3551828e-05,0.0002010511,0.96494097
0.0960149,0.21946275,0.53438425,0.006291015,0.0057675503,0.0033845848,0.004673275,0.0014439517,0.12857771
0.15225726,0.0054784035,0.62296134,0.004155258,0.0067204055,0.0032406554,0.0064483043,0.00036105743,0.1983772
0.76708925,0.066543154,0.0050913994,0.00828893,0.00065970345,0.0053801523,0.00065570424,0.00014666263,0.14614508
0.120249376,0.08752216,0.5530249,0.10119975,0.0126790665,0.007537991,0.008181605,0.005010196,0.104595
0.061153278,0.04960737,0.08375695,0.01853096,0.012874028,0.005722142,0.0026114746,0.0052565914,0.76048714
0.04521905,0.0354129,0.70312494,0.11204043,0.00785466,0.011678935,0.0032081103,0.002187669,0.07927337
0.02000255,0.004285071,0.0006906138,0.0009820592,0.0017938982,0.0028913657,5.6561e-05,0.00068410335,0.9686137
0.9961274,0.0022182157,0.00031211693,0.00029555653,2.5255779e-06,1.5132903e-05,1.2524362e-05,6.343562e-07,0.0010159384
0.0015691557,2.986929e-08,3.4553487e-08,7.845333e-07,9.572235e-09,2.1205248e-07,7.871671e-12,8.7033714e-10,0.9984297
0.04012593,0.14109513,0.022096554,0.2155618,0.10888695,0.24426267,0.0633136,0.05712588,0.10753145
0.9429829,0.0020312795,0.0057282057,0.00084677734,0.00019669067,0.00014296293,9.343417e-05,4.1357183e-05,0.047936462
0.10817365,0.30374497,0.3145649,0.0072557493,0.005521907,0.006187273,0.0043632523,0.0016762983,0.24851201
0.1189984,0.0039683036,0.76330894,0.0023880922,0.008077371,0.0016323664,0.0083838,0.00029859567,0.092944205
0.055874873,0.03904845,0.15160495,0.012167999,0.008866002,0.030775646,0.01402213,0.0011876388,0.68645227
0.008578436,0.01643464,0.014596003,0.014162522,0.28124627,0.005262912,0.004852966,0.62057924,0.03428702
0.009533628,0.0034010445,0.0016923376,0.00025533562,0.0001317608,0.0032263903,0.0001421448,1.9480533e-05,0.9815979
0.44368112,0.13220687,0.016473219,0.0372639,0.038867056,0.037882745,0.017492823,0.01987401,0.2562583
0.48013106,0.01883222,0.031010678,0.015011081,0.007941796,0.0053635226,0.0011525695,0.0029280556,0.43762904
0.11988628,0.038366146,0.04241459,0.03749336,0.024868952,0.028255643,0.0023097661,0.010214791,0.6961904
0.5117883,0.10190944,0.008612798,0.024778182,0.020384088,0.027283952,0.008869244,0.0088778455,0.28749615
0.00045429732,2.6782793e-05,4.363498e-08,1.7779689e-06,2.2376938e-09,1.2898076e-05,4.1730722e-10,1.2169815e-10,0.9995042
0.9952173,0.0032164187,0.00020055739,0.000326877,1.7177732e-06,1.5670594e-05,1.05829695e-05,3.9928508e-07,0.001010467
0.000121646546,6.295407e-05,8.460294e-05,8.948499e-05,6.68262e-08,0.00035905314,3.2526337e-08,6.7856263e-09,0.9992822
0.23101828,0.012472337,0.0035437185,0.004294886,0.003352688,0.019072397,0.0007720299,0.0009918446,0.7244819
0.057784665,0.5322943,0.29962778,0.032581784,0.013929638,0.007375487,0.014680235,0.0041119703,0.037614193
0.05364153,0.04120212,0.06906964,0.01655421,0.01799,0.0049038865,0.0025698266,0.009080535,0.7849882
0.13082433,0.13683338,0.05868203,0.0050837053,0.0020986642,0.0069709728,0.0014187244,0.0007816916,0.6573066
0.12414534,0.28092924,0.3206901,0.005389638,0.0041193627,0.0038200694,0.0032434096,0.0010762814,0.25658652
0.004883448,0.0016645888,0.0015686686,0.0001053768,6.0294828e-05,0.0007497293,5.6038687e-05,6.0922744e-06,0.9909059
0.99505925,0.0027118674,0.00039508668,0.00038205276,4.3455884e-06,2.1464752e-05,1.9090327e-05,1.111328e-06,0.0014056485
0.0012665162,2.6655018e-08,3.3193214e-08,6.7455335e-07,1.0360718e-08,2.0025514e-07,6.938938e-12,9.622532e-10,0.9987325
0.0044959206,0.007925463,0.0005618401,0.00015446787,6.458133e-05,0.0024914874,7.87581e-05,9.386849e-06,0.98421824
0.74870276,0.0030925546,0.0009790898,0.09315595,0.00025583894,0.0031774663,5.0215356e-05,0.000119964425,0.15046614
0.8312984,0.014699163,0.0036243384,0.004343314,0.007841868,0.0011946512,0.0004912558,0.0030454295,0.1334616
0.21552542,0.15354258,0.1762708,0.011269732,0.0060719093,0.0030221075,0.00697546,0.0009756044,0.42634645
0.23065123,0.14778529,0.15211198,0.009432905,0.005217132,0.0028266506,0.005650145,0.00088778825,0.44543692
0.6741044,0.0023550217,0.029241487,0.2652446,0.0007728555,0.0005402463,0.00048201456,0.00013549479,0.027123924
0.119274065,0.046982963,0.053357765,0.042560454,0.0278319,0.029649084,0.003372899,0.013644426,0.66332644
0.10665578,0.031262767,0.034714423,0.026600337,0.02049731,0.021073148,0.0019282683,0.010281916,0.74698603
0.18993883,0.5077873,0.0052423324,0.26768816,0.0024521393,0.00884334,0.0041344785,0.0009251753,0.012988225
0.22210999,0.013924552,0.0026927395,0.0051020547,0.0031386255,0.028743407,0.00073723635,0.0009339346,0.72261745
0.1414656,0.5727808,0.0015118095,0.0012240766,0.00056905195,0.0025088436,0.0003711851,5.7310473e-05,0.27951136
0.12421005,0.027243976,0.025169864,0.020954592,0.021407327,0.015435291,0.0016906315,0.0111174965,0.75277066
0.0038899782,0.0012319244,0.00047847434,6.057239e-05,3.072506e-05,0.00074331363,2.5741278e-05,3.7868467e-06,0.9935355
0.29368156,0.020555617,0.015454461,0.011968259,0.007706006,0.008388217,0.00085352187,0.0035701601,0.6378222
0.010064114,0.015194457,0.014940914,0.015817318,0.27863693,0.005779985,0.004769752,0.6166049,0.038191617
0.122682795,0.21804412,0.12889378,0.0066264523,0.0037075423,0.008360755,0.0024614353,0.0014556814,0.50776744
0.063104376,0.4819056,0.32369578,0.037068382,0.01828197,0.009207493,0.017768672,0.0059234826,0.043044288
0.04050718,0.038810257,0.70930815,0.11885806,0.0075202906,0.011884703,0.0035441923,0.0019038714,0.06766329
0.48564145,0.07151279,0.13222614,0.05401955,0.006928033,0.0065437257,0.0037468988,0.002717823,0.23666355
0.027422728,0.17231819,0.020471022,0.16203974,0.20857675,0.15388674,0.09672648,0.060502738,0.09805561
0.5527069,0.08735846,0.006070369,0.031134855,0.003351967,0.029751835,0.002818576,0.0015408753,0.2852662
0.7965772,0.022798222,0.006283468,0.0068698884,0.018897256,0.00175876,0.0009450251,0.008403291,0.13746682
0.99990046,9.34942e-09,2.1649028e-06,1.5544131e-07,1.1818367e-08,3.7504773e-09,1.0220119e-09,7.0242856e-10,9.729473e-05
0.004048317,0.005420446,0.0004383714,0.00016472967,5.807026e-05,0.0031751252,6.3711625e-05,8.910375e-06,0.9866223
0.81270754,0.046738926,0.0032219393,0.0047439113,0.00057610386,0.0034144842,0.0009345873,0.0002066024,0.12745593
0.0315683,0.0014659424,0.0012627858,0.00044984272,0.00043250868,0.00043181732,1.891076e-05,0.00016253929,0.96420735
0.0053128437,0.0016231893,0.00088701677,0.00010420401,4.9071474e-05,0.0010543187,4.40011e-05,5.8354417e-06,0.9909195
0.027334977,0.00043179313,0.0009573133,0.004296275,0.0005783232,0.0011138847,1.3483431e-05,0.00019742856,0.9650766
0.019421035,0.037565507,0.1454145,0.101828255,0.30786997,0.026841706,0.2743275,0.0175392,0.06919236
0.07396159,0.19475266,0.00093660527,0.0005124817,0.0004195178,0.0023859143,0.00029914812,3.1383162e-05,0.7267006
0.41952187,0.09132541,0.15557383,0.07943432,0.010966187,0.009642644,0.0063387454,0.005002856,0.22219412
0.004831384,0.0012638638,0.00041733985,5.7335434e-05,2.698066e-05,0.00055484247,2.2362037e-05,2.882117e-06,0.992823
0.11837732,0.1123819,0.4815639,0.11331468,0.020099707,0.009610638,0.010562833,0.008822691,0.1252663
0.018610843,0.03768836,0.1423008,0.077620864,0.33959305,0.023300441,0.26061782,0.01819944,0.08206837
0.9657458,0.00025954633,0.01729824,0.00015717544,5.415333e-05,9.55288e-06,2.0655387e-05,5.4548473e-06,0.016449483
0.20838602,0.07423256,0.008406142,0.022395194,0.0067112753,0.042627946,0.004961393,0.0016288629,0.63065064
0.99611217,7.6210636e-05,0.00016492027,0.00093103485,6.9486623e-06,1.301641e-05,4.588329e-06,2.5477568e-06,0.0026885846
0.96780485,0.00024337663,0.012428139,0.0001401135,5.3458367e-05,9.4575125e-06,1.849933e-05,5.030373e-06,0.019297179
0.9082909,0.0029026635,0.019937173,0.002040772,0.0010522456,0.00020069152,0.000270096,0.00022546413,0.06508002
0.9080666,0.0051175966,0.014150258,0.002075345,0.00057104777,0.00036475097,0.00031082728,0.00012885542,0.06921476
0.65951437,0.007389536,0.011688109,0.11969638,0.0045842608,0.015907854,0.0008905197,0.0033106294,0.17701834
0.84623575,4.278501e-05,0.14234808,3.5646593e-05,0.000110691224,5.8040378e-06,6.839692e-05,1.33679e-06,0.011151605
0.43128544,0.023417603,0.0344497,0.018206727,0.014043294,0.007098179,0.001753501,0.005951377,0.46379417
0.38933644,0.10140228,0.16912366,0.070867136,0.0110622635,0.008539591,0.005923243,0.0042609945,0.23948431
0.1192169,0.016437953,0.0018873191,0.0042190277,0.002295143,0.03611992,0.00056717393,0.0007961354,0.81846035
0.02599942,0.18899307,0.022944171,0.14764261,0.215301,0.12763375,0.11551013,0.071238756,0.08473703
0.99539584,0.0026356555,0.00034747378,0.00032649227,3.5317346e-06,1.9212197e-05,1.5853488e-05,9.964775e-07,0.0012547997
0.44661087,0.016527127,0.023040427,0.012604038,0.0062576374,0.0052758497,0.00085852225,0.0025081383,0.48631737
0.9953087,9.630426e-05,0.00022506613,0.0011512702,1.12799535e-05,1.8140512e-05,7.170111e-06,4.3390323e-06,0.003177847
0.031218342,0.13375035,0.019669525,0.21655716,0.116542876,0.25153995,0.061042927,0.054103248,0.11557563
0.21139883,0.50737774,0.0040774723,0.24642907,0.0021960458,0.009409591,0.0034960664,0.00086952717,0.014745668
0.03610057,0.13331753,0.02210292,0.22906613,0.10603949,0.25517836,0.062473293,0.05023546,0.10548627
0.18258709,0.10185607,0.009242936,0.02336825,0.007559699,0.043226276,0.0057707373,0.0014652216,0.6249237
0.9944829,0.0039469143,0.0002197369,0.0003297201,2.0078355e-06,1.6685315e-05,1.388911e-05,5.6156557e-07,0.0009875151
0.99494064,0.00012734429,0.00024623016,0.0017043923,1.0994167e-05,2.2792025e-05,7.936364e-06,4.3119067e-06,0.002935328
0.099554285,0.28935993,0.37527597,0.0055109225,0.0053286804,0.0037153577,0.0035894746,0.0013935302,0.21627183
0.004524879,0.0020187986,0.00069941126,9.488213e-05,4.701192e-05,0.0009789346,4.6053716e-05,5.4379316e-06,0.99158454
0.003490399,0.0035948688,0.00067954767,0.00010918794,6.745131e-05,0.0013291327,6.0335202e-05,8.911136e-06,0.99066013
0.09485701,0.06568165,0.5337533,0.16816361,0.011609413,0.017427001,0.006443151,0.004104709,0.09796018
0.9857113,7.148248e-06,0.011291572,1.4186493e-05,2.1095682e-05,1.4608421e-06,1.0923847e-05,2.5328342e-07,0.002942021
0.15869838,0.7865415,0.029003905,0.0061512524,0.00037885277,0.00066540844,0.0010122447,6.1733874e-05,0.017486595
0.19745383,0.17865236,0.17225122,0.011973563,0.008175387,0.0038291279,0.008438998,0.0014886088,0.4177368
0.003213478,0.0044332533,0.00094188564,0.00012698364,9.805556e-05,0.0015349804,8.565332e-05,1.0337286e-05,0.98955536
0.004592193,0.007443646,0.005861859,0.0041950587,0.33625522,0.0015213462,0.0020078726,0.61438847,0.023734318
0.13665383,0.065395676,0.21227396,0.40994638,0.012814217,0.08963337,0.019037383,0.009010139,0.04523503
0.013692948,0.0035699126,0.004571868,0.0003756359,0.00025040747,0.0037417538,0.00027477916,3.5432513e-05,0.97348726
0.009164244,0.0024776517,0.0022651912,0.00023597991,0.00013495897,0.002506286,0.00013444602,1.7530208e-05,0.98306364
0.005857207,0.0020737934,0.0007996238,0.00012126666,6.68348e-05,0.0012537695,6.463923e-05,9.402571e-06,0.9897536
0.99616206,0.0027314431,0.00013273087,0.00019396338,9.643068e-07,8.235919e-06,6.2376484e-06,2.1004855e-07,0.00076420314
0.3907626,0.08586755,0.20336969,0.07769202,0.0096478565,0.008085863,0.0059466274,0.0039316127,0.21469617
0.017595641,0.036590755,0.12836783,0.07303876,0.33910668,0.019009782,0.30823264,0.01926757,0.058790356
0.44307506,0.07352642,0.1939616,0.057281643,0.009408551,0.00692384,0.004989348,0.0037472995,0.2070863
0.75071204,0.0037163259,0.0011646481,0.095354505,0.0003155518,0.003322238,7.606325e-05,0.00020222149,0.14513642
0.060666684,0.05281273,0.6564404,0.1258496,0.008680074,0.011903672,0.004000836,0.0027360069,0.0769101
0.007784148,0.00033443593,0.0008332699,0.00056345575,0.00017076306,0.00014701125,3.954304e-06,5.9267935e-05,0.9901037
0.24719478,0.036955073,0.030567,0.030724864,0.014537845,0.015199593,0.0022307567,0.0070031392,0.615587
0.14609468,0.25541323,0.35759938,0.0065072714,0.0045802696,0.004226326,0.0038842333,0.0012105389,0.22048414
0.3520756,0.0032742373,0.0038191502,0.61984634,0.0005128389,0.0013541819,0.0002891545,0.00017754025,0.018650936
0.54349965,0.0052482826,0.00592845,0.0023397203,0.0028147744,0.006276144,0.00062671455,0.00064990687,0.43261644
0.004989789,0.008011574,0.0012705754,0.00023479579,0.00011563829,0.0029425945,0.00014547707,1.7565135e-05,0.9822719
0.17917904,0.19686972,0.31249657,0.006594518,0.007867653,0.0047196685,0.0042014774,0.0019873474,0.28608406
0.13564126,0.61208,0.0014083317,0.0009799103,0.0005099807,0.0018245522,0.00033566073,4.6928766e-05,0.24717335
0.10201835,0.003079627,0.0036739602,0.024832424,0.002740855,0.006901676,0.00019210973,0.001184948,0.8553761
0.047751125,0.03649081,0.713288,0.11345995,0.0062945066,0.011327947,0.0031001803,0.0016838838,0.06660356
0.007828215,0.049820863,0.0014753904,0.0073861033,0.0024938658,0.8622681,0.0014812772,0.001039647,0.06620652
0.021169132,0.049204454,0.1313621,0.06837767,0.34487468,0.021112699,0.24606259,0.021896672,0.09593998
0.03195306,0.17496352,0.027041793,0.20615028,0.14707734,0.17320748,0.10843412,0.052452505,0.078719914
0.9934236,0.00017895561,0.00037249993,0.0022664813,2.2686827e-05,3.627129e-05,1.49474445e-05,9.238102e-06,0.0036752096
0.0048623644,0.002188452,0.000743432,0.00012473139,5.2682146e-05,0.0015495245,5.2016665e-05,6.6185203e-06,0.9904203
0.17579179,0.005942149,0.58643025,0.006014052,0.0072336406,0.00460094,0.007785025,0.0004173568,0.20578484
0.6039723,0.002625457,0.029317513,0.33515903,0.0009786492,0.00075409544,0.00058881746,0.00017295507,0.026431093
0.83934635,0.016622152,0.005062437,0.005076106,0.00890244,0.001257429,0.0006338876,0.003376463,0.11972276
0.05902692,0.036560047,0.70951444,0.11712492,0.0045757866,0.01110124,0.002110982,0.00086817564,0.059117462
0.9052671,0.0022737337,0.0014016016,0.00085808005,0.0010688377,0.0003626812,2.8033057e-05,0.0002590683,0.08848087
0.11266429,0.021207243,0.002698352,0.006269592,0.004364557,0.04235203,0.0010291175,0.0015294439,0.80788535
0.94152707,6.1772174e-05,0.048939943,0.0022686212,6.0718517e-05,4.856048e-06,2.9175628e-05,2.4521398e-06,0.0071053384
0.018981805,0.033325635,0.16592662,0.077998765,0.32153082,0.019915571,0.27523795,0.015025212,0.07205753
0.021490613,0.013284043,0.12924601,0.73311764,0.00665868,0.059132185,0.0053946394,0.0034954597,0.028180705
0.7949586,0.052626207,0.0031617212,0.005848342,0.0003731306,0.0038407312,0.0003674978,8.170868e-05,0.13874213
0.20643374,0.086371854,0.0081645185,0.026279148,0.005744701,0.053515617,0.004516891,0.0012761571,0.6076974
0.072862886,0.32053882,0.42587906,0.0063792244,0.005459081,0.0036009066,0.0043981485,0.0014544206,0.1594275
0.063411765,0.45358518,0.29134664,0.006816878,0.0052991845,0.0045270873,0.0045802896,0.0013597469,0.16907324
0.09726381,0.2828033,0.38627836,0.006429947,0.005325326,0.003914774,0.0040514106,0.0013735945,0.2125595
0.8934131,0.00087869214,0.041492015,0.0006775375,0.0027003218,0.00037226113,0.0006320992,0.00018380066,0.05965013
0.05803969,0.03347577,0.73339313,0.08096003,0.0048647365,0.00802749,0.0017804761,0.00084898516,0.07860963
0.2626172,0.015770404,0.005248381,0.0060362765,0.004461636,0.02442215,0.0012611817,0.0014237728,0.67875904
0.9998839,1.0679334e-08,2.3213013e-06,1.6217344e-07,1.3770695e-08,4.17928e-09,1.1149015e-09,8.407952e-10,0.00011368852
0.20394216,0.24572524,0.27813262,0.008386364,0.0047262316,0.00604916,0.0037796497,0.0013281313,0.24793047
0.0008884266,0.0028148214,0.0010838885,0.0002586522,0.00023750635,0.0031332024,0.00032658214,1.6246873e-05,0.9912407
0.9979061,2.4754876e-05,0.00022159136,0.00039435553,4.1650214e-06,3.6666806e-06,3.0160713e-06,1.1758295e-06,0.0014411478
0.14272259,0.22919694,0.11099811,0.006615555,0.0031089284,0.0073979883,0.0022827343,0.001073811,0.49660337
0.023493543,0.0048776856,0.0007947831,0.001191803,0.0020202333,0.003360383,7.013873e-05,0.0007929963,0.96339834
0.21943513,0.017608155,0.0032649687,0.005445872,0.0034625116,0.026130758,0.0009640651,0.0011115338,0.72257704
0.03687035,0.025071692,0.046407748,0.006191158,0.0029881566,0.020296173,0.0046805083,0.00045185094,0.85704225
0.9695901,0.00023756079,0.0103772925,0.00012831306,3.896654e-05,8.18525e-06,1.3805547e-05,3.8111414e-06,0.019601975
0.016474687,0.038456503,0.1465753,0.081069075,0.33560365,0.019725969,0.28453475,0.015164241,0.0623958
0.52477264,0.10941013,0.0064570517,0.034967728,0.0043177735,0.03651099,0.0036808492,0.0020404013,0.27784237
0.03789404,0.13738465,0.01671882,0.22297998,0.077985816,0.31312653,0.048674062,0.039409366,0.10582668
0.02918574,0.14707515,0.019141544,0.21779947,0.12251024,0.23254083,0.06336508,0.05567103,0.11271101
0.11825923,0.039156146,0.045350127,0.03861309,0.030248746,0.02505453,0.0030356948,0.015244343,0.68503803
0.004584959,0.0015783877,0.00024556427,0.00010369643,2.7959919e-05,0.0017038519,2.4224633e-05,4.608323e-06,0.99172676
0.040187452,0.036145363,0.0753882,0.009554358,0.007111473,0.028500758,0.008956784,0.0009333415,0.7932223
0.01994146,0.0067441985,0.0011905573,0.0017918402,0.0050858334,0.004242222,0.00013349655,0.0024307237,0.95843965
0.88236344,7.985451e-05,1.526977e-05,0.00014293788,4.0241175e-06,1.6987711e-05,1.6527083e-07,1.9681004e-06,0.11737535
0.37762648,0.32492086,0.014750469,0.0019864873,0.003346003,0.002309692,0.0024005617,0.00039046482,0.27226898
0.24507116,0.14787956,0.12448284,0.012175418,0.0053466116,0.0041943686,0.0068740686,0.0010391789,0.45293677
0.003651178,0.0011086774,0.00039724394,5.155939e-05,2.361142e-05,0.00052466313,2.0420694e-05,2.5682887e-06,0.99422014
0.14073762,0.03396214,0.04231825,0.028896485,0.024092732,0.018096985,0.0026960543,0.012746961,0.6964528
0.0025472548,0.004787976,0.003501325,0.002863816,0.2550041,0.00087565137,0.0012562149,0.7135578,0.015605865
0.032029178,0.12558904,0.015798094,0.22359787,0.08161953,0.33612275,0.047031574,0.0369463,0.10126565
0.10677501,0.0027450605,0.7764195,0.0015834658,0.0048871823,0.0010233115,0.0047450457,0.00013486262,0.10168644
0.016150368,0.033308923,0.15945561,0.07461348,0.33796594,0.018579878,0.27631986,0.014133905,0.06947202
0.008362379,0.010297354,0.011296147,0.01111835,0.26655915,0.0043686903,0.003334525,0.64835566,0.036307763
0.03669801,0.1489255,0.02271113,0.2133424,0.11281275,0.24452488,0.07096835,0.052309774,0.09770717
0.33816215,0.02069875,0.016164856,0.013156597,0.0075356034,0.008207541,0.00087544305,0.0034632084,0.59173584
0.16990973,0.15989134,0.4662354,0.006415455,0.0058550616,0.0036228227,0.0040749335,0.0013992204,0.18259606
0.077394836,0.34244573,0.412414,0.0062528425,0.0049560196,0.0039364262,0.004416675,0.0014261572,0.1467573
0.480421,0.020609193,0.025874432,0.017158072,0.008894029,0.0063768225,0.0014179238,0.0037898403,0.43545863
0.21389164,0.5166185,0.031921826,0.019287867,0.010166507,0.022950131,0.0080589615,0.0028895335,0.17421506
0.010814085,0.0024100437,0.0020618022,0.0002158394,0.00012646081,0.0022946054,0.00012017649,1.7427632e-05,0.9819396
0.030288976,0.1390003,0.02110776,0.23171653,0.11262199,0.24457927,0.07202098,0.049257178,0.09940706
0.11105033,0.06108599,0.2048602,0.45478138,0.011963521,0.08917719,0.018444061,0.008579494,0.04005788
0.0050789937,0.003248833,0.00039294685,0.00013315456,5.154046e-05,0.002168565,5.375269e-05,8.941624e-06,0.9888632
0.8869491,0.0009414065,0.05760591,0.00079221587,0.003394347,0.000359504,0.0008485524,0.00021960132,0.048889387
0.14920639,0.06313697,0.17641616,0.4493014,0.010143642,0.08637502,0.016845103,0.0071537346,0.041421514
0.04021511,0.14739539,0.018611157,0.20285289,0.09138159,0.27826557,0.062608734,0.05937781,0.09929177
0.5539319,0.0059421444,0.010053117,0.0030858398,0.0038655633,0.0067955973,0.0010257777,0.0008206104,0.41447946
0.021936275,0.00031698478,0.0006487333,0.002844025,0.00046014783,0.0008267079,9.01008e-06,0.00016149548,0.9727966
0.040206958,0.14935064,0.017946599,0.20007464,0.0962577,0.28351298,0.053503267,0.04722889,0.11191836
0.06403466,0.03410947,0.71187544,0.09057087,0.005126776,0.010670959,0.002056636,0.00086437614,0.08069081
0.9959531,7.732781e-05,0.00018776032,0.0011319455,9.274935e-06,1.6255912e-05,5.890421e-06,3.108697e-06,0.002615405
0.106457025,0.07368651,0.040122896,0.004412357,0.002112353,0.009015904,0.0012007965,0.0008349062,0.76215726
0.2873605,0.021075958,0.016834566,0.01357122,0.011098059,0.00919878,0.0010658902,0.0054356046,0.6343594
0.14825894,0.8026356,0.026309157,0.005559834,0.00033928407,0.0006150579,0.00085607474,5.1551728e-05,0.015374591
0.72683966,0.0032803104,0.0011030018,0.08772046,0.00029639163,0.0029372687,5.4671793e-05,0.00016947444,0.17759874
0.767656,0.05436908,0.0031176098,0.00669241,0.0005134153,0.0058173146,0.00042446575,0.00010155677,0.16130818
0.9965329,6.1820916e-05,0.00016226234,0.00077682664,6.029754e-06,1.0146193e-05,3.999222e-06,2.0667412e-06,0.0024439262
0.22406423,0.16123728,0.27877513,0.005222989,0.004638764,0.0035477236,0.002650345,0.0011152389,0.31874827
0.47422126,0.11516576,0.010542808,0.033168226,0.028138475,0.041589282,0.011849995,0.012354849,0.27296934
0.0193803,0.006617621,0.00038458555,0.0006343795,0.0013815021,0.013509091,0.00018431476,0.00031402224,0.95759416
0.99368626,0.00016767455,0.00031181026,0.0022501783,1.7682833e-05,3.4953926e-05,1.2419329e-05,8.055051e-06,0.0035110416
0.098069936,0.062170666,0.5161783,0.17177726,0.013226305,0.018503454,0.006594655,0.0045315907,0.10894781
0.0052624485,0.0072968276,0.005546532,0.004376531,0.3526892,0.0017637629,0.0020526096,0.59231603,0.02869599
0.16004485,0.10108188,0.46987963,0.11080839,0.011971984,0.008863467,0.0077047613,0.004897535,0.12474748
0.903931,0.002504479,0.023256449,0.0016737458,0.000880177,0.00015178182,0.00019156374,0.00015085594,0.06725999
0.8240462,0.03383184,0.0017169445,0.00379738,0.00033281377,0.003034969,0.000519569,0.00011472476,0.13260566
0.39252654,0.06442188,0.14645372,0.0039435984,0.0025606672,0.002443717,0.0012416902,0.00051462307,0.38589352
0.9954016,9.604322e-05,0.00019267197,0.0013689148,1.0766711e-05,2.0895435e-05,6.7930837e-06,3.825109e-06,0.002898414
0.004052969,0.0063954145,0.00512421,0.003906326,0.31579068,0.001392321,0.0017698766,0.63811004,0.023458106
0.76963,0.070965685,0.0033426867,0.006417664,0.00047861066,0.004725496,0.0004555858,0.000104096966,0.14388007
0.004573706,0.0048841108,0.00034190706,9.6620024e-05,3.820075e-05,0.0015025215,3.9811315e-05,5.1001116e-06,0.9885181
0.93842757,0.0013375352,0.00091781735,0.001158979,0.00045220216,0.00045873865,4.1012936e-05,8.7708206e-05,0.057118464
0.025216572,0.005733665,0.0010625125,0.0015324362,0.00253865,0.003984016,9.375885e-05,0.0010182466,0.9588201
0.5759678,0.002364545,0.004576955,0.39806032,0.00039017576,0.0007811787,0.0002574319,0.00014226342,0.017459236
0.005868201,0.008300361,0.0064414223,0.0050789285,0.36368772,0.0019841061,0.00243149,0.57890123,0.027306518
0.20554228,0.08931621,0.32596523,0.12651832,0.014303902,0.018794827,0.006874632,0.0061606765,0.20652394
0.5822524,0.002229187,0.00292104,0.39233693,0.0003414776,0.0008825985,0.00019739351,0.000113359296,0.018725632
0.98085463,6.4982264e-06,0.015563242,1.2807457e-05,2.4295801e-05,1.2158911e-06,1.1545916e-05,2.3291692e-07,0.0035256152
0.13853289,0.025815332,0.0027338243,0.006873934,0.0034434632,0.051251657,0.0010688799,0.0012104391,0.7690697
0.9940958,0.00016234443,0.00023323286,0.002071604,1.2855447e-05,3.0733478e-05,8.959583e-06,5.511344e-06,0.0033788972
0.111440204,0.061394844,0.5147265,0.1524102,0.011481071,0.016854335,0.005273526,0.00336975,0.12304953
0.004052219,0.0062626186,0.0050696237,0.003814415,0.32242274,0.0013913963,0.0017493962,0.6318772,0.023360519
0.5959045,0.0022677716,0.003486391,0.38057235,0.0002927455,0.00071635155,0.00019005817,0.00010532317,0.016464451
0.3243017,0.40994677,0.016740384,0.0037520619,0.005184494,0.0047687856,0.00420293,0.0007280481,0.23037487
0.2630834,0.47036752,0.03131333,0.019130526,0.0083227735,0.019900637,0.008044392,0.002294236,0.17754313
0.7976051,0.051750388,0.003433191,0.006220688,0.0006256836,0.0041342597,0.0011464366,0.00022290993,0.13486144
0.13981573,0.59293807,0.0023798451,0.0013298596,0.0007524563,0.0022918386,0.00050552085,7.6931334e-05,0.25990966
0.12869146,0.032092955,0.0375216,0.028828504,0.01898202,0.019099033,0.0019400095,0.008678937,0.72416544
0.001539734,3.6832347e-08,6.258454e-08,1.163775e-06,1.5638692e-08,2.7826403e-07,1.2847735e-11,1.5071536e-09,0.99845874
0.02222974,0.0006783769,0.0014363225,0.006269442,0.0010061723,0.0016686852,2.6293768e-05,0.00034225045,0.96634275
0.115338504,0.0024094093,0.00278151,0.020442171,0.0022056121,0.005491601,0.0001325857,0.0008226116,0.8503762
0.024325022,0.01297126,0.13266812,0.7274317,0.006042016,0.057612814,0.005411348,0.0035640262,0.029973697
0.18141726,0.09013727,0.3453489,0.20373923,0.013853329,0.021820007,0.00826495,0.005733692,0.12968531
0.9977775,3.2472362e-05,0.0002101617,0.00059887057,4.5689358e-06,5.3786002e-06,3.5350672e-06,1.3556087e-06,0.0013661016
0.5125368,0.082270145,0.0070731496,0.02988788,0.004865177,0.029808983,0.003295537,0.002269266,0.327993
0.113472514,0.057040542,0.17580254,0.49201283,0.011562589,0.08257887,0.01837097,0.0077580633,0.041401025
0.5446953,0.0075961878,0.009055592,0.0036594279,0.005640664,0.008350425,0.0011990201,0.0012843125,0.41851905
0.06679867,0.05381618,0.6267764,0.13641086,0.009756122,0.012915594,0.0041960315,0.0028081823,0.08652193
0.0033661332,0.0040606065,0.0003168018,8.3889856e-05,3.3217028e-05,0.0013288821,3.5162488e-05,4.4904828e-06,0.9907708
0.004344693,0.0026639765,0.00030425374,0.00013397084,3.3568205e-05,0.0026011118,3.5024717e-05,5.419923e-06,0.98987794
0.8900263,4.1197964e-05,7.718472e-06,7.283856e-05,1.9114748e-06,9.834677e-06,6.237146e-08,1.076213e-06,0.109839074
0.003982543,0.0022238137,0.000346542,9.072462e-05,2.8246004e-05,0.0012683531,2.9556031e-05,3.9580545e-06,0.99202615
0.025850438,0.008598475,0.0012708667,0.0024181262,0.0035606427,0.007321376,0.00015139392,0.0015067827,0.9493219
0.4696847,0.017467136,0.03141612,0.015502229,0.0072972355,0.0052679353,0.0011854317,0.0025727171,0.44960654
0.80187756,0.04802893,0.0025956004,0.0048977933,0.00052653474,0.0041471864,0.0008194332,0.00019921656,0.1369078
0.09518129,0.0029157612,0.7841819,0.0017429562,0.0065932916,0.0011667095,0.0057822885,0.00017986017,0.10225592
0.03317633,0.14183202,0.02036861,0.18898551,0.14282683,0.22215682,0.06695711,0.0632988,0.120398045
0.001273354,2.6147866e-08,3.0366902e-08,6.3628033e-07,9.310673e-09,1.8350228e-07,6.381467e-12,8.1273094e-10,0.99872583
0.4189843,0.080542736,0.15415274,0.063983515,0.0105287945,0.0079640625,0.0049294503,0.0041942885,0.25472012
0.90406525,4.4048225e-05,9.737763e-06,8.0747566e-05,2.1915766e-06,9.217165e-06,7.6494125e-08,1.0926321e-06,0.09578766
0.27162814,0.029996326,0.022397518,0.018164102,0.019985622,0.01273386,0.0018324284,0.011009061,0.61225295
0.9057147,0.0010565751,0.037677146,0.00084254827,0.0032097588,0.00042901887,0.0009010657,0.0002698001,0.04989949
0.039095256,0.13442315,0.018119443,0.2064545,0.087978974,0.2870687,0.05088317,0.048233405,0.12774341
0.004528776,0.0074476013,0.005310524,0.004383453,0.3364432,0.0015747966,0.0021258893,0.61682254,0.021363256
0.33921173,0.003224792,0.0036332647,0.6313598,0.0005345475,0.0013605274,0.0002864581,0.00017959901,0.020209279
0.91702616,0.0019450154,0.015907563,0.0013460963,0.0006084956,0.0001167974,0.0001301228,0.000101538935,0.06281818
0.016453354,0.03489413,0.14817184,0.07215454,0.35411066,0.020238746,0.26048067,0.016647082,0.07684905
0.003972628,0.002422985,0.0002850141,9.573874e-05,2.9514013e-05,0.0015185328,3.0577008e-05,4.432004e-06,0.99164045
0.09768291,0.06384583,0.5181795,0.15360741,0.013961948,0.01653511,0.0057181264,0.004648179,0.12582095
0.0055873552,0.00588815,0.0006993975,0.00018284189,9.042848e-05,0.002662674,0.0001018652,1.4872646e-05,0.98477244
0.012402791,0.013552338,0.01506573,0.015443767,0.29782614,0.006143228,0.0047161835,0.59223145,0.042618345
0.10580814,0.30055836,0.32455227,0.0058534928,0.004949576,0.004635243,0.0035111008,0.0014583563,0.24867353
0.40151703,0.08574062,0.16914694,0.06837672,0.0091141015,0.009263822,0.0050441287,0.0040386887,0.24775797
0.99477094,0.0001314284,0.00031340614,0.001606171,1.7414164e-05,2.5445073e-05,1.1278913e-05,6.929836e-06,0.0031168999
0.99442863,0.0001202013,0.00034574769,0.001588278,1.4654804e-05,2.3469353e-05,1.0347537e-05,5.649483e-06,0.0034629302
0.9932353,0.0001652894,0.00023841564,0.001866985,1.5003704e-05,3.5493467e-05,9.524356e-06,7.046622e-06,0.0044269715
0.32861394,0.113710426,0.17299686,0.0053853192,0.003958976,0.0034376043,0.002051203,0.0007692607,0.3690765
0.0016490681,3.5212892e-08,4.005783e-08,9.2991917e-07,1.2946541e-08,2.4491266e-07,9.33026e-12,1.058501e-09,0.9983498
0.78117305,0.072286785,0.0033395076,0.0078106057,0.0004571279,0.0058023697,0.0004348948,9.933788e-05,0.12859637
0.38206747,0.003011225,0.003057958,0.5879351,0.0004292747,0.001243978,0.00022991777,0.00014631686,0.021878723
0.067812175,0.2501648,0.5452698,0.006145964,0.0059432117,0.003398532,0.004859179,0.0015905411,0.11481583
0.0518685,0.034951333,0.7024988,0.10501138,0.0066716815,0.011416586,0.002948601,0.0017401765,0.08289293
0.16235599,0.53345793,0.0048000705,0.26929653,0.0027954208,0.009393784,0.004027558,0.0010702271,0.012802464
0.9966724,5.09013e-05,0.00033112144,0.0007617522,9.237517e-06,7.69327e-06,6.7172773e-06,2.373782e-06,0.0021577617
0.0030964175,0.003595041,0.0009776623,0.00011111043,6.380012e-05,0.0012076996,6.663851e-05,6.2826057e-06,0.99087536
0.9534261,0.00047531168,0.021850785,0.00026220252,9.5786716e-05,1.715881e-05,3.7908463e-05,9.062182e-06,0.023825653
0.987417,5.240204e-06,0.008936522,8.824905e-06,1.4542194e-05,9.081489e-07,6.492256e-06,1.5511249e-07,0.0036102799
0.9610296,0.004608296,0.0011009029,9.7280674e-05,5.7186253e-06,2.4855339e-05,1.3755672e-05,2.4957924e-07,0.033119366
0.09096524,0.32956907,0.36932355,0.0054901456,0.0043129777,0.0035480524,0.0036783542,0.0011690521,0.19194359
0.14326246,0.005455813,0.6415908,0.0041744187,0.008210921,0.002955183,0.0072715348,0.0003829849,0.1866959
0.03215116,0.15367472,0.019267598,0.20362604,0.12669727,0.22232501,0.06352377,0.06384991,0.11488453
0.70354813,0.0042981487,0.0014951559,0.1166815,0.00044519536,0.0037547264,8.8814e-05,0.0002591685,0.1694292
0.2324767,0.196328,0.1450497,0.0110117,0.0053591654,0.0033670953,0.0069247745,0.000971577,0.39851132
0.14995492,0.0051180758,0.672641,0.003935188,0.0069738976,0.0024967594,0.006640764,0.0003199316,0.15191942
0.0046359343,0.003285912,0.0007861109,0.00015301815,6.186621e-05,0.0019442271,7.136821e-05,9.346201e-06,0.9890521
0.36531875,0.3600495,0.016511153,0.0028283321,0.004225628,0.0033665057,0.0033141156,0.0005244562,0.24386156
0.09968136,0.8520739,0.027490363,0.0057873065,0.00040152602,0.00064951845,0.0010046927,6.318153e-05,0.012848176
0.013961352,0.040648438,0.13102399,0.06834643,0.3621632,0.01736467,0.2910138,0.0130779985,0.062400147
0.8905908,0.0027060364,0.029141769,0.001970745,0.0010338183,0.00016755317,0.00024055307,0.00016647518,0.07398225
0.18806362,0.098727554,0.42899233,0.10224685,0.011799062,0.008643721,0.0074470025,0.0047976226,0.14928219
0.8553945,2.9977124e-05,0.13489984,2.471565e-05,9.149716e-05,3.7288437e-06,5.0120718e-05,1.0113854e-06,0.009504577
0.020519443,0.040739078,0.14840168,0.076593235,0.3170727,0.02290614,0.26818344,0.016042588,0.08954169
0.84429526,0.016152164,0.0038612797,0.0056082895,0.008505918,0.001431045,0.0005808439,0.0027653861,0.116799764
0.2364797,0.062414676,0.0057530995,0.0147797195,0.0038830491,0.030219482,0.0028534306,0.00076106685,0.6428558
0.03761927,0.1328153,0.01793796,0.21630806,0.0821799,0.30248177,0.049439497,0.041014396,0.120203875
0.0057409555,0.002471528,0.0012862154,0.00014256188,6.646887e-05,0.0014334237,6.62513e-05,7.840141e-06,0.9887847
0.11162657,0.06383252,0.20424278,0.444975,0.014253614,0.088115044,0.019612126,0.011065753,0.042276584
0.63946325,0.0028572977,0.03571527,0.28820083,0.0010485156,0.0007178004,0.00062554213,0.00020496883,0.031166509
0.53988063,0.06081283,0.10394075,0.042129893,0.0059611993,0.0053373277,0.0029343562,0.0022827818,0.2367203
0.02841994,0.0013133694,0.0011804948,0.00033113887,0.000382109,0.00032395564,1.6323967e-05,0.00013635549,0.9678963
0.24657066,0.013722014,0.0033161142,0.0046585985,0.0026322687,0.019505203,0.00074781076,0.0007940214,0.7080533
0.010045056,0.0025720822,0.0013082557,0.0002521612,0.00011462315,0.00354146,0.00010935739,1.7054166e-05,0.98204
0.00045823448,3.132919e-05,5.258004e-08,2.3775679e-06,2.9392506e-09,1.9169496e-05,5.691502e-10,1.4781756e-10,0.99948883
0.08197839,0.34854963,0.35834196,0.0072088796,0.005763882,0.0056211464,0.004832422,0.0017950302,0.18590866
0.03522204,0.16695462,0.021058476,0.17103639,0.17009054,0.18572684,0.082053885,0.06064083,0.10721638
0.00045803166,6.0743107e-05,8.906313e-08,3.8369412e-06,6.093951e-09,2.5797386e-05,1.2440761e-09,3.0588804e-10,0.99945146
0.06743993,0.12224635,0.0006948218,0.00047193724,0.00027453032,0.002732205,0.00020206548,2.4834942e-05,0.80591327
0.8477873,0.0016696581,0.071751855,0.0013441655,0.006090296,0.00061387976,0.0016004156,0.0003347236,0.06880773
0.018915402,0.033343114,0.17551582,0.07462123,0.32840464,0.017699923,0.26841483,0.0138961775,0.06918886
0.004057017,0.0014391147,0.00087637245,8.900656e-05,4.570179e-05,0.00078204746,4.2429114e-05,4.9228274e-06,0.9926635
0.42416698,0.08001462,0.12593421,0.0050714943,0.0034448176,0.003478965,0.0018095451,0.00088289316,0.35519648
0.045306582,0.037202086,0.70586985,0.12156488,0.006657812,0.01229721,0.003510323,0.0018926281,0.06569865
0.017708056,0.034066048,0.14611356,0.077331014,0.34382528,0.021060415,0.26984516,0.018592702,0.07145783
0.04573888,0.029983891,0.7683332,0.080107644,0.0043215402,0.007504127,0.001827535,0.00080167654,0.061381526
0.15154716,0.009028734,0.7935218,0.0048396164,0.001890076,0.00020651598,0.0012894872,0.00016444395,0.0375121
0.99610054,7.955735e-05,0.00023899856,0.0009608147,9.560516e-06,1.3860454e-05,6.3704806e-06,3.4595132e-06,0.0025868178
0.005934316,0.0021626004,0.001852094,0.0001510872,8.830345e-05,0.0012011444,9.0400696e-05,1.0618593e-05,0.9885096
0.0035911505,0.003515747,0.0009008108,9.8549615e-05,6.134095e-05,0.0010758914,5.8200916e-05,6.2220497e-06,0.9906922
0.0041938815,0.0015303656,0.00017132358,5.748185e-05,1.7268665e-05,0.0008697718,1.5026243e-05,2.3522468e-06,0.9931425
0.9975828,3.4167435e-05,0.00021783121,0.000505539,5.0039507e-06,4.983686e-06,3.7352295e-06,1.4979131e-06,0.0016444073
0.0152984485,0.030483576,0.17064025,0.071083196,0.3466114,0.015288341,0.27730832,0.013367265,0.059919223
0.10633619,0.2854515,0.3743346,0.006680233,0.008035323,0.0044858013,0.005020073,0.002066651,0.20758954
0.9382772,0.0014102412,0.0011496476,0.0010538057,0.000494788,0.00039070053,4.2831623e-05,9.993548e-05,0.057080835
0.15680592,0.033329435,0.032022916,0.026892394,0.018706864,0.018720968,0.0020855747,0.009404606,0.7020313
0.64711934,0.006250417,0.011281921,0.0034050033,0.0041810395,0.006469021,0.00117546,0.0009886574,0.31912914
0.85025567,0.040026437,0.0017560772,0.0033656282,0.00031698216,0.0024636171,0.00052579294,9.9028366e-05,0.10119081
0.004109955,0.004614702,0.00070179487,0.00016583498,7.628522e-05,0.0025470285,7.791982e-05,1.0768785e-05,0.9876958
0.18113244,0.007152104,0.6179123,0.0056130458,0.009483957,0.0040646484,0.010399424,0.0006266468,0.16361538
0.63198984,0.0022070564,0.0030608224,0.33959195,0.0003156222,0.00072515744,0.000181096,0.000112319336,0.02181614
0.022158347,0.00041185482,0.0010100588,0.0046542804,0.0006437381,0.0011457092,1.5425943e-05,0.00022960632,0.9697309
0.120184064,0.04052322,0.05394842,0.040149614,0.024769021,0.0279881,0.002702266,0.011046174,0.6786891
0.09040651,0.05600614,0.5688342,0.13339947,0.01172477,0.014558508,0.0050218687,0.0036269627,0.11642147
0.14282042,0.031185871,0.03354925,0.023974586,0.021665392,0.016789004,0.0020382323,0.010968084,0.7170092
0.09314631,0.8429537,0.04215318,0.006526787,0.0005069574,0.00070187036,0.0012572285,8.39118e-05,0.012670076
0.1359152,0.008129648,0.8089182,0.0045996425,0.0020908334,0.00018653859,0.0013602269,0.00016941791,0.038630273
0.13255721,0.06352823,0.17593554,0.44835788,0.011376374,0.09365932,0.017649937,0.008893073,0.04804251
0.01958057,0.036455814,0.20554064,0.080257915,0.30645218,0.019179123,0.24825642,0.013327115,0.070950225
0.11567383,0.06173835,0.51182985,0.14225969,0.0114868255,0.015854819,0.0050670654,0.0035789458,0.13251059
0.107348874,0.035960395,0.050224952,0.037247583,0.024640389,0.024739565,0.0026927958,0.010657556,0.7064879
0.36100045,0.084059246,0.1668633,0.0046746274,0.00459611,0.003372212,0.0019024891,0.0010173864,0.3725142
0.017967217,0.033776246,0.17058936,0.07051729,0.34804428,0.015770942,0.2660165,0.014827338,0.06249086
0.53954965,0.0036262546,0.042787783,0.38414142,0.0012401744,0.0007858269,0.0008334092,0.00022242214,0.026813038
0.8503817,0.037397116,0.0020651093,0.004327029,0.00030913323,0.0033186118,0.0005975943,0.00011619359,0.10148763
0.11157338,0.0032316542,0.0040495344,0.036300752,0.0028368277,0.008981475,0.00021893422,0.001209151,0.8315983
0.037218098,0.15079789,0.019050207,0.19160469,0.13473748,0.21393302,0.07052527,0.07738786,0.10474545
0.13975984,0.007023889,0.65482897,0.0049643936,0.008422432,0.0033733237,0.008866454,0.00040903047,0.1723516
0.030656988,0.15572397,0.019762687,0.18852082,0.15203695,0.20316273,0.06846826,0.06500668,0.11666089
0.0358666,0.14227375,0.018917834,0.20617476,0.09113833,0.28757972,0.057029884,0.045039147,0.11597998
0.31560126,0.3524719,0.017025856,0.002543422,0.00419445,0.0029354692,0.0030351304,0.00047106182,0.30172148
0.9080904,5.0366634e-05,8.917905e-06,9.4367126e-05,2.5272575e-06,1.1847791e-05,1.0709183e-07,1.5587648e-06,0.09173991
0.13484983,0.8100755,0.031989638,0.0059966943,0.00037837002,0.00066419115,0.00094867096,6.1981824e-05,0.015035092
0.9934181,0.00020211663,0.00024376083,0.002332436,1.9266477e-05,4.2631174e-05,1.4512578e-05,1.0528132e-05,0.0037166837
0.94176745,0.0023291446,0.005766609,0.0011738656,0.00026294746,0.00022290324,0.000125446,6.257741e-05,0.048289176
0.8782282,0.0023001109,0.001341523,0.0008748276,0.0013645795,0.00040567107,2.8399434e-05,0.0003435511,0.11511319
0.95254946,0.006479804,0.0014888732,0.00010295243,8.551844e-06,2.371137e-05,1.992967e-05,3.053367e-07,0.03932648
0.15041468,0.098591276,0.47542346,0.10405506,0.013902252,0.008733165,0.0079184845,0.005476413,0.13548522
0.12149998,0.3542775,0.32292643,0.008324306,0.0047007715,0.005626543,0.0044324533,0.0013865915,0.17682546
0.22206604,0.043309882,0.037700295,0.034129694,0.019473528,0.016764814,0.0028946437,0.008403774,0.6152573
0.8907087,3.660547e-05,7.018986e-06,6.716832e-05,1.5340154e-06,8.07332e-06,5.3575395e-08,8.112384e-07,0.10917006
0.0074010915,0.0024759609,0.0033642254,0.00017757934,0.00011671499,0.0011615219,0.00011720667,1.2926769e-05,0.98517275
0.424352,0.08283058,0.16971353,0.06406207,0.009213824,0.0077930614,0.004865811,0.003712111,0.23345709
0.050333697,0.0317713,0.08611667,0.009296876,0.00445528,0.025903035,0.007195866,0.0006502294,0.784277
0.11723828,0.0032223852,0.75074196,0.0025199712,0.006351483,0.0017770535,0.0063747093,0.00021219101,0.111562
0.88369393,0.0013046493,0.053187497,0.0011315808,0.0038208608,0.0005737884,0.0010855771,0.00027866778,0.05492349
0.0050153094,0.0012733026,0.00082571723,6.598798e-05,3.308021e-05,0.00049992953,2.8758272e-05,3.2348057e-06,0.9922546
0.8286818,3.9794955e-05,0.15911077,3.1982974e-05,0.00014269984,5.252841e-06,7.133547e-05,1.4935943e-06,0.011914749
0.056227904,0.04127924,0.072396554,0.011535145,0.006801272,0.03703867,0.011203793,0.0013179982,0.7621994
0.08874616,0.003679161,0.80034757,0.0020439823,0.0068879942,0.0012654332,0.006854721,0.000186902,0.08998798
0.093123965,0.12698692,0.0006140679,0.00033299738,0.00020402967,0.0017289588,0.0001489397,1.7212435e-05,0.776843
0.10429808,0.0024930805,0.0040403586,0.024151826,0.0027222643,0.006103488,0.00017472042,0.0012211506,0.8547951
0.5801078,0.07718731,0.004268964,0.022594506,0.0027110134,0.023209026,0.0019533758,0.0010961291,0.28687188
0.09995378,0.34094864,0.24585776,0.005557686,0.0036579513,0.004290719,0.0030492912,0.0010517371,0.29563248
0.0045165787,0.005851304,0.0006153822,0.000140753,6.19476e-05,0.0020543006,7.434462e-05,8.71724e-06,0.9866767
0.09701799,0.85699254,0.026563073,0.006619871,0.00036111058,0.0006941841,0.00090704224,6.141306e-05,0.010782853
0.00012007022,0.00010681497,0.00013579294,0.00015543414,1.2188879e-07,0.00055343343,6.305453e-08,1.3120947e-08,0.99892825
0.017790481,0.0055731325,0.00017755934,0.00040688063,0.0008140081,0.011185681,8.603233e-05,0.00016401033,0.9638022
0.020896431,0.057035618,0.129887,0.07703156,0.32823604,0.023401646,0.25933743,0.020459345,0.083714925
0.10705507,0.06285593,0.509978,0.1480644,0.012303668,0.017877672,0.0054768664,0.0041841925,0.1322042
0.99986124,2.1917591e-08,4.706555e-06,3.594241e-07,3.760324e-08,8.745596e-09,3.4674166e-09,2.1486113e-09,0.00013359908
0.12102005,0.099729195,0.045129497,0.007497495,0.0031730921,0.0155335,0.0021414177,0.0014653304,0.7043104
0.99558073,0.00011472206,0.00020861371,0.0013268042,1.2377156e-05,2.1786529e-05,9.50561e-06,6.0425077e-06,0.0027193998
0.9338063,0.0024486429,0.0064954916,0.000972803,0.00023167291,0.00016672506,0.00011026035,5.1429113e-05,0.055716727
0.99473417,0.003640014,0.00029519974,0.0003461032,1.9809474e-06,1.5074586e-05,1.3279827e-05,4.726759e-07,0.0009537683
0.13064395,0.03949299,0.04922893,0.036811773,0.023372669,0.024108676,0.002648037,0.010926154,0.68276685
0.99988306,1.13310215e-08,2.654974e-06,1.7985066e-07,1.8028073e-08,4.6499666e-09,1.4320932e-09,1.1123177e-09,0.00011412054
0.03163684,0.16628605,0.017692026,0.20805162,0.1072055,0.26000562,0.06963799,0.045424167,0.094060145
0.15087675,0.09227922,0.4845943,0.107013114,0.012901329,0.007586379,0.008222404,0.0048912563,0.13163522
0.021215046,0.0051489547,0.00015934584,0.00035132264,0.0006333685,0.009012719,7.054683e-05,0.0001126671,0.9632959
0.9627912,0.0026434523,0.0007603336,5.1844756e-05,3.3397423e-06,1.2765308e-05,7.498592e-06,1.1977254e-07,0.033729468
0.20790946,0.48438278,0.0047897603,0.27123347,0.0024382637,0.009219197,0.0041092136,0.0008998132,0.015018084
0.025421973,0.00587851,0.0008672891,0.0014455348,0.0026142197,0.0040204423,8.604228e-05,0.0009934129,0.95867264
0.4052283,0.09804907,0.17601418,0.11098728,0.009561463,0.011367856,0.005929692,0.0041730884,0.17868909
0.17203076,0.2712547,0.26019382,0.0058559747,0.0038542026,0.0040633427,0.002991324,0.0009659801,0.2787899
0.017355543,0.03895676,0.1419305,0.08292066,0.3364805,0.02388105,0.27977654,0.017338354,0.061360084
0.16082695,0.5577518,0.0017797573,0.0010118291,0.0005878358,0.0016893501,0.00034010067,5.3437598e-05,0.27595896
0.9957819,0.0027624029,0.00016203677,0.00023656097,1.3201466e-06,1.0741558e-05,7.928301e-06,3.007971e-07,0.001036757
0.20347014,0.03592488,0.031179091,0.027877513,0.025437986,0.014164479,0.0025312444,0.013366838,0.6460478
0.9542487,0.0034043156,0.0011597379,7.280361e-05,6.284811e-06,1.7255341e-05,1.1941271e-05,2.248697e-07,0.04107873
0.9635774,0.00035319664,0.016757747,0.00020883036,5.992592e-05,1.2919673e-05,2.5753967e-05,6.468741e-06,0.018997714
0.12100497,0.0033894496,0.7518518,0.001826714,0.0054283375,0.0011767424,0.005184418,0.0001597249,0.109977834
0.11566516,0.111765124,0.09702497,0.008319002,0.0038796384,0.013870907,0.002708791,0.0016116465,0.64515465
0.99458766,0.0031519295,0.00045721192,0.00038881417,5.241985e-06,2.3363515e-05,2.142994e-05,1.3345643e-06,0.0013630418
0.13229814,0.5758467,0.0016958178,0.0011063095,0.0007568907,0.0019731196,0.0003923657,6.875989e-05,0.2858619
0.14131992,0.108698376,0.47962567,0.11760435,0.012879744,0.009393368,0.009044375,0.0056071565,0.11582707
0.1726052,0.53543425,0.0041235522,0.2599437,0.0020654202,0.009364157,0.0038146358,0.0007761856,0.011872921
0.8273575,0.054478675,0.0032952684,0.0063546533,0.00073809316,0.0046011163,0.0013574536,0.00029783178,0.10151941
0.108743556,0.047882374,0.057562962,0.04574177,0.029133478,0.034149118,0.0034115654,0.01369525,0.65967995
0.5004444,0.0028083725,0.004057426,0.47333613,0.00041498602,0.0009425593,0.00028104222,0.00014914201,0.01756594
0.9222521,3.7737092e-05,7.5436324e-06,7.593528e-05,1.4571002e-06,7.72623e-06,6.07406e-08,7.6710154e-07,0.07761669
0.110585704,0.035818983,0.031861648,0.026612226,0.03597768,0.018855356,0.002671541,0.021979,0.7156379
0.021303253,0.009224441,0.00026794826,0.000789764,0.0011235648,0.021947935,0.00014980734,0.0002511185,0.9449422
0.30430508,0.46562093,0.017443638,0.0037962554,0.0050711315,0.0043029315,0.003964473,0.0006546383,0.19484092
0.02360801,0.006413893,0.0015434627,0.0018583299,0.0038259474,0.0042415545,0.00013811588,0.001709953,0.95666075
0.09484847,0.12780432,0.05062477,0.006850242,0.0029215685,0.0127861705,0.0021065979,0.0011243726,0.7009335
0.50700593,0.063473076,0.10448004,0.0427425,0.006335347,0.0055992105,0.003052222,0.0024847188,0.26482698
0.11898578,0.8240912,0.030564845,0.0072530676,0.0004900648,0.00091385003,0.0011284376,7.750876e-05,0.016495228
0.99226403,0.00023631092,0.00031254598,0.0029637136,2.1554053e-05,4.8462312e-05,1.5629055e-05,1.00781435e-05,0.004127718
0.12242882,0.097250484,0.0072603873,0.0030220791,0.0027504615,0.007498741,0.002457366,0.00037920167,0.75695246
0.09913972,0.27908388,0.35524687,0.0061965603,0.0061754053,0.004393896,0.0040753423,0.0017299731,0.24395832
0.18270043,0.55919915,0.05234475,0.02408965,0.012737084,0.020816136,0.013815997,0.003746649,0.13055015
0.47306153,0.08327887,0.0055018053,0.028992089,0.004303162,0.035322413,0.0026675428,0.0020395818,0.36483303
0.45275918,0.015729843,0.02164689,0.011903521,0.005675438,0.004593665,0.00081346993,0.0020939966,0.48478392
0.064734854,0.10755727,0.0005893625,0.00033074463,0.00021669995,0.0017599931,0.00015062837,1.9040635e-05,0.82464135
0.0012454855,3.588041e-08,5.0652602e-08,1.1347452e-06,1.8516813e-08,2.6622402e-07,1.2165883e-11,1.7774486e-09,0.9987531
0.2627638,0.16964369,0.19045681,0.005281905,0.0034634643,0.003737284,0.0022033171,0.0008272003,0.36162254
0.112332016,0.8318949,0.030985825,0.006328058,0.0004730517,0.0007825127,0.0010304728,8.03834e-05,0.016092768
0.030740004,0.16160646,0.020068523,0.2045449,0.12639813,0.23905627,0.087888665,0.048307933,0.0813891
0.9926819,0.0001992487,0.00040743386,0.002569401,2.5228228e-05,3.7241403e-05,1.7816279e-05,9.06393e-06,0.004052549
0.0058625094,0.008989703,0.007018492,0.005400668,0.3473617,0.001959421,0.002500488,0.594625,0.026281992
0.23970312,0.013045682,0.0022448252,0.0036442187,0.0023767038,0.017597225,0.0005358072,0.0006356875,0.72021675
0.018328274,0.0075338767,0.00023293268,0.00062755344,0.0009443234,0.019600706,0.00012612455,0.00021015294,0.9523959
0.028847342,0.0009938793,0.000897067,0.00028119417,0.0003505866,0.0002921738,1.2008349e-05,0.00010803793,0.9682178
0.070409365,0.036413904,0.70314455,0.09188395,0.004806461,0.009287273,0.0019213416,0.0007884986,0.08134464
0.064712,0.03627215,0.72431016,0.08642774,0.004261416,0.008713412,0.0018130527,0.00075754785,0.072732516
0.7997376,0.071763754,0.0032493414,0.0068450496,0.0006159002,0.004755191,0.0012405096,0.00021557295,0.111577146
0.033924755,0.1411305,0.021101128,0.22333087,0.11835963,0.22819373,0.068621226,0.061037503,0.10430059
0.2774898,0.030946584,0.0290585,0.027275985,0.012005728,0.012835142,0.0017618277,0.0053283526,0.60329807
0.004885369,0.006360855,0.00063318666,0.00019438707,6.937797e-05,0.003397863,8.1829276e-05,1.0444442e-05,0.9843667
0.6686632,0.012667037,0.017349089,0.010882755,0.00403909,0.004204307,0.0006814171,0.0016266019,0.27988645
0.080254436,0.16921553,0.00081976247,0.00054131524,0.0003029155,0.003019542,0.0002354264,2.9056906e-05,0.745582
0.34664345,0.39441848,0.020610142,0.0032981224,0.00484516,0.0037774611,0.0039798603,0.000624316,0.22180305
0.10514104,0.28102005,0.1139643,0.009266229,0.004387867,0.0104095,0.0034430155,0.001569009,0.47079906
0.09851101,0.032175478,0.03757085,0.028968465,0.021482823,0.024399165,0.0019562521,0.010442594,0.7444933
0.30782452,0.034557138,0.022602743,0.027927974,0.012463284,0.018592758,0.0017327485,0.00633565,0.56796324
0.82301795,0.04234126,0.002235709,0.005618029,0.00045595737,0.0050892723,0.0007754958,0.000158781,0.120307565
0.000110065535,5.4772256e-05,7.763221e-05,8.091735e-05,5.7985773e-08,0.0003319079,2.9246246e-08,6.1246435e-09,0.99934465
0.4951594,0.0031679394,0.035167865,0.44344547,0.0010586993,0.00076585874,0.0007197723,0.00019035472,0.020324575
0.10086735,0.06026592,0.5303514,0.16122891,0.011468595,0.01497779,0.005790862,0.0037118108,0.111337446
0.0043041776,0.0012534946,0.000692473,5.9604055e-05,2.99482e-05,0.00049185543,2.631047e-05,3.0935225e-06,0.9931391
0.14071696,0.04063115,0.035087377,0.030883772,0.02273024,0.022959363,0.00268432,0.012091461,0.6922154
0.009779663,0.012227461,0.013960433,0.012089575,0.28771135,0.004730836,0.0038941265,0.6187563,0.036850188
0.03779094,0.13440445,0.020242762,0.25305516,0.082678765,0.27734497,0.053049468,0.041322034,0.10011148
0.0038081298,0.0014073182,0.0003472724,8.765989e-05,2.9059076e-05,0.0010497016,2.5687774e-05,4.1845447e-06,0.9932411
0.20316152,0.5076905,0.004271865,0.25534028,0.0021009697,0.009895106,0.00399899,0.0008281806,0.012712595
0.20669296,0.16972832,0.252997,0.012578567,0.0074460697,0.0035618881,0.0092502395,0.0013224698,0.33642238
0.031339988,0.15204164,0.025408395,0.1602394,0.21787661,0.1433263,0.09839494,0.0710629,0.10030983
0.6071054,0.0029515787,0.047322176,0.31307036,0.0011669468,0.00063950487,0.00071215694,0.00019745373,0.026834402
0.6039974,0.0034249825,0.033563867,0.32919094,0.0012066177,0.0008128591,0.00084904983,0.0002692405,0.026685134
0.47116914,0.12500574,0.01188321,0.033499826,0.037193384,0.034954347,0.015163912,0.019530712,0.2515997
0.10538112,0.2084205,0.088194095,0.009168333,0.0040735,0.012088155,0.0029349304,0.0014918016,0.5682475
0.046947286,0.0355315,0.6943162,0.12512308,0.0074323732,0.013164384,0.0036649005,0.0021270816,0.07169314
0.62776077,0.0027304152,0.029140027,0.31386656,0.0008838041,0.0006104771,0.0005481111,0.00016181724,0.024298025
0.77693254,0.0029768893,0.0009997267,0.088236354,0.00019491029,0.002415118,4.6174e-05,0.0001037707,0.12809457
0.0047944994,0.0014431848,0.00078374066,8.514725e-05,3.949242e-05,0.00075338874,3.743438e-05,4.4197136e-06,0.9920587
0.37862664,0.0889202,0.18341264,0.077657476,0.011574031,0.009142767,0.005903715,0.004748838,0.24001367
0.4524608,0.08415764,0.16198246,0.067224674,0.0078100376,0.007834432,0.0046528024,0.0031758389,0.21070132
0.16023488,0.05473812,0.0069836904,0.016850946,0.005587573,0.033305816,0.0033670939,0.0011792905,0.7177526
0.8906165,0.00087639445,0.042614594,0.00068920484,0.0031291288,0.0003671628,0.00071837415,0.00019963448,0.060788974
0.022616297,0.0065355236,0.0002544154,0.0005464632,0.00086351717,0.011263794,0.00011861115,0.00017749186,0.9576239
0.14035124,0.030206373,0.02498401,0.024954844,0.02018927,0.021803815,0.0018531915,0.008989868,0.72666734
0.00084846944,0.0028196403,0.0012088083,0.00027573944,0.00032405043,0.0033192334,0.00040298965,2.284854e-05,0.9907781
0.14960831,0.25128093,0.3007541,0.0057300953,0.0045572077,0.004440688,0.0032284115,0.0012794762,0.2791207
0.41482276,0.09318998,0.16077568,0.06223089,0.014479695,0.00869262,0.0061990167,0.0063330596,0.23327628
0.012130719,0.015476898,0.016515383,0.016310226,0.3515817,0.0070823426,0.005148172,0.5329151,0.042839456
0.16289908,0.10561706,0.42910948,0.12727767,0.015658846,0.010929506,0.009885428,0.0070449254,0.13157797
0.06922838,0.4880739,0.311123,0.037067663,0.016549436,0.009368177,0.015449404,0.0047693546,0.04837071
0.03301731,0.13261239,0.020465301,0.23138483,0.109371565,0.24477975,0.06482136,0.053068545,0.11047889
0.018020762,0.033349257,0.16169372,0.07348336,0.34133148,0.017543256,0.27519888,0.015902555,0.06347675
0.0135210985,0.03322079,0.12741815,0.06472727,0.42208174,0.016637908,0.24128209,0.01608676,0.0650242
0.7991554,0.032678097,0.007562979,0.009075233,0.013831257,0.0020375925,0.0012318962,0.0050500296,0.12937745
0.0059964904,0.0021808164,0.00037082948,0.00013283022,4.745535e-05,0.0018696334,4.338999e-05,8.814185e-06,0.9893498
0.13962537,0.13491064,0.0729097,0.007822662,0.002795899,0.011299924,0.0020346625,0.0010972774,0.62750393
0.095302455,0.07392507,0.007026244,0.0025742229,0.0037910324,0.005313053,0.0024824124,0.00049561815,0.80908996
0.9907266,0.00027243278,0.00048801233,0.0036310933,3.27673e-05,5.277398e-05,2.355481e-05,1.2159658e-05,0.004760699
0.43260735,0.078036614,0.17332795,0.06433992,0.008757968,0.007102958,0.0050752773,0.0034830596,0.2272689
0.08998152,0.0025522814,0.0035316045,0.02414991,0.0033951304,0.0058561172,0.00017406441,0.0015834324,0.86877596
0.81424415,0.042341102,0.0027616213,0.0059436373,0.0004985688,0.0042208503,0.000904789,0.00018335297,0.12890187
0.006314245,0.0646657,0.0013768339,0.00867982,0.0028706028,0.85843766,0.0018938264,0.0010986271,0.054662712
0.14320767,0.043736797,0.03624072,0.043711178,0.024957212,0.032421827,0.002940179,0.012834822,0.6599496
0.40359277,0.1017692,0.14083306,0.0059705395,0.0028918167,0.0041965484,0.0017007006,0.0007007687,0.3383446
0.7342337,0.0041147806,0.0012664641,0.11413238,0.00029715057,0.0035883598,7.617745e-05,0.00017307632,0.14211796
0.1554275,0.1029949,0.37481785,0.15681508,0.017267175,0.01879915,0.008965686,0.0068195215,0.15809318
0.06822417,0.033766326,0.7136129,0.077492386,0.0044449214,0.008463874,0.0017126291,0.0007754631,0.091507316
0.9130726,9.203093e-05,0.07366134,0.0026890496,0.000106855834,6.3521084e-06,4.777421e-05,3.6945808e-06,0.0103202
0.8070346,0.038900923,0.002531687,0.004930159,0.0005233338,0.0038478503,0.00076132634,0.00019595544,0.14127412
0.023844164,0.013260245,0.14004901,0.72404593,0.006107722,0.05524262,0.0052798176,0.003577495,0.028593011
0.0028194115,0.0026847331,0.0006113069,7.810314e-05,5.1094834e-05,0.00096422987,4.4057673e-05,5.4805646e-06,0.99274147
0.9931734,0.00016851837,0.0002221786,0.002381998,1.6494047e-05,4.0598134e-05,1.0303369e-05,6.547859e-06,0.0039798436
0.8307826,0.038144566,0.0026019001,0.004483591,0.00045362173,0.003446335,0.0007404271,0.00016843581,0.11917857
0.96325564,0.003210942,0.0011013934,6.2740575e-05,5.08353e-06,1.4467909e-05,1.058612e-05,1.7672977e-07,0.032338955
0.115336016,0.0024411166,0.003078619,0.021744553,0.0019858,0.0053153327,0.00013218544,0.00082881533,0.84913754
0.004217871,0.0011145092,0.00047312866,5.6728437e-05,2.5583486e-05,0.0005245885,2.238211e-05,2.6741052e-06,0.9935626
0.9960224,0.0021371478,0.00027002156,0.0002784644,2.7983035e-06,1.5198631e-05,1.2938742e-05,6.917065e-07,0.0012603318
0.030766735,0.14974318,0.01712754,0.22566746,0.101007566,0.26963937,0.061491393,0.043471336,0.10108538
0.09064328,0.8530193,0.033469174,0.0061257426,0.000577398,0.0007395803,0.0011935896,9.329309e-05,0.014138667
0.12511559,0.045456693,0.040576153,0.033353973,0.028412871,0.023778144,0.0031709273,0.014201121,0.6859345
0.18109252,0.09778158,0.429718,0.09660595,0.012451775,0.0086794635,0.007204291,0.004791661,0.16167472
0.016239818,0.033051644,0.17555393,0.072674006,0.34506077,0.017090846,0.26408255,0.014210448,0.062036034
0.0084844,0.0037345837,0.002152842,0.00029181154,0.00019741208,0.00332345,0.0002037439,2.4560683e-05,0.98158735
0.024251826,0.008210004,0.001279006,0.0018985409,0.0034074544,0.0053807404,0.0001389277,0.0014446693,0.95398885
0.94813013,4.7821417e-05,0.043237947,0.0013718528,4.829071e-05,3.3274923e-06,2.1046651e-05,1.830284e-06,0.007137831
0.9621935,0.003211941,0.0010990427,6.9495734e-05,4.49171e-06,1.5633848e-05,1.0155574e-05,1.6353331e-07,0.033395622
0.86475545,0.01566173,0.004266619,0.00491809,0.006089071,0.0011078399,0.00053146854,0.0023308806,0.10033886
0.30599305,0.0029849166,0.00415728,0.6685383,0.000495223,0.0012448182,0.00030886196,0.00017283701,0.016104724
0.029134434,0.0011388287,0.00143567,0.00032024056,0.0004262179,0.00028793042,1.5921474e-05,0.00014759225,0.9670932
0.8170826,0.046667494,0.0021992517,0.004168383,0.00029981186,0.003036021,0.0002497496,5.6830224e-05,0.12623985
0.9977385,2.5397443e-05,0.00018376016,0.00034747066,4.1673134e-06,3.7181471e-06,2.7417573e-06,1.1220923e-06,0.0016931347
0.036408078,0.15606612,0.016829537,0.20284362,0.08352201,0.30738193,0.058530353,0.03961073,0.09880765
0.1296977,0.037532512,0.039016884,0.034808572,0.023813298,0.024293499,0.002282261,0.010224678,0.6983306
0.14525732,0.20562522,0.12707843,0.0060158507,0.0030900994,0.0066589653,0.0022652508,0.0010478115,0.50296104
0.017266804,0.03918891,0.15136842,0.07937925,0.34370124,0.020927267,0.27256995,0.015912315,0.05968578
0.071572945,0.03506475,0.7077044,0.08385711,0.0041738674,0.00879412,0.0018206214,0.0007660246,0.0862462
0.08725117,0.06441497,0.03269597,0.0044030496,0.0022373118,0.009232441,0.0011184723,0.0009321669,0.7977145
0.004648571,0.0070601567,0.0052556335,0.0041230097,0.3482152,0.0016098082,0.0018675036,0.60183954,0.025380576
0.36235335,0.3608596,0.013171889,0.0025420352,0.004034137,0.0030926508,0.0032290365,0.0005504055,0.2501668
0.029370802,0.14195888,0.019225221,0.20588194,0.14337929,0.2360321,0.074013226,0.050086573,0.10005193
0.8376895,4.2085492e-05,0.14954023,3.3193355e-05,0.000113452275,5.1730726e-06,6.838378e-05,1.2324092e-06,0.0125067495
0.9943914,0.0038082777,0.00026790993,0.00036108092,2.0649547e-06,1.5393465e-05,1.300775e-05,4.919632e-07,0.001140464
0.081856154,0.0032200622,0.8162401,0.001957622,0.008280398,0.0012086467,0.006824879,0.00020411206,0.08020808
0.021810245,0.03989893,0.16452348,0.07751563,0.32697326,0.019783072,0.2626086,0.015262597,0.071624234
0.13635561,0.23489779,0.33655322,0.0060619456,0.0058495756,0.004227338,0.003813964,0.0015215906,0.27071893
0.03135106,0.12857376,0.015180666,0.2293801,0.07153738,0.3526468,0.048285205,0.03252826,0.09051681
0.033366285,0.13986816,0.018173415,0.19824679,0.10793405,0.2700355,0.055865902,0.0513056,0.12520432
0.9231086,3.7784816e-05,6.5593076e-06,7.3192474e-05,1.55762e-06,8.003193e-06,5.7581648e-08,7.79054e-07,0.07676353
0.18240866,0.064593896,0.006772807,0.020594917,0.005085077,0.046428055,0.0037587879,0.0010535409,0.66930425
0.9977773,2.3826147e-05,0.0001540317,0.00032743387,3.2166831e-06,3.1855507e-06,2.1278847e-06,9.035329e-07,0.00170798
0.39444995,0.36737618,0.014271566,0.002530911,0.0035787749,0.002891647,0.0028443886,0.00042720285,0.21162936
0.056938957,0.037089232,0.7265614,0.092056915,0.0046928898,0.009646625,0.0020582175,0.00090576813,0.07005
0.004187199,0.0038295544,0.0006246737,0.00010997025,5.4450124e-05,0.0013669805,5.5203145e-05,7.1780278e-06,0.9897649
0.15524828,0.08479374,0.42507166,0.14277521,0.014438019,0.015709985,0.008152717,0.005980801,0.1478296
0.20442116,0.09447275,0.34535825,0.1436429,0.013220997,0.017675815,0.0071659596,0.0053081405,0.16873397
0.032730587,0.14334762,0.015935421,0.2217768,0.08525426,0.31084198,0.055417307,0.042618603,0.09207745
0.27229306,0.14166258,0.21028347,0.0046751606,0.0033885243,0.0033033423,0.0020917156,0.00078490184,0.36151725
0.5562419,0.0025558604,0.004772456,0.41484386,0.00041702949,0.00085718033,0.0002601273,0.00014800292,0.019903563
0.8967484,0.00088304724,0.038350243,0.00062464114,0.0024383494,0.00032727045,0.0005831742,0.00015704973,0.059887853
0.23310088,0.1561928,0.12821916,0.009891853,0.0049969167,0.0033510476,0.005797426,0.0009930743,0.45745683
0.0850282,0.5107577,0.29219976,0.032454513,0.012498241,0.0072923102,0.012680464,0.003585581,0.04350323
0.0034728784,0.0035790142,0.00052555895,9.003813e-05,4.521007e-05,0.0011238237,4.475176e-05,5.666523e-06,0.991113
0.004069086,0.006781241,0.00076297583,0.0001646453,8.7058695e-05,0.002049246,0.000101161146,1.0515128e-05,0.98597395
0.21953723,0.48540005,0.004479498,0.25831836,0.002606412,0.010031542,0.00440381,0.0010304638,0.014192646
0.1506375,0.2535223,0.29532173,0.0072579714,0.0052021774,0.00599852,0.0039818296,0.0014754592,0.2766025
0.9141998,0.0008553741,0.03225607,0.00065810897,0.0021984286,0.00032157006,0.00053132814,0.00015297238,0.048826266
0.98918694,4.2173415e-06,0.0077525927,7.734695e-06,1.1881098e-05,7.5886624e-07,5.249422e-06,1.2151531e-07,0.0030304482
0.079965115,0.1228948,0.00086168176,0.00041988815,0.00025470613,0.0021605692,0.00019449928,2.3084312e-05,0.79322565
0.46734586,0.07959454,0.006609153,0.031036118,0.005368392,0.031831026,0.0032374011,0.0025507386,0.37242672
0.95273405,4.4925873e-05,0.03809964,0.0012430463,4.6317997e-05,3.4699162e-06,1.9720339e-05,1.889382e-06,0.007807025
0.9566342,0.004194498,0.001330223,8.700008e-05,7.712923e-06,2.0366904e-05,1.5922084e-05,2.9930274e-07,0.037709773
0.0045387857,0.0014346328,0.00033617215,8.168427e-05,2.8898272e-05,0.0009882059,2.4008834e-05,4.2740917e-06,0.9925634
0.006907358,0.0023693272,0.0013806978,0.00014058029,8.595764e-05,0.0011885803,8.368446e-05,1.1386172e-05,0.9878324
0.091534786,0.041526824,0.04749554,0.036152843,0.04333249,0.02372669,0.0033510479,0.024951994,0.68792784
0.11294406,0.0021103984,0.0023891754,0.017960047,0.0017437183,0.004731993,0.00011221209,0.00074751687,0.85726076
0.05785251,0.05383127,0.64764863,0.13393536,0.009164868,0.012826913,0.004465778,0.0030278985,0.07724675
0.12643352,0.02634884,0.023035204,0.019260684,0.016621124,0.016543955,0.0014985357,0.008928838,0.7613293
0.0388273,0.03790656,0.70905966,0.116792634,0.0092081465,0.011796374,0.0037962166,0.0027375815,0.06987542
0.09037088,0.0020728211,0.0027690486,0.018225316,0.0023797092,0.0049010594,0.000119580225,0.0010472973,0.87811434
0.023387756,0.0057044374,0.0011754866,0.0014091594,0.0030519897,0.0035277212,9.72728e-05,0.00122759,0.9604186
0.070784055,0.05160781,0.6200303,0.13474947,0.0103250705,0.013092816,0.0054317582,0.0033334326,0.0906453
0.030384503,0.0012470006,0.0010813748,0.00032545612,0.00044834905,0.00032836513,1.6963671e-05,0.00017059935,0.96599746
0.8646168,3.0221909e-05,0.12472117,2.3200775e-05,7.258416e-05,3.5626192e-06,4.253737e-05,8.016493e-07,0.010489113
0.2280883,0.19910605,0.26217425,0.0076881987,0.0060850973,0.0053873244,0.0043831295,0.0018121011,0.28527555
0.024266686,0.001500079,0.001401355,0.00035838285,0.00046873357,0.00033580087,2.0016918e-05,0.00015891,0.9714901
0.13488908,0.23916686,0.36888328,0.0063105985,0.0051316014,0.0038279607,0.0037705852,0.0012324501,0.23678768
0.02160078,0.012604121,0.14199352,0.71925515,0.0070854016,0.057143595,0.005491628,0.0045608743,0.03026494
0.003461855,0.0016628713,0.00021856259,5.7761084e-05,1.8417079e-05,0.0008356229,1.7916962e-05,2.3951284e-06,0.99372464
0.0052138944,0.0025481218,0.00034985587,0.000128492,4.4633856e-05,0.0020469977,4.4331475e-05,8.030666e-06,0.9896158
0.116169356,0.07536937,0.026606036,0.0041446295,0.001565736,0.009330807,0.0009409224,0.0005651565,0.7653079
0.035384115,0.15408888,0.019239973,0.20451811,0.116212115,0.23441646,0.073522605,0.06818552,0.09443231
0.33316687,0.4227136,0.01791184,0.0037702955,0.0062391805,0.004273792,0.005024159,0.0008704565,0.20602979
0.9338176,0.0024967494,0.0071078907,0.000994291,0.00025195503,0.00019718926,0.00012220336,6.252528e-05,0.054949522
0.020171167,0.0053745215,0.00019200974,0.0004339644,0.0007340172,0.009825094,8.963676e-05,0.0001371401,0.96304244
0.31286892,0.03185009,0.02251793,0.019708542,0.011288107,0.013071109,0.0016010473,0.0057744635,0.5813197
0.0005179952,3.971236e-05,7.025923e-08,2.9160399e-06,4.323502e-09,1.9763937e-05,8.850948e-10,2.6537222e-10,0.99941945
0.75159544,0.05235891,0.003510048,0.006250511,0.0005657404,0.0044656605,0.00042825125,0.00012093767,0.18070449
0.10700934,0.33589482,0.27425665,0.005718822,0.0037553753,0.004391105,0.003196998,0.0010548998,0.26472205
0.0041256836,0.0011184228,0.00020332108,5.7451547e-05,1.6869071e-05,0.0007194527,1.4235941e-05,2.3468715e-06,0.9937423
0.14468457,0.20890826,0.10018603,0.0103804795,0.004731257,0.0129729025,0.0035814326,0.0020676372,0.5124875
0.999882,1.3300663e-08,3.9363185e-06,2.374479e-07,2.1952815e-08,5.6944063e-09,2.0001716e-09,1.3191713e-09,0.00011378961
0.49602622,0.1097841,0.01263991,0.027778085,0.031117128,0.02823056,0.011816223,0.014192462,0.26841533
0.116708495,0.060177576,0.52128756,0.13776948,0.010143799,0.015227101,0.0050051645,0.0032642486,0.13041657
0.99541,0.00010593517,0.00030559924,0.0013202939,1.4828657e-05,1.973303e-05,9.748968e-06,5.5935743e-06,0.0028081245
0.6212389,0.0024154724,0.0038928187,0.35211524,0.00037493894,0.0007934593,0.00022980326,0.0001377795,0.018801585
0.009157805,0.002942082,0.0021281196,0.00026279845,0.00019602332,0.0030720313,0.00016596715,2.6010499e-05,0.9820493
0.8800474,0.0024504252,0.0017133224,0.0010044025,0.0018460116,0.0004510928,3.679841e-05,0.00047268032,0.1119779
0.4558596,0.07380315,0.13356167,0.05363305,0.007304692,0.0067551467,0.0038348436,0.002895914,0.262352
0.17229654,0.10281745,0.4311159,0.0992985,0.013458097,0.009638761,0.007733696,0.005699368,0.1579417
0.1367143,0.55975777,0.0018596264,0.0012527568,0.00063983,0.0021011755,0.000397889,6.110152e-05,0.29721552
0.038192872,0.02706947,0.050594766,0.006989375,0.0036263876,0.026044432,0.0052972664,0.00059399917,0.84159154
0.1082111,0.004773936,0.73222977,0.004184306,0.007481903,0.0024114547,0.0073001557,0.0003073646,0.13310006
0.07470061,0.05525492,0.5977943,0.14881712,0.011040537,0.013863476,0.005815269,0.0036295555,0.08908423
0.072761185,0.029832503,0.048512947,0.011537314,0.0071548605,0.0035624078,0.0013058307,0.0030966513,0.82223636
0.30771938,0.023418702,0.021257086,0.016057111,0.0100280745,0.00966094,0.0012992987,0.004597299,0.60596216
0.99208003,0.00020981353,0.00038691066,0.002696178,2.2184015e-05,4.5208584e-05,1.5460259e-05,9.717401e-06,0.004534551
0.06699265,0.043536745,0.07176986,0.01670455,0.010888031,0.0052180244,0.0022806167,0.0048458898,0.7777637
0.89125234,4.3616943e-05,9.170097e-06,8.7129585e-05,2.3576035e-06,1.006728e-05,7.752366e-08,1.2774965e-06,0.10859405
0.034923684,0.13310134,0.020530062,0.22372995,0.08939929,0.2888621,0.060520045,0.042969484,0.10596402
0.81045103,0.0407305,0.002108211,0.004024551,0.00042250982,0.0030480034,0.0006681975,0.00014203944,0.13840504
0.057201087,0.35845757,0.41494247,0.006469082,0.008507015,0.0040362338,0.0054055355,0.0023219981,0.142659
0.226051,0.0262701,0.023368964,0.0217154,0.014547285,0.010947766,0.0015088364,0.0065502,0.66904044
0.0037136455,0.0048404457,0.00066110934,0.00014350878,8.6236214e-05,0.001980589,8.1214486e-05,1.1647153e-05,0.98848164
0.14712876,0.0055129505,0.61343193,0.004080667,0.006175027,0.0028930441,0.006295083,0.00030436995,0.2141781
0.095142454,0.033078197,0.04239878,0.031107944,0.02801974,0.023105515,0.0022072396,0.013423203,0.7315169
0.01893624,0.045293376,0.13782148,0.06616412,0.35237172,0.018975759,0.24739559,0.020303376,0.0927383
0.11752555,0.05903348,0.19171736,0.4533059,0.012812287,0.09283884,0.018005315,0.009647754,0.04511352
0.4467464,0.107725956,0.00987496,0.026145734,0.028323103,0.0327999,0.010103451,0.01286427,0.3254162
0.033954814,0.15530677,0.019510597,0.203146,0.102426045,0.26339915,0.0602772,0.050493933,0.11148553
0.979532,1.0002073e-05,0.016205803,1.7864188e-05,3.752561e-05,1.7966436e-06,1.8192413e-05,3.5524366e-07,0.004176471
0.9598954,0.00028625602,0.019137865,0.00017898706,6.133249e-05,1.0902309e-05,2.3403085e-05,5.627249e-06,0.020400293
0.073315084,0.32982656,0.41446307,0.0054251594,0.00541334,0.0034157173,0.0038660895,0.0014539312,0.16282113
0.10479249,0.33213162,0.34301195,0.008095753,0.0066496753,0.0054360456,0.005684483,0.0021332712,0.19206479
0.22855915,0.49321896,0.03278914,0.02447481,0.011425945,0.030237779,0.010158284,0.0031711867,0.1659648
0.99506915,9.701753e-05,0.00033875494,0.0013094234,1.2577981e-05,1.8072607e-05,8.901161e-06,4.553063e-06,0.0031415385
0.003518181,0.0036208031,0.00040495905,0.00011667292,4.8634145e-05,0.0016843255,5.187318e-05,6.2027107e-06,0.9905483
0.14519598,0.64912087,0.035789333,0.019942295,0.01084042,0.017909171,0.0108026955,0.002545974,0.107853204
0.005111797,0.008220414,0.006351707,0.005170842,0.34895664,0.001812628,0.0024384598,0.59465593,0.027281556
0.88994724,4.885995e-05,1.1020294e-05,0.00010457348,2.3144664e-06,1.0934596e-05,9.315351e-08,1.1792627e-06,0.109873794
0.26872447,0.46900246,0.013904624,0.002302538,0.004184355,0.0024760223,0.003242567,0.0003982134,0.23576467
0.033697255,0.12443976,0.014862551,0.22766604,0.07036925,0.35118508,0.04412996,0.034600113,0.09904999
0.0895695,0.09093793,0.043199576,0.0060469303,0.0034574016,0.012060614,0.0018032246,0.0014929773,0.75143176
0.02575851,0.18706262,0.019197855,0.17775111,0.16451411,0.19010882,0.09984381,0.05242628,0.08333684
0.12057521,0.82070756,0.034776382,0.0058372077,0.00047830737,0.00067325064,0.0010063477,7.653593e-05,0.015869288
0.20319843,0.058341585,0.006007412,0.015793748,0.003917924,0.031089641,0.0029924891,0.0008102789,0.67784846
0.602601,0.0055765323,0.0051148254,0.002372878,0.0025891233,0.00545694,0.00057441887,0.0005403424,0.37517393
0.0897505,0.061825987,0.5554186,0.15499786,0.010984957,0.01656405,0.006097585,0.0037937695,0.10056669
0.24891233,0.5020392,0.03700751,0.020916179,0.008675005,0.019898819,0.009064039,0.0024699604,0.15101692
0.9982009,2.274602e-05,0.00012992203,0.0003202194,3.0040944e-06,3.0337574e-06,1.962445e-06,8.208368e-07,0.0013173996
0.09571853,0.057112686,0.5513498,0.1480169,0.010864964,0.014237525,0.00549084,0.003459471,0.1137493
0.23744759,0.15853332,0.21355881,0.006502961,0.0047237915,0.0056558168,0.0029537652,0.0012718472,0.369352
0.16646498,0.06612103,0.0076700966,0.019461686,0.0067075165,0.03502569,0.003917138,0.0013916495,0.6932403
0.011058869,0.011657036,0.012821923,0.012836214,0.28961018,0.005244408,0.0038193327,0.60964644,0.04330562
0.03355302,0.1788591,0.023490718,0.16724086,0.15945874,0.17539106,0.102731206,0.061083447,0.09819184
0.0123082595,0.014330684,0.016134784,0.015578051,0.28961173,0.006065983,0.0047818287,0.6007647,0.04042403
0.99498594,0.003123198,0.00035250053,0.00034166794,3.5674686e-06,1.9134613e-05,1.801155e-05,9.251152e-07,0.0011549828
0.020647312,0.0004432354,0.0011241673,0.0048356014,0.0009434934,0.0012023468,1.7347218e-05,0.000380819,0.9704057
0.02521232,0.0128088435,0.14274982,0.7091246,0.0068238066,0.059794687,0.005609163,0.0042814733,0.033595297
0.008248846,0.00041577642,0.001104827,0.00077205116,0.00025253263,0.00019330984,5.9554463e-06,9.725495e-05,0.98890954
0.51080936,0.018723892,0.03035229,0.016197115,0.0063911425,0.005662551,0.0011075793,0.0023830899,0.4083729
0.4850297,0.0971622,0.0085692555,0.022740912,0.024324562,0.02737142,0.0088376645,0.010334064,0.31563026
0.029496554,0.16248739,0.019902362,0.20484477,0.12975736,0.22059982,0.07092772,0.0580487,0.10393525
