0.04752847,0.21039258,0.17181627,0.14801924,0.117551066,0.08082994,0.11299026,0.050836246,0.060035974
0.030880611,0.13809983,0.16567196,0.06415865,0.15307763,0.112960026,0.16057256,0.08672401,0.087854765
0.011001934,0.12236478,0.1759516,0.11750547,0.0963679,0.10909103,0.1354976,0.17400093,0.05821879
0.03669343,0.10359848,0.21787418,0.14083374,0.15014173,0.09715002,0.1654826,0.041752078,0.04647382
0.058543846,0.20782097,0.17200136,0.08991098,0.08879186,0.10375497,0.14876078,0.10346652,0.026948748
0.07643144,0.18784688,0.15104519,0.06910519,0.1653421,0.09598572,0.124498665,0.08298729,0.046757497
0.027786199,0.157556,0.19912222,0.08570626,0.10244747,0.116120316,0.15149009,0.09248072,0.06729068
0.04005145,0.17554706,0.1469001,0.07662924,0.10286419,0.14356944,0.10545996,0.13461398,0.0743646
0.077576905,0.08445286,0.1289379,0.11051909,0.15534125,0.1498947,0.16493787,0.049601212,0.07873822
0.075942844,0.08167551,0.061647367,0.06559302,0.06264023,0.18266113,0.07079388,0.06412468,0.33492136
0.14978477,0.13420571,0.13613915,0.09894528,0.11229645,0.1298022,0.12610555,0.06725178,0.04546918
0.07194475,0.13201731,0.1559364,0.11930436,0.12731828,0.12509707,0.107719496,0.050988264,0.10967406
0.031655103,0.12311566,0.19935383,0.13597989,0.21784525,0.085914865,0.10829672,0.039772548,0.058066085
0.03907196,0.10431525,0.162848,0.15471862,0.08377723,0.1248396,0.13229915,0.14355947,0.05457067
0.05324854,0.41434592,0.102288395,0.11824319,0.05738564,0.07197309,0.06276386,0.06433818,0.055413194
0.023711557,0.13089621,0.18553159,0.1154512,0.13373776,0.11186217,0.12468744,0.15629111,0.017831037
0.029120551,0.075609006,0.12802388,0.08559774,0.12267307,0.21127178,0.21818063,0.08651516,0.043008216
0.025203925,0.122448936,0.23515685,0.1551532,0.13343725,0.078316785,0.1269874,0.095523566,0.02777209
0.01997521,0.08185735,0.10829758,0.08123113,0.09271256,0.09014826,0.06364138,0.44285804,0.01927851
0.01343832,0.07429735,0.24427672,0.086974286,0.16998278,0.09387131,0.13332759,0.1489581,0.03487353
0.013875097,0.168912,0.27256456,0.08282698,0.151213,0.0797432,0.14162281,0.055016078,0.034226358
0.035660975,0.10091081,0.08550962,0.079707034,0.05336112,0.12472324,0.083317265,0.37993634,0.056873582
0.013725863,0.10783341,0.16427442,0.18983665,0.10005565,0.11998514,0.14619681,0.1253203,0.032771822
0.06691427,0.15781382,0.16925244,0.09198276,0.111721866,0.11181968,0.19683498,0.056082163,0.03757802
0.22035226,0.06576307,0.10776101,0.17112656,0.11253632,0.08400112,0.0923991,0.06638113,0.07967946
0.16594474,0.13113844,0.09633428,0.07478362,0.09877496,0.17607458,0.11266641,0.07224051,0.072042495
0.10511037,0.063449435,0.13556905,0.12434114,0.19015624,0.13203162,0.12279858,0.036220472,0.090323105
0.010665709,0.05405548,0.16796333,0.119089454,0.167319,0.10256169,0.09962788,0.23988298,0.038834512
0.031810325,0.12562785,0.15003353,0.10262226,0.15839618,0.13755164,0.11765442,0.10802094,0.06828278
0.05529333,0.11609281,0.15283233,0.08112315,0.19063333,0.11806662,0.13976121,0.076240934,0.069956325
0.046785384,0.086238384,0.16980083,0.16151734,0.20278656,0.091127716,0.10056085,0.10363411,0.037548844
0.018823573,0.077588424,0.16854434,0.103927486,0.15391055,0.1557455,0.13644834,0.15064517,0.034366645
0.033503998,0.13600577,0.24032992,0.092846036,0.12749234,0.09232758,0.1331518,0.0849095,0.059433028
0.016899994,0.10193257,0.23808381,0.10274895,0.16387674,0.08649236,0.13717659,0.08102314,0.071765885
0.040657327,0.09628995,0.12338886,0.06726221,0.07616881,0.09692729,0.08817949,0.34128964,0.06983646
0.0809292,0.20222771,0.07909837,0.052648842,0.08320582,0.120865844,0.07294528,0.06610738,0.24197155
0.20631121,0.10495668,0.10091535,0.16395973,0.09615946,0.123868234,0.0927529,0.044232212,0.066844255
0.030272419,0.14062017,0.07344768,0.08584091,0.04818922,0.13016137,0.0839653,0.34608394,0.061418943
0.015052754,0.14519067,0.2666653,0.12013074,0.09078057,0.061550543,0.10141696,0.1620395,0.03717304
0.030686222,0.16662553,0.19821596,0.15763739,0.11421531,0.07814031,0.11383671,0.1195147,0.021127917
0.21866624,0.14069945,0.06053229,0.09708083,0.04473868,0.16628867,0.06789895,0.13424332,0.0698516
0.023085853,0.12572704,0.17789611,0.10769538,0.2287785,0.068463825,0.060335793,0.13022177,0.07779577
0.0924787,0.097303286,0.0930901,0.101507954,0.07833155,0.11782307,0.07648833,0.173204,0.169773
0.37616333,0.13437285,0.09468602,0.08510422,0.062053215,0.07339234,0.08808777,0.036832128,0.049308095
0.021678422,0.07183799,0.11465664,0.16055454,0.08297862,0.10404026,0.069293395,0.20750527,0.16745485
0.076157935,0.15341623,0.20345302,0.08858521,0.09881117,0.09664065,0.14654225,0.1125594,0.023834188
0.061257724,0.14502443,0.154214,0.10611815,0.12545031,0.11368853,0.13014032,0.13212688,0.03197977
0.20340645,0.11391011,0.10240279,0.065821335,0.16479087,0.10293936,0.10202195,0.05925898,0.08544814
0.033237915,0.06481928,0.1303175,0.08816673,0.10645604,0.2036055,0.18222481,0.117722176,0.07345007
0.054881036,0.16361435,0.19388147,0.10266739,0.14022991,0.09916035,0.14239332,0.046059452,0.057112742
0.055461418,0.14698659,0.23854989,0.06285313,0.1225306,0.08915683,0.12158298,0.11013886,0.052739717
0.08019849,0.10463911,0.17494464,0.10349343,0.14081776,0.103747204,0.13097857,0.13198578,0.029195031
0.060414687,0.04972631,0.092064284,0.096540555,0.15476716,0.2274174,0.19234401,0.05598884,0.07073675
0.117094815,0.15462992,0.09566167,0.09190166,0.112339735,0.17523937,0.11995833,0.057496622,0.075677924
0.011454938,0.12712327,0.282932,0.091871515,0.17984815,0.07382174,0.12174251,0.07848239,0.0327235
0.045621183,0.118522815,0.17876053,0.1417675,0.17882837,0.06215593,0.0740727,0.14684,0.05343097
0.08240193,0.06951271,0.08728371,0.10830249,0.1237646,0.22640932,0.1732317,0.072897285,0.05619627
0.048577037,0.07202744,0.14358541,0.07519814,0.13421017,0.17423369,0.15577517,0.12712759,0.069265395
0.09994795,0.07690603,0.17931911,0.13840432,0.123763785,0.09389711,0.17303422,0.07646146,0.038266048
0.027814658,0.0929221,0.15109938,0.10018865,0.115804374,0.14196338,0.20658793,0.07167513,0.09194435
0.040673222,0.08499566,0.13647984,0.16661601,0.1126442,0.13914962,0.18330522,0.065050304,0.07108592
0.033169195,0.08402486,0.12977181,0.1086088,0.098805614,0.21888308,0.13761935,0.11196465,0.07715269
0.016285514,0.094366685,0.12060022,0.08483477,0.097466305,0.09774486,0.078704216,0.38264358,0.027353846
0.3023665,0.20409955,0.071189225,0.10709584,0.04468606,0.09047653,0.06092577,0.07189353,0.047267016
0.030031301,0.12975156,0.09867481,0.096932575,0.103228144,0.16508181,0.09503,0.14063516,0.14063469
0.19830939,0.087936305,0.10009543,0.100631416,0.15767471,0.08533865,0.081096716,0.039469633,0.1494478
0.118341364,0.10532584,0.07726627,0.109220356,0.077291794,0.23481737,0.09785823,0.1124877,0.0673911
0.09907093,0.055190876,0.09905368,0.17206472,0.12287753,0.1499461,0.14821061,0.036606167,0.11697934
0.021318259,0.06386975,0.11829233,0.18279764,0.26534027,0.1181164,0.09881847,0.078543924,0.052902978
0.016156165,0.1598026,0.24546048,0.18958405,0.089799486,0.061813798,0.10106684,0.094185814,0.042130742
0.009342925,0.14832745,0.20150706,0.09290985,0.14541219,0.073159434,0.090821855,0.16170204,0.07681722
0.11188086,0.080335855,0.07893325,0.09579522,0.11880853,0.19928949,0.115453266,0.08306836,0.116435155
0.019195316,0.06826604,0.16562556,0.17798261,0.13500202,0.10968785,0.12471247,0.10636774,0.09316043
0.02546743,0.09686546,0.17091657,0.11354403,0.08692797,0.13041997,0.18817101,0.1215945,0.066093095
0.121688135,0.053063776,0.08610788,0.1340496,0.108887404,0.17209895,0.18962544,0.08156562,0.0529132
0.025277741,0.08237791,0.10826102,0.21638712,0.13501526,0.16349436,0.09406482,0.112069614,0.06305217
0.023933452,0.10771833,0.10789117,0.071770616,0.08032554,0.16690204,0.10035603,0.25523356,0.08586931
0.093557574,0.103615575,0.077286474,0.08583897,0.06012914,0.12379379,0.06859015,0.0795758,0.30761254
0.023946527,0.07259216,0.18349531,0.091763966,0.14030185,0.1582483,0.20064811,0.08354219,0.0454616
0.044647466,0.10284974,0.16409573,0.11864609,0.24312988,0.10106208,0.10568782,0.070064634,0.0498165
0.09748861,0.08716191,0.11180584,0.122102164,0.16958971,0.17644297,0.15131241,0.031497054,0.052599356
0.016248181,0.37930542,0.20201515,0.09341653,0.062170923,0.052935228,0.08268287,0.073449194,0.037776437
0.17502497,0.13082664,0.07580962,0.094280265,0.053857867,0.1733615,0.08056036,0.114591554,0.10168729
0.018886695,0.09165413,0.09277568,0.089416325,0.065391496,0.0816929,0.04753521,0.26032326,0.2523243
0.056040388,0.13162044,0.21140538,0.15063687,0.11673055,0.08748509,0.12128828,0.07750275,0.04729025
0.19733188,0.08975463,0.075641945,0.11187117,0.07508376,0.1935728,0.08978009,0.11866981,0.048293944
0.14666253,0.1111467,0.09544698,0.068496265,0.15812421,0.120877646,0.11506876,0.064422496,0.11975442
0.25917578,0.05324139,0.09042904,0.113503315,0.09339131,0.15634836,0.1117792,0.076853946,0.04527762
0.024283921,0.113066554,0.24867363,0.092810206,0.14316486,0.090189904,0.12001413,0.13874942,0.02904734
0.08185042,0.16356796,0.1396897,0.0992439,0.1502862,0.10406874,0.12014668,0.07016117,0.07098528
0.017933276,0.16838184,0.19113661,0.11702014,0.133544,0.08727996,0.1257399,0.13576491,0.023199344
0.031076727,0.054196667,0.14052862,0.14369166,0.14502838,0.10917624,0.066173114,0.22534196,0.08478662
0.027827758,0.18644367,0.18289872,0.09374263,0.09450793,0.10331808,0.09857595,0.115164556,0.097520724
0.024185913,0.11923736,0.2190763,0.19416367,0.16590758,0.0828307,0.07412597,0.065269336,0.05520317
0.04968297,0.07746335,0.12601028,0.11500385,0.100232184,0.20351218,0.12956402,0.14092553,0.05760566
0.03487417,0.1228107,0.15116723,0.10469819,0.13293341,0.13698122,0.13611467,0.13658842,0.04383189
0.087049656,0.17772026,0.174685,0.12935507,0.16013078,0.086465515,0.08047077,0.04784411,0.05627887
0.012491129,0.10913876,0.2466472,0.086277016,0.19712122,0.075001314,0.08518302,0.16491051,0.023229847
0.12841877,0.057847884,0.08828587,0.11538494,0.16297585,0.17374767,0.120155185,0.06909142,0.08409238
0.060095485,0.080159746,0.1765069,0.24398851,0.16967277,0.072046936,0.08772567,0.06652035,0.04328364
0.012403978,0.13963427,0.17823002,0.09293283,0.1396921,0.118263155,0.10093658,0.14318053,0.074726604
0.08636243,0.19630809,0.1363571,0.14966936,0.08792747,0.10154988,0.11087056,0.046733905,0.084221244
0.057207003,0.25008214,0.14263059,0.15872622,0.0997056,0.08251561,0.104348004,0.059716586,0.045068234
0.048565164,0.12977016,0.109960824,0.15558934,0.14204095,0.13430779,0.08944803,0.16545981,0.024857933
0.13153526,0.08989936,0.08500147,0.069037676,0.0860841,0.14149283,0.09485476,0.07367348,0.2284211
0.052667044,0.096806884,0.17408766,0.10764094,0.17786108,0.13639992,0.1711895,0.049620546,0.03372647
0.026828937,0.14169313,0.18862982,0.18567505,0.14647944,0.09454932,0.079152934,0.06788948,0.06910192
0.027828371,0.13011321,0.13888489,0.16895398,0.16871566,0.12565838,0.11827693,0.06403846,0.05753008
0.02781869,0.07292426,0.14615452,0.16202682,0.11822532,0.12210761,0.12634017,0.1497249,0.07467776
0.040436175,0.066154204,0.14611517,0.1656667,0.119931385,0.09747579,0.065188184,0.2047683,0.09426407
0.03661435,0.056123063,0.13201642,0.2719524,0.13518468,0.11688289,0.11516027,0.085404366,0.050661575
0.07959555,0.15905654,0.10038521,0.091147415,0.08071614,0.14489637,0.0812913,0.07056403,0.1923474
0.05331232,0.15572165,0.101477355,0.10064382,0.07267718,0.20214623,0.11772991,0.15607236,0.040219214
0.027957655,0.17469233,0.18734334,0.061561838,0.086629644,0.090914816,0.10429002,0.14893204,0.11767834
0.20923445,0.07491077,0.07340679,0.10369241,0.0783734,0.13641974,0.106578216,0.08206171,0.13532251
0.012763253,0.08915427,0.21424039,0.10961508,0.21994972,0.11526053,0.12115669,0.086572684,0.031287365
0.012793096,0.12584695,0.21580137,0.11904851,0.17226787,0.101221606,0.1152105,0.10040207,0.03740794
0.013654869,0.07938396,0.18760125,0.10864759,0.091009416,0.095198154,0.09252312,0.26648185,0.06549975
0.059589993,0.07526694,0.18714087,0.098864384,0.15598957,0.12597603,0.16714376,0.07872361,0.051304895
0.013833005,0.12605877,0.2013159,0.086027294,0.1665554,0.122853495,0.11387819,0.13101709,0.03846087
0.023496127,0.07596321,0.20718482,0.1537551,0.16867739,0.07967221,0.10658236,0.09163437,0.093034476
0.022686327,0.08828647,0.13162369,0.13149463,0.19726199,0.14175376,0.06539489,0.09734207,0.124156125
0.14094071,0.086293265,0.13753365,0.11822996,0.16122332,0.111535475,0.09971358,0.08619532,0.058334753
0.037867848,0.11347332,0.17787465,0.14413124,0.16841657,0.08475614,0.086753495,0.085734524,0.10099214
0.05999234,0.17732957,0.19047649,0.11297939,0.19051613,0.085494794,0.09788084,0.042186987,0.043143425
0.028482065,0.059296962,0.12691689,0.15428366,0.23165396,0.15363227,0.09559999,0.081574544,0.06855963
0.080291905,0.11966021,0.13432308,0.09788292,0.15465325,0.14528848,0.117480375,0.048154008,0.102265775
0.24564172,0.07784678,0.08823725,0.16169436,0.09522476,0.10708142,0.12384636,0.045554444,0.054872856
0.018137572,0.12731355,0.25831538,0.07862164,0.1536396,0.07557482,0.10367364,0.13911857,0.045605224
0.009782025,0.11089534,0.20790498,0.1261015,0.111994185,0.09037923,0.12737088,0.16956495,0.046006866
0.018138321,0.15737945,0.20539227,0.13467215,0.123359784,0.09629189,0.13268366,0.10590481,0.026177624
0.029997079,0.12699223,0.17878811,0.1397821,0.17241511,0.07131892,0.07759384,0.1235582,0.07955442
0.016251486,0.0778092,0.13676512,0.1412675,0.11931501,0.112097,0.0938707,0.268288,0.03433606
0.03329235,0.09881365,0.13119845,0.17058325,0.20483689,0.094816834,0.080139495,0.14631006,0.040009044
0.032705043,0.11987808,0.1634453,0.105969146,0.12969899,0.12586981,0.1967862,0.08032428,0.04532311
0.044728763,0.13342404,0.15426153,0.16932587,0.14849234,0.08931076,0.082747586,0.108659685,0.06904945
0.021671403,0.14220312,0.17835928,0.06011964,0.07817535,0.10289901,0.13547868,0.15360275,0.12749085
0.01361633,0.04984295,0.14236298,0.108430326,0.14709707,0.10951704,0.090437025,0.3071072,0.03158902
0.015578272,0.12151343,0.2077683,0.10755234,0.19356847,0.11812722,0.12524275,0.0853867,0.02526256
0.021720937,0.08242067,0.079109564,0.09127723,0.09867252,0.11324725,0.0513285,0.31827143,0.14395186
0.019525755,0.124662265,0.15382954,0.17434971,0.08707378,0.124876134,0.11427924,0.17016675,0.031236866
0.023551768,0.06185129,0.1619918,0.10996748,0.23659611,0.10911992,0.116812065,0.076106966,0.10400264
0.092641704,0.1346683,0.20425925,0.08839811,0.12334661,0.09555934,0.17063564,0.062371396,0.02811967
0.032341704,0.049927797,0.11272352,0.10756481,0.15313579,0.11192692,0.072305225,0.3026188,0.05745542
0.0529469,0.30207336,0.14076978,0.07549734,0.06731004,0.0985622,0.10484895,0.12588274,0.03210874
0.14959139,0.11559162,0.094401434,0.16798422,0.10543523,0.14302562,0.13943128,0.03322205,0.05131722
0.027442442,0.11424236,0.19303323,0.2012229,0.15258543,0.09535228,0.10691597,0.08536976,0.023835665
0.056736715,0.0802803,0.13699064,0.0860485,0.08962608,0.14488544,0.16472985,0.1315609,0.10914161
0.013343381,0.12469749,0.2111421,0.10313031,0.203326,0.11150659,0.14134823,0.06938547,0.022120493
0.018232612,0.1413216,0.2661519,0.11852318,0.105188996,0.06732052,0.11099068,0.15352637,0.018744146
0.0332249,0.07405974,0.15005411,0.070587635,0.13291757,0.18086988,0.16814521,0.09903573,0.09110529
0.02898702,0.10181104,0.11145974,0.2549538,0.10822816,0.13694131,0.09131712,0.09616043,0.07014142
0.014208572,0.10344097,0.26560947,0.08926611,0.19669195,0.06746681,0.08439419,0.15200843,0.026913524
0.34569675,0.14143986,0.050726697,0.13192499,0.046736214,0.11344077,0.063668944,0.033743974,0.07262183
0.27710593,0.15177508,0.08010217,0.1066514,0.077090845,0.11227174,0.114621736,0.04281874,0.037562273
0.056052588,0.21045078,0.19705816,0.10386614,0.09545504,0.07797192,0.14818424,0.05829646,0.05266469
0.35693297,0.17451796,0.10738147,0.09497864,0.053491883,0.055592928,0.08476758,0.04497709,0.027359484
0.0140431,0.21550493,0.21257642,0.12507355,0.10895487,0.075351425,0.09503778,0.1256413,0.02781669
0.020435197,0.1260631,0.20309854,0.12178143,0.17979443,0.10892699,0.11661564,0.098938994,0.024345735
0.029018225,0.25335142,0.14203198,0.06256587,0.10171288,0.094303176,0.09229711,0.09159224,0.13312706
0.08510155,0.0636621,0.10610062,0.095401816,0.15724154,0.17203689,0.11044337,0.06468511,0.14532703
0.0267707,0.07803524,0.1766174,0.09426222,0.12627003,0.12845196,0.24422641,0.07335796,0.052008163
0.06855066,0.25351146,0.1749814,0.115365714,0.072866455,0.07479608,0.096941955,0.09789848,0.04508774
0.07349852,0.14198028,0.0960758,0.07640648,0.100497976,0.18594293,0.0854788,0.071221836,0.1688974
0.045255616,0.08539751,0.21117018,0.08690862,0.12845044,0.12165672,0.16313915,0.10457997,0.05344181
0.012037476,0.17317829,0.21845646,0.079167016,0.1448787,0.061917488,0.084039405,0.18418126,0.04214397
0.026352417,0.07112231,0.077471465,0.08962656,0.09671635,0.10448014,0.047284994,0.40103963,0.08590616
0.027479438,0.057740703,0.13791184,0.16142297,0.2873575,0.095823236,0.09763027,0.07919542,0.055438623
0.022007808,0.11651313,0.24835302,0.112152845,0.12918356,0.06747388,0.098588526,0.17163363,0.03409357
0.02181961,0.16275069,0.15739782,0.12699865,0.13403614,0.063736595,0.066756755,0.116497934,0.15000583
0.060066868,0.10904463,0.1783522,0.29244685,0.10489855,0.062672354,0.07440097,0.06608749,0.052030116
0.061899193,0.08453927,0.17602766,0.10825642,0.14489089,0.1300851,0.18308392,0.06362034,0.04759722
0.040238354,0.09091456,0.18577628,0.099956326,0.14442998,0.11944824,0.19060689,0.088196315,0.04043309
0.040640075,0.09763801,0.16170403,0.076310486,0.120958894,0.116308555,0.12406863,0.13057472,0.13179661
0.13047925,0.120762885,0.13102077,0.09145101,0.11971945,0.14586152,0.15171576,0.04072024,0.06826918
0.039088834,0.046970725,0.11767056,0.27913174,0.24481258,0.08842909,0.08237195,0.06331774,0.038206797
0.05260167,0.13076338,0.11778745,0.07479078,0.08870873,0.14385228,0.12630935,0.14393373,0.12125265
0.0101167485,0.19908392,0.1652873,0.09792811,0.1347539,0.075159155,0.08058099,0.18422931,0.052860573
0.015291056,0.059839156,0.14889754,0.12322727,0.12036923,0.10134375,0.09404068,0.3047396,0.032251682
0.10837294,0.14115623,0.08403506,0.07482081,0.13912022,0.14766262,0.11388707,0.065231726,0.12571338
0.012000816,0.13900656,0.26912668,0.11323623,0.14054294,0.049676068,0.083177246,0.15956528,0.033668164
0.14789811,0.10165794,0.14293195,0.18225276,0.14768885,0.067929246,0.085635774,0.06864075,0.055364642
0.02238012,0.061364297,0.17757352,0.089901425,0.15729836,0.16062127,0.20654634,0.075552374,0.048762374
0.036451906,0.13428216,0.15858547,0.09945128,0.20840406,0.07081341,0.062084332,0.16777211,0.06215533
0.015416499,0.20294729,0.21794121,0.12586845,0.09540138,0.06903504,0.11355807,0.13996404,0.019868001
0.09850438,0.07441527,0.12972826,0.09156485,0.08987689,0.130134,0.15075758,0.15301502,0.082003735
0.029630022,0.13022695,0.20798102,0.18245727,0.13436334,0.0811834,0.10305708,0.08904666,0.0420543
0.05639758,0.3327012,0.15249828,0.09692103,0.1002599,0.07131894,0.06390581,0.06043546,0.06556178
0.026393136,0.07039386,0.13810343,0.1126348,0.121048294,0.10225977,0.06992481,0.24623059,0.11301137
0.040978458,0.09262612,0.14117834,0.12018841,0.06573779,0.1620883,0.18004192,0.14138748,0.055773217
0.015701968,0.109131105,0.2916142,0.08290309,0.170398,0.06345961,0.093989685,0.1350557,0.037746698
0.018629488,0.073809244,0.09670304,0.10440328,0.083897226,0.11120824,0.06433902,0.31780952,0.12920094
0.017248854,0.113915384,0.19948456,0.08941891,0.16115975,0.11830399,0.10221869,0.16980219,0.028447593
0.0152597,0.057170644,0.13604575,0.107334755,0.11386123,0.0981653,0.070328996,0.24100916,0.16082445
0.06787402,0.085133515,0.11036048,0.08878719,0.09423045,0.10553627,0.072749145,0.16481948,0.21050934
0.02175769,0.12931871,0.17017919,0.081177786,0.09646628,0.11105922,0.10868808,0.22957653,0.051776547
0.09632811,0.124997094,0.11887554,0.12434153,0.14355369,0.11165292,0.08630695,0.15442018,0.039523967
0.01717413,0.1772571,0.15077636,0.119902,0.13844405,0.12604493,0.11582333,0.12172173,0.032856338
0.12634291,0.057220243,0.08898526,0.07494314,0.105291955,0.15439188,0.1318852,0.07372191,0.18721741
0.031924162,0.23434961,0.16034979,0.08679204,0.08364269,0.11219102,0.16091947,0.069671325,0.0601599
0.11248563,0.083191074,0.15323927,0.22289369,0.15130937,0.07418715,0.08545564,0.08364791,0.033590276
0.011391663,0.075686425,0.22332315,0.18661249,0.12411615,0.09637398,0.14083359,0.10468642,0.03697611
0.39288628,0.07415294,0.07481516,0.07507173,0.11955198,0.07185047,0.07208956,0.0357117,0.083870195
0.06500326,0.14128472,0.14537635,0.07249017,0.11175842,0.096794926,0.074765585,0.06980288,0.2227237
0.03567188,0.1616691,0.11789205,0.18711184,0.14228083,0.12743808,0.10721452,0.078665935,0.042055756
0.022736315,0.08960527,0.17888558,0.11702193,0.12670928,0.148687,0.13404453,0.14666744,0.035642605
0.036315538,0.11735079,0.11307038,0.11997903,0.17252053,0.15230438,0.074448675,0.1651434,0.04886733
0.12535764,0.14740634,0.12931632,0.06682932,0.09762731,0.10184418,0.08300332,0.082302265,0.16631332
0.014041096,0.08752643,0.12564932,0.13292377,0.10870647,0.10965376,0.09677057,0.2908867,0.0338418
0.03336502,0.10826438,0.20916493,0.1300706,0.11670653,0.09685891,0.19427672,0.043740958,0.06755196
0.12576464,0.09083828,0.11044121,0.12900506,0.12559602,0.15589862,0.14189148,0.04047125,0.08009344
0.009731482,0.07254711,0.27625605,0.089328274,0.1896683,0.07983171,0.13420458,0.106726885,0.041705623
0.054103326,0.1204916,0.12769213,0.097877115,0.13535467,0.16169243,0.120193966,0.12922053,0.05337418
0.25405863,0.19593161,0.092116304,0.10319628,0.061159734,0.09522855,0.099247,0.041414082,0.057647858
0.017856468,0.19305098,0.14364001,0.08594959,0.0870536,0.112049274,0.11075653,0.19468026,0.05496329
0.037093796,0.10199547,0.09928556,0.15544039,0.112817146,0.16654855,0.08855055,0.093538396,0.14473021
0.12224341,0.06426453,0.121811345,0.11077467,0.13773191,0.13352951,0.19268201,0.05943277,0.05752984
0.008628344,0.08664023,0.14543912,0.06797895,0.064524725,0.05906745,0.072517514,0.38790852,0.107295185
0.018567875,0.15720662,0.3324392,0.0816959,0.16196893,0.063342884,0.10926179,0.050755158,0.024761707
0.12067394,0.14624622,0.15596244,0.093102224,0.11296265,0.101822495,0.17585814,0.063098185,0.030273736
0.13035057,0.14077233,0.13091674,0.09232442,0.100173496,0.124376155,0.14511888,0.044781536,0.09118589
0.018480208,0.05192636,0.18195498,0.17137468,0.26706716,0.07495642,0.11479273,0.07783729,0.04161019
0.13387984,0.115837984,0.104129836,0.10509584,0.10072342,0.12957749,0.099695474,0.05755303,0.15350708
0.17569914,0.11509967,0.16373004,0.07339483,0.14241439,0.09129763,0.08637397,0.06438482,0.087605506
0.038247854,0.122584306,0.23904657,0.0909426,0.14067763,0.09477597,0.1654669,0.059845116,0.048413046
0.11689991,0.049405545,0.089432985,0.20851532,0.16556546,0.14641139,0.09195205,0.05278662,0.07903077
0.03407633,0.10806783,0.16329251,0.13313562,0.19683197,0.09554927,0.10960785,0.06826256,0.091175996
0.026341153,0.06983249,0.17889772,0.10121637,0.20121457,0.117994085,0.15191793,0.08434393,0.068241686
0.109287694,0.0665974,0.107613765,0.18440817,0.077625215,0.14396772,0.12891391,0.08928615,0.09230002
0.076594055,0.07551902,0.11432403,0.090815544,0.13102749,0.16033639,0.09355773,0.15742686,0.10039882
0.07751718,0.17605771,0.15050732,0.1491757,0.094109535,0.10847547,0.12177242,0.08033799,0.042046685
0.037933473,0.21639471,0.26779062,0.1508405,0.07782946,0.045799606,0.08265608,0.09804685,0.022708792
0.03329178,0.10975647,0.23032047,0.09388468,0.12666936,0.086836055,0.119552456,0.09945447,0.10023424
0.022564508,0.11745413,0.14637497,0.12383805,0.24223968,0.09861873,0.06852185,0.13924645,0.041141663
0.016542627,0.21207093,0.10766223,0.07852766,0.070526704,0.12862793,0.12488783,0.21099202,0.050162137
0.036116056,0.11619516,0.18273704,0.116010204,0.103926055,0.120883316,0.21263854,0.0466255,0.06486806
0.016840003,0.19553229,0.2882431,0.114796996,0.09543981,0.05275513,0.09688051,0.112349026,0.027163178
0.012179197,0.10988275,0.1871597,0.14324437,0.16293018,0.08516353,0.14817744,0.12846284,0.022800054
0.1371684,0.23283328,0.14168262,0.10302393,0.06389198,0.07956877,0.096629195,0.111789666,0.033412162
0.1436759,0.12752232,0.15945198,0.10967597,0.1288561,0.1083626,0.115438506,0.061960682,0.04505598
0.10854698,0.06783573,0.086697616,0.09704054,0.11333982,0.15575662,0.075224645,0.14961609,0.14594194
0.026534481,0.042040333,0.13073002,0.18800627,0.18697724,0.100099646,0.07217024,0.16844384,0.08499791
0.024637671,0.10439405,0.1623025,0.16844553,0.21644583,0.10660558,0.11153809,0.044641536,0.06098928
0.05407049,0.16469412,0.14229023,0.09960895,0.0719059,0.13043554,0.10440423,0.16573411,0.06685636
0.2892448,0.06459313,0.094761215,0.090396784,0.14993249,0.13292527,0.1036506,0.039820727,0.034675
0.010849129,0.07282541,0.16908571,0.106373586,0.0716368,0.092626885,0.10094659,0.27104717,0.10460871
0.36915827,0.080757156,0.08389268,0.14231223,0.080531426,0.088530704,0.072760165,0.03969912,0.042358305
0.058913253,0.114256956,0.12684584,0.1004121,0.12005393,0.15424804,0.1360699,0.15527667,0.033923324
0.032476477,0.064750426,0.18294741,0.1649694,0.13899615,0.10635956,0.17552416,0.057238128,0.07673827
0.01699644,0.22376467,0.14962995,0.10541478,0.12226247,0.10447638,0.10829845,0.11473121,0.054425683
0.023779867,0.053408988,0.108678475,0.1646305,0.15490893,0.12350289,0.07685057,0.19174278,0.10249699
0.061744493,0.15916973,0.11536703,0.070525505,0.078884855,0.13196507,0.10517195,0.089263886,0.18790746
0.1230409,0.06881681,0.09526775,0.1301118,0.09167092,0.15478443,0.16333967,0.08046591,0.09250176
0.044115037,0.09681615,0.1660602,0.10770461,0.14986587,0.13673092,0.17083023,0.067231685,0.06064533
0.07936293,0.08129397,0.07788688,0.07936066,0.087130204,0.17646165,0.0770433,0.21832404,0.12313641
0.07527628,0.12163756,0.16514206,0.089414194,0.15881445,0.1450973,0.14937073,0.061169263,0.034078218
0.009399358,0.20504674,0.2264375,0.10293518,0.10430913,0.046525158,0.0790059,0.17776349,0.04857749
0.022367869,0.07073679,0.20414844,0.09768279,0.14023612,0.10518322,0.20024543,0.06406713,0.09533218
0.059263714,0.08996215,0.07774599,0.101466626,0.06617534,0.13732465,0.06773933,0.24188666,0.15843555
0.03270503,0.22969928,0.15525357,0.065941215,0.082245275,0.09457672,0.09765382,0.15250464,0.08942051
0.11325065,0.06916944,0.11714566,0.10827558,0.16240369,0.15793784,0.13773212,0.03827256,0.09581252
0.045310657,0.18603846,0.16986693,0.09168335,0.10305504,0.12217962,0.13819315,0.09021301,0.05345981
0.09131676,0.12950572,0.13626345,0.14402743,0.10456599,0.10163809,0.13138844,0.12084557,0.040448632
0.031396,0.08173076,0.11925345,0.1828072,0.10523243,0.111385725,0.06320271,0.20820157,0.09679007
0.029049952,0.14403193,0.17147224,0.15984915,0.119403005,0.09964927,0.11212506,0.11010739,0.05431206
0.047864404,0.22852263,0.12261378,0.06882677,0.0889448,0.15257967,0.14579584,0.09320392,0.0516482
0.012589957,0.109833814,0.24688858,0.100707956,0.11581686,0.08020764,0.1450315,0.13791437,0.051009357
0.016402353,0.1927926,0.28481534,0.10828493,0.11138294,0.058477234,0.12886916,0.06642728,0.03254816
0.0150401695,0.13811883,0.17094529,0.124279365,0.101352595,0.12929079,0.12033222,0.13317671,0.06746403
0.09361771,0.10293479,0.078299314,0.09853477,0.122417256,0.22430839,0.090113744,0.08501559,0.10475844
0.024674173,0.1187356,0.26358485,0.13783045,0.14940186,0.060997326,0.12040987,0.08485742,0.039508507
0.04499361,0.075779304,0.20006208,0.14014632,0.23203334,0.077958465,0.11045648,0.061885927,0.056684542
0.033335116,0.09567078,0.12010916,0.122173585,0.17451859,0.15303619,0.06875537,0.13139881,0.10100248
0.07058982,0.1296043,0.20628445,0.08019727,0.11572517,0.11103362,0.1736801,0.07539847,0.03748685
0.036963724,0.06779575,0.15505551,0.08504242,0.12493836,0.18805195,0.20369966,0.10197838,0.036474288
0.10422623,0.096276686,0.094548084,0.07974379,0.17085314,0.14802258,0.1143295,0.047411803,0.14458822
0.015097091,0.09269626,0.16282748,0.21811779,0.1834687,0.09210758,0.11561137,0.09251482,0.027558962
0.023640443,0.057067152,0.13594273,0.13915773,0.14479034,0.11904241,0.0720223,0.16655026,0.14178662
0.02113544,0.28923967,0.22164409,0.09065152,0.10677523,0.07619497,0.09608093,0.063385226,0.034892894
0.028447714,0.071583495,0.15537286,0.07729961,0.11698437,0.14568868,0.1604075,0.103897296,0.14031851
0.01290728,0.13026567,0.07752789,0.07691034,0.070134,0.0894767,0.06466251,0.43826404,0.039851617
0.12910657,0.07182676,0.111294344,0.09061103,0.1329169,0.13793583,0.0884153,0.17109184,0.06680141
0.0194204,0.13967627,0.20533858,0.06510555,0.094321296,0.086834274,0.12663415,0.15475467,0.10791489
0.019685924,0.11861049,0.22440828,0.09797994,0.14512113,0.08384379,0.1400013,0.13538398,0.034965128
0.0321939,0.14580855,0.19383012,0.0704358,0.13033509,0.12971014,0.15900755,0.07844997,0.060228966
0.041798186,0.1752029,0.11986743,0.078160286,0.1013547,0.13126388,0.12228511,0.071051024,0.1590165
0.18141389,0.102360845,0.06622449,0.07497266,0.09241647,0.11596374,0.08517535,0.050853636,0.23061886
0.090848915,0.09108684,0.083514,0.131509,0.076403074,0.18761863,0.16157606,0.08140489,0.09603864
