0.06292554,0.25533965,0.11485525,0.13966006,0.1393676,0.100358844,0.06564142,0.06320601,0.058645673
0.057564035,0.082335874,0.06260922,0.12788606,0.13901912,0.06691975,0.10336204,0.28196362,0.0783403
0.03798102,0.12375215,0.10027748,0.19364321,0.12830065,0.12337989,0.088755324,0.12531045,0.07859986
0.05046092,0.08530473,0.0810844,0.15773499,0.117805846,0.07102498,0.1293161,0.26680434,0.040463693
0.13568386,0.062567525,0.06963946,0.0913159,0.09616536,0.08937644,0.1387953,0.27064782,0.045808308
0.08435264,0.09894641,0.050469864,0.11771911,0.1023869,0.066059835,0.11323616,0.31086934,0.055959716
0.1125241,0.05544937,0.107394055,0.082775496,0.09575726,0.07346914,0.15115558,0.24981306,0.071661964
0.115040965,0.04482725,0.07003533,0.08937159,0.08122206,0.10067246,0.12513988,0.28766662,0.08602386
0.26271698,0.058732107,0.10851563,0.066627346,0.070198536,0.079911835,0.17816082,0.08875332,0.08638347
0.1534858,0.051405612,0.104500756,0.054091223,0.06559027,0.096423194,0.12995976,0.07065868,0.2738847
0.33978233,0.062915705,0.096487746,0.050866358,0.07668846,0.08186508,0.13193192,0.09667314,0.062789306
0.21396664,0.06638802,0.1911124,0.05760421,0.0811515,0.09305869,0.12739289,0.068712376,0.10061327
0.0742997,0.17321846,0.159064,0.12881865,0.14248985,0.13074903,0.07486602,0.058313258,0.058181066
0.07053253,0.06112415,0.078693524,0.1421241,0.11144915,0.09405964,0.16374224,0.21210605,0.06616868
0.08207559,0.33129907,0.102070495,0.117725015,0.108044624,0.08389294,0.050670158,0.04671421,0.07750788
0.09088832,0.08024922,0.09105487,0.16431083,0.16455966,0.125387,0.1394273,0.10905471,0.03506807
0.08934017,0.03916053,0.064027295,0.09723693,0.07136441,0.11080715,0.20297402,0.2729469,0.05214267
0.06879476,0.11273532,0.09930759,0.16751316,0.16160163,0.09939715,0.13387536,0.11874091,0.038034044
0.06759206,0.08868949,0.075478,0.17506722,0.14013124,0.1504756,0.12560272,0.12090335,0.056060318
0.047959793,0.07158338,0.096100315,0.16247697,0.14463584,0.11705749,0.13152319,0.17873654,0.049926464
0.041529555,0.14751643,0.08539766,0.17904136,0.1348511,0.10265842,0.0970372,0.17613228,0.035835933
0.086508155,0.05133904,0.07490322,0.109720856,0.102696195,0.104689404,0.120477006,0.24520119,0.10446492
0.030797478,0.14087227,0.087054126,0.22440517,0.103746824,0.13690881,0.09105682,0.14607146,0.039087094
0.09999681,0.08632231,0.08811893,0.120315276,0.10741235,0.07115818,0.17315452,0.2088063,0.04471534
0.19890006,0.081676826,0.15215425,0.08553235,0.106172524,0.07396755,0.14934422,0.06791005,0.08434207
0.26404527,0.061272357,0.097739674,0.066529535,0.11701575,0.09925016,0.12335359,0.07452119,0.096272476
0.15271246,0.06576305,0.17891963,0.0766549,0.09205924,0.100563355,0.15868105,0.06912348,0.10552282
0.042385012,0.06736966,0.08677173,0.1938106,0.1512194,0.12694074,0.12837881,0.13730104,0.06582304
0.09457116,0.05932133,0.08935961,0.13332736,0.14932479,0.08436174,0.14977658,0.16271375,0.077243656
0.07172336,0.054765586,0.06805662,0.12588285,0.10429862,0.07133838,0.13458638,0.29582894,0.07351927
0.17778303,0.08686743,0.15289304,0.09420763,0.14412351,0.10920128,0.11236437,0.05426979,0.06828993
0.051235467,0.06768748,0.08114841,0.18036623,0.11132366,0.17967372,0.12546094,0.14671893,0.056385133
0.10003785,0.046557195,0.12599744,0.089329466,0.105933934,0.12951513,0.11699838,0.21614257,0.06948808
0.043761972,0.09075823,0.12735307,0.14068905,0.1441211,0.14975126,0.11080659,0.1188407,0.073918074
0.07714275,0.05585021,0.09823791,0.09890629,0.09883537,0.09164913,0.10351108,0.23938832,0.13647884
0.22648574,0.08742786,0.10078487,0.06484238,0.09979547,0.069907695,0.08485898,0.07966682,0.18623012
0.270759,0.069018304,0.10521098,0.063596025,0.07640983,0.09000111,0.13077414,0.10822181,0.08600886
0.08294365,0.065952234,0.061573125,0.100099094,0.09427635,0.093852036,0.12317543,0.2710742,0.1070539
0.042913314,0.124656014,0.2129467,0.13240086,0.12056324,0.11721524,0.067448385,0.123546675,0.058309644
0.06464779,0.15516394,0.09116448,0.1770686,0.14664364,0.10515101,0.115011364,0.110627696,0.03452149
0.23381178,0.11116877,0.10733944,0.06599809,0.07500844,0.09159636,0.12968025,0.06282512,0.122571796
0.066486254,0.18538311,0.13926278,0.11545412,0.1812741,0.11295237,0.04184145,0.058867395,0.0984784
0.19015454,0.06679147,0.091040224,0.06894048,0.08862029,0.08210522,0.1076248,0.13755468,0.16716832
0.2556906,0.08723766,0.17217398,0.0632739,0.06877421,0.07168972,0.13514045,0.06335608,0.082663424
0.06853878,0.112196356,0.1474038,0.09895857,0.09181989,0.13017908,0.098582424,0.072301015,0.18002006
0.13595133,0.048408654,0.08435668,0.095219836,0.10167697,0.102952175,0.13692252,0.24939513,0.0451167
0.1167323,0.06299204,0.059081487,0.109892406,0.11343633,0.07472059,0.15173256,0.25914678,0.052265514
0.2310281,0.093970254,0.082739845,0.082516655,0.095516026,0.07627828,0.12314895,0.12509282,0.089709066
0.07588421,0.036819763,0.098253615,0.11044413,0.08938934,0.112108275,0.17787063,0.18570927,0.113520786
0.06757573,0.10440771,0.12496729,0.14600024,0.122817,0.08512439,0.12389782,0.16564967,0.059560128
0.10387382,0.05914827,0.059960216,0.07680601,0.08764981,0.07150773,0.11878055,0.36415988,0.05811365
0.11910211,0.049062017,0.07228798,0.12006571,0.122324,0.083681576,0.14705037,0.23542416,0.051002122
0.20099008,0.040425904,0.085739866,0.06484608,0.07153543,0.121685274,0.220563,0.11488484,0.07932946
0.24032708,0.074864976,0.0776841,0.07508819,0.10215359,0.09677063,0.12815686,0.112117805,0.09283684
0.04902181,0.13278115,0.11260233,0.17207938,0.18846788,0.11758635,0.08101637,0.0968167,0.04962803
0.06701661,0.17300175,0.11402924,0.13269895,0.20568046,0.10411784,0.049844254,0.07660407,0.07700676
0.19875963,0.051685393,0.08490825,0.07040467,0.065981574,0.09961993,0.24341741,0.11091666,0.07430647
0.07171504,0.0389967,0.068733245,0.10258319,0.07272799,0.10904218,0.1776447,0.28364655,0.07491048
0.08633041,0.059006833,0.1036719,0.1384024,0.09731661,0.0892504,0.17268275,0.19800612,0.055332575
0.071532,0.052002583,0.12348196,0.10163869,0.0830475,0.09436601,0.19535428,0.18784013,0.0907369
0.07119241,0.056799714,0.095120706,0.12476746,0.081683256,0.0735059,0.20965172,0.20885333,0.078425504
0.06371782,0.057529546,0.06984347,0.12296086,0.098726094,0.09331528,0.15825555,0.24154043,0.09411102
0.072453916,0.091599666,0.06645454,0.16437356,0.14003715,0.12940541,0.14946339,0.12699315,0.059219297
0.38270167,0.09459129,0.09335017,0.048674006,0.059202798,0.07502158,0.105014876,0.06664831,0.07479536
0.11396052,0.11144441,0.12697528,0.08589748,0.13772427,0.15379491,0.08916156,0.044627596,0.13641389
0.13341199,0.08758481,0.10257365,0.109663844,0.13000128,0.087268434,0.1120974,0.12186015,0.11553845
0.24926987,0.06760394,0.079596855,0.06765128,0.07554055,0.08708025,0.19716427,0.09263718,0.083455816
0.16030173,0.059073687,0.14769097,0.07695593,0.07130507,0.07372777,0.21442099,0.08136709,0.11515683
0.06820022,0.15089141,0.16518165,0.13879253,0.14713594,0.12837827,0.078501076,0.05410498,0.068814
0.044229303,0.16221926,0.13528384,0.16676193,0.11902925,0.08844599,0.09406232,0.136947,0.053021025
0.034925744,0.12296556,0.085867696,0.15955827,0.17244785,0.08054209,0.06254074,0.18594351,0.095208615
0.15819255,0.063256666,0.07642272,0.07764169,0.06749823,0.11579845,0.190804,0.13024351,0.120142244
0.05850125,0.1335875,0.21835971,0.11078589,0.13340832,0.11876636,0.08008058,0.039553195,0.10695712
0.08612173,0.041009456,0.0974021,0.11097227,0.096610084,0.09621958,0.20553467,0.18390277,0.08222738
0.1647082,0.049637813,0.1043705,0.09164745,0.0906024,0.12543026,0.19190286,0.09513705,0.08656347
0.105538435,0.12756662,0.12564956,0.1301124,0.10764946,0.13190097,0.12804453,0.055333786,0.08820433
0.111219466,0.038246945,0.0692155,0.0754269,0.07742115,0.10281447,0.13542864,0.29720572,0.0930213
0.18240914,0.054471355,0.11695604,0.059575006,0.068287775,0.10193076,0.14324091,0.06515412,0.20797493
0.08325811,0.03574086,0.08067572,0.10209416,0.0874357,0.096018836,0.2531743,0.20671843,0.054883923
0.10164086,0.13241887,0.16320746,0.103406824,0.1636591,0.1332102,0.07601798,0.048084695,0.07835403
0.1695363,0.09032555,0.09338636,0.10096933,0.09075457,0.081024505,0.15972,0.14686464,0.067418806
0.04365039,0.23064557,0.10119841,0.1775145,0.13828005,0.103404224,0.06707544,0.08524481,0.052986592
0.23890583,0.093138196,0.11473357,0.060604706,0.079100505,0.08591159,0.13617511,0.061569054,0.12986138
0.07285599,0.10209215,0.13860723,0.07518631,0.08933587,0.09661477,0.066569045,0.06405887,0.29467973
0.101168305,0.051974066,0.094741486,0.108235896,0.103619866,0.10158977,0.1400632,0.2374386,0.061168887
0.23298699,0.06266008,0.09169546,0.07522178,0.07826662,0.10586964,0.18239579,0.08640638,0.08449724
0.132992,0.08796319,0.11852362,0.10432487,0.13250603,0.09600871,0.09522435,0.097954184,0.13450305
0.18292697,0.053678825,0.11011977,0.075648345,0.08397386,0.13202047,0.1785234,0.10218381,0.08092458
0.060193438,0.09277062,0.089319415,0.15412048,0.13992085,0.18341564,0.12149273,0.10938223,0.04938465
0.051484108,0.0883526,0.044769052,0.11603986,0.110049,0.06203695,0.10471143,0.36603191,0.05652514
0.085064776,0.10561652,0.08909365,0.16068764,0.1493486,0.10203638,0.13828368,0.1271957,0.042673063
0.091275334,0.077888526,0.12682673,0.104352236,0.11330058,0.1666957,0.09204485,0.080436416,0.14717968
0.08052806,0.056540582,0.072112635,0.098128885,0.094643034,0.08605183,0.12999642,0.29978976,0.08220879
0.06688775,0.20616773,0.2113753,0.107356064,0.13231018,0.107112125,0.04776731,0.053640947,0.06738255
0.061663747,0.055013027,0.07831553,0.14241727,0.100961395,0.111730315,0.14260542,0.21524484,0.09204843
0.12618399,0.050412826,0.07347438,0.12939322,0.140035,0.07943389,0.18222414,0.16277876,0.056063775
0.06187939,0.19468617,0.15092891,0.11953744,0.1481646,0.13694018,0.052000575,0.051652867,0.08420974
0.037879564,0.11138824,0.07050328,0.17753884,0.1599375,0.0907505,0.06400823,0.25170982,0.03628408
0.16564144,0.059473492,0.14665475,0.08697144,0.106460534,0.11402132,0.137213,0.08606801,0.097496
0.12443358,0.13253424,0.17498437,0.10854673,0.15270583,0.11354889,0.0947097,0.041757535,0.056779128
0.04898029,0.10205797,0.06968297,0.16135101,0.16035259,0.11885234,0.10790433,0.13937466,0.09144387
0.099880986,0.085867465,0.119587936,0.13191468,0.09782065,0.08899151,0.17130075,0.12288159,0.081754535
0.055195946,0.31204507,0.10062912,0.14370444,0.12341106,0.09831395,0.055624668,0.06194346,0.049132258
0.20112108,0.11917372,0.099834956,0.10475134,0.1381039,0.11037831,0.123058796,0.052665003,0.050912946
0.15419699,0.0701326,0.11399289,0.060760718,0.069365,0.10933837,0.14300573,0.07717856,0.20202914
0.069644295,0.06659136,0.071447745,0.14576769,0.09859963,0.08120179,0.14318152,0.27903214,0.044533875
0.076170884,0.22568183,0.17003772,0.109419666,0.12368892,0.097957864,0.056811027,0.06460054,0.07563154
0.11988313,0.13857427,0.10687011,0.12787801,0.17296796,0.11373698,0.0948214,0.05861355,0.06665459
0.06318315,0.12841633,0.20520738,0.11288936,0.124943,0.12615822,0.08490204,0.044753708,0.10954674
0.07150773,0.1020358,0.12958567,0.11296695,0.12279148,0.15845811,0.08224504,0.0856445,0.13476473
0.060526907,0.1259892,0.15652983,0.15620467,0.11663191,0.16175407,0.091688454,0.06199794,0.06867703
0.21780784,0.07354262,0.08551358,0.06513207,0.078976475,0.08064248,0.124394655,0.14080334,0.13318701
0.10212147,0.06510722,0.056690965,0.099876024,0.08225841,0.0929766,0.21098171,0.23256764,0.057419933
0.082114555,0.054785464,0.06878207,0.07797999,0.09285157,0.0692343,0.09250699,0.3547675,0.10697762
0.14354783,0.07147619,0.09109849,0.07624553,0.08211815,0.109758645,0.17075476,0.100898005,0.15410246
0.038043633,0.09886394,0.08285274,0.21654691,0.16659178,0.12875766,0.077332765,0.1461067,0.044903886
0.062820785,0.08565231,0.12275251,0.15500312,0.18713903,0.15054254,0.09646222,0.089771286,0.04985617
0.036465663,0.081990145,0.07622533,0.14161547,0.11840125,0.1256161,0.103185415,0.2358802,0.08062048
0.07212447,0.04927878,0.10417211,0.12294222,0.10607536,0.10045067,0.16910267,0.20731175,0.068542
0.063925095,0.08794351,0.061640024,0.15520276,0.15140665,0.1042146,0.15542099,0.17165679,0.048589554
0.072970256,0.117487304,0.14437702,0.12824556,0.18174082,0.10620519,0.09956667,0.055928595,0.09347854
0.08396353,0.111256145,0.12410577,0.11168412,0.17130864,0.13660952,0.07764426,0.049543686,0.13388425
0.25849015,0.062081147,0.11172149,0.07685003,0.11017982,0.08265517,0.13921466,0.084382236,0.074425325
0.09345756,0.13242383,0.09616202,0.12393832,0.17277132,0.10460783,0.09432832,0.076860115,0.10545067
0.08471744,0.2136703,0.11320135,0.1216348,0.14581619,0.10849006,0.08406315,0.073620915,0.0547858
0.09336515,0.08376271,0.11606212,0.12648965,0.12896602,0.19219689,0.112107955,0.05945508,0.08759441
0.21632305,0.06406307,0.10169895,0.080688834,0.119789645,0.10513694,0.120368026,0.09229371,0.099637724
0.18771206,0.09775866,0.12212244,0.08928517,0.071329966,0.08898385,0.17416124,0.08773198,0.080914706
0.045798443,0.124704376,0.07167241,0.15170419,0.1817621,0.11422768,0.09307676,0.15603927,0.06101483
0.034077022,0.12191166,0.12533158,0.1960371,0.13849998,0.13355218,0.07459718,0.104637146,0.0713562
0.05387857,0.11759236,0.08299495,0.20379886,0.17082503,0.12102238,0.09412917,0.118116125,0.037642527
0.06885041,0.18418588,0.102111235,0.13233009,0.19268662,0.09120044,0.058552623,0.08529821,0.084784485
0.033729773,0.102982394,0.06758518,0.18995629,0.14045094,0.14983672,0.09471235,0.16893658,0.05180983
0.15372546,0.11163002,0.15870349,0.11212332,0.14897522,0.10032895,0.09230478,0.047830746,0.07437794
0.10576833,0.057928782,0.075174674,0.11575489,0.0867271,0.07891737,0.18179996,0.23808679,0.059842147
0.08372947,0.17429903,0.08856497,0.13506277,0.15688682,0.11069144,0.08645435,0.07454391,0.08976726
0.07001832,0.055620555,0.07935135,0.08468429,0.09897707,0.06277583,0.12155657,0.32054722,0.1064688
0.044490032,0.064975955,0.08371105,0.19006917,0.13709386,0.12931518,0.12329349,0.1611482,0.06590308
0.06823044,0.083742514,0.09024508,0.17806849,0.14710893,0.14326961,0.11312457,0.13759954,0.038610775
0.10601511,0.10290835,0.11088623,0.09774271,0.15328658,0.11406691,0.08217214,0.053837746,0.17908427
0.040557593,0.12069803,0.10053879,0.20588273,0.114749506,0.14840843,0.10586195,0.11703239,0.046270635
0.10450206,0.0842328,0.12328243,0.10419007,0.1418739,0.1096093,0.15262441,0.077848695,0.101836346
0.09298904,0.084157564,0.10020351,0.12186592,0.10348033,0.072639726,0.16041993,0.21964836,0.04459565
0.066929206,0.09376848,0.12520222,0.11917284,0.19084845,0.15534183,0.07972607,0.059430577,0.10958033
0.23254877,0.047964007,0.08954229,0.07773837,0.07986295,0.10442565,0.12686215,0.17993851,0.06111729
0.11755355,0.143315,0.09193125,0.12448908,0.09390962,0.079092465,0.13752326,0.15242596,0.059759874
0.05089816,0.12056268,0.07185075,0.19840223,0.15331472,0.121129885,0.11529694,0.13466644,0.033878177
0.069663405,0.042928115,0.068203464,0.09032952,0.09040851,0.096631914,0.18212369,0.26552638,0.094185024
0.05173963,0.1171198,0.07034114,0.18219706,0.14429879,0.09916291,0.12941118,0.17392427,0.031805214
0.050430123,0.1441793,0.12295011,0.1727932,0.12980087,0.10695173,0.08263814,0.15788978,0.032366738
0.07393131,0.040097404,0.06111036,0.0875319,0.072460085,0.09073718,0.19313568,0.30582255,0.07517364
0.07942945,0.16885574,0.12843369,0.14065011,0.11639484,0.12313684,0.106737554,0.05513476,0.08122709
0.03997916,0.09911109,0.08359921,0.171596,0.1630038,0.10925387,0.0638922,0.22793123,0.041633397
0.21853438,0.1310455,0.12400148,0.082219504,0.06577697,0.07307626,0.13272853,0.0673091,0.10530834
0.20504068,0.13404134,0.11627562,0.08785003,0.08137578,0.078130774,0.14186563,0.0930291,0.06239102
0.11286506,0.07955098,0.13970977,0.11099897,0.09803469,0.07648009,0.17248622,0.14969915,0.060175035
0.09651909,0.1478611,0.09343844,0.12241244,0.0947318,0.07786948,0.1331637,0.18227233,0.051731616
0.034463428,0.22041741,0.10384935,0.16170475,0.120680295,0.09443626,0.056280266,0.16797207,0.040196106
0.05025295,0.12193209,0.07824962,0.16746406,0.18192719,0.12662144,0.0968374,0.1409802,0.0357351
0.091424905,0.08324862,0.082989894,0.12369757,0.13149887,0.08112077,0.09116338,0.17167489,0.14318109
0.14745347,0.05222487,0.10318806,0.07794282,0.07560568,0.12332711,0.18778664,0.10148143,0.13098991
0.09494489,0.04435454,0.09202894,0.10353843,0.095513746,0.066592515,0.24582918,0.20117745,0.056020197
0.17401047,0.06750935,0.10495136,0.094047554,0.09603015,0.10017282,0.13660672,0.16114049,0.06553112
0.28270155,0.056177445,0.079601735,0.054953415,0.07157672,0.08659105,0.12120678,0.12322792,0.123963416
0.0916491,0.04943339,0.098913066,0.10625638,0.11252747,0.12832463,0.16382599,0.16410619,0.08496385
0.03636361,0.16880475,0.07314601,0.16143653,0.17486452,0.08681473,0.05167519,0.18511462,0.06178006
0.09656273,0.09609119,0.124907844,0.103115514,0.15738975,0.13254501,0.07293248,0.052742094,0.16371341
0.07213751,0.11308215,0.21934456,0.11783714,0.16165921,0.10324701,0.08099685,0.050061975,0.08163365
0.042450596,0.105748616,0.07192056,0.18193522,0.17268476,0.109117106,0.089309044,0.17614909,0.050685
0.07955653,0.17004097,0.12241612,0.11332929,0.16508158,0.06846042,0.05674658,0.076685145,0.14768343
0.07901772,0.18720081,0.22534144,0.10859775,0.11212993,0.09399833,0.06377142,0.05304837,0.07689421
0.07805707,0.04244698,0.062417947,0.11493935,0.098526746,0.087926656,0.1382534,0.33769056,0.03974131
0.10730504,0.045229007,0.090571046,0.12312951,0.09151137,0.08903726,0.17624755,0.21767828,0.059290975
0.07090187,0.05734993,0.096399486,0.10861681,0.09487144,0.12064364,0.13726804,0.16747649,0.14647229
0.1517109,0.115731284,0.137444,0.089489855,0.11567045,0.080086716,0.12394858,0.09535991,0.090558365
0.07094222,0.12375425,0.1626977,0.17018098,0.15968719,0.109669544,0.08219769,0.058899,0.061971463
0.07221042,0.070487425,0.075287886,0.101365805,0.080381505,0.10993932,0.13767742,0.2087068,0.14394341
0.030792436,0.16615115,0.07926514,0.1594778,0.15338632,0.08537439,0.05362173,0.18453307,0.08739799
0.035675384,0.081384756,0.08498328,0.19892375,0.15635045,0.11491443,0.10482859,0.16719347,0.0557458
0.13042234,0.114797406,0.09397178,0.10324893,0.12095175,0.0889075,0.100050285,0.115659416,0.13199061
0.030318962,0.14662662,0.07836704,0.1895328,0.20093535,0.093780115,0.054430626,0.16236137,0.043647137
0.095716976,0.16176194,0.17165695,0.11157015,0.11386195,0.13830787,0.08580871,0.046111654,0.07520372
0.083121546,0.032918446,0.07982061,0.10705235,0.085043624,0.12273082,0.20201276,0.23233981,0.054959953
0.071364015,0.18200429,0.13038605,0.118239574,0.17409235,0.11464562,0.04247328,0.069744416,0.09705034
0.046457894,0.20401107,0.09585185,0.17500217,0.11722738,0.09447563,0.078610666,0.15767102,0.030692315
0.0692941,0.04186482,0.078045145,0.10395084,0.09210837,0.11773162,0.16669667,0.23433153,0.09597694
0.109238096,0.20303003,0.16295257,0.108539395,0.120175,0.091859154,0.081516445,0.06607777,0.056611497
0.080752276,0.2707139,0.1670879,0.09262716,0.12817153,0.102596916,0.04136072,0.032563694,0.084125936
0.11354201,0.10953735,0.118693426,0.0964549,0.10242396,0.1357975,0.109786056,0.07586885,0.13789593
0.06939487,0.058414266,0.07644558,0.113650866,0.10568279,0.07528762,0.20754215,0.2290868,0.06449508
0.04251596,0.12522592,0.0851509,0.15950191,0.20155874,0.12851205,0.07920674,0.1212902,0.057037573
0.062121294,0.12900971,0.119423196,0.10617803,0.11094932,0.14702262,0.07447787,0.07116695,0.17965105
0.059772763,0.0858093,0.07218721,0.16732125,0.14906122,0.12261345,0.13374795,0.16295497,0.046531953
0.059040587,0.09633305,0.15556437,0.09857797,0.1288612,0.15225986,0.06817865,0.0585228,0.18266152
0.1488043,0.066691905,0.16093962,0.0625957,0.086395204,0.08971162,0.102959104,0.07799418,0.2039084
0.049890224,0.0857878,0.09935571,0.14452814,0.14109442,0.19295684,0.07979344,0.11901253,0.08758091
0.13080484,0.14686951,0.098331496,0.10430881,0.10974444,0.17470017,0.10500435,0.059788857,0.070447564
0.06828193,0.114116505,0.09976351,0.15353833,0.15927123,0.14907017,0.102521546,0.10432988,0.049106926
0.15113184,0.038742807,0.13111077,0.05550005,0.06034131,0.119129114,0.19825862,0.08749306,0.1582925
0.069093734,0.11577189,0.09691459,0.12245311,0.10658833,0.06430571,0.12629732,0.22108315,0.07749221
0.1355363,0.12633216,0.16685131,0.10681197,0.14177126,0.11772704,0.09980712,0.047625706,0.05753711
0.030202877,0.10549216,0.120012686,0.22030684,0.12516439,0.1449165,0.08950748,0.12140539,0.042991616
0.1456914,0.085119456,0.09576668,0.10772914,0.121935196,0.089507274,0.112584084,0.1347735,0.10689332
0.17121024,0.067624696,0.13350235,0.06380401,0.09307983,0.096883036,0.08623659,0.10434786,0.1833114
0.10741487,0.1773208,0.09739637,0.14025393,0.15830055,0.120079175,0.08337114,0.057212047,0.058651097
0.042056933,0.08516744,0.08426411,0.18579344,0.12545273,0.16788454,0.10398375,0.15800112,0.047395904
0.12796095,0.13339496,0.08325665,0.120839186,0.1393384,0.12304393,0.12226669,0.075967334,0.073931925
0.18342197,0.0649817,0.122731715,0.062383402,0.08890879,0.09938162,0.08462988,0.11681999,0.17674096
0.034652714,0.112155065,0.06881263,0.19164583,0.14161897,0.11145745,0.10993025,0.17448713,0.055240043
0.05436339,0.0707655,0.11607578,0.13263059,0.10723051,0.0778688,0.15301266,0.23434822,0.05370447
0.19760391,0.061149493,0.08058554,0.07954116,0.10081444,0.07367508,0.1973522,0.13787591,0.071402244
0.046054468,0.07387775,0.10022667,0.16430345,0.15929762,0.11515982,0.1342577,0.154209,0.05261344
0.09867239,0.05717652,0.0862786,0.13134985,0.1351372,0.087599985,0.14562963,0.1840647,0.074091084
0.2544,0.11504358,0.14267439,0.06724316,0.06373577,0.06379229,0.13707124,0.075056046,0.08098351
0.047351047,0.12015557,0.08111479,0.14786273,0.13347326,0.17462368,0.08381849,0.12318419,0.088416286
0.113157496,0.09802,0.12143828,0.09664185,0.11529696,0.1746562,0.10903842,0.052386016,0.11936481
0.1923223,0.053695,0.15575966,0.072503924,0.07731218,0.08394149,0.2093152,0.07569002,0.07946025
0.043659855,0.077118486,0.13064048,0.11539824,0.118737034,0.114811316,0.07144702,0.13436083,0.19382669
0.039675158,0.15932794,0.09027569,0.17841527,0.15967767,0.11183138,0.08714617,0.14138651,0.032264225
0.09544305,0.08071047,0.10197971,0.13575645,0.107418634,0.08586609,0.15487893,0.19325253,0.04469415
0.15672205,0.09447278,0.18748146,0.082414195,0.09333602,0.077030316,0.116234064,0.073981725,0.118327424
0.090580806,0.10787243,0.21596351,0.12170943,0.1694331,0.08704614,0.10161691,0.046596896,0.05918075
0.15380847,0.07631267,0.088323735,0.07176391,0.07913793,0.102355815,0.1213835,0.18714724,0.11976676
0.23889193,0.07555575,0.10519718,0.06503531,0.08691895,0.09970791,0.115669385,0.11544383,0.09757976
0.060051236,0.09096668,0.103606686,0.14456712,0.15005438,0.08444423,0.11511028,0.19212201,0.059077416
0.15596704,0.0683573,0.12062543,0.11774089,0.11760325,0.08744498,0.14773868,0.094527744,0.08999476
0.13559015,0.12099439,0.14713475,0.098609276,0.11631451,0.11108465,0.113440715,0.054451134,0.1023805
0.067768164,0.05055927,0.101459526,0.13821179,0.14035785,0.09534058,0.13106696,0.20884043,0.066395484
0.13809611,0.07482087,0.14116967,0.09607494,0.10315458,0.0882275,0.18210226,0.0740697,0.10228436
0.18846373,0.05773544,0.08116463,0.067740545,0.08817876,0.0901079,0.13811742,0.17789352,0.11059812
0.104809,0.066256434,0.0729112,0.098205104,0.0869464,0.08859247,0.1351045,0.28604546,0.061129443
0.04768425,0.22945619,0.10809998,0.1574582,0.11890936,0.09628372,0.071174376,0.13524613,0.03568786
0.05980683,0.045979973,0.07362765,0.08851725,0.087785356,0.08957941,0.10709109,0.38013154,0.067480944
0.076008804,0.1879186,0.08415542,0.14206307,0.15616725,0.1069678,0.067344755,0.118963294,0.060410973
0.053496864,0.13075086,0.08375511,0.15013376,0.13937223,0.16970906,0.093816854,0.09499288,0.08397242
0.057063755,0.07010819,0.08881114,0.11259777,0.09876858,0.06317746,0.16077712,0.29825574,0.050440237
0.06795068,0.15359193,0.115440235,0.14803123,0.12544146,0.099665664,0.09067474,0.15398067,0.04522337
0.045000292,0.124746926,0.09965002,0.21102746,0.15574807,0.086860634,0.11687752,0.124329254,0.035759836
0.18158107,0.06446332,0.09993407,0.09185707,0.08845597,0.101476446,0.13195539,0.17782997,0.06244669
0.29140818,0.064287886,0.12187203,0.05973709,0.0885811,0.09936892,0.12720416,0.08353721,0.06400337
0.13126233,0.052166935,0.11538191,0.07407885,0.09396371,0.113255434,0.08937378,0.113489896,0.21702719
0.06285023,0.09159986,0.12947673,0.1350546,0.18373819,0.15274812,0.08990912,0.061098944,0.09352424
0.09908799,0.13616489,0.103133686,0.14466557,0.1695475,0.115976684,0.085764475,0.07421501,0.07144414
0.10580356,0.07755592,0.10088693,0.11528246,0.110899225,0.11047927,0.15276985,0.12359245,0.10273031
0.24386755,0.046575036,0.07327578,0.0779626,0.09887826,0.107057884,0.15861396,0.12826468,0.06550426
0.040459327,0.06796255,0.11054738,0.13071164,0.1024198,0.12022789,0.112240516,0.19890593,0.11652499
0.24744181,0.06458777,0.12431613,0.069124706,0.08030528,0.11197051,0.12372974,0.09317629,0.08534769
0.1327663,0.048696093,0.07276191,0.12686585,0.12662753,0.08254489,0.17290941,0.18217973,0.054648165
0.068990074,0.0450372,0.12822062,0.13202555,0.09393349,0.08000221,0.20418043,0.17005874,0.07755177
0.04920996,0.15536033,0.10448539,0.15508321,0.13626203,0.12592798,0.097912304,0.10275995,0.072998896
0.07211595,0.102490194,0.11283116,0.13599423,0.15642586,0.10736077,0.12372998,0.07287573,0.11617614
0.14923391,0.08637075,0.120304294,0.067737825,0.08545182,0.08126173,0.117896564,0.11618994,0.17555322
0.18732749,0.047086243,0.12629922,0.07034159,0.07746362,0.10251101,0.18867567,0.080771476,0.119523704
0.069202065,0.0653342,0.08552886,0.115524195,0.10082171,0.08894966,0.16873112,0.23483403,0.07107412
0.23180091,0.043349102,0.106129505,0.05844453,0.074930035,0.123295054,0.1205877,0.103664294,0.13779888
0.1078163,0.04958916,0.046046365,0.09950373,0.0942587,0.07599318,0.164281,0.31854916,0.043962337
0.036341675,0.15389574,0.097622484,0.17277098,0.18038861,0.07876555,0.057201736,0.15329535,0.069717884
0.06787357,0.042501193,0.16039214,0.10795314,0.094837695,0.09858361,0.18488063,0.15333463,0.08964342
0.17585891,0.06621875,0.11172003,0.07680508,0.09960521,0.09969051,0.11607612,0.08600289,0.16802257
0.074104175,0.07178967,0.065696515,0.08494296,0.08962903,0.07518871,0.088299744,0.34183514,0.108514056
0.17477302,0.06968341,0.14171226,0.072024584,0.0835242,0.08834525,0.17939162,0.0817788,0.10876679
0.1040558,0.059550863,0.099470444,0.0825699,0.08903313,0.11868398,0.11845927,0.2585777,0.06959897
0.094136976,0.0874038,0.079250485,0.12702025,0.11768033,0.06449456,0.15979059,0.21393903,0.056283962
0.066073865,0.15130368,0.102546275,0.123307094,0.11298204,0.1426374,0.08405891,0.09366804,0.12342269
0.053892523,0.10221355,0.118571535,0.17390893,0.11747797,0.14071994,0.12905815,0.09330082,0.07085662
0.1286947,0.07234251,0.058958285,0.106473796,0.13197458,0.082184,0.14243881,0.20713212,0.06980121
0.041068234,0.10327918,0.075694986,0.17376883,0.16979156,0.08516298,0.12601286,0.16965494,0.05556647
0.031867232,0.19854188,0.091762066,0.20467877,0.15513115,0.10132893,0.065643124,0.11657633,0.03447055
0.050105833,0.084049016,0.10491367,0.16136931,0.12745488,0.19624674,0.10861084,0.09595298,0.071296684
0.24493124,0.075523704,0.10872141,0.07066242,0.105964005,0.07461046,0.14000106,0.07347297,0.10611279
0.046798293,0.13864806,0.12583643,0.18306445,0.13921912,0.12464824,0.0976022,0.09633717,0.047846057
0.10297471,0.11842934,0.17573874,0.10395732,0.1504891,0.12713699,0.105805226,0.044385746,0.07108282
0.090204656,0.10755009,0.11893023,0.11178427,0.15912405,0.1402814,0.07888433,0.05618234,0.13705865
0.06350027,0.08819695,0.09577167,0.14463648,0.13813955,0.08651427,0.11387941,0.21335782,0.05600359
0.086223215,0.034938216,0.07747058,0.1023066,0.078036405,0.098012686,0.24045083,0.2293682,0.05319321
0.183984,0.071147755,0.09008394,0.086627595,0.095476136,0.069388285,0.14759378,0.13301578,0.1226827
0.033114232,0.13918959,0.08461239,0.2563818,0.13686496,0.09347586,0.08485623,0.13491076,0.036594134
0.09793259,0.083240464,0.11317673,0.101787515,0.1115565,0.13829589,0.1068374,0.08396449,0.1632084
0.02922368,0.24413961,0.07512386,0.16868712,0.1340303,0.10799441,0.057675213,0.13046545,0.052660454
0.0732446,0.033095036,0.096619576,0.08849239,0.07470497,0.11224683,0.20495947,0.2100651,0.106572114
0.04924275,0.12462422,0.07040734,0.16616134,0.14398871,0.13567573,0.08569118,0.11974042,0.10446834
0.17767684,0.054654256,0.090143055,0.076659754,0.092166565,0.10913592,0.12644893,0.16472639,0.108388305
0.06495568,0.05875777,0.09591008,0.10331289,0.11503302,0.078896224,0.11619033,0.25682798,0.110116035
0.060516853,0.095234156,0.11103852,0.17114677,0.1294444,0.12527148,0.12092692,0.13039829,0.056022648
0.104223944,0.057539046,0.06063145,0.10360233,0.12171972,0.07145788,0.12787762,0.29219875,0.060749315
0.078374095,0.065843046,0.06335057,0.104801446,0.10294321,0.07243589,0.12674117,0.2955649,0.08994565
0.18420945,0.06987685,0.11058553,0.08116566,0.096124835,0.097214215,0.11228028,0.092623375,0.15591985
0.19487603,0.059314683,0.102110855,0.0723144,0.07123703,0.09333387,0.20275722,0.08832875,0.115727186
